season,week,roster_id,slot_order,lineup_slot,player_id,full_name,position,points,is_empty_slot,was_started
2020,1,1,0,QB,6011,Gardner Minshew,QB,20.82,False,False
2020,1,1,1,RB,6820,Clyde Edwards-Helaire,RB,19.8,False,True
2020,1,1,2,RB,6813,Jonathan Taylor,RB,11.9,False,True
2020,1,1,3,WR,2133,Davante Adams,WR,34.6,False,True
2020,1,1,4,WR,5013,Anthony Miller,WR,15.6,False,False
2020,1,1,5,TE,3271,Tyler Higbee,TE,5.5,False,True
2020,1,1,6,FLEX,2410,Jamison Crowder,WR,21.0,False,False
2020,1,1,7,SUPER_FLEX,6770,Joe Burrow,QB,17.32,False,True
2020,1,1,8,K,4233,Zane Gonzalez,K,8.0,False,True
2020,1,1,9,DEF,NO,New Orleans Saints,DEF,17.0,False,True
2020,1,2,0,QB,4984,Josh Allen,QB,28.18,False,True
2020,1,2,1,RB,3164,Ezekiel Elliott,RB,26.2,False,True
2020,1,2,2,RB,5892,David Montgomery,RB,7.9,False,False
2020,1,2,3,WR,3321,Tyreek Hill,WR,13.1,False,True
2020,1,2,4,WR,947,Julio Jones,WR,20.2,False,True
2020,1,2,5,TE,2505,Darren Waller,TE,7.5,False,True
2020,1,2,6,FLEX,6790,D'Andre Swift,RB,9.8,False,False
2020,1,2,7,SUPER_FLEX,5870,Daniel Jones,QB,19.36,False,False
2020,1,2,8,K,4195,Jake Elliott,K,5.0,False,True
2020,1,2,9,DEF,PHI,Philadelphia Eagles,DEF,5.0,False,True
2020,1,3,0,QB,138,Ben Roethlisberger,QB,22.06,False,True
2020,1,3,1,RB,3198,Derrick Henry,RB,14.6,False,True
2020,1,3,2,RB,2320,Melvin Gordon,RB,14.1,False,True
2020,1,3,3,WR,1426,DeAndre Hopkins,WR,22.1,False,True
2020,1,3,4,WR,5024,James Washington,WR,10.4,False,False
2020,1,3,5,TE,3202,Austin Hooper,TE,2.5,False,True
2020,1,3,6,FLEX,4068,Mike Williams,WR,8.9,False,False
2020,1,3,7,SUPER_FLEX,1049,Ryan Tannehill,QB,19.36,False,True
2020,1,3,8,K,1266,Greg Zuerlein,K,5.0,False,True
2020,1,3,9,DEF,PIT,Pittsburgh Steelers,DEF,8.0,False,True
2020,1,4,0,QB,3294,Dak Prescott,QB,17.64,False,True
2020,1,4,1,RB,4029,Dalvin Cook,RB,21.3,False,True
2020,1,4,2,RB,6806,J.K. Dobbins,RB,14.2,False,True
2020,1,4,3,WR,4037,Chris Godwin,WR,10.9,False,True
2020,1,4,4,WR,6290,Scotty Miller,WR,10.4,False,True
2020,1,4,5,TE,5009,Chris Herndon,TE,4.7,False,False
2020,1,4,6,FLEX,2161,Jerick McKinnon,RB,11.9,False,False
2020,1,4,7,SUPER_FLEX,331,Philip Rivers,QB,16.82,False,True
2020,1,4,8,K,391,Ryan Succop,K,5.0,False,True
2020,1,4,9,DEF,SF,San Francisco 49ers,DEF,6.0,False,True
2020,1,5,0,QB,3161,Carson Wentz,QB,15.0,False,True
2020,1,5,1,RB,4034,Christian McCaffrey,RB,27.0,False,True
2020,1,5,2,RB,1848,James White,RB,6.7,False,False
2020,1,5,3,WR,4981,Calvin Ridley,WR,29.4,False,True
2020,1,5,4,WR,830,A.J. Green,WR,7.6,False,True
2020,1,5,5,TE,3214,Hunter Henry,TE,9.8,False,True
2020,1,5,6,FLEX,3157,William Fuller,WR,15.2,False,False
2020,1,5,7,SUPER_FLEX,1837,Jimmy Garoppolo,QB,19.26,False,True
2020,1,5,8,K,1264,Justin Tucker,K,9.0,False,True
2020,1,5,9,DEF,TEN,Tennessee Titans,DEF,5.0,False,True
2020,1,6,0,QB,96,Aaron Rodgers,QB,30.76,False,True
2020,1,6,1,RB,4866,Saquon Barkley,RB,9.6,False,True
2020,1,6,2,RB,3242,Kenyan Drake,RB,13.5,False,True
2020,1,6,3,WR,1689,Adam Thielen,WR,28.0,False,True
2020,1,6,4,WR,4951,DJ Chark,WR,10.0,False,True
2020,1,6,5,TE,5857,Noah Fant,TE,16.6,False,False
2020,1,6,6,FLEX,344,Julian Edelman,WR,10.5,False,True
2020,1,6,7,SUPER_FLEX,1166,Kirk Cousins,QB,22.76,False,True
2020,1,6,8,K,899,Dan Bailey,K,4.0,False,True
2020,1,6,9,DEF,LAC,Los Angeles Chargers,DEF,12.0,False,True
2020,1,7,0,QB,4881,Lamar Jackson,QB,27.5,False,True
2020,1,7,1,RB,6156,Benny Snell,RB,11.3,False,False
2020,1,7,2,RB,5052,Ronald Jones,RB,9.2,False,True
2020,1,7,3,WR,1992,Allen Robinson,WR,9.8,False,True
2020,1,7,4,WR,2374,Tyler Lockett,WR,13.2,False,True
2020,1,7,5,TE,1466,Travis Kelce,TE,14.0,False,True
2020,1,7,6,FLEX,6783,Jerry Jeudy,WR,7.6,False,False
2020,1,7,7,SUPER_FLEX,1234,Russell Wilson,QB,31.78,False,True
2020,1,7,8,K,4666,Younghoe Koo,K,8.0,False,True
2020,1,7,9,DEF,IND,Indianapolis Colts,DEF,4.0,False,True
2020,1,8,0,QB,4046,Patrick Mahomes,QB,20.44,False,True
2020,1,8,1,RB,5987,Alexander Mattison,RB,10.0,False,False
2020,1,8,2,RB,6130,Devin Singletary,RB,7.8,False,True
2020,1,8,3,WR,5848,Marquise Brown,WR,12.6,False,True
2020,1,8,4,WR,4040,JuJu Smith-Schuster,WR,21.9,False,True
2020,1,8,5,TE,4217,George Kittle,TE,7.3,False,True
2020,1,8,6,FLEX,3423,Robbie Chosen,WR,22.4,False,False
2020,1,8,7,SUPER_FLEX,2152,Teddy Bridgewater,QB,19.36,False,False
2020,1,8,8,K,4227,Harrison Butker,K,10.0,False,True
2020,1,8,9,DEF,KC,Kansas City Chiefs,DEF,7.0,False,True
2020,1,9,0,QB,954,Cam Newton,QB,25.7,False,True
2020,1,9,1,RB,4035,Alvin Kamara,RB,21.2,False,True
2020,1,9,2,RB,2749,Raheem Mostert,RB,23.1,False,False
2020,1,9,3,WR,2216,Mike Evans,WR,6.7,False,False
2020,1,9,4,WR,5927,Terry McLaurin,WR,8.6,False,True
2020,1,9,5,TE,367,Jared Cook,TE,10.5,False,True
2020,1,9,6,FLEX,2391,David Johnson,RB,18.4,False,True
2020,1,9,7,SUPER_FLEX,3976,Mitchell Trubisky,QB,24.28,False,True
2020,1,9,8,K,1945,Chris Boswell,K,8.0,False,True
2020,1,9,9,DEF,BUF,Buffalo Bills,DEF,9.0,False,True
2020,1,10,0,QB,5849,Kyler Murray,QB,27.3,False,True
2020,1,10,1,RB,4663,Austin Ekeler,RB,9.2,False,True
2020,1,10,2,RB,2588,Malcolm Brown,RB,24.5,False,False
2020,1,10,3,WR,5846,DK Metcalf,WR,17.5,False,True
2020,1,10,4,WR,6149,Darius Slayton,WR,25.2,False,True
2020,1,10,5,TE,4973,Hayden Hurst,TE,5.3,False,True
2020,1,10,6,FLEX,1817,Sammy Watkins,WR,18.0,False,False
2020,1,10,7,SUPER_FLEX,167,Tom Brady,QB,22.46,False,True
2020,1,10,8,K,3678,Wil Lutz,K,10.0,False,True
2020,1,10,9,DEF,BAL,Baltimore Ravens,DEF,18.0,False,True
2020,1,11,0,QB,4017,Deshaun Watson,QB,21.82,False,True
2020,1,11,1,RB,5850,Josh Jacobs,RB,33.9,False,True
2020,1,11,2,RB,4199,Aaron Jones,RB,15.6,False,True
2020,1,11,3,WR,2449,Stefon Diggs,WR,12.6,False,True
2020,1,11,4,WR,2238,John Brown,WR,16.0,False,False
2020,1,11,5,TE,5012,Mark Andrews,TE,20.3,False,True
2020,1,11,6,FLEX,4152,Marlon Mack,RB,7.1,False,True
2020,1,11,7,SUPER_FLEX,24,Matt Ryan,QB,24.9,False,True
2020,1,11,8,K,17,Matt Prater,K,12.0,False,True
2020,1,11,9,DEF,DAL,Dallas Cowboys,DEF,4.0,False,True
2020,1,12,0,QB,289,Drew Brees,QB,14.4,False,True
2020,1,12,1,RB,4962,Sony Michel,RB,9.7,False,True
2020,1,12,2,RB,4273,Chris Carson,RB,21.6,False,True
2020,1,12,3,WR,3200,Sterling Shepard,WR,7.7,False,False
2020,1,12,4,WR,1110,T.Y. Hilton,WR,7.3,False,True
2020,1,12,5,TE,5844,T.J. Hockenson,TE,14.1,False,False
2020,1,12,6,FLEX,1825,Jarvis Landry,WR,8.6,False,True
2020,1,12,7,SUPER_FLEX,421,Matthew Stafford,QB,17.18,False,True
2020,1,12,8,K,49,Robbie Gould,K,10.0,False,True
2020,1,12,9,DEF,NE,New England Patriots,DEF,12.0,False,True
2020,2,1,0,QB,6770,Joe Burrow,QB,24.54,False,False
2020,2,1,1,RB,4098,Kareem Hunt,RB,23.1,False,False
2020,2,1,2,RB,6813,Jonathan Taylor,RB,18.0,False,True
2020,2,1,3,WR,2309,Amari Cooper,WR,13.0,False,True
2020,2,1,4,WR,1352,Robert Woods,WR,10.3,False,True
2020,2,1,5,TE,3271,Tyler Higbee,TE,25.9,False,True
2020,2,1,6,FLEX,6955,James Robinson,RB,19.5,False,False
2020,2,1,7,SUPER_FLEX,6011,Gardner Minshew,QB,25.46,False,True
2020,2,1,8,K,4233,Zane Gonzalez,K,13.0,False,True
2020,2,1,9,DEF,NO,New Orleans Saints,DEF,4.0,False,True
2020,2,2,0,QB,4984,Josh Allen,QB,34.5,False,True
2020,2,2,1,RB,3164,Ezekiel Elliott,RB,19.2,False,True
2020,2,2,2,RB,5892,David Montgomery,RB,20.2,False,True
2020,2,2,3,WR,3321,Tyreek Hill,WR,19.3,False,True
2020,2,2,4,WR,5937,Diontae Johnson,WR,19.2,False,False
2020,2,2,5,TE,2505,Darren Waller,TE,22.5,False,True
2020,2,2,6,FLEX,4983,DJ Moore,WR,16.0,False,True
2020,2,2,7,SUPER_FLEX,6945,Antonio Gibson,RB,11.7,False,False
2020,2,2,8,K,59,Mason Crosby,K,11.0,False,True
2020,2,2,9,DEF,CHI,Chicago Bears,DEF,13.0,False,True
2020,2,3,0,QB,138,Ben Roethlisberger,QB,19.24,False,True
2020,2,3,1,RB,956,Mark Ingram,RB,14.7,False,False
2020,2,3,2,RB,2320,Melvin Gordon,RB,15.4,False,True
2020,2,3,3,WR,1426,DeAndre Hopkins,WR,16.8,False,True
2020,2,3,4,WR,4039,Cooper Kupp,WR,10.5,False,True
2020,2,3,5,TE,2251,Logan Thomas,TE,4.6,False,False
2020,2,3,6,FLEX,5110,Russell Gage,WR,13.6,False,False
2020,2,3,7,SUPER_FLEX,1049,Ryan Tannehill,QB,26.76,False,True
2020,2,3,8,K,1266,Greg Zuerlein,K,11.0,False,True
2020,2,3,9,DEF,PIT,Pittsburgh Steelers,DEF,14.0,False,True
2020,2,4,0,QB,3294,Dak Prescott,QB,39.8,False,True
2020,2,4,1,RB,4029,Dalvin Cook,RB,16.1,False,True
2020,2,4,2,RB,6806,J.K. Dobbins,RB,6.6,False,True
2020,2,4,3,WR,6786,CeeDee Lamb,WR,14.5,False,True
2020,2,4,4,WR,2078,Odell Beckham,WR,15.4,False,True
2020,2,4,5,TE,4055,O.J. Howard,TE,1.6,False,False
2020,2,4,6,FLEX,7045,Joshua Kelley,RB,12.3,False,False
2020,2,4,7,SUPER_FLEX,4892,Baker Mayfield,QB,16.26,False,True
2020,2,4,8,K,391,Ryan Succop,K,7.0,False,True
2020,2,4,9,DEF,SF,San Francisco 49ers,DEF,5.0,False,True
2020,2,5,0,QB,3161,Carson Wentz,QB,14.38,False,True
2020,2,5,1,RB,4034,Christian McCaffrey,RB,22.8,False,True
2020,2,5,2,RB,3969,Leonard Fournette,RB,25.6,False,True
2020,2,5,3,WR,4981,Calvin Ridley,WR,26.4,False,True
2020,2,5,4,WR,6886,Chase Claypool,WR,16.3,False,False
2020,2,5,5,TE,3214,Hunter Henry,TE,11.3,False,True
2020,2,5,6,FLEX,6801,Tee Higgins,WR,5.0,False,False
2020,2,5,7,SUPER_FLEX,333,Ryan Fitzpatrick,QB,24.32,False,False
2020,2,5,8,K,1264,Justin Tucker,K,16.0,False,True
2020,2,5,9,DEF,TEN,Tennessee Titans,DEF,5.0,False,True
2020,2,6,0,QB,96,Aaron Rodgers,QB,18.7,False,True
2020,2,6,1,RB,4866,Saquon Barkley,RB,2.8,False,True
2020,2,6,2,RB,3242,Kenyan Drake,RB,10.5,False,True
2020,2,6,3,WR,4951,DJ Chark,WR,10.4,False,False
2020,2,6,4,WR,6794,Justin Jefferson,WR,5.9,False,False
2020,2,6,5,TE,1339,Zach Ertz,TE,6.7,False,True
2020,2,6,6,FLEX,344,Julian Edelman,WR,21.9,False,True
2020,2,6,7,SUPER_FLEX,5857,Noah Fant,TE,15.7,False,False
2020,2,6,8,K,899,Dan Bailey,K,3.0,False,True
2020,2,6,9,DEF,WAS,Washington Commanders,DEF,5.0,False,True
2020,2,7,0,QB,4881,Lamar Jackson,QB,17.56,False,True
2020,2,7,1,RB,4137,James Conner,RB,19.1,False,False
2020,2,7,2,RB,5052,Ronald Jones,RB,9.7,False,True
2020,2,7,3,WR,2319,DeVante Parker,WR,13.8,False,False
2020,2,7,4,WR,2374,Tyler Lockett,WR,16.2,False,True
2020,2,7,5,TE,1466,Travis Kelce,TE,19.5,False,True
2020,2,7,6,FLEX,1067,Marvin Jones,WR,10.3,False,True
2020,2,7,7,SUPER_FLEX,1234,Russell Wilson,QB,34.42,False,True
2020,2,7,8,K,4666,Younghoe Koo,K,17.0,False,True
2020,2,7,9,DEF,LAR,Los Angeles Rams,DEF,8.0,False,True
2020,2,8,0,QB,4046,Patrick Mahomes,QB,27.48,False,True
2020,2,8,1,RB,4988,Nick Chubb,RB,25.8,False,True
2020,2,8,2,RB,6130,Devin Singletary,RB,8.6,False,True
2020,2,8,3,WR,3423,Robbie Chosen,WR,13.4,False,True
2020,2,8,4,WR,4040,JuJu Smith-Schuster,WR,8.3,False,True
2020,2,8,5,TE,4144,Jonnu Smith,TE,22.4,False,True
2020,2,8,6,FLEX,5068,Kerryon Johnson,RB,9.2,False,False
2020,2,8,7,SUPER_FLEX,2028,Derek Carr,QB,21.66,False,False
2020,2,8,8,K,4227,Harrison Butker,K,12.0,False,True
2020,2,8,9,DEF,KC,Kansas City Chiefs,DEF,5.0,False,True
2020,2,9,0,QB,954,Cam Newton,QB,35.58,False,True
2020,2,9,1,RB,4035,Alvin Kamara,RB,33.9,False,True
2020,2,9,2,RB,2749,Raheem Mostert,RB,17.7,False,False
2020,2,9,3,WR,2216,Mike Evans,WR,19.9,False,True
2020,2,9,4,WR,1479,Keenan Allen,WR,13.1,False,True
2020,2,9,5,TE,5878,N'Keal Harry,TE,11.2,False,False
2020,2,9,6,FLEX,5927,Terry McLaurin,WR,22.0,False,False
2020,2,9,7,SUPER_FLEX,3976,Mitchell Trubisky,QB,15.2,False,True
2020,2,9,8,K,1945,Chris Boswell,K,6.0,False,True
2020,2,9,9,DEF,BUF,Buffalo Bills,DEF,3.0,False,True
2020,2,10,0,QB,5849,Kyler Murray,QB,33.14,False,True
2020,2,10,1,RB,4663,Austin Ekeler,RB,16.8,False,True
2020,2,10,2,RB,4018,Joe Mixon,RB,10.6,False,True
2020,2,10,3,WR,5846,DK Metcalf,WR,17.2,False,True
2020,2,10,4,WR,4036,Corey Davis,WR,11.1,False,False
2020,2,10,5,TE,4973,Hayden Hurst,TE,15.7,False,True
2020,2,10,6,FLEX,5045,Courtland Sutton,WR,8.1,False,False
2020,2,10,7,SUPER_FLEX,167,Tom Brady,QB,9.68,False,True
2020,2,10,8,K,3678,Wil Lutz,K,6.0,False,True
2020,2,10,9,DEF,BAL,Baltimore Ravens,DEF,16.0,False,True
2020,2,11,0,QB,4017,Deshaun Watson,QB,15.7,False,True
2020,2,11,1,RB,5850,Josh Jacobs,RB,12.0,False,True
2020,2,11,2,RB,4199,Aaron Jones,RB,43.6,False,True
2020,2,11,3,WR,2449,Stefon Diggs,WR,25.3,False,True
2020,2,11,4,WR,3225,Tyler Boyd,WR,16.7,False,False
2020,2,11,5,TE,5012,Mark Andrews,TE,3.4,False,True
2020,2,11,6,FLEX,2238,John Brown,WR,16.2,False,True
2020,2,11,7,SUPER_FLEX,24,Matt Ryan,QB,28.52,False,True
2020,2,11,8,K,17,Matt Prater,K,3.0,False,True
2020,2,11,9,DEF,DAL,Dallas Cowboys,DEF,-3.0,False,True
2020,2,12,0,QB,289,Drew Brees,QB,15.48,False,True
2020,2,12,1,RB,4273,Chris Carson,RB,18.3,False,True
2020,2,12,2,RB,6151,Miles Sanders,RB,18.6,False,True
2020,2,12,3,WR,3200,Sterling Shepard,WR,4.5,False,True
2020,2,12,4,WR,1825,Jarvis Landry,WR,6.1,False,True
2020,2,12,5,TE,4066,Evan Engram,TE,9.5,False,True
2020,2,12,6,FLEX,5844,T.J. Hockenson,TE,8.2,False,False
2020,2,12,7,SUPER_FLEX,421,Matthew Stafford,QB,17.16,False,True
2020,2,12,8,K,49,Robbie Gould,K,8.0,False,True
2020,2,12,9,DEF,NE,New England Patriots,DEF,6.0,False,True
2020,3,1,0,QB,3163,Jared Goff,QB,28.24,False,False
2020,3,1,1,RB,4098,Kareem Hunt,RB,13.4,False,True
2020,3,1,2,RB,6955,James Robinson,RB,27.9,False,False
2020,3,1,3,WR,2309,Amari Cooper,WR,13.1,False,True
2020,3,1,4,WR,1352,Robert Woods,WR,18.9,False,True
2020,3,1,5,TE,3271,Tyler Higbee,TE,7.0,False,True
2020,3,1,6,FLEX,6820,Clyde Edwards-Helaire,RB,15.9,False,True
2020,3,1,7,SUPER_FLEX,6770,Joe Burrow,QB,20.38,False,True
2020,3,1,8,K,4233,Zane Gonzalez,K,6.0,False,True
2020,3,1,9,DEF,LAC,Los Angeles Chargers,DEF,4.0,False,True
2020,3,2,0,QB,4984,Josh Allen,QB,32.24,False,True
2020,3,2,1,RB,3164,Ezekiel Elliott,RB,14.8,False,True
2020,3,2,2,RB,4988,Nick Chubb,RB,23.5,False,True
2020,3,2,3,WR,4131,Kenny Golladay,WR,14.7,False,False
2020,3,2,4,WR,4983,DJ Moore,WR,7.5,False,True
2020,3,2,5,TE,2505,Darren Waller,TE,1.9,False,True
2020,3,2,6,FLEX,2161,Jerick McKinnon,RB,15.2,False,True
2020,3,2,7,SUPER_FLEX,331,Philip Rivers,QB,12.68,False,True
2020,3,2,8,K,59,Mason Crosby,K,16.0,False,True
2020,3,2,9,DEF,IND,Indianapolis Colts,DEF,26.0,False,True
2020,3,3,0,QB,138,Ben Roethlisberger,QB,19.18,False,True
2020,3,3,1,RB,3198,Derrick Henry,RB,26.0,False,True
2020,3,3,2,RB,2320,Melvin Gordon,RB,5.8,False,True
2020,3,3,3,WR,1426,DeAndre Hopkins,WR,18.7,False,True
2020,3,3,4,WR,4039,Cooper Kupp,WR,21.2,False,True
2020,3,3,5,TE,4993,Mike Gesicki,TE,8.0,False,True
2020,3,3,6,FLEX,538,Emmanuel Sanders,WR,13.6,False,False
2020,3,3,7,SUPER_FLEX,1049,Ryan Tannehill,QB,13.24,False,True
2020,3,3,8,K,1266,Greg Zuerlein,K,7.0,False,True
2020,3,3,9,DEF,PIT,Pittsburgh Steelers,DEF,7.0,False,True
2020,3,4,0,QB,3294,Dak Prescott,QB,29.48,False,True
2020,3,4,1,RB,4029,Dalvin Cook,RB,24.9,False,True
2020,3,4,2,RB,7045,Joshua Kelley,RB,4.2,False,True
2020,3,4,3,WR,5185,Allen Lazard,WR,23.4,False,False
2020,3,4,4,WR,4037,Chris Godwin,WR,14.9,False,True
2020,3,4,5,TE,4054,Mo Alie-Cox,TE,12.5,False,False
2020,3,4,6,FLEX,6786,CeeDee Lamb,WR,9.1,False,True
2020,3,4,7,SUPER_FLEX,6797,Justin Herbert,QB,15.7,False,True
2020,3,4,8,K,5230,Michael Badgley,K,5.0,False,True
2020,3,4,9,DEF,SF,San Francisco 49ers,DEF,14.0,False,True
2020,3,5,0,QB,3161,Carson Wentz,QB,23.5,False,True
2020,3,5,1,RB,3969,Leonard Fournette,RB,3.2,False,True
2020,3,5,2,RB,184,Adrian Peterson,RB,9.0,False,True
2020,3,5,3,WR,4981,Calvin Ridley,WR,14.2,False,True
2020,3,5,4,WR,6801,Tee Higgins,WR,18.5,False,False
2020,3,5,5,TE,3214,Hunter Henry,TE,7.5,False,True
2020,3,5,6,FLEX,3157,William Fuller,WR,13.4,False,True
2020,3,5,7,SUPER_FLEX,333,Ryan Fitzpatrick,QB,24.7,False,True
2020,3,5,8,K,1264,Justin Tucker,K,9.0,False,True
2020,3,5,9,DEF,PHI,Philadelphia Eagles,DEF,8.0,False,True
2020,3,6,0,QB,96,Aaron Rodgers,QB,24.52,False,True
2020,3,6,1,RB,3242,Kenyan Drake,RB,8.4,False,True
2020,3,6,2,RB,5916,Darrell Henderson,RB,18.5,False,True
2020,3,6,3,WR,1689,Adam Thielen,WR,10.8,False,True
2020,3,6,4,WR,3423,Robbie Chosen,WR,8.0,False,True
2020,3,6,5,TE,1339,Zach Ertz,TE,10.5,False,True
2020,3,6,6,FLEX,5857,Noah Fant,TE,7.1,False,False
2020,3,6,7,SUPER_FLEX,1166,Kirk Cousins,QB,21.44,False,True
2020,3,6,8,K,7062,Rodrigo Blankenship,K,12.0,False,True
2020,3,6,9,DEF,WAS,Washington Commanders,DEF,1.0,False,True
2020,3,7,0,QB,4881,Lamar Jackson,QB,14.18,False,True
2020,3,7,1,RB,2431,Mike Davis,RB,19.1,False,True
2020,3,7,2,RB,4137,James Conner,RB,22.9,False,True
2020,3,7,3,WR,1992,Allen Robinson,WR,23.3,False,True
2020,3,7,4,WR,2374,Tyler Lockett,WR,32.5,False,True
2020,3,7,5,TE,1466,Travis Kelce,TE,11.7,False,True
2020,3,7,6,FLEX,2319,DeVante Parker,WR,9.4,False,True
2020,3,7,7,SUPER_FLEX,1234,Russell Wilson,QB,36.8,False,True
2020,3,7,8,K,4666,Younghoe Koo,K,7.0,False,True
2020,3,7,9,DEF,CLE,Cleveland Browns,DEF,19.0,False,True
2020,3,8,0,QB,4046,Patrick Mahomes,QB,40.0,False,True
2020,3,8,1,RB,5892,David Montgomery,RB,6.4,False,True
2020,3,8,2,RB,6130,Devin Singletary,RB,14.1,False,True
2020,3,8,3,WR,4040,JuJu Smith-Schuster,WR,14.3,False,True
2020,3,8,4,WR,3321,Tyreek Hill,WR,18.7,False,True
2020,3,8,5,TE,5009,Chris Herndon,TE,3.6,False,True
2020,3,8,6,FLEX,5980,Myles Gaskin,RB,12.0,False,False
2020,3,8,7,SUPER_FLEX,2028,Derek Carr,QB,15.44,False,False
2020,3,8,8,K,4227,Harrison Butker,K,3.0,False,True
2020,3,8,9,DEF,TB,Tampa Bay Buccaneers,DEF,19.0,False,True
2020,3,9,0,QB,954,Cam Newton,QB,12.18,False,True
2020,3,9,1,RB,4035,Alvin Kamara,RB,38.2,False,True
2020,3,9,2,RB,2315,Todd Gurley,RB,14.7,False,True
2020,3,9,3,WR,2216,Mike Evans,WR,13.2,False,True
2020,3,9,4,WR,1479,Keenan Allen,WR,23.7,False,True
2020,3,9,5,TE,5878,N'Keal Harry,TE,4.6,False,False
2020,3,9,6,FLEX,2391,David Johnson,RB,11.6,False,True
2020,3,9,7,SUPER_FLEX,3976,Mitchell Trubisky,QB,12.62,False,True
2020,3,9,8,K,1945,Chris Boswell,K,8.0,False,True
2020,3,9,9,DEF,BUF,Buffalo Bills,DEF,5.0,False,True
2020,3,10,0,QB,5849,Kyler Murray,QB,24.7,False,True
2020,3,10,1,RB,4663,Austin Ekeler,RB,25.8,False,True
2020,3,10,2,RB,4018,Joe Mixon,RB,7.5,False,True
2020,3,10,3,WR,5846,DK Metcalf,WR,17.0,False,True
2020,3,10,4,WR,4036,Corey Davis,WR,9.4,False,False
2020,3,10,5,TE,4973,Hayden Hurst,TE,6.6,False,True
2020,3,10,6,FLEX,4622,Keelan Cole,WR,6.3,False,True
2020,3,10,7,SUPER_FLEX,167,Tom Brady,QB,23.88,False,True
2020,3,10,8,K,3678,Wil Lutz,K,13.0,False,True
2020,3,10,9,DEF,BAL,Baltimore Ravens,DEF,8.0,False,False
2020,3,11,0,QB,24,Matt Ryan,QB,12.42,False,True
2020,3,11,1,RB,5850,Josh Jacobs,RB,7.8,False,True
2020,3,11,2,RB,4199,Aaron Jones,RB,15.6,False,True
2020,3,11,3,WR,2449,Stefon Diggs,WR,12.9,False,True
2020,3,11,4,WR,5038,Michael Gallup,WR,22.8,False,True
2020,3,11,5,TE,5012,Mark Andrews,TE,3.7,False,True
2020,3,11,6,FLEX,3225,Tyler Boyd,WR,17.5,False,False
2020,3,11,7,SUPER_FLEX,4017,Deshaun Watson,QB,18.06,False,True
2020,3,11,8,K,17,Matt Prater,K,14.0,False,True
2020,3,11,9,DEF,DAL,Dallas Cowboys,DEF,1.0,False,True
2020,3,12,0,QB,289,Drew Brees,QB,23.52,False,True
2020,3,12,1,RB,4273,Chris Carson,RB,9.1,False,True
2020,3,12,2,RB,6151,Miles Sanders,RB,12.7,False,True
2020,3,12,3,WR,1825,Jarvis Landry,WR,5.6,False,True
2020,3,12,4,WR,1110,T.Y. Hilton,WR,6.7,False,True
2020,3,12,5,TE,5844,T.J. Hockenson,TE,7.3,False,True
2020,3,12,6,FLEX,4962,Sony Michel,RB,15.0,False,False
2020,3,12,7,SUPER_FLEX,421,Matthew Stafford,QB,18.5,False,True
2020,3,12,8,K,49,Robbie Gould,K,14.0,False,True
2020,3,12,9,DEF,NE,New England Patriots,DEF,18.0,False,True
2020,4,1,0,QB,6770,Joe Burrow,QB,16.1,False,True
2020,4,1,1,RB,6955,James Robinson,RB,12.7,False,True
2020,4,1,2,RB,4098,Kareem Hunt,RB,19.1,False,False
2020,4,1,3,WR,2309,Amari Cooper,WR,27.4,False,True
2020,4,1,4,WR,2410,Jamison Crowder,WR,13.9,False,False
2020,4,1,5,TE,3271,Tyler Higbee,TE,3.5,False,True
2020,4,1,6,FLEX,6820,Clyde Edwards-Helaire,RB,10.6,False,True
2020,4,1,7,SUPER_FLEX,6011,Gardner Minshew,QB,21.94,False,False
2020,4,1,8,K,4233,Zane Gonzalez,K,3.0,False,True
2020,4,1,9,DEF,NYJ,New York Jets,DEF,8.0,False,True
2020,4,2,0,QB,4984,Josh Allen,QB,25.42,False,True
2020,4,2,1,RB,3164,Ezekiel Elliott,RB,16.5,False,True
2020,4,2,2,RB,956,Mark Ingram,RB,10.2,False,False
2020,4,2,3,WR,4131,Kenny Golladay,WR,14.2,False,True
2020,4,2,4,WR,6794,Justin Jefferson,WR,12.3,False,False
2020,4,2,5,TE,2505,Darren Waller,TE,11.3,False,True
2020,4,2,6,FLEX,5848,Marquise Brown,WR,10.6,False,True
2020,4,2,7,SUPER_FLEX,1029,Nick Foles,QB,12.86,False,True
2020,4,2,8,K,59,Mason Crosby,K,6.0,False,True
2020,4,2,9,DEF,DEN,Denver Broncos,DEF,6.0,False,True
2020,4,3,0,QB,331,Philip Rivers,QB,11.2,False,True
2020,4,3,1,RB,2161,Jerick McKinnon,RB,19.2,False,True
2020,4,3,2,RB,2320,Melvin Gordon,RB,24.8,False,True
2020,4,3,3,WR,1426,DeAndre Hopkins,WR,7.6,False,True
2020,4,3,4,WR,4039,Cooper Kupp,WR,15.2,False,True
2020,4,3,5,TE,5001,Dalton Schultz,TE,15.2,False,True
2020,4,3,6,FLEX,5955,Hunter Renfrow,WR,8.2,False,True
2020,4,3,7,SUPER_FLEX,1144,Cole Beasley,WR,10.7,False,True
2020,4,3,8,K,1266,Greg Zuerlein,K,2.0,False,True
2020,4,3,9,DEF,SEA,Seattle Seahawks,DEF,6.0,False,True
2020,4,4,0,QB,3294,Dak Prescott,QB,38.28,False,True
2020,4,4,1,RB,4029,Dalvin Cook,RB,27.6,False,True
2020,4,4,2,RB,7045,Joshua Kelley,RB,2.8,False,True
2020,4,4,3,WR,2078,Odell Beckham,WR,35.9,False,True
2020,4,4,4,WR,6786,CeeDee Lamb,WR,22.7,False,True
2020,4,4,5,TE,4054,Mo Alie-Cox,TE,7.8,False,False
2020,4,4,6,FLEX,4950,Christian Kirk,WR,9.4,False,False
2020,4,4,7,SUPER_FLEX,6797,Justin Herbert,QB,24.0,False,False
2020,4,4,8,K,5230,Michael Badgley,K,9.0,False,True
2020,4,4,9,DEF,LAR,Los Angeles Rams,DEF,12.0,False,True
2020,4,5,0,QB,3161,Carson Wentz,QB,22.42,False,True
2020,4,5,1,RB,1848,James White,RB,9.4,False,True
2020,4,5,2,RB,184,Adrian Peterson,RB,9.6,False,True
2020,4,5,3,WR,6801,Tee Higgins,WR,11.0,False,False
2020,4,5,4,WR,1817,Sammy Watkins,WR,4.3,False,True
2020,4,5,5,TE,3214,Hunter Henry,TE,4.9,False,True
2020,4,5,6,FLEX,3157,William Fuller,WR,19.8,False,True
2020,4,5,7,SUPER_FLEX,333,Ryan Fitzpatrick,QB,23.3,False,True
2020,4,5,8,K,1264,Justin Tucker,K,8.0,False,True
2020,4,5,9,DEF,PHI,Philadelphia Eagles,DEF,19.0,False,True
2020,4,6,0,QB,96,Aaron Rodgers,QB,29.58,False,True
2020,4,6,1,RB,5000,Chase Edmonds,RB,12.5,False,False
2020,4,6,2,RB,1387,Rex Burkhead,RB,5.5,False,False
2020,4,6,3,WR,1689,Adam Thielen,WR,22.2,False,True
2020,4,6,4,WR,4951,DJ Chark,WR,25.5,False,True
2020,4,6,5,TE,5857,Noah Fant,TE,6.0,False,True
2020,4,6,6,FLEX,3423,Robbie Chosen,WR,13.9,False,True
2020,4,6,7,SUPER_FLEX,1166,Kirk Cousins,QB,14.9,False,True
2020,4,6,8,K,1099,Randy Bullock,K,17.0,False,True
2020,4,6,9,DEF,IND,Indianapolis Colts,DEF,7.0,False,True
2020,4,7,0,QB,4881,Lamar Jackson,QB,26.02,False,True
2020,4,7,1,RB,2431,Mike Davis,RB,19.6,False,True
2020,4,7,2,RB,5052,Ronald Jones,RB,15.8,False,True
2020,4,7,3,WR,1992,Allen Robinson,WR,19.6,False,True
2020,4,7,4,WR,5026,Tre'Quan Smith,WR,19.4,False,False
2020,4,7,5,TE,1466,Travis Kelce,TE,8.5,False,True
2020,4,7,6,FLEX,2319,DeVante Parker,WR,16.0,False,True
2020,4,7,7,SUPER_FLEX,1234,Russell Wilson,QB,21.9,False,True
2020,4,7,8,K,2747,Jason Myers,K,9.0,False,True
2020,4,7,9,DEF,ARI,Arizona Cardinals,DEF,1.0,False,True
2020,4,8,0,QB,2028,Derek Carr,QB,20.44,False,False
2020,4,8,1,RB,5892,David Montgomery,RB,9.2,False,True
2020,4,8,2,RB,6130,Devin Singletary,RB,16.2,False,True
2020,4,8,3,WR,5872,Deebo Samuel,WR,6.0,False,False
2020,4,8,4,WR,3321,Tyreek Hill,WR,14.4,False,True
2020,4,8,5,TE,4217,George Kittle,TE,32.6,False,True
2020,4,8,6,FLEX,6945,Antonio Gibson,RB,20.8,False,False
2020,4,8,7,SUPER_FLEX,2152,Teddy Bridgewater,QB,27.24,False,True
2020,4,8,8,K,4227,Harrison Butker,K,7.0,False,True
2020,4,8,9,DEF,TB,Tampa Bay Buccaneers,DEF,7.0,False,True
2020,4,9,0,QB,5845,Dwayne Haskins,QB,18.86,False,False
2020,4,9,1,RB,4035,Alvin Kamara,RB,19.4,False,True
2020,4,9,2,RB,2315,Todd Gurley,RB,18.8,False,True
2020,4,9,3,WR,2216,Mike Evans,WR,21.7,False,True
2020,4,9,4,WR,1479,Keenan Allen,WR,10.2,False,True
2020,4,9,5,TE,5878,N'Keal Harry,TE,9.6,False,False
2020,4,9,6,FLEX,2391,David Johnson,RB,10.2,False,True
2020,4,9,7,SUPER_FLEX,5927,Terry McLaurin,WR,16.8,False,True
2020,4,9,8,K,6528,Joey Slye,K,7.0,False,True
2020,4,9,9,DEF,BUF,Buffalo Bills,DEF,9.0,False,True
2020,4,10,0,QB,5849,Kyler Murray,QB,23.12,False,True
2020,4,10,1,RB,6012,Travis Homer,RB,7.3,False,False
2020,4,10,2,RB,4018,Joe Mixon,RB,39.1,False,True
2020,4,10,3,WR,5846,DK Metcalf,WR,12.6,False,True
2020,4,10,4,WR,538,Emmanuel Sanders,WR,12.3,False,False
2020,4,10,5,TE,4973,Hayden Hurst,TE,7.1,False,True
2020,4,10,6,FLEX,6803,Brandon Aiyuk,WR,12.6,False,True
2020,4,10,7,SUPER_FLEX,167,Tom Brady,QB,33.46,False,True
2020,4,10,8,K,3678,Wil Lutz,K,5.0,False,True
2020,4,10,9,DEF,BAL,Baltimore Ravens,DEF,7.0,False,True
2020,4,11,0,QB,24,Matt Ryan,QB,12.4,False,True
2020,4,11,1,RB,5850,Josh Jacobs,RB,8.8,False,True
2020,4,11,2,RB,4199,Aaron Jones,RB,19.6,False,True
2020,4,11,3,WR,2449,Stefon Diggs,WR,14.5,False,True
2020,4,11,4,WR,3225,Tyler Boyd,WR,12.9,False,True
2020,4,11,5,TE,5012,Mark Andrews,TE,19.2,False,True
2020,4,11,6,FLEX,1476,Latavius Murray,RB,20.8,False,False
2020,4,11,7,SUPER_FLEX,4017,Deshaun Watson,QB,20.9,False,True
2020,4,11,8,K,17,Matt Prater,K,3.0,False,True
2020,4,11,9,DEF,DAL,Dallas Cowboys,DEF,-2.0,False,True
2020,4,12,0,QB,4943,Sam Darnold,QB,23.6,False,False
2020,4,12,1,RB,4273,Chris Carson,RB,23.5,False,True
2020,4,12,2,RB,6151,Miles Sanders,RB,8.6,False,True
2020,4,12,3,WR,1825,Jarvis Landry,WR,12.78,False,True
2020,4,12,4,WR,1110,T.Y. Hilton,WR,4.4,False,True
2020,4,12,5,TE,4066,Evan Engram,TE,6.5,False,True
2020,4,12,6,FLEX,5844,T.J. Hockenson,TE,9.9,False,True
2020,4,12,7,SUPER_FLEX,421,Matthew Stafford,QB,23.34,False,True
2020,4,12,8,K,49,Robbie Gould,K,2.0,False,True
2020,4,12,9,DEF,NE,New England Patriots,DEF,5.0,False,True
2020,5,1,0,QB,6011,Gardner Minshew,QB,19.84,False,True
2020,5,1,1,RB,6820,Clyde Edwards-Helaire,RB,9.5,False,True
2020,5,1,2,RB,6813,Jonathan Taylor,RB,14.4,False,False
2020,5,1,3,WR,2410,Jamison Crowder,WR,21.6,False,False
2020,5,1,4,WR,1352,Robert Woods,WR,15.1,False,True
2020,5,1,5,TE,3271,Tyler Higbee,TE,2.2,False,True
2020,5,1,6,FLEX,4098,Kareem Hunt,RB,16.8,False,True
2020,5,1,7,SUPER_FLEX,3163,Jared Goff,QB,25.36,False,True
2020,5,1,8,K,4233,Zane Gonzalez,K,7.0,False,True
2020,5,1,9,DEF,CLE,Cleveland Browns,DEF,14.0,False,True
2020,5,2,0,QB,1029,Nick Foles,QB,12.62,False,False
2020,5,2,1,RB,3164,Ezekiel Elliott,RB,23.0,False,True
2020,5,2,2,RB,956,Mark Ingram,RB,5.7,False,True
2020,5,2,3,WR,5848,Marquise Brown,WR,16.8,False,True
2020,5,2,4,WR,4983,DJ Moore,WR,17.3,False,True
2020,5,2,5,TE,2505,Darren Waller,TE,13.3,False,True
2020,5,2,6,FLEX,6938,Cam Akers,RB,6.1,False,False
2020,5,2,7,SUPER_FLEX,4984,Josh Allen,QB,18.32,False,True
2020,5,2,8,K,899,Dan Bailey,K,11.0,False,True
2020,5,2,9,DEF,KC,Kansas City Chiefs,DEF,-1.0,False,True
2020,5,3,0,QB,138,Ben Roethlisberger,QB,21.36,False,True
2020,5,3,1,RB,3198,Derrick Henry,RB,18.8,False,True
2020,5,3,2,RB,2161,Jerick McKinnon,RB,1.5,False,True
2020,5,3,3,WR,1426,DeAndre Hopkins,WR,22.1,False,True
2020,5,3,4,WR,4039,Cooper Kupp,WR,9.1,False,True
2020,5,3,5,TE,5001,Dalton Schultz,TE,1.1,False,True
2020,5,3,6,FLEX,5859,A.J. Brown,WR,17.7,False,True
2020,5,3,7,SUPER_FLEX,1049,Ryan Tannehill,QB,30.0,False,True
2020,5,3,8,K,1266,Greg Zuerlein,K,14.0,False,True
2020,5,3,9,DEF,PIT,Pittsburgh Steelers,DEF,8.0,False,True
2020,5,4,0,QB,4892,Baker Mayfield,QB,17.58,False,False
2020,5,4,1,RB,4029,Dalvin Cook,RB,17.4,False,True
2020,5,4,2,RB,7045,Joshua Kelley,RB,4.3,False,True
2020,5,4,3,WR,4068,Mike Williams,WR,25.4,False,False
2020,5,4,4,WR,6786,CeeDee Lamb,WR,16.4,False,True
2020,5,4,5,TE,4144,Jonnu Smith,TE,18.5,False,True
2020,5,4,6,FLEX,4950,Christian Kirk,WR,10.3,False,False
2020,5,4,7,SUPER_FLEX,6797,Justin Herbert,QB,27.36,False,True
2020,5,4,8,K,5230,Michael Badgley,K,2.0,False,True
2020,5,4,9,DEF,LAR,Los Angeles Rams,DEF,13.0,False,True
2020,5,5,0,QB,333,Ryan Fitzpatrick,QB,27.6,False,True
2020,5,5,1,RB,3242,Kenyan Drake,RB,12.7,False,True
2020,5,5,2,RB,1408,Le'Veon Bell,RB,7.2,False,True
2020,5,5,3,WR,4981,Calvin Ridley,WR,17.6,False,True
2020,5,5,4,WR,4951,DJ Chark,WR,3.1,False,True
2020,5,5,5,TE,3214,Hunter Henry,TE,10.3,False,True
2020,5,5,6,FLEX,3157,William Fuller,WR,13.8,False,True
2020,5,5,7,SUPER_FLEX,1817,Sammy Watkins,WR,9.4,False,False
2020,5,5,8,K,1264,Justin Tucker,K,10.0,False,True
2020,5,5,9,DEF,NO,New Orleans Saints,DEF,3.0,False,True
2020,5,6,0,QB,3161,Carson Wentz,QB,19.42,False,True
2020,5,6,1,RB,5916,Darrell Henderson,RB,20.3,False,True
2020,5,6,2,RB,2168,Devonta Freeman,RB,15.7,False,True
2020,5,6,3,WR,1689,Adam Thielen,WR,24.8,False,True
2020,5,6,4,WR,3423,Robbie Chosen,WR,15.5,False,True
2020,5,6,5,TE,1339,Zach Ertz,TE,1.1,False,True
2020,5,6,6,FLEX,5000,Chase Edmonds,RB,17.7,False,False
2020,5,6,7,SUPER_FLEX,1166,Kirk Cousins,QB,15.16,False,True
2020,5,6,8,K,7062,Rodrigo Blankenship,K,11.0,False,True
2020,5,6,9,DEF,IND,Indianapolis Colts,DEF,12.0,False,True
2020,5,7,0,QB,1234,Russell Wilson,QB,25.48,False,True
2020,5,7,1,RB,5052,Ronald Jones,RB,14.0,False,True
2020,5,7,2,RB,4137,James Conner,RB,13.8,False,True
2020,5,7,3,WR,1992,Allen Robinson,WR,14.0,False,True
2020,5,7,4,WR,2319,DeVante Parker,WR,12.0,False,False
2020,5,7,5,TE,1466,Travis Kelce,TE,20.8,False,True
2020,5,7,6,FLEX,2431,Mike Davis,RB,25.4,False,True
2020,5,7,7,SUPER_FLEX,4881,Lamar Jackson,QB,14.5,False,True
2020,5,7,8,K,2747,Jason Myers,K,3.0,False,True
2020,5,7,9,DEF,ARI,Arizona Cardinals,DEF,8.0,False,True
2020,5,8,0,QB,4046,Patrick Mahomes,QB,30.7,False,True
2020,5,8,1,RB,5892,David Montgomery,RB,15.4,False,True
2020,5,8,2,RB,5987,Alexander Mattison,RB,15.1,False,False
2020,5,8,3,WR,4040,JuJu Smith-Schuster,WR,4.8,False,True
2020,5,8,4,WR,3321,Tyreek Hill,WR,16.8,False,True
2020,5,8,5,TE,4217,George Kittle,TE,6.4,False,True
2020,5,8,6,FLEX,5980,Myles Gaskin,RB,17.6,False,False
2020,5,8,7,SUPER_FLEX,2028,Derek Carr,QB,24.98,False,False
2020,5,8,8,K,4227,Harrison Butker,K,6.0,False,True
2020,5,8,9,DEF,TB,Tampa Bay Buccaneers,DEF,7.0,False,True
2020,5,9,0,QB,5127,Kyle Allen,QB,9.66,False,True
2020,5,9,1,RB,4035,Alvin Kamara,RB,15.9,False,True
2020,5,9,2,RB,2315,Todd Gurley,RB,23.0,False,True
2020,5,9,3,WR,2216,Mike Evans,WR,12.6,False,True
2020,5,9,4,WR,6814,Laviska Shenault,WR,11.4,False,False
2020,5,9,5,TE,3202,Austin Hooper,TE,8.2,False,True
2020,5,9,6,FLEX,2391,David Johnson,RB,11.3,False,True
2020,5,9,7,SUPER_FLEX,2749,Raheem Mostert,RB,13.4,False,False
2020,5,9,8,K,6528,Joey Slye,K,11.0,False,True
2020,5,9,9,DEF,HOU,Houston Texans,DEF,12.0,False,False
2020,5,10,0,QB,5849,Kyler Murray,QB,27.3,False,True
2020,5,10,1,RB,5131,Justin Jackson,RB,11.9,False,True
2020,5,10,2,RB,4018,Joe Mixon,RB,12.4,False,True
2020,5,10,3,WR,5846,DK Metcalf,WR,24.3,False,True
2020,5,10,4,WR,6149,Darius Slayton,WR,16.9,False,True
2020,5,10,5,TE,2118,Eric Ebron,TE,4.8,False,False
2020,5,10,6,FLEX,538,Emmanuel Sanders,WR,18.2,False,False
2020,5,10,7,SUPER_FLEX,6789,Henry Ruggs,WR,18.8,False,False
2020,5,10,8,K,3678,Wil Lutz,K,15.0,False,True
2020,5,10,9,DEF,BAL,Baltimore Ravens,DEF,29.0,False,True
2020,5,11,0,QB,24,Matt Ryan,QB,7.94,False,True
2020,5,11,1,RB,5850,Josh Jacobs,RB,21.5,False,True
2020,5,11,2,RB,1476,Latavius Murray,RB,6.7,False,True
2020,5,11,3,WR,2449,Stefon Diggs,WR,15.6,False,True
2020,5,11,4,WR,5038,Michael Gallup,WR,9.3,False,True
2020,5,11,5,TE,5012,Mark Andrews,TE,14.6,False,True
2020,5,11,6,FLEX,2197,Brandin Cooks,WR,26.1,False,False
2020,5,11,7,SUPER_FLEX,4017,Deshaun Watson,QB,26.86,False,True
2020,5,11,8,K,7042,Tyler Bass,K,5.0,False,True
2020,5,11,9,DEF,DAL,Dallas Cowboys,DEF,10.0,False,True
2020,5,12,0,QB,289,Drew Brees,QB,22.1,False,True
2020,5,12,1,RB,4273,Chris Carson,RB,16.9,False,True
2020,5,12,2,RB,6151,Miles Sanders,RB,22.9,False,True
2020,5,12,3,WR,1825,Jarvis Landry,WR,10.8,False,True
2020,5,12,4,WR,1110,T.Y. Hilton,WR,9.9,False,True
2020,5,12,5,TE,4066,Evan Engram,TE,9.0,False,True
2020,5,12,6,FLEX,232,Frank Gore,RB,3.0,False,False
2020,5,12,7,SUPER_FLEX,19,Joe Flacco,QB,13.8,False,True
2020,5,12,8,K,49,Robbie Gould,K,5.0,False,True
2020,5,12,9,DEF,NE,New England Patriots,DEF,0.0,False,True
2020,6,1,0,QB,6011,Gardner Minshew,QB,18.62,False,True
2020,6,1,1,RB,6813,Jonathan Taylor,RB,13.5,False,True
2020,6,1,2,RB,6955,James Robinson,RB,13.3,False,True
2020,6,1,3,WR,2133,Davante Adams,WR,9.1,False,True
2020,6,1,4,WR,2309,Amari Cooper,WR,17.4,False,True
2020,6,1,5,TE,3271,Tyler Higbee,TE,7.1,False,True
2020,6,1,6,FLEX,1352,Robert Woods,WR,12.0,False,True
2020,6,1,7,SUPER_FLEX,6770,Joe Burrow,QB,17.72,False,False
2020,6,1,8,K,4233,Zane Gonzalez,K,8.0,False,True
2020,6,1,9,DEF,MIA,Miami Dolphins,DEF,15.0,False,True
2020,6,2,0,QB,4984,Josh Allen,QB,16.08,False,True
2020,6,2,1,RB,3164,Ezekiel Elliott,RB,8.0,False,True
2020,6,2,2,RB,5967,Tony Pollard,RB,5.0,False,False
2020,6,2,3,WR,4983,DJ Moore,WR,11.8,False,False
2020,6,2,4,WR,4131,Kenny Golladay,WR,12.5,False,True
2020,6,2,5,TE,5001,Dalton Schultz,TE,5.5,False,True
2020,6,2,6,FLEX,6794,Justin Jefferson,WR,35.1,False,True
2020,6,2,7,SUPER_FLEX,5870,Daniel Jones,QB,14.88,False,True
2020,6,2,8,K,59,Mason Crosby,K,4.0,False,True
2020,6,2,9,DEF,WAS,Washington Commanders,DEF,4.0,False,True
2020,6,3,0,QB,331,Philip Rivers,QB,25.74,False,False
2020,6,3,1,RB,3198,Derrick Henry,RB,39.4,False,True
2020,6,3,2,RB,184,Adrian Peterson,RB,12.3,False,True
2020,6,3,3,WR,5859,A.J. Brown,WR,20.3,False,True
2020,6,3,4,WR,1144,Cole Beasley,WR,12.5,False,False
2020,6,3,5,TE,4602,Robert Tonyan,TE,4.0,False,True
2020,6,3,6,FLEX,3664,J.D. McKissic,RB,11.4,False,False
2020,6,3,7,SUPER_FLEX,1049,Ryan Tannehill,QB,29.64,False,True
2020,6,3,8,K,1266,Greg Zuerlein,K,4.0,False,True
2020,6,3,9,DEF,PIT,Pittsburgh Steelers,DEF,19.0,False,True
2020,6,4,0,QB,4892,Baker Mayfield,QB,7.26,False,True
2020,6,4,1,RB,6130,Devin Singletary,RB,5.0,False,True
2020,6,4,2,RB,5980,Myles Gaskin,RB,14.6,False,True
2020,6,4,3,WR,830,A.J. Green,WR,13.6,False,False
2020,6,4,4,WR,6786,CeeDee Lamb,WR,9.9,False,True
2020,6,4,5,TE,4144,Jonnu Smith,TE,1.8,False,True
2020,6,4,6,FLEX,6059,Travis Fulgham,WR,16.5,False,False
2020,6,4,7,SUPER_FLEX,4950,Christian Kirk,WR,21.6,False,True
2020,6,4,8,K,4666,Younghoe Koo,K,20.0,False,True
2020,6,4,9,DEF,LAR,Los Angeles Rams,DEF,0.0,False,True
2020,6,5,0,QB,1837,Jimmy Garoppolo,QB,23.52,False,False
2020,6,5,1,RB,3242,Kenyan Drake,RB,28.4,False,True
2020,6,5,2,RB,1848,James White,RB,11.3,False,True
2020,6,5,3,WR,4981,Calvin Ridley,WR,15.9,False,True
2020,6,5,4,WR,3157,William Fuller,WR,21.3,False,True
2020,6,5,5,TE,1793,Trey Burton,TE,19.9,False,True
2020,6,5,6,FLEX,6886,Chase Claypool,WR,16.1,False,True
2020,6,5,7,SUPER_FLEX,333,Ryan Fitzpatrick,QB,18.04,False,True
2020,6,5,8,K,1264,Justin Tucker,K,16.0,False,True
2020,6,5,9,DEF,DET,Detroit Lions,DEF,8.0,False,True
2020,6,6,0,QB,3161,Carson Wentz,QB,29.42,False,False
2020,6,6,1,RB,4098,Kareem Hunt,RB,6.7,False,True
2020,6,6,2,RB,5916,Darrell Henderson,RB,9.2,False,False
2020,6,6,3,WR,1689,Adam Thielen,WR,12.6,False,True
2020,6,6,4,WR,3423,Robbie Chosen,WR,9.7,False,True
2020,6,6,5,TE,1339,Zach Ertz,TE,5.3,False,True
2020,6,6,6,FLEX,6801,Tee Higgins,WR,15.7,False,False
2020,6,6,7,SUPER_FLEX,1166,Kirk Cousins,QB,26.72,False,True
2020,6,6,8,K,7062,Rodrigo Blankenship,K,8.0,False,True
2020,6,6,9,DEF,IND,Indianapolis Colts,DEF,5.0,False,True
2020,6,7,0,QB,4881,Lamar Jackson,QB,28.24,False,True
2020,6,7,1,RB,5052,Ronald Jones,RB,25.1,False,True
2020,6,7,2,RB,4137,James Conner,RB,16.7,False,True
2020,6,7,3,WR,1992,Allen Robinson,WR,7.8,False,True
2020,6,7,4,WR,2319,DeVante Parker,WR,5.0,False,True
2020,6,7,5,TE,1466,Travis Kelce,TE,19.0,False,True
2020,6,7,6,FLEX,6790,D'Andre Swift,RB,25.8,False,False
2020,6,7,7,SUPER_FLEX,1029,Nick Foles,QB,17.32,False,True
2020,6,7,8,K,1945,Chris Boswell,K,8.0,False,True
2020,6,7,9,DEF,NYG,New York Giants,DEF,15.0,False,True
2020,6,8,0,QB,4046,Patrick Mahomes,QB,20.6,False,True
2020,6,8,1,RB,5892,David Montgomery,RB,11.7,False,True
2020,6,8,2,RB,5170,Phillip Lindsay,RB,10.1,False,False
2020,6,8,3,WR,947,Julio Jones,WR,29.7,False,True
2020,6,8,4,WR,5872,Deebo Samuel,WR,15.0,False,False
2020,6,8,5,TE,4217,George Kittle,TE,20.4,False,True
2020,6,8,6,FLEX,6820,Clyde Edwards-Helaire,RB,18.9,False,True
2020,6,8,7,SUPER_FLEX,2152,Teddy Bridgewater,QB,11.44,False,True
2020,6,8,8,K,4227,Harrison Butker,K,7.0,False,True
2020,6,8,9,DEF,CHI,Chicago Bears,DEF,12.0,False,True
2020,6,9,0,QB,954,Cam Newton,QB,19.98,False,True
2020,6,9,1,RB,2315,Todd Gurley,RB,8.2,False,True
2020,6,9,2,RB,2749,Raheem Mostert,RB,8.6,False,True
2020,6,9,3,WR,6814,Laviska Shenault,WR,2.6,False,False
2020,6,9,4,WR,5927,Terry McLaurin,WR,10.9,False,True
2020,6,9,5,TE,4973,Hayden Hurst,TE,13.7,False,False
2020,6,9,6,FLEX,2391,David Johnson,RB,13.4,False,True
2020,6,9,7,SUPER_FLEX,5127,Kyle Allen,QB,17.0,False,True
2020,6,9,8,K,6528,Joey Slye,K,11.0,False,True
2020,6,9,9,DEF,CAR,Carolina Panthers,DEF,2.0,False,True
2020,6,10,0,QB,5849,Kyler Murray,QB,28.92,False,True
2020,6,10,1,RB,2168,Devonta Freeman,RB,6.2,False,True
2020,6,10,2,RB,4018,Joe Mixon,RB,13.9,False,True
2020,6,10,3,WR,4622,Keelan Cole,WR,17.3,False,True
2020,6,10,4,WR,6149,Darius Slayton,WR,10.8,False,True
2020,6,10,5,TE,4993,Mike Gesicki,TE,0.0,False,True
2020,6,10,6,FLEX,6803,Brandon Aiyuk,WR,8.2,False,False
2020,6,10,7,SUPER_FLEX,167,Tom Brady,QB,14.64,False,True
2020,6,10,8,K,5119,Jason Sanders,K,6.0,False,True
2020,6,10,9,DEF,BAL,Baltimore Ravens,DEF,11.0,False,True
2020,6,11,0,QB,24,Matt Ryan,QB,31.64,False,True
2020,6,11,1,RB,4199,Aaron Jones,RB,11.6,False,True
2020,6,11,2,RB,1502,Chris Thompson,RB,3.0,False,True
2020,6,11,3,WR,2449,Stefon Diggs,WR,13.6,False,True
2020,6,11,4,WR,2197,Brandin Cooks,WR,17.3,False,False
2020,6,11,5,TE,5012,Mark Andrews,TE,3.1,False,True
2020,6,11,6,FLEX,3225,Tyler Boyd,WR,10.4,False,True
2020,6,11,7,SUPER_FLEX,4017,Deshaun Watson,QB,32.0,False,True
2020,6,11,8,K,7042,Tyler Bass,K,6.0,False,True
2020,6,11,9,DEF,DAL,Dallas Cowboys,DEF,-3.0,False,True
2020,6,12,0,QB,421,Matthew Stafford,QB,13.32,False,True
2020,6,12,1,RB,232,Frank Gore,RB,9.0,False,True
2020,6,12,2,RB,6151,Miles Sanders,RB,11.7,False,True
2020,6,12,3,WR,1825,Jarvis Landry,WR,5.5,False,True
2020,6,12,4,WR,1110,T.Y. Hilton,WR,1.6,False,True
2020,6,12,5,TE,4066,Evan Engram,TE,4.0,False,True
2020,6,12,6,FLEX,5844,T.J. Hockenson,TE,8.7,False,True
2020,6,12,7,SUPER_FLEX,19,Joe Flacco,QB,6.44,False,True
2020,6,12,8,K,49,Robbie Gould,K,7.0,False,True
2020,6,12,9,DEF,NE,New England Patriots,DEF,7.0,False,True
2020,7,1,0,QB,6770,Joe Burrow,QB,34.64,False,True
2020,7,1,1,RB,6945,Antonio Gibson,RB,18.8,False,True
2020,7,1,2,RB,6955,James Robinson,RB,29.7,False,True
2020,7,1,3,WR,2133,Davante Adams,WR,38.1,False,True
2020,7,1,4,WR,2309,Amari Cooper,WR,12.0,False,True
2020,7,1,5,TE,515,Rob Gronkowski,TE,14.7,False,True
2020,7,1,6,FLEX,367,Jared Cook,TE,10.7,False,False
2020,7,1,7,SUPER_FLEX,6011,Gardner Minshew,QB,19.02,False,True
2020,7,1,8,K,17,Matt Prater,K,16.0,False,True
2020,7,1,9,DEF,PHI,Philadelphia Eagles,DEF,11.0,False,True
2020,7,2,0,QB,4984,Josh Allen,QB,16.38,False,True
2020,7,2,1,RB,3164,Ezekiel Elliott,RB,5.6,False,True
2020,7,2,2,RB,5122,Boston Scott,RB,16.7,False,True
2020,7,2,3,WR,4983,DJ Moore,WR,23.3,False,True
2020,7,2,4,WR,4131,Kenny Golladay,WR,14.4,False,True
2020,7,2,5,TE,2505,Darren Waller,TE,14.0,False,True
2020,7,2,6,FLEX,5937,Diontae Johnson,WR,24.5,False,True
2020,7,2,7,SUPER_FLEX,5870,Daniel Jones,QB,21.68,False,True
2020,7,2,8,K,59,Mason Crosby,K,5.0,False,True
2020,7,2,9,DEF,CLE,Cleveland Browns,DEF,8.0,False,True
2020,7,3,0,QB,138,Ben Roethlisberger,QB,15.62,False,True
2020,7,3,1,RB,3198,Derrick Henry,RB,14.2,False,True
2020,7,3,2,RB,2320,Melvin Gordon,RB,11.0,False,False
2020,7,3,3,WR,1426,DeAndre Hopkins,WR,19.3,False,True
2020,7,3,4,WR,1144,Cole Beasley,WR,16.7,False,False
2020,7,3,5,TE,4602,Robert Tonyan,TE,4.2,False,True
2020,7,3,6,FLEX,5859,A.J. Brown,WR,24.3,False,True
2020,7,3,7,SUPER_FLEX,1049,Ryan Tannehill,QB,17.3,False,True
2020,7,3,8,K,1099,Randy Bullock,K,10.0,False,True
2020,7,3,9,DEF,SF,San Francisco 49ers,DEF,19.0,False,True
2020,7,4,0,QB,6797,Justin Herbert,QB,38.48,False,True
2020,7,4,1,RB,6130,Devin Singletary,RB,5.7,False,True
2020,7,4,2,RB,7045,Joshua Kelley,RB,7.8,False,True
2020,7,4,3,WR,4037,Chris Godwin,WR,19.3,False,True
2020,7,4,4,WR,3200,Sterling Shepard,WR,14.9,False,False
2020,7,4,5,TE,4144,Jonnu Smith,TE,1.4,False,True
2020,7,4,6,FLEX,4950,Christian Kirk,WR,18.2,False,False
2020,7,4,7,SUPER_FLEX,4892,Baker Mayfield,QB,30.78,False,True
2020,7,4,8,K,4666,Younghoe Koo,K,2.0,False,True
2020,7,4,9,DEF,LAR,Los Angeles Rams,DEF,15.0,False,True
2020,7,5,0,QB,96,Aaron Rodgers,QB,27.32,False,True
2020,7,5,1,RB,3242,Kenyan Drake,RB,4.6,False,True
2020,7,5,2,RB,1408,Le'Veon Bell,RB,3.9,False,False
2020,7,5,3,WR,4981,Calvin Ridley,WR,17.4,False,True
2020,7,5,4,WR,3157,William Fuller,WR,11.0,False,True
2020,7,5,5,TE,3214,Hunter Henry,TE,3.8,False,True
2020,7,5,6,FLEX,3969,Leonard Fournette,RB,12.7,False,False
2020,7,5,7,SUPER_FLEX,1837,Jimmy Garoppolo,QB,9.48,False,True
2020,7,5,8,K,391,Ryan Succop,K,9.0,False,True
2020,7,5,9,DEF,CIN,Cincinnati Bengals,DEF,-2.0,False,True
2020,7,6,0,QB,3161,Carson Wentz,QB,28.76,False,True
2020,7,6,1,RB,4098,Kareem Hunt,RB,17.7,False,True
2020,7,6,2,RB,5916,Darrell Henderson,RB,8.6,False,True
2020,7,6,3,WR,3423,Robbie Chosen,WR,10.4,False,True
2020,7,6,4,WR,6801,Tee Higgins,WR,16.3,False,True
2020,7,6,5,TE,5857,Noah Fant,TE,5.3,False,True
2020,7,6,6,FLEX,4040,JuJu Smith-Schuster,WR,13.0,False,True
2020,7,6,7,SUPER_FLEX,5000,Chase Edmonds,RB,18.0,False,False
2020,7,6,8,K,503,Graham Gano,K,3.0,False,True
2020,7,6,9,DEF,BUF,Buffalo Bills,DEF,15.0,False,True
2020,7,7,0,QB,1234,Russell Wilson,QB,32.92,False,True
2020,7,7,1,RB,5052,Ronald Jones,RB,10.1,False,True
2020,7,7,2,RB,4137,James Conner,RB,12.6,False,True
2020,7,7,3,WR,1992,Allen Robinson,WR,9.0,False,True
2020,7,7,4,WR,2374,Tyler Lockett,WR,45.5,False,True
2020,7,7,5,TE,1466,Travis Kelce,TE,4.6,False,True
2020,7,7,6,FLEX,6790,D'Andre Swift,RB,12.8,False,False
2020,7,7,7,SUPER_FLEX,1029,Nick Foles,QB,8.44,False,True
2020,7,7,8,K,1945,Chris Boswell,K,9.0,False,True
2020,7,7,9,DEF,KC,Kansas City Chiefs,DEF,26.0,False,True
2020,7,8,0,QB,2028,Derek Carr,QB,20.26,False,False
2020,7,8,1,RB,5892,David Montgomery,RB,9.4,False,True
2020,7,8,2,RB,6820,Clyde Edwards-Helaire,RB,12.8,False,True
2020,7,8,3,WR,947,Julio Jones,WR,13.7,False,True
2020,7,8,4,WR,3321,Tyreek Hill,WR,14.5,False,True
2020,7,8,5,TE,4217,George Kittle,TE,8.0,False,True
2020,7,8,6,FLEX,5872,Deebo Samuel,WR,9.7,False,False
2020,7,8,7,SUPER_FLEX,2152,Teddy Bridgewater,QB,19.16,False,True
2020,7,8,8,K,4227,Harrison Butker,K,13.0,False,True
2020,7,8,9,DEF,CHI,Chicago Bears,DEF,13.0,False,True
2020,7,9,0,QB,5854,Drew Lock,QB,14.96,False,False
2020,7,9,1,RB,4035,Alvin Kamara,RB,18.8,False,True
2020,7,9,2,RB,2315,Todd Gurley,RB,21.2,False,True
2020,7,9,3,WR,1479,Keenan Allen,WR,17.5,False,True
2020,7,9,4,WR,5927,Terry McLaurin,WR,18.5,False,True
2020,7,9,5,TE,4973,Hayden Hurst,TE,9.8,False,False
2020,7,9,6,FLEX,4149,Jamaal Williams,RB,19.4,False,False
2020,7,9,7,SUPER_FLEX,5127,Kyle Allen,QB,16.86,False,True
2020,7,9,8,K,6528,Joey Slye,K,7.0,False,True
2020,7,9,9,DEF,TB,Tampa Bay Buccaneers,DEF,7.0,False,True
2020,7,10,0,QB,5849,Kyler Murray,QB,38.1,False,True
2020,7,10,1,RB,5131,Justin Jackson,RB,8.0,False,True
2020,7,10,2,RB,1386,Giovani Bernard,RB,18.1,False,True
2020,7,10,3,WR,6803,Brandon Aiyuk,WR,14.5,False,False
2020,7,10,4,WR,6149,Darius Slayton,WR,3.3,False,True
2020,7,10,5,TE,1592,Darren Fells,TE,0.0,False,True
2020,7,10,6,FLEX,4036,Corey Davis,WR,12.5,False,False
2020,7,10,7,SUPER_FLEX,167,Tom Brady,QB,36.86,False,True
2020,7,10,8,K,3678,Wil Lutz,K,11.0,False,True
2020,7,10,9,DEF,NYG,New York Giants,DEF,5.0,False,True
2020,7,11,0,QB,24,Matt Ryan,QB,17.52,False,True
2020,7,11,1,RB,1476,Latavius Murray,RB,6.1,False,False
2020,7,11,2,RB,5850,Josh Jacobs,RB,4.6,False,True
2020,7,11,3,WR,2449,Stefon Diggs,WR,7.8,False,True
2020,7,11,4,WR,2197,Brandin Cooks,WR,9.5,False,False
2020,7,11,5,TE,616,Jimmy Graham,TE,5.6,False,True
2020,7,11,6,FLEX,3225,Tyler Boyd,WR,22.24,False,True
2020,7,11,7,SUPER_FLEX,4017,Deshaun Watson,QB,24.16,False,True
2020,7,11,8,K,7042,Tyler Bass,K,22.0,False,True
2020,7,11,9,DEF,DAL,Dallas Cowboys,DEF,2.0,False,True
2020,7,12,0,QB,421,Matthew Stafford,QB,18.4,False,True
2020,7,12,1,RB,232,Frank Gore,RB,6.0,False,True
2020,7,12,2,RB,4273,Chris Carson,RB,4.6,False,False
2020,7,12,3,WR,1825,Jarvis Landry,WR,8.46,False,True
2020,7,12,4,WR,1110,T.Y. Hilton,WR,0.0,False,True
2020,7,12,5,TE,4066,Evan Engram,TE,7.9,False,True
2020,7,12,6,FLEX,5844,T.J. Hockenson,TE,14.4,False,True
2020,7,12,7,SUPER_FLEX,289,Drew Brees,QB,23.68,False,False
2020,7,12,8,K,49,Robbie Gould,K,9.0,False,True
2020,7,12,9,DEF,NE,New England Patriots,DEF,6.0,False,True
2020,8,1,0,QB,6770,Joe Burrow,QB,18.86,False,True
2020,8,1,1,RB,6813,Jonathan Taylor,RB,4.1,False,True
2020,8,1,2,RB,6845,Zack Moss,RB,20.1,False,True
2020,8,1,3,WR,2133,Davante Adams,WR,26.8,False,True
2020,8,1,4,WR,1352,Robert Woods,WR,24.9,False,True
2020,8,1,5,TE,515,Rob Gronkowski,TE,12.1,False,True
2020,8,1,6,FLEX,5890,Damien Harris,RB,16.2,False,False
2020,8,1,7,SUPER_FLEX,3163,Jared Goff,QB,12.2,False,True
2020,8,1,8,K,17,Matt Prater,K,3.0,False,True
2020,8,1,9,DEF,PHI,Philadelphia Eagles,DEF,22.0,False,True
2020,8,2,0,QB,4984,Josh Allen,QB,13.46,False,True
2020,8,2,1,RB,3164,Ezekiel Elliott,RB,7.8,False,True
2020,8,2,2,RB,5122,Boston Scott,RB,8.9,False,True
2020,8,2,3,WR,4983,DJ Moore,WR,6.5,False,True
2020,8,2,4,WR,5848,Marquise Brown,WR,6.8,False,False
2020,8,2,5,TE,2505,Darren Waller,TE,5.2,False,True
2020,8,2,6,FLEX,2588,Malcolm Brown,RB,6.7,False,False
2020,8,2,7,SUPER_FLEX,5870,Daniel Jones,QB,18.24,False,True
2020,8,2,8,K,1287,Kai Forbath,K,5.0,False,True
2020,8,2,9,DEF,IND,Indianapolis Colts,DEF,17.0,False,True
2020,8,3,0,QB,331,Philip Rivers,QB,22.28,False,False
2020,8,3,1,RB,3198,Derrick Henry,RB,17.2,False,True
2020,8,3,2,RB,2320,Melvin Gordon,RB,7.7,False,True
2020,8,3,3,WR,5859,A.J. Brown,WR,10.4,False,True
2020,8,3,4,WR,4039,Cooper Kupp,WR,16.5,False,True
2020,8,3,5,TE,4602,Robert Tonyan,TE,10.4,False,True
2020,8,3,6,FLEX,2161,Jerick McKinnon,RB,11.9,False,False
2020,8,3,7,SUPER_FLEX,1049,Ryan Tannehill,QB,18.32,False,True
2020,8,3,8,K,1099,Randy Bullock,K,7.0,False,True
2020,8,3,9,DEF,PIT,Pittsburgh Steelers,DEF,21.0,False,False
2020,8,4,0,QB,6797,Justin Herbert,QB,23.22,False,True
2020,8,4,1,RB,4029,Dalvin Cook,RB,47.6,False,True
2020,8,4,2,RB,5850,Josh Jacobs,RB,12.9,False,True
2020,8,4,3,WR,6059,Travis Fulgham,WR,16.8,False,True
2020,8,4,4,WR,3200,Sterling Shepard,WR,11.4,False,False
2020,8,4,5,TE,4144,Jonnu Smith,TE,3.9,False,True
2020,8,4,6,FLEX,6130,Devin Singletary,RB,9.7,False,False
2020,8,4,7,SUPER_FLEX,4892,Baker Mayfield,QB,7.78,False,True
2020,8,4,8,K,4666,Younghoe Koo,K,12.0,False,True
2020,8,4,9,DEF,LAR,Los Angeles Rams,DEF,7.0,False,True
2020,8,5,0,QB,96,Aaron Rodgers,QB,22.54,False,True
2020,8,5,1,RB,1408,Le'Veon Bell,RB,5.3,False,True
2020,8,5,2,RB,3969,Leonard Fournette,RB,8.6,False,True
2020,8,5,3,WR,4981,Calvin Ridley,WR,5.7,False,True
2020,8,5,4,WR,5955,Hunter Renfrow,WR,10.6,False,True
2020,8,5,5,TE,3214,Hunter Henry,TE,5.3,False,True
2020,8,5,6,FLEX,1848,James White,RB,4.5,False,True
2020,8,5,7,SUPER_FLEX,6886,Chase Claypool,WR,10.7,False,False
2020,8,5,8,K,1264,Justin Tucker,K,8.0,False,True
2020,8,5,9,DEF,NO,New Orleans Saints,DEF,7.0,False,True
2020,8,6,0,QB,3161,Carson Wentz,QB,10.62,False,True
2020,8,6,1,RB,4098,Kareem Hunt,RB,8.3,False,True
2020,8,6,2,RB,5916,Darrell Henderson,RB,6.3,False,True
2020,8,6,3,WR,4040,JuJu Smith-Schuster,WR,10.2,False,False
2020,8,6,4,WR,3423,Robbie Chosen,WR,7.3,False,True
2020,8,6,5,TE,5857,Noah Fant,TE,8.2,False,True
2020,8,6,6,FLEX,6801,Tee Higgins,WR,11.4,False,False
2020,8,6,7,SUPER_FLEX,1166,Kirk Cousins,QB,10.4,False,True
2020,8,6,8,K,7062,Rodrigo Blankenship,K,1.0,False,True
2020,8,6,9,DEF,BUF,Buffalo Bills,DEF,5.0,False,True
2020,8,7,0,QB,1029,Nick Foles,QB,17.88,False,False
2020,8,7,1,RB,6996,JaMycal Hasty,RB,9.6,False,False
2020,8,7,2,RB,4137,James Conner,RB,13.5,False,True
2020,8,7,3,WR,1992,Allen Robinson,WR,17.7,False,True
2020,8,7,4,WR,6783,Jerry Jeudy,WR,9.3,False,False
2020,8,7,5,TE,1466,Travis Kelce,TE,20.9,False,True
2020,8,7,6,FLEX,5248,Gus Edwards,RB,14.7,False,False
2020,8,7,7,SUPER_FLEX,1234,Russell Wilson,QB,28.74,False,True
2020,8,7,8,K,1945,Chris Boswell,K,4.0,False,True
2020,8,7,9,DEF,KC,Kansas City Chiefs,DEF,10.0,False,True
2020,8,8,0,QB,4046,Patrick Mahomes,QB,36.64,False,True
2020,8,8,1,RB,5170,Phillip Lindsay,RB,15.1,False,False
2020,8,8,2,RB,6806,J.K. Dobbins,RB,12.6,False,False
2020,8,8,3,WR,947,Julio Jones,WR,17.2,False,True
2020,8,8,4,WR,3321,Tyreek Hill,WR,23.8,False,True
2020,8,8,5,TE,4217,George Kittle,TE,4.9,False,True
2020,8,8,6,FLEX,4149,Jamaal Williams,RB,15.2,False,True
2020,8,8,7,SUPER_FLEX,2152,Teddy Bridgewater,QB,13.04,False,True
2020,8,8,8,K,4227,Harrison Butker,K,5.0,False,True
2020,8,8,9,DEF,CHI,Chicago Bears,DEF,4.0,False,True
2020,8,9,0,QB,954,Cam Newton,QB,18.36,False,True
2020,8,9,1,RB,4035,Alvin Kamara,RB,20.8,False,True
2020,8,9,2,RB,2315,Todd Gurley,RB,10.6,False,True
2020,8,9,3,WR,1479,Keenan Allen,WR,17.2,False,True
2020,8,9,4,WR,2216,Mike Evans,WR,14.0,False,True
2020,8,9,5,TE,4973,Hayden Hurst,TE,7.9,False,True
2020,8,9,6,FLEX,4150,Wayne Gallman,RB,12.7,False,False
2020,8,9,7,SUPER_FLEX,5854,Drew Lock,QB,20.82,False,True
2020,8,9,8,K,6528,Joey Slye,K,5.0,False,True
2020,8,9,9,DEF,TB,Tampa Bay Buccaneers,DEF,7.0,False,True
2020,8,10,0,QB,167,Tom Brady,QB,19.06,False,True
2020,8,10,1,RB,1386,Giovani Bernard,RB,21.3,False,True
2020,8,10,2,RB,5131,Justin Jackson,RB,15.7,False,True
2020,8,10,3,WR,5846,DK Metcalf,WR,34.1,False,True
2020,8,10,4,WR,4036,Corey Davis,WR,22.8,False,True
2020,8,10,5,TE,616,Jimmy Graham,TE,2.3,False,True
2020,8,10,6,FLEX,6803,Brandon Aiyuk,WR,19.1,False,True
2020,8,10,7,SUPER_FLEX,6149,Darius Slayton,WR,8.1,False,False
2020,8,10,8,K,3678,Wil Lutz,K,13.0,False,True
2020,8,10,9,DEF,BAL,Baltimore Ravens,DEF,6.0,False,True
2020,8,11,0,QB,24,Matt Ryan,QB,18.94,False,True
2020,8,11,1,RB,1476,Latavius Murray,RB,4.6,False,True
2020,8,11,2,RB,5980,Myles Gaskin,RB,11.8,False,True
2020,8,11,3,WR,2449,Stefon Diggs,WR,12.2,False,True
2020,8,11,4,WR,2238,John Brown,WR,2.6,False,True
2020,8,11,5,TE,5012,Mark Andrews,TE,4.7,False,True
2020,8,11,6,FLEX,3225,Tyler Boyd,WR,16.6,False,True
2020,8,11,7,SUPER_FLEX,5038,Michael Gallup,WR,9.6,False,False
2020,8,11,8,K,7042,Tyler Bass,K,6.0,False,True
2020,8,11,9,DEF,CAR,Carolina Panthers,DEF,4.0,False,True
2020,8,12,0,QB,421,Matthew Stafford,QB,23.44,False,True
2020,8,12,1,RB,232,Frank Gore,RB,3.0,False,True
2020,8,12,2,RB,6828,AJ Dillon,RB,4.2,False,False
2020,8,12,3,WR,1825,Jarvis Landry,WR,7.2,False,True
2020,8,12,4,WR,1110,T.Y. Hilton,WR,1.9,False,False
2020,8,12,5,TE,4066,Evan Engram,TE,9.5,False,True
2020,8,12,6,FLEX,5844,T.J. Hockenson,TE,10.0,False,True
2020,8,12,7,SUPER_FLEX,289,Drew Brees,QB,19.6,False,True
2020,8,12,8,K,49,Robbie Gould,K,3.0,False,True
2020,8,12,9,DEF,NE,New England Patriots,DEF,3.0,False,True
2020,9,1,0,QB,7084,Jake Luton,QB,22.46,False,True
2020,9,1,1,RB,6955,James Robinson,RB,15.9,False,True
2020,9,1,2,RB,6945,Antonio Gibson,RB,11.0,False,True
2020,9,1,3,WR,2133,Davante Adams,WR,28.3,False,True
2020,9,1,4,WR,2309,Amari Cooper,WR,10.0,False,True
2020,9,1,5,TE,515,Rob Gronkowski,TE,0.7,False,True
2020,9,1,6,FLEX,4034,Christian McCaffrey,RB,32.1,False,True
2020,9,1,7,SUPER_FLEX,2410,Jamison Crowder,WR,9.6,False,False
2020,9,1,8,K,17,Matt Prater,K,9.0,False,True
2020,9,1,9,DEF,WAS,Washington Commanders,DEF,6.0,False,True
2020,9,2,0,QB,4984,Josh Allen,QB,36.0,False,True
2020,9,2,1,RB,3164,Ezekiel Elliott,RB,7.9,False,True
2020,9,2,2,RB,2161,Jerick McKinnon,RB,14.3,False,True
2020,9,2,3,WR,5937,Diontae Johnson,WR,11.1,False,True
2020,9,2,4,WR,6794,Justin Jefferson,WR,7.9,False,True
2020,9,2,5,TE,2505,Darren Waller,TE,10.7,False,True
2020,9,2,6,FLEX,5967,Tony Pollard,RB,6.3,False,False
2020,9,2,7,SUPER_FLEX,5870,Daniel Jones,QB,12.88,False,True
2020,9,2,8,K,391,Ryan Succop,K,4.0,False,True
2020,9,2,9,DEF,IND,Indianapolis Colts,DEF,6.0,False,True
2020,9,3,0,QB,138,Ben Roethlisberger,QB,25.04,False,True
2020,9,3,1,RB,3198,Derrick Henry,RB,6.8,False,True
2020,9,3,2,RB,2320,Melvin Gordon,RB,3.2,False,True
2020,9,3,3,WR,5859,A.J. Brown,WR,18.1,False,True
2020,9,3,4,WR,4082,Curtis Samuel,WR,22.3,False,False
2020,9,3,5,TE,4602,Robert Tonyan,TE,1.0,False,True
2020,9,3,6,FLEX,1067,Marvin Jones,WR,11.8,False,False
2020,9,3,7,SUPER_FLEX,1049,Ryan Tannehill,QB,14.62,False,True
2020,9,3,8,K,5095,Daniel Carlson,K,7.0,False,True
2020,9,3,9,DEF,PIT,Pittsburgh Steelers,DEF,8.0,False,True
2020,9,4,0,QB,6797,Justin Herbert,QB,23.44,False,True
2020,9,4,1,RB,4029,Dalvin Cook,RB,38.2,False,True
2020,9,4,2,RB,4150,Wayne Gallman,RB,14.2,False,False
2020,9,4,3,WR,6786,CeeDee Lamb,WR,13.1,False,False
2020,9,4,4,WR,4068,Mike Williams,WR,10.6,False,False
2020,9,4,5,TE,4144,Jonnu Smith,TE,10.2,False,True
2020,9,4,6,FLEX,6931,DeeJay Dallas,RB,10.9,False,True
2020,9,4,7,SUPER_FLEX,1029,Nick Foles,QB,21.6,False,True
2020,9,4,8,K,4666,Younghoe Koo,K,12.0,False,True
2020,9,4,9,DEF,NYG,New York Giants,DEF,14.0,False,True
2020,9,5,0,QB,96,Aaron Rodgers,QB,28.9,False,True
2020,9,5,1,RB,1848,James White,RB,4.4,False,False
2020,9,5,2,RB,3969,Leonard Fournette,RB,7.1,False,True
2020,9,5,3,WR,4040,JuJu Smith-Schuster,WR,18.3,False,True
2020,9,5,4,WR,2197,Brandin Cooks,WR,15.8,False,True
2020,9,5,5,TE,2251,Logan Thomas,TE,4.3,False,True
2020,9,5,6,FLEX,4951,DJ Chark,WR,24.1,False,False
2020,9,5,7,SUPER_FLEX,4464,Nick Mullens,QB,12.64,False,True
2020,9,5,8,K,1264,Justin Tucker,K,7.0,False,True
2020,9,5,9,DEF,HOU,Houston Texans,DEF,5.0,False,True
2020,9,6,0,QB,2229,Garrett Gilbert,QB,15.52,False,True
2020,9,6,1,RB,5850,Josh Jacobs,RB,13.3,False,True
2020,9,6,2,RB,3306,Jordan Howard,RB,7.9,False,True
2020,9,6,3,WR,3423,Robbie Chosen,WR,10.8,False,True
2020,9,6,4,WR,3157,William Fuller,WR,18.5,False,True
2020,9,6,5,TE,5857,Noah Fant,TE,6.0,False,True
2020,9,6,6,FLEX,4351,Tim Patrick,WR,10.9,False,True
2020,9,6,7,SUPER_FLEX,1166,Kirk Cousins,QB,20.8,False,True
2020,9,6,8,K,7062,Rodrigo Blankenship,K,5.0,False,True
2020,9,6,9,DEF,TEN,Tennessee Titans,DEF,16.0,False,True
2020,9,7,0,QB,4881,Lamar Jackson,QB,18.6,False,True
2020,9,7,1,RB,6845,Zack Moss,RB,11.8,False,False
2020,9,7,2,RB,6790,D'Andre Swift,RB,11.2,False,True
2020,9,7,3,WR,1992,Allen Robinson,WR,11.6,False,True
2020,9,7,4,WR,6783,Jerry Jeudy,WR,22.0,False,False
2020,9,7,5,TE,1466,Travis Kelce,TE,20.9,False,True
2020,9,7,6,FLEX,2319,DeVante Parker,WR,9.4,False,False
2020,9,7,7,SUPER_FLEX,1234,Russell Wilson,QB,24.1,False,True
2020,9,7,8,K,1945,Chris Boswell,K,7.0,False,True
2020,9,7,9,DEF,KC,Kansas City Chiefs,DEF,2.0,False,True
2020,9,8,0,QB,4046,Patrick Mahomes,QB,31.48,False,True
2020,9,8,1,RB,5987,Alexander Mattison,RB,6.9,False,False
2020,9,8,2,RB,6820,Clyde Edwards-Helaire,RB,10.9,False,True
2020,9,8,3,WR,947,Julio Jones,WR,13.9,False,True
2020,9,8,4,WR,3321,Tyreek Hill,WR,28.6,False,True
2020,9,8,5,TE,4993,Mike Gesicki,TE,5.7,False,False
2020,9,8,6,FLEX,6806,J.K. Dobbins,RB,4.5,False,True
2020,9,8,7,SUPER_FLEX,2152,Teddy Bridgewater,QB,28.3,False,True
2020,9,8,8,K,4227,Harrison Butker,K,10.0,False,True
2020,9,8,9,DEF,CHI,Chicago Bears,DEF,4.0,False,True
2020,9,9,0,QB,6768,Tua Tagovailoa,QB,21.42,False,True
2020,9,9,1,RB,4035,Alvin Kamara,RB,13.4,False,True
2020,9,9,2,RB,2315,Todd Gurley,RB,12.5,False,True
2020,9,9,3,WR,1479,Keenan Allen,WR,20.8,False,True
2020,9,9,4,WR,5927,Terry McLaurin,WR,21.0,False,True
2020,9,9,5,TE,2118,Eric Ebron,TE,9.7,False,True
2020,9,9,6,FLEX,6908,La'Mical Perine,RB,4.8,False,False
2020,9,9,7,SUPER_FLEX,954,Cam Newton,QB,24.56,False,True
2020,9,9,8,K,6528,Joey Slye,K,8.0,False,True
2020,9,9,9,DEF,LAC,Los Angeles Chargers,DEF,3.0,False,True
2020,9,10,0,QB,5849,Kyler Murray,QB,37.92,False,True
2020,9,10,1,RB,2168,Devonta Freeman,RB,0.0,False,True
2020,9,10,2,RB,5131,Justin Jackson,RB,0.0,False,True
2020,9,10,3,WR,5846,DK Metcalf,WR,20.3,False,True
2020,9,10,4,WR,2216,Mike Evans,WR,8.4,False,True
2020,9,10,5,TE,4973,Hayden Hurst,TE,9.7,False,True
2020,9,10,6,FLEX,538,Emmanuel Sanders,WR,11.8,False,False
2020,9,10,7,SUPER_FLEX,5854,Drew Lock,QB,30.22,False,False
2020,9,10,8,K,3678,Wil Lutz,K,8.0,False,True
2020,9,10,9,DEF,BAL,Baltimore Ravens,DEF,15.0,False,True
2020,9,11,0,QB,24,Matt Ryan,QB,23.36,False,True
2020,9,11,1,RB,1476,Latavius Murray,RB,5.2,False,True
2020,9,11,2,RB,4199,Aaron Jones,RB,10.4,False,True
2020,9,11,3,WR,2449,Stefon Diggs,WR,16.3,False,True
2020,9,11,4,WR,2238,John Brown,WR,13.9,False,False
2020,9,11,5,TE,5012,Mark Andrews,TE,3.7,False,True
2020,9,11,6,FLEX,2325,Nelson Agholor,WR,12.5,False,False
2020,9,11,7,SUPER_FLEX,4017,Deshaun Watson,QB,24.24,False,True
2020,9,11,8,K,7042,Tyler Bass,K,15.0,False,True
2020,9,11,9,DEF,CAR,Carolina Panthers,DEF,4.0,False,True
2020,9,12,0,QB,19,Joe Flacco,QB,21.48,False,False
2020,9,12,1,RB,232,Frank Gore,RB,6.9,False,True
2020,9,12,2,RB,6151,Miles Sanders,RB,0.0,False,True
2020,9,12,3,WR,1825,Jarvis Landry,WR,0.0,False,True
2020,9,12,4,WR,3199,Michael Thomas,WR,7.6,False,False
2020,9,12,5,TE,4066,Evan Engram,TE,13.3,False,True
2020,9,12,6,FLEX,5844,T.J. Hockenson,TE,12.4,False,True
2020,9,12,7,SUPER_FLEX,289,Drew Brees,QB,22.68,False,True
2020,9,12,8,K,49,Robbie Gould,K,5.0,False,True
2020,9,12,9,DEF,NE,New England Patriots,DEF,3.0,False,True
2020,10,1,0,QB,3163,Jared Goff,QB,10.48,False,True
2020,10,1,1,RB,6955,James Robinson,RB,12.2,False,True
2020,10,1,2,RB,5890,Damien Harris,RB,12.1,False,False
2020,10,1,3,WR,2133,Davante Adams,WR,14.6,False,True
2020,10,1,4,WR,1352,Robert Woods,WR,6.1,False,True
2020,10,1,5,TE,515,Rob Gronkowski,TE,12.1,False,True
2020,10,1,6,FLEX,6945,Antonio Gibson,RB,20.5,False,True
2020,10,1,7,SUPER_FLEX,6770,Joe Burrow,QB,12.52,False,True
2020,10,1,8,K,17,Matt Prater,K,16.0,False,True
2020,10,1,9,DEF,PHI,Philadelphia Eagles,DEF,3.0,False,True
2020,10,2,0,QB,4984,Josh Allen,QB,28.86,False,True
2020,10,2,1,RB,4988,Nick Chubb,RB,18.6,False,True
2020,10,2,2,RB,4150,Wayne Gallman,RB,18.5,False,False
2020,10,2,3,WR,6794,Justin Jefferson,WR,17.5,False,False
2020,10,2,4,WR,5937,Diontae Johnson,WR,20.6,False,True
2020,10,2,5,TE,2505,Darren Waller,TE,5.2,False,True
2020,10,2,6,FLEX,4983,DJ Moore,WR,17.6,False,True
2020,10,2,7,SUPER_FLEX,5870,Daniel Jones,QB,22.16,False,True
2020,10,2,8,K,1287,Kai Forbath,K,4.0,False,True
2020,10,2,9,DEF,WAS,Washington Commanders,DEF,0.0,False,True
2020,10,3,0,QB,138,Ben Roethlisberger,QB,29.32,False,True
2020,10,3,1,RB,3198,Derrick Henry,RB,11.4,False,True
2020,10,3,2,RB,2320,Melvin Gordon,RB,4.6,False,True
2020,10,3,3,WR,1067,Marvin Jones,WR,19.6,False,False
2020,10,3,4,WR,1426,DeAndre Hopkins,WR,22.2,False,True
2020,10,3,5,TE,616,Jimmy Graham,TE,0.0,False,True
2020,10,3,6,FLEX,5947,Jakobi Meyers,WR,13.36,False,False
2020,10,3,7,SUPER_FLEX,1144,Cole Beasley,WR,22.4,False,False
2020,10,3,8,K,1433,Brandon McManus,K,8.0,False,True
2020,10,3,9,DEF,PIT,Pittsburgh Steelers,DEF,13.0,False,True
2020,10,4,0,QB,6797,Justin Herbert,QB,21.48,False,True
2020,10,4,1,RB,4029,Dalvin Cook,RB,13.2,False,True
2020,10,4,2,RB,6918,Salvon Ahmed,RB,15.5,False,False
2020,10,4,3,WR,4040,JuJu Smith-Schuster,WR,18.2,False,True
2020,10,4,4,WR,6819,Michael Pittman,WR,15.7,False,False
2020,10,4,5,TE,4144,Jonnu Smith,TE,8.5,False,False
2020,10,4,6,FLEX,4951,DJ Chark,WR,7.6,False,False
2020,10,4,7,SUPER_FLEX,4892,Baker Mayfield,QB,5.38,False,True
2020,10,4,8,K,5119,Jason Sanders,K,14.0,False,True
2020,10,4,9,DEF,TB,Tampa Bay Buccaneers,DEF,5.0,False,True
2020,10,5,0,QB,96,Aaron Rodgers,QB,26.4,False,True
2020,10,5,1,RB,3242,Kenyan Drake,RB,9.4,False,True
2020,10,5,2,RB,5000,Chase Edmonds,RB,9.2,False,True
2020,10,5,3,WR,1689,Adam Thielen,WR,18.3,False,True
2020,10,5,4,WR,6886,Chase Claypool,WR,19.3,False,False
2020,10,5,5,TE,5022,Dallas Goedert,TE,5.3,False,True
2020,10,5,6,FLEX,3200,Sterling Shepard,WR,7.7,False,True
2020,10,5,7,SUPER_FLEX,268,Alex Smith,QB,16.0,False,True
2020,10,5,8,K,1264,Justin Tucker,K,5.0,False,True
2020,10,5,9,DEF,LV,Las Vegas Raiders,DEF,18.0,False,True
2020,10,6,0,QB,1166,Kirk Cousins,QB,18.58,False,True
2020,10,6,1,RB,5850,Josh Jacobs,RB,27.6,False,True
2020,10,6,2,RB,4098,Kareem Hunt,RB,14.7,False,True
2020,10,6,3,WR,4351,Tim Patrick,WR,8.1,False,False
2020,10,6,4,WR,6801,Tee Higgins,WR,19.0,False,False
2020,10,6,5,TE,1500,Jordan Reed,TE,8.7,False,False
2020,10,6,6,FLEX,5916,Darrell Henderson,RB,9.8,False,True
2020,10,6,7,SUPER_FLEX,1387,Rex Burkhead,RB,20.6,False,False
2020,10,6,8,K,1099,Randy Bullock,K,4.0,False,True
2020,10,6,9,DEF,MIN,Minnesota Vikings,DEF,9.0,False,True
2020,10,7,0,QB,4881,Lamar Jackson,QB,22.46,False,True
2020,10,7,1,RB,6790,D'Andre Swift,RB,23.4,False,True
2020,10,7,2,RB,3664,J.D. McKissic,RB,14.4,False,False
2020,10,7,3,WR,6783,Jerry Jeudy,WR,8.8,False,True
2020,10,7,4,WR,2374,Tyler Lockett,WR,9.1,False,True
2020,10,7,5,TE,4602,Robert Tonyan,TE,4.8,False,True
2020,10,7,6,FLEX,5052,Ronald Jones,RB,24.3,False,False
2020,10,7,7,SUPER_FLEX,1234,Russell Wilson,QB,11.92,False,True
2020,10,7,8,K,5095,Daniel Carlson,K,15.0,False,True
2020,10,7,9,DEF,NO,New Orleans Saints,DEF,12.0,False,True
2020,10,8,0,QB,2028,Derek Carr,QB,7.16,False,True
2020,10,8,1,RB,4149,Jamaal Williams,RB,7.0,False,True
2020,10,8,2,RB,5170,Phillip Lindsay,RB,0.2,False,True
2020,10,8,3,WR,4171,Josh Reynolds,WR,13.4,False,True
2020,10,8,4,WR,538,Emmanuel Sanders,WR,1.0,False,True
2020,10,8,5,TE,4993,Mike Gesicki,TE,5.0,False,False
2020,10,8,6,FLEX,6806,J.K. Dobbins,RB,1.9,False,True
2020,10,8,7,SUPER_FLEX,2152,Teddy Bridgewater,QB,20.04,False,True
2020,10,8,8,K,4233,Zane Gonzalez,K,16.0,False,True
2020,10,8,9,DEF,CHI,Chicago Bears,DEF,14.0,False,True
2020,10,9,0,QB,331,Philip Rivers,QB,16.32,False,False
2020,10,9,1,RB,4035,Alvin Kamara,RB,31.3,False,True
2020,10,9,2,RB,1535,Cordarrelle Patterson,RB,11.9,False,False
2020,10,9,3,WR,1479,Keenan Allen,WR,11.4,False,True
2020,10,9,4,WR,5927,Terry McLaurin,WR,13.7,False,True
2020,10,9,5,TE,3214,Hunter Henry,TE,11.0,False,False
2020,10,9,6,FLEX,6803,Brandon Aiyuk,WR,16.2,False,True
2020,10,9,7,SUPER_FLEX,954,Cam Newton,QB,16.82,False,True
2020,10,9,8,K,6528,Joey Slye,K,6.0,False,True
2020,10,9,9,DEF,TEN,Tennessee Titans,DEF,0.0,False,True
2020,10,10,0,QB,5849,Kyler Murray,QB,30.9,False,True
2020,10,10,1,RB,1386,Giovani Bernard,RB,6.7,False,True
2020,10,10,2,RB,2588,Malcolm Brown,RB,18.1,False,False
2020,10,10,3,WR,6149,Darius Slayton,WR,11.8,False,False
2020,10,10,4,WR,2216,Mike Evans,WR,16.7,False,True
2020,10,10,5,TE,2251,Logan Thomas,TE,8.6,False,True
2020,10,10,6,FLEX,4036,Corey Davis,WR,9.2,False,False
2020,10,10,7,SUPER_FLEX,167,Tom Brady,QB,31.84,False,True
2020,10,10,8,K,3678,Wil Lutz,K,10.0,False,True
2020,10,10,9,DEF,BAL,Baltimore Ravens,DEF,1.0,False,True
2020,10,11,0,QB,4017,Deshaun Watson,QB,14.12,False,True
2020,10,11,1,RB,1476,Latavius Murray,RB,5.7,False,False
2020,10,11,2,RB,4199,Aaron Jones,RB,12.0,False,True
2020,10,11,3,WR,2449,Stefon Diggs,WR,20.3,False,True
2020,10,11,4,WR,4037,Chris Godwin,WR,12.2,False,True
2020,10,11,5,TE,5012,Mark Andrews,TE,9.6,False,True
2020,10,11,6,FLEX,3225,Tyler Boyd,WR,7.1,False,True
2020,10,11,7,SUPER_FLEX,2238,John Brown,WR,10.2,False,True
2020,10,11,8,K,7042,Tyler Bass,K,18.0,False,True
2020,10,11,9,DEF,CAR,Carolina Panthers,DEF,2.0,False,True
2020,10,12,0,QB,421,Matthew Stafford,QB,23.04,False,True
2020,10,12,1,RB,232,Frank Gore,RB,0.0,False,True
2020,10,12,2,RB,6151,Miles Sanders,RB,12.5,False,True
2020,10,12,3,WR,1825,Jarvis Landry,WR,4.4,False,True
2020,10,12,4,WR,1110,T.Y. Hilton,WR,6.0,False,True
2020,10,12,5,TE,4066,Evan Engram,TE,2.5,False,True
2020,10,12,6,FLEX,3199,Michael Thomas,WR,3.7,False,False
2020,10,12,7,SUPER_FLEX,289,Drew Brees,QB,6.94,False,True
2020,10,12,8,K,49,Robbie Gould,K,8.0,False,True
2020,10,12,9,DEF,NE,New England Patriots,DEF,5.0,False,True
2020,11,1,0,QB,3163,Jared Goff,QB,25.04,False,True
2020,11,1,1,RB,5890,Damien Harris,RB,11.9,False,False
2020,11,1,2,RB,2431,Mike Davis,RB,14.9,False,True
2020,11,1,3,WR,2133,Davante Adams,WR,20.1,False,True
2020,11,1,4,WR,1352,Robert Woods,WR,24.6,False,True
2020,11,1,5,TE,515,Rob Gronkowski,TE,3.5,False,True
2020,11,1,6,FLEX,6945,Antonio Gibson,RB,16.9,False,True
2020,11,1,7,SUPER_FLEX,6786,CeeDee Lamb,WR,14.6,False,False
2020,11,1,8,K,17,Matt Prater,K,0.0,False,True
2020,11,1,9,DEF,MIA,Miami Dolphins,DEF,6.0,False,True
2020,11,2,0,QB,829,Andy Dalton,QB,19.82,False,True
2020,11,2,1,RB,4988,Nick Chubb,RB,11.4,False,True
2020,11,2,2,RB,3164,Ezekiel Elliott,RB,18.4,False,True
2020,11,2,3,WR,4983,DJ Moore,WR,18.3,False,True
2020,11,2,4,WR,5937,Diontae Johnson,WR,17.1,False,True
2020,11,2,5,TE,2505,Darren Waller,TE,18.3,False,True
2020,11,2,6,FLEX,6794,Justin Jefferson,WR,16.1,False,True
2020,11,2,7,SUPER_FLEX,536,Antonio Brown,WR,9.8,False,True
2020,11,2,8,K,1945,Chris Boswell,K,11.0,False,True
2020,11,2,9,DEF,CLE,Cleveland Browns,DEF,22.0,False,True
2020,11,3,0,QB,138,Ben Roethlisberger,QB,17.68,False,True
2020,11,3,1,RB,3198,Derrick Henry,RB,19.7,False,True
2020,11,3,2,RB,6820,Clyde Edwards-Helaire,RB,20.2,False,True
2020,11,3,3,WR,4039,Cooper Kupp,WR,20.0,False,True
2020,11,3,4,WR,1426,DeAndre Hopkins,WR,7.6,False,True
2020,11,3,5,TE,3271,Tyler Higbee,TE,4.0,False,True
2020,11,3,6,FLEX,2320,Melvin Gordon,RB,18.4,False,False
2020,11,3,7,SUPER_FLEX,1049,Ryan Tannehill,QB,22.86,False,True
2020,11,3,8,K,391,Ryan Succop,K,6.0,False,True
2020,11,3,9,DEF,PIT,Pittsburgh Steelers,DEF,18.0,False,True
2020,11,4,0,QB,6797,Justin Herbert,QB,27.74,False,True
2020,11,4,1,RB,4994,Kalen Ballage,RB,10.6,False,True
2020,11,4,2,RB,6918,Salvon Ahmed,RB,9.9,False,False
2020,11,4,3,WR,3321,Tyreek Hill,WR,21.5,False,True
2020,11,4,4,WR,4068,Mike Williams,WR,15.2,False,False
2020,11,4,5,TE,4381,Taysom Hill,TE,24.22,False,True
2020,11,4,6,FLEX,5000,Chase Edmonds,RB,12.9,False,True
2020,11,4,7,SUPER_FLEX,6819,Michael Pittman,WR,14.1,False,False
2020,11,4,8,K,4666,Younghoe Koo,K,13.0,False,True
2020,11,4,9,DEF,GB,Green Bay Packers,DEF,5.0,False,False
2020,11,5,0,QB,96,Aaron Rodgers,QB,22.74,False,True
2020,11,5,1,RB,3242,Kenyan Drake,RB,14.0,False,True
2020,11,5,2,RB,1408,Le'Veon Bell,RB,10.1,False,True
2020,11,5,3,WR,6886,Chase Claypool,WR,13.9,False,False
2020,11,5,4,WR,1689,Adam Thielen,WR,28.3,False,True
2020,11,5,5,TE,3214,Hunter Henry,TE,12.8,False,True
2020,11,5,6,FLEX,830,A.J. Green,WR,12.1,False,False
2020,11,5,7,SUPER_FLEX,331,Philip Rivers,QB,22.42,False,True
2020,11,5,8,K,1264,Justin Tucker,K,10.0,False,True
2020,11,5,9,DEF,WAS,Washington Commanders,DEF,13.0,False,True
2020,11,6,0,QB,167,Tom Brady,QB,14.64,False,True
2020,11,6,1,RB,5850,Josh Jacobs,RB,12.9,False,True
2020,11,6,2,RB,4098,Kareem Hunt,RB,8.6,False,True
2020,11,6,3,WR,3423,Robbie Chosen,WR,8.1,False,True
2020,11,6,4,WR,6798,Jalen Reagor,WR,7.2,False,False
2020,11,6,5,TE,5857,Noah Fant,TE,7.5,False,True
2020,11,6,6,FLEX,4351,Tim Patrick,WR,14.4,False,False
2020,11,6,7,SUPER_FLEX,24,Matt Ryan,QB,7.28,False,True
2020,11,6,8,K,4227,Harrison Butker,K,5.0,False,True
2020,11,6,9,DEF,MIN,Minnesota Vikings,DEF,4.0,False,True
2020,11,7,0,QB,4881,Lamar Jackson,QB,17.54,False,True
2020,11,7,1,RB,3664,J.D. McKissic,RB,8.4,False,True
2020,11,7,2,RB,6908,La'Mical Perine,RB,9.3,False,False
2020,11,7,3,WR,6783,Jerry Jeudy,WR,5.2,False,True
2020,11,7,4,WR,2374,Tyler Lockett,WR,17.2,False,True
2020,11,7,5,TE,1466,Travis Kelce,TE,22.86,False,True
2020,11,7,6,FLEX,2319,DeVante Parker,WR,15.1,False,True
2020,11,7,7,SUPER_FLEX,1234,Russell Wilson,QB,20.08,False,True
2020,11,7,8,K,5095,Daniel Carlson,K,7.0,False,True
2020,11,7,9,DEF,NO,New Orleans Saints,DEF,16.0,False,True
2020,11,8,0,QB,4046,Patrick Mahomes,QB,22.52,False,True
2020,11,8,1,RB,4029,Dalvin Cook,RB,22.5,False,True
2020,11,8,2,RB,6813,Jonathan Taylor,RB,13.4,False,True
2020,11,8,3,WR,538,Emmanuel Sanders,WR,8.6,False,False
2020,11,8,4,WR,5859,A.J. Brown,WR,14.2,False,True
2020,11,8,5,TE,4144,Jonnu Smith,TE,10.0,False,True
2020,11,8,6,FLEX,6806,J.K. Dobbins,RB,17.5,False,False
2020,11,8,7,SUPER_FLEX,2028,Derek Carr,QB,22.6,False,True
2020,11,8,8,K,4233,Zane Gonzalez,K,3.0,False,True
2020,11,8,9,DEF,LAC,Los Angeles Chargers,DEF,9.0,False,True
2020,11,9,0,QB,954,Cam Newton,QB,19.2,False,True
2020,11,9,1,RB,4035,Alvin Kamara,RB,10.5,False,True
2020,11,9,2,RB,2382,Duke Johnson,RB,5.0,False,True
2020,11,9,3,WR,1479,Keenan Allen,WR,26.5,False,True
2020,11,9,4,WR,5927,Terry McLaurin,WR,10.9,False,True
2020,11,9,5,TE,2118,Eric Ebron,TE,11.6,False,True
2020,11,9,6,FLEX,4602,Robert Tonyan,TE,12.9,False,False
2020,11,9,7,SUPER_FLEX,5022,Dallas Goedert,TE,16.2,False,False
2020,11,9,8,K,6528,Joey Slye,K,10.0,False,True
2020,11,9,9,DEF,IND,Indianapolis Colts,DEF,9.0,False,True
2020,11,10,0,QB,5849,Kyler Murray,QB,20.26,False,True
2020,11,10,1,RB,1386,Giovani Bernard,RB,7.5,False,True
2020,11,10,2,RB,5347,Nyheim Miller-Hines,RB,6.8,False,True
2020,11,10,3,WR,5846,DK Metcalf,WR,12.1,False,True
2020,11,10,4,WR,2216,Mike Evans,WR,13.4,False,True
2020,11,10,5,TE,2251,Logan Thomas,TE,1.8,False,False
2020,11,10,6,FLEX,4036,Corey Davis,WR,13.8,False,False
2020,11,10,7,SUPER_FLEX,3161,Carson Wentz,QB,16.4,False,True
2020,11,10,8,K,3678,Wil Lutz,K,6.0,False,True
2020,11,10,9,DEF,BAL,Baltimore Ravens,DEF,4.0,False,True
2020,11,11,0,QB,4017,Deshaun Watson,QB,31.36,False,True
2020,11,11,1,RB,4137,James Conner,RB,11.4,False,True
2020,11,11,2,RB,4199,Aaron Jones,RB,15.1,False,True
2020,11,11,3,WR,3225,Tyler Boyd,WR,13.0,False,True
2020,11,11,4,WR,4037,Chris Godwin,WR,14.8,False,True
2020,11,11,5,TE,5012,Mark Andrews,TE,18.1,False,True
2020,11,11,6,FLEX,2325,Nelson Agholor,WR,17.8,False,False
2020,11,11,7,SUPER_FLEX,1166,Kirk Cousins,QB,22.96,False,True
2020,11,11,8,K,5119,Jason Sanders,K,10.0,False,True
2020,11,11,9,DEF,CAR,Carolina Panthers,DEF,17.0,False,True
2020,11,12,0,QB,421,Matthew Stafford,QB,7.62,False,True
2020,11,12,1,RB,232,Frank Gore,RB,14.1,False,True
2020,11,12,2,RB,6151,Miles Sanders,RB,7.6,False,True
2020,11,12,3,WR,1825,Jarvis Landry,WR,3.6,False,True
2020,11,12,4,WR,1110,T.Y. Hilton,WR,5.1,False,True
2020,11,12,5,TE,5844,T.J. Hockenson,TE,8.8,False,True
2020,11,12,6,FLEX,3199,Michael Thomas,WR,14.9,False,False
2020,11,12,7,SUPER_FLEX,19,Joe Flacco,QB,15.4,False,False
2020,11,12,8,K,49,Robbie Gould,K,0.0,False,True
2020,11,12,9,DEF,NE,New England Patriots,DEF,0.0,False,True
2020,12,1,0,QB,3163,Jared Goff,QB,5.02,False,True
2020,12,1,1,RB,6955,James Robinson,RB,24.4,False,True
2020,12,1,2,RB,6945,Antonio Gibson,RB,34.1,False,True
2020,12,1,3,WR,2133,Davante Adams,WR,15.1,False,True
2020,12,1,4,WR,1352,Robert Woods,WR,12.3,False,True
2020,12,1,5,TE,515,Rob Gronkowski,TE,13.6,False,True
2020,12,1,6,FLEX,2431,Mike Davis,RB,9.4,False,True
2020,12,1,7,SUPER_FLEX,5100,Jordan Wilkins,RB,7.2,False,False
2020,12,1,8,K,2747,Jason Myers,K,12.0,False,True
2020,12,1,9,DEF,MIA,Miami Dolphins,DEF,14.0,False,True
2020,12,2,0,QB,4984,Josh Allen,QB,16.48,False,True
2020,12,2,1,RB,4988,Nick Chubb,RB,25.1,False,True
2020,12,2,2,RB,5967,Tony Pollard,RB,3.2,False,False
2020,12,2,3,WR,4082,Curtis Samuel,WR,10.2,False,False
2020,12,2,4,WR,6794,Justin Jefferson,WR,22.5,False,True
2020,12,2,5,TE,2505,Darren Waller,TE,4.3,False,True
2020,12,2,6,FLEX,5937,Diontae Johnson,WR,8.6,False,True
2020,12,2,7,SUPER_FLEX,3161,Carson Wentz,QB,19.8,False,True
2020,12,2,8,K,7062,Rodrigo Blankenship,K,2.0,False,True
2020,12,2,9,DEF,LAR,Los Angeles Rams,DEF,18.0,False,True
2020,12,3,0,QB,138,Ben Roethlisberger,QB,13.54,False,True
2020,12,3,1,RB,3198,Derrick Henry,RB,37.5,False,True
2020,12,3,2,RB,6820,Clyde Edwards-Helaire,RB,4.4,False,True
2020,12,3,3,WR,1067,Marvin Jones,WR,7.8,False,False
2020,12,3,4,WR,1426,DeAndre Hopkins,WR,8.0,False,True
2020,12,3,5,TE,943,Kyle Rudolph,TE,10.3,False,True
2020,12,3,6,FLEX,1144,Cole Beasley,WR,8.3,False,False
2020,12,3,7,SUPER_FLEX,1049,Ryan Tannehill,QB,19.14,False,True
2020,12,3,8,K,391,Ryan Succop,K,6.0,False,True
2020,12,3,9,DEF,PIT,Pittsburgh Steelers,DEF,14.0,False,True
2020,12,4,0,QB,6797,Justin Herbert,QB,17.44,False,True
2020,12,4,1,RB,4098,Kareem Hunt,RB,6.2,False,True
2020,12,4,2,RB,5068,Kerryon Johnson,RB,9.8,False,True
2020,12,4,3,WR,3321,Tyreek Hill,WR,51.4,False,True
2020,12,4,4,WR,5185,Allen Lazard,WR,10.3,False,False
2020,12,4,5,TE,4381,Taysom Hill,TE,18.52,False,True
2020,12,4,6,FLEX,5022,Dallas Goedert,TE,17.0,False,False
2020,12,4,7,SUPER_FLEX,268,Alex Smith,QB,9.06,False,False
2020,12,4,8,K,4666,Younghoe Koo,K,21.0,False,True
2020,12,4,9,DEF,GB,Green Bay Packers,DEF,16.0,False,True
2020,12,5,0,QB,96,Aaron Rodgers,QB,25.64,False,True
2020,12,5,1,RB,3242,Kenyan Drake,RB,22.8,False,True
2020,12,5,2,RB,5892,David Montgomery,RB,22.8,False,True
2020,12,5,3,WR,4981,Calvin Ridley,WR,14.0,False,True
2020,12,5,4,WR,3200,Sterling Shepard,WR,10.3,False,False
2020,12,5,5,TE,3214,Hunter Henry,TE,10.2,False,True
2020,12,5,6,FLEX,4040,JuJu Smith-Schuster,WR,13.7,False,True
2020,12,5,7,SUPER_FLEX,331,Philip Rivers,QB,18.8,False,True
2020,12,5,8,K,1264,Justin Tucker,K,2.0,False,True
2020,12,5,9,DEF,NYG,New York Giants,DEF,11.0,False,True
2020,12,6,0,QB,167,Tom Brady,QB,23.7,False,True
2020,12,6,1,RB,5850,Josh Jacobs,RB,3.9,False,True
2020,12,6,2,RB,1848,James White,RB,14.2,False,True
2020,12,6,3,WR,5859,A.J. Brown,WR,23.8,False,True
2020,12,6,4,WR,3423,Robbie Chosen,WR,17.4,False,True
2020,12,6,5,TE,1500,Jordan Reed,TE,2.8,False,False
2020,12,6,6,FLEX,6801,Tee Higgins,WR,12.9,False,False
2020,12,6,7,SUPER_FLEX,24,Matt Ryan,QB,14.9,False,True
2020,12,6,8,K,4227,Harrison Butker,K,9.0,False,True
2020,12,6,9,DEF,CLE,Cleveland Browns,DEF,1.0,False,True
2020,12,7,0,QB,333,Ryan Fitzpatrick,QB,19.28,False,True
2020,12,7,1,RB,6845,Zack Moss,RB,7.8,False,False
2020,12,7,2,RB,5052,Ronald Jones,RB,16.8,False,False
2020,12,7,3,WR,1992,Allen Robinson,WR,23.4,False,True
2020,12,7,4,WR,2319,DeVante Parker,WR,15.9,False,False
2020,12,7,5,TE,1466,Travis Kelce,TE,12.2,False,True
2020,12,7,6,FLEX,2449,Stefon Diggs,WR,7.4,False,True
2020,12,7,7,SUPER_FLEX,1234,Russell Wilson,QB,14.4,False,True
2020,12,7,8,K,5095,Daniel Carlson,K,6.0,False,True
2020,12,7,9,DEF,NO,New Orleans Saints,DEF,14.0,False,True
2020,12,8,0,QB,4046,Patrick Mahomes,QB,31.28,False,True
2020,12,8,1,RB,4029,Dalvin Cook,RB,8.2,False,True
2020,12,8,2,RB,5000,Chase Edmonds,RB,6.3,False,False
2020,12,8,3,WR,6059,Travis Fulgham,WR,2.6,False,True
2020,12,8,4,WR,5872,Deebo Samuel,WR,18.8,False,True
2020,12,8,5,TE,4144,Jonnu Smith,TE,0.0,False,True
2020,12,8,6,FLEX,4149,Jamaal Williams,RB,13.3,False,True
2020,12,8,7,SUPER_FLEX,4892,Baker Mayfield,QB,18.42,False,True
2020,12,8,8,K,4233,Zane Gonzalez,K,6.0,False,True
2020,12,8,9,DEF,LAC,Los Angeles Chargers,DEF,10.0,False,True
2020,12,9,0,QB,2152,Teddy Bridgewater,QB,14.88,False,True
2020,12,9,1,RB,2382,Duke Johnson,RB,15.5,False,False
2020,12,9,2,RB,2749,Raheem Mostert,RB,9.3,False,True
2020,12,9,3,WR,1479,Keenan Allen,WR,14.0,False,True
2020,12,9,4,WR,5927,Terry McLaurin,WR,12.7,False,True
2020,12,9,5,TE,2118,Eric Ebron,TE,8.9,False,True
2020,12,9,6,FLEX,2197,Brandin Cooks,WR,11.0,False,False
2020,12,9,7,SUPER_FLEX,3202,Austin Hooper,TE,8.3,False,False
2020,12,9,8,K,7042,Tyler Bass,K,11.0,False,True
2020,12,9,9,DEF,IND,Indianapolis Colts,DEF,-3.0,False,True
2020,12,10,0,QB,5870,Daniel Jones,QB,10.42,False,True
2020,12,10,1,RB,4663,Austin Ekeler,RB,18.4,False,True
2020,12,10,2,RB,5347,Nyheim Miller-Hines,RB,13.5,False,True
2020,12,10,3,WR,5846,DK Metcalf,WR,22.7,False,True
2020,12,10,4,WR,2216,Mike Evans,WR,18.5,False,True
2020,12,10,5,TE,4602,Robert Tonyan,TE,15.2,False,True
2020,12,10,6,FLEX,3157,William Fuller,WR,32.1,False,True
2020,12,10,7,SUPER_FLEX,2309,Amari Cooper,WR,20.2,False,False
2020,12,10,8,K,3678,Wil Lutz,K,8.0,False,True
2020,12,10,9,DEF,BAL,Baltimore Ravens,DEF,10.0,False,False
2020,12,11,0,QB,4017,Deshaun Watson,QB,33.12,False,True
2020,12,11,1,RB,4150,Wayne Gallman,RB,16.6,False,True
2020,12,11,2,RB,1476,Latavius Murray,RB,25.1,False,False
2020,12,11,3,WR,2325,Nelson Agholor,WR,7.9,False,False
2020,12,11,4,WR,4037,Chris Godwin,WR,13.7,False,True
2020,12,11,5,TE,616,Jimmy Graham,TE,4.7,False,True
2020,12,11,6,FLEX,6130,Devin Singletary,RB,9.7,False,False
2020,12,11,7,SUPER_FLEX,1166,Kirk Cousins,QB,26.18,False,True
2020,12,11,8,K,5119,Jason Sanders,K,12.0,False,True
2020,12,11,9,DEF,CAR,Carolina Panthers,DEF,20.0,False,True
2020,12,12,0,QB,421,Matthew Stafford,QB,17.1,False,True
2020,12,12,1,RB,232,Frank Gore,RB,10.1,False,True
2020,12,12,2,RB,4273,Chris Carson,RB,12.9,False,False
2020,12,12,3,WR,1825,Jarvis Landry,WR,24.3,False,True
2020,12,12,4,WR,1110,T.Y. Hilton,WR,16.1,False,True
2020,12,12,5,TE,4066,Evan Engram,TE,13.9,False,True
2020,12,12,6,FLEX,5844,T.J. Hockenson,TE,11.4,False,True
2020,12,12,7,SUPER_FLEX,3199,Michael Thomas,WR,7.1,False,False
2020,12,12,8,K,49,Robbie Gould,K,14.0,False,True
2020,12,12,9,DEF,NE,New England Patriots,DEF,5.0,False,True
2020,13,1,0,QB,2028,Derek Carr,QB,32.74,False,True
2020,13,1,1,RB,6955,James Robinson,RB,19.8,False,True
2020,13,1,2,RB,6945,Antonio Gibson,RB,1.4,False,True
2020,13,1,3,WR,2133,Davante Adams,WR,29.1,False,True
2020,13,1,4,WR,1352,Robert Woods,WR,13.5,False,True
2020,13,1,5,TE,4973,Hayden Hurst,TE,1.4,False,True
2020,13,1,6,FLEX,2410,Jamison Crowder,WR,19.2,False,False
2020,13,1,7,SUPER_FLEX,3163,Jared Goff,QB,24.14,False,True
2020,13,1,8,K,2747,Jason Myers,K,4.0,False,True
2020,13,1,9,DEF,MIA,Miami Dolphins,DEF,14.0,False,True
2020,13,2,0,QB,4984,Josh Allen,QB,30.1,False,True
2020,13,2,1,RB,4988,Nick Chubb,RB,17.1,False,True
2020,13,2,2,RB,3164,Ezekiel Elliott,RB,11.5,False,True
2020,13,2,3,WR,6794,Justin Jefferson,WR,22.8,False,True
2020,13,2,4,WR,5937,Diontae Johnson,WR,17.1,False,True
2020,13,2,5,TE,2505,Darren Waller,TE,38.5,False,True
2020,13,2,6,FLEX,6938,Cam Akers,RB,15.9,False,False
2020,13,2,7,SUPER_FLEX,829,Andy Dalton,QB,18.6,False,False
2020,13,2,8,K,7062,Rodrigo Blankenship,K,7.0,False,True
2020,13,2,9,DEF,LAR,Los Angeles Rams,DEF,12.0,False,True
2020,13,3,0,QB,138,Ben Roethlisberger,QB,19.2,False,True
2020,13,3,1,RB,3198,Derrick Henry,RB,5.4,False,True
2020,13,3,2,RB,2320,Melvin Gordon,RB,14.7,False,False
2020,13,3,3,WR,1144,Cole Beasley,WR,23.5,False,False
2020,13,3,4,WR,1426,DeAndre Hopkins,WR,15.2,False,True
2020,13,3,5,TE,943,Kyle Rudolph,TE,0.0,False,True
2020,13,3,6,FLEX,1067,Marvin Jones,WR,21.6,False,False
2020,13,3,7,SUPER_FLEX,1049,Ryan Tannehill,QB,28.56,False,True
2020,13,3,8,K,899,Dan Bailey,K,6.0,False,True
2020,13,3,9,DEF,PIT,Pittsburgh Steelers,DEF,4.0,False,True
2020,13,4,0,QB,4464,Nick Mullens,QB,22.64,False,False
2020,13,4,1,RB,4098,Kareem Hunt,RB,7.2,False,True
2020,13,4,2,RB,4994,Kalen Ballage,RB,5.4,False,False
2020,13,4,3,WR,3321,Tyreek Hill,WR,11.8,False,True
2020,13,4,4,WR,5007,Keke Coutee,WR,18.1,False,False
2020,13,4,5,TE,5022,Dallas Goedert,TE,9.1,False,True
2020,13,4,6,FLEX,5185,Allen Lazard,WR,6.5,False,False
2020,13,4,7,SUPER_FLEX,4381,Taysom Hill,TE,23.58,False,True
2020,13,4,8,K,4666,Younghoe Koo,K,12.0,False,True
2020,13,4,9,DEF,KC,Kansas City Chiefs,DEF,5.0,False,True
2020,13,5,0,QB,96,Aaron Rodgers,QB,23.5,False,True
2020,13,5,1,RB,3242,Kenyan Drake,RB,12.8,False,True
2020,13,5,2,RB,5892,David Montgomery,RB,25.1,False,True
2020,13,5,3,WR,1689,Adam Thielen,WR,17.5,False,True
2020,13,5,4,WR,4981,Calvin Ridley,WR,13.3,False,True
2020,13,5,5,TE,5001,Dalton Schultz,TE,6.4,False,False
2020,13,5,6,FLEX,4351,Tim Patrick,WR,18.4,False,False
2020,13,5,7,SUPER_FLEX,331,Philip Rivers,QB,19.2,False,True
2020,13,5,8,K,1264,Justin Tucker,K,9.0,False,True
2020,13,5,9,DEF,MIN,Minnesota Vikings,DEF,15.0,False,True
2020,13,6,0,QB,24,Matt Ryan,QB,12.92,False,True
2020,13,6,1,RB,6813,Jonathan Taylor,RB,21.0,False,True
2020,13,6,2,RB,5916,Darrell Henderson,RB,14.4,False,False
2020,13,6,3,WR,5859,A.J. Brown,WR,8.7,False,True
2020,13,6,4,WR,6801,Tee Higgins,WR,8.1,False,True
2020,13,6,5,TE,5857,Noah Fant,TE,7.7,False,True
2020,13,6,6,FLEX,1500,Jordan Reed,TE,10.7,False,False
2020,13,6,7,SUPER_FLEX,954,Cam Newton,QB,23.56,False,True
2020,13,6,8,K,4227,Harrison Butker,K,17.0,False,True
2020,13,6,9,DEF,LV,Las Vegas Raiders,DEF,10.0,False,True
2020,13,7,0,QB,1234,Russell Wilson,QB,16.02,False,True
2020,13,7,1,RB,3664,J.D. McKissic,RB,12.8,False,False
2020,13,7,2,RB,3209,Devontae Booker,RB,5.6,False,True
2020,13,7,3,WR,1992,Allen Robinson,WR,10.5,False,True
2020,13,7,4,WR,2374,Tyler Lockett,WR,9.3,False,True
2020,13,7,5,TE,1466,Travis Kelce,TE,23.6,False,True
2020,13,7,6,FLEX,2449,Stefon Diggs,WR,14.2,False,True
2020,13,7,7,SUPER_FLEX,4881,Lamar Jackson,QB,26.68,False,True
2020,13,7,8,K,5095,Daniel Carlson,K,8.0,False,True
2020,13,7,9,DEF,NO,New Orleans Saints,DEF,7.0,False,True
2020,13,8,0,QB,4046,Patrick Mahomes,QB,19.32,False,True
2020,13,8,1,RB,4029,Dalvin Cook,RB,20.9,False,True
2020,13,8,2,RB,6806,J.K. Dobbins,RB,13.1,False,True
2020,13,8,3,WR,947,Julio Jones,WR,12.4,False,True
2020,13,8,4,WR,5872,Deebo Samuel,WR,10.6,False,True
2020,13,8,5,TE,3202,Austin Hooper,TE,3.4,False,True
2020,13,8,6,FLEX,5848,Marquise Brown,WR,12.4,False,False
2020,13,8,7,SUPER_FLEX,4892,Baker Mayfield,QB,28.96,False,True
2020,13,8,8,K,4233,Zane Gonzalez,K,4.0,False,True
2020,13,8,9,DEF,LAC,Los Angeles Chargers,DEF,-2.0,False,True
2020,13,9,0,QB,3976,Mitchell Trubisky,QB,13.28,False,True
2020,13,9,1,RB,4035,Alvin Kamara,RB,16.7,False,True
2020,13,9,2,RB,2391,David Johnson,RB,10.4,False,False
2020,13,9,3,WR,6803,Brandon Aiyuk,WR,18.0,False,False
2020,13,9,4,WR,5846,DK Metcalf,WR,10.5,False,True
2020,13,9,5,TE,2118,Eric Ebron,TE,10.3,False,True
2020,13,9,6,FLEX,4993,Mike Gesicki,TE,19.3,False,False
2020,13,9,7,SUPER_FLEX,6768,Tua Tagovailoa,QB,16.14,False,True
2020,13,9,8,K,7042,Tyler Bass,K,10.0,False,True
2020,13,9,9,DEF,CHI,Chicago Bears,DEF,3.0,False,True
2020,13,10,0,QB,5849,Kyler Murray,QB,17.42,False,True
2020,13,10,1,RB,4663,Austin Ekeler,RB,8.8,False,True
2020,13,10,2,RB,5347,Nyheim Miller-Hines,RB,10.7,False,True
2020,13,10,3,WR,2309,Amari Cooper,WR,13.8,False,True
2020,13,10,4,WR,2197,Brandin Cooks,WR,9.0,False,True
2020,13,10,5,TE,4602,Robert Tonyan,TE,11.9,False,True
2020,13,10,6,FLEX,4036,Corey Davis,WR,29.7,False,True
2020,13,10,7,SUPER_FLEX,1339,Zach Ertz,TE,4.1,False,False
2020,13,10,8,K,3678,Wil Lutz,K,3.0,False,True
2020,13,10,9,DEF,SEA,Seattle Seahawks,DEF,9.0,False,True
2020,13,11,0,QB,4017,Deshaun Watson,QB,20.44,False,True
2020,13,11,1,RB,4150,Wayne Gallman,RB,13.5,False,True
2020,13,11,2,RB,4199,Aaron Jones,RB,22.3,False,True
2020,13,11,3,WR,3225,Tyler Boyd,WR,13.7,False,True
2020,13,11,4,WR,5038,Michael Gallup,WR,18.1,False,False
2020,13,11,5,TE,616,Jimmy Graham,TE,0.0,False,True
2020,13,11,6,FLEX,5980,Myles Gaskin,RB,13.1,False,True
2020,13,11,7,SUPER_FLEX,1166,Kirk Cousins,QB,22.4,False,True
2020,13,11,8,K,5119,Jason Sanders,K,14.0,False,True
2020,13,11,9,DEF,GB,Green Bay Packers,DEF,10.0,False,True
2020,13,12,0,QB,421,Matthew Stafford,QB,27.08,False,True
2020,13,12,1,RB,4962,Sony Michel,RB,6.3,False,False
2020,13,12,2,RB,4273,Chris Carson,RB,18.5,False,False
2020,13,12,3,WR,1825,Jarvis Landry,WR,16.44,False,True
2020,13,12,4,WR,1110,T.Y. Hilton,WR,21.0,False,True
2020,13,12,5,TE,5844,T.J. Hockenson,TE,11.9,False,True
2020,13,12,6,FLEX,3199,Michael Thomas,WR,15.0,False,False
2020,13,12,7,SUPER_FLEX,4943,Sam Darnold,QB,21.04,False,False
2020,13,12,8,K,49,Robbie Gould,K,7.0,False,True
2020,13,12,9,DEF,NE,New England Patriots,DEF,31.0,False,True
2020,14,1,0,QB,5854,Drew Lock,QB,25.6,False,True
2020,14,1,1,RB,6955,James Robinson,RB,10.3,False,True
2020,14,1,2,RB,2431,Mike Davis,RB,23.8,False,False
2020,14,1,3,WR,2133,Davante Adams,WR,21.0,False,True
2020,14,1,4,WR,6786,CeeDee Lamb,WR,7.1,False,False
2020,14,1,5,TE,515,Rob Gronkowski,TE,6.7,False,False
2020,14,1,6,FLEX,1352,Robert Woods,WR,5.6,False,False
2020,14,1,7,SUPER_FLEX,2028,Derek Carr,QB,25.84,False,False
2020,14,1,8,K,2747,Jason Myers,K,10.0,False,False
2020,14,1,9,DEF,IND,Indianapolis Colts,DEF,13.0,False,False
2020,14,2,0,QB,4984,Josh Allen,QB,19.32,False,True
2020,14,2,1,RB,4988,Nick Chubb,RB,23.3,False,True
2020,14,2,2,RB,5967,Tony Pollard,RB,11.8,False,False
2020,14,2,3,WR,5110,Russell Gage,WR,16.26,False,False
2020,14,2,4,WR,4082,Curtis Samuel,WR,12.5,False,False
2020,14,2,5,TE,2505,Darren Waller,TE,11.0,False,False
2020,14,2,6,FLEX,6938,Cam Akers,RB,20.4,False,False
2020,14,2,7,SUPER_FLEX,829,Andy Dalton,QB,15.3,False,False
2020,14,2,8,K,7062,Rodrigo Blankenship,K,14.0,False,False
2020,14,2,9,DEF,LAR,Los Angeles Rams,DEF,21.0,False,False
2020,14,3,0,QB,1049,Ryan Tannehill,QB,16.48,False,False
2020,14,3,1,RB,6820,Clyde Edwards-Helaire,RB,11.6,False,False
2020,14,3,2,RB,3198,Derrick Henry,RB,35.2,False,False
2020,14,3,3,WR,1426,DeAndre Hopkins,WR,18.1,False,False
2020,14,3,4,WR,4039,Cooper Kupp,WR,11.8,False,False
2020,14,3,5,TE,943,Kyle Rudolph,TE,0.0,False,True
2020,14,3,6,FLEX,5086,Marquez Valdes-Scantling,WR,17.5,False,True
2020,14,3,7,SUPER_FLEX,138,Ben Roethlisberger,QB,15.48,False,False
2020,14,3,8,K,110,Stephen Gostkowski,K,9.0,False,True
2020,14,3,9,DEF,PIT,Pittsburgh Steelers,DEF,8.0,False,True
2020,14,4,0,QB,6797,Justin Herbert,QB,16.72,False,True
2020,14,4,1,RB,4098,Kareem Hunt,RB,26.0,False,True
2020,14,4,2,RB,3300,DeAndre Washington,RB,6.2,False,True
2020,14,4,3,WR,3321,Tyreek Hill,WR,24.6,False,True
2020,14,4,4,WR,5007,Keke Coutee,WR,7.9,False,True
2020,14,4,5,TE,5022,Dallas Goedert,TE,6.3,False,False
2020,14,4,6,FLEX,4381,Taysom Hill,TE,19.94,False,True
2020,14,4,7,SUPER_FLEX,4464,Nick Mullens,QB,13.4,False,False
2020,14,4,8,K,4666,Younghoe Koo,K,6.0,False,True
2020,14,4,9,DEF,CLE,Cleveland Browns,DEF,3.0,False,True
2020,14,5,0,QB,96,Aaron Rodgers,QB,30.9,False,True
2020,14,5,1,RB,3242,Kenyan Drake,RB,15.5,False,True
2020,14,5,2,RB,5892,David Montgomery,RB,23.0,False,True
2020,14,5,3,WR,830,A.J. Green,WR,15.2,False,False
2020,14,5,4,WR,4981,Calvin Ridley,WR,22.4,False,True
2020,14,5,5,TE,3214,Hunter Henry,TE,7.1,False,True
2020,14,5,6,FLEX,4040,JuJu Smith-Schuster,WR,14.5,False,True
2020,14,5,7,SUPER_FLEX,331,Philip Rivers,QB,17.76,False,True
2020,14,5,8,K,1264,Justin Tucker,K,8.0,False,True
2020,14,5,9,DEF,TEN,Tennessee Titans,DEF,8.0,False,True
2020,14,6,0,QB,24,Matt Ryan,QB,10.26,False,True
2020,14,6,1,RB,5850,Josh Jacobs,RB,8.9,False,True
2020,14,6,2,RB,6813,Jonathan Taylor,RB,29.5,False,True
2020,14,6,3,WR,5859,A.J. Brown,WR,20.7,False,True
2020,14,6,4,WR,3423,Robbie Chosen,WR,13.7,False,True
2020,14,6,5,TE,1500,Jordan Reed,TE,2.3,False,False
2020,14,6,6,FLEX,6801,Tee Higgins,WR,7.4,False,True
2020,14,6,7,SUPER_FLEX,2382,Duke Johnson,RB,6.9,False,False
2020,14,6,8,K,4227,Harrison Butker,K,8.0,False,True
2020,14,6,9,DEF,LV,Las Vegas Raiders,DEF,-4.0,False,True
2020,14,7,0,QB,1234,Russell Wilson,QB,23.14,False,True
2020,14,7,1,RB,3664,J.D. McKissic,RB,9.6,False,True
2020,14,7,2,RB,5052,Ronald Jones,RB,14.9,False,True
2020,14,7,3,WR,1992,Allen Robinson,WR,22.8,False,True
2020,14,7,4,WR,2449,Stefon Diggs,WR,24.1,False,True
2020,14,7,5,TE,1466,Travis Kelce,TE,23.6,False,True
2020,14,7,6,FLEX,6790,D'Andre Swift,RB,13.0,False,False
2020,14,7,7,SUPER_FLEX,4881,Lamar Jackson,QB,34.92,False,True
2020,14,7,8,K,5095,Daniel Carlson,K,9.0,False,True
2020,14,7,9,DEF,BUF,Buffalo Bills,DEF,13.0,False,False
2020,14,8,0,QB,4046,Patrick Mahomes,QB,21.62,False,True
2020,14,8,1,RB,4029,Dalvin Cook,RB,18.0,False,True
2020,14,8,2,RB,5000,Chase Edmonds,RB,7.3,False,False
2020,14,8,3,WR,5937,Diontae Johnson,WR,6.0,False,True
2020,14,8,4,WR,5848,Marquise Brown,WR,12.0,False,False
2020,14,8,5,TE,2251,Logan Thomas,TE,7.3,False,True
2020,14,8,6,FLEX,6806,J.K. Dobbins,RB,13.3,False,True
2020,14,8,7,SUPER_FLEX,4892,Baker Mayfield,QB,31.02,False,True
2020,14,8,8,K,6528,Joey Slye,K,9.0,False,True
2020,14,8,9,DEF,SF,San Francisco 49ers,DEF,8.0,False,True
2020,14,9,0,QB,3976,Mitchell Trubisky,QB,24.98,False,True
2020,14,9,1,RB,4035,Alvin Kamara,RB,18.9,False,True
2020,14,9,2,RB,2749,Raheem Mostert,RB,8.0,False,True
2020,14,9,3,WR,1479,Keenan Allen,WR,15.7,False,True
2020,14,9,4,WR,5846,DK Metcalf,WR,15.1,False,True
2020,14,9,5,TE,4993,Mike Gesicki,TE,21.0,False,False
2020,14,9,6,FLEX,6803,Brandon Aiyuk,WR,16.9,False,False
2020,14,9,7,SUPER_FLEX,6768,Tua Tagovailoa,QB,28.04,False,False
2020,14,9,8,K,7042,Tyler Bass,K,7.0,False,True
2020,14,9,9,DEF,CHI,Chicago Bears,DEF,18.0,False,True
2020,14,10,0,QB,5849,Kyler Murray,QB,18.46,False,True
2020,14,10,1,RB,4663,Austin Ekeler,RB,19.1,False,True
2020,14,10,2,RB,5347,Nyheim Miller-Hines,RB,9.5,False,True
2020,14,10,3,WR,2216,Mike Evans,WR,7.1,False,True
2020,14,10,4,WR,5927,Terry McLaurin,WR,3.4,False,True
2020,14,10,5,TE,4602,Robert Tonyan,TE,12.1,False,True
2020,14,10,6,FLEX,2309,Amari Cooper,WR,13.1,False,True
2020,14,10,7,SUPER_FLEX,2152,Teddy Bridgewater,QB,20.42,False,True
2020,14,10,8,K,3678,Wil Lutz,K,3.0,False,True
2020,14,10,9,DEF,SEA,Seattle Seahawks,DEF,13.0,False,True
2020,14,11,0,QB,4017,Deshaun Watson,QB,16.56,False,True
2020,14,11,1,RB,4150,Wayne Gallman,RB,8.8,False,False
2020,14,11,2,RB,4199,Aaron Jones,RB,8.5,False,True
2020,14,11,3,WR,3225,Tyler Boyd,WR,6.8,False,True
2020,14,11,4,WR,2325,Nelson Agholor,WR,18.5,False,False
2020,14,11,5,TE,5012,Mark Andrews,TE,10.3,False,True
2020,14,11,6,FLEX,616,Jimmy Graham,TE,10.3,False,False
2020,14,11,7,SUPER_FLEX,1166,Kirk Cousins,QB,17.1,False,True
2020,14,11,8,K,5119,Jason Sanders,K,10.0,False,True
2020,14,11,9,DEF,GB,Green Bay Packers,DEF,4.0,False,False
2020,14,12,0,QB,421,Matthew Stafford,QB,14.36,False,True
2020,14,12,1,RB,4273,Chris Carson,RB,17.3,False,True
2020,14,12,2,RB,6151,Miles Sanders,RB,27.6,False,True
2020,14,12,3,WR,1110,T.Y. Hilton,WR,23.1,False,True
2020,14,12,4,WR,3199,Michael Thomas,WR,12.4,False,True
2020,14,12,5,TE,5844,T.J. Hockenson,TE,13.3,False,True
2020,14,12,6,FLEX,1825,Jarvis Landry,WR,8.68,False,True
2020,14,12,7,SUPER_FLEX,4943,Sam Darnold,QB,5.58,False,True
2020,14,12,8,K,49,Robbie Gould,K,1.0,False,True
2020,14,12,9,DEF,NE,New England Patriots,DEF,4.0,False,True
2020,15,1,0,QB,5854,Drew Lock,QB,10.98,False,False
2020,15,1,1,RB,6955,James Robinson,RB,12.8,False,True
2020,15,1,2,RB,2431,Mike Davis,RB,7.1,False,True
2020,15,1,3,WR,2133,Davante Adams,WR,7.7,False,True
2020,15,1,4,WR,1352,Robert Woods,WR,18.6,False,True
2020,15,1,5,TE,515,Rob Gronkowski,TE,4.4,False,True
2020,15,1,6,FLEX,6786,CeeDee Lamb,WR,17.0,False,False
2020,15,1,7,SUPER_FLEX,3163,Jared Goff,QB,16.26,False,True
2020,15,1,8,K,2747,Jason Myers,K,10.0,False,True
2020,15,1,9,DEF,IND,Indianapolis Colts,DEF,13.0,False,True
2020,15,2,0,QB,4984,Josh Allen,QB,37.66,False,True
2020,15,2,1,RB,4988,Nick Chubb,RB,13.6,False,True
2020,15,2,2,RB,5967,Tony Pollard,RB,28.2,False,False
2020,15,2,3,WR,6794,Justin Jefferson,WR,14.4,False,True
2020,15,2,4,WR,4983,DJ Moore,WR,16.2,False,True
2020,15,2,5,TE,2505,Darren Waller,TE,25.5,False,True
2020,15,2,6,FLEX,536,Antonio Brown,WR,17.8,False,True
2020,15,2,7,SUPER_FLEX,829,Andy Dalton,QB,17.16,False,True
2020,15,2,8,K,7062,Rodrigo Blankenship,K,11.0,False,True
2020,15,2,9,DEF,LAR,Los Angeles Rams,DEF,3.0,False,True
2020,15,3,0,QB,1049,Ryan Tannehill,QB,37.02,False,False
2020,15,3,1,RB,3198,Derrick Henry,RB,24.2,False,True
2020,15,3,2,RB,2320,Melvin Gordon,RB,22.1,False,False
2020,15,3,3,WR,1426,DeAndre Hopkins,WR,25.5,False,True
2020,15,3,4,WR,1067,Marvin Jones,WR,22.2,False,False
2020,15,3,5,TE,943,Kyle Rudolph,TE,0.0,False,False
2020,15,3,6,FLEX,1144,Cole Beasley,WR,15.2,False,False
2020,15,3,7,SUPER_FLEX,5947,Jakobi Meyers,WR,12.6,False,False
2020,15,3,8,K,110,Stephen Gostkowski,K,8.0,False,True
2020,15,3,9,DEF,PIT,Pittsburgh Steelers,DEF,2.0,False,True
2020,15,4,0,QB,6797,Justin Herbert,QB,27.96,False,True
2020,15,4,1,RB,6156,Benny Snell,RB,18.2,False,False
2020,15,4,2,RB,6130,Devin Singletary,RB,15.9,False,True
2020,15,4,3,WR,3321,Tyreek Hill,WR,14.4,False,True
2020,15,4,4,WR,6063,Tyron Billy-Johnson,WR,13.6,False,True
2020,15,4,5,TE,4381,Taysom Hill,TE,6.3,False,False
2020,15,4,6,FLEX,3328,Rashard Higgins,WR,9.6,False,True
2020,15,4,7,SUPER_FLEX,4464,Nick Mullens,QB,13.46,False,False
2020,15,4,8,K,4666,Younghoe Koo,K,11.0,False,True
2020,15,4,9,DEF,CLE,Cleveland Browns,DEF,9.0,False,True
2020,15,5,0,QB,96,Aaron Rodgers,QB,18.32,False,True
2020,15,5,1,RB,1408,Le'Veon Bell,RB,14.1,False,False
2020,15,5,2,RB,5892,David Montgomery,RB,28.7,False,True
2020,15,5,3,WR,1689,Adam Thielen,WR,8.1,False,True
2020,15,5,4,WR,4981,Calvin Ridley,WR,27.3,False,True
2020,15,5,5,TE,3214,Hunter Henry,TE,15.0,False,True
2020,15,5,6,FLEX,5001,Dalton Schultz,TE,8.4,False,False
2020,15,5,7,SUPER_FLEX,331,Philip Rivers,QB,17.02,False,True
2020,15,5,8,K,1264,Justin Tucker,K,9.0,False,True
2020,15,5,9,DEF,TEN,Tennessee Titans,DEF,8.0,False,True
2020,15,6,0,QB,954,Cam Newton,QB,12.16,False,True
2020,15,6,1,RB,5850,Josh Jacobs,RB,18.9,False,True
2020,15,6,2,RB,6813,Jonathan Taylor,RB,17.5,False,False
2020,15,6,3,WR,5859,A.J. Brown,WR,12.9,False,True
2020,15,6,4,WR,4950,Christian Kirk,WR,4.8,False,False
2020,15,6,5,TE,5857,Noah Fant,TE,16.8,False,False
2020,15,6,6,FLEX,1500,Jordan Reed,TE,8.8,False,False
2020,15,6,7,SUPER_FLEX,24,Matt Ryan,QB,27.84,False,False
2020,15,6,8,K,4227,Harrison Butker,K,6.0,False,True
2020,15,6,9,DEF,LV,Las Vegas Raiders,DEF,1.0,False,True
2020,15,7,0,QB,1234,Russell Wilson,QB,13.04,False,True
2020,15,7,1,RB,3664,J.D. McKissic,RB,21.2,False,True
2020,15,7,2,RB,6790,D'Andre Swift,RB,20.2,False,True
2020,15,7,3,WR,1992,Allen Robinson,WR,10.3,False,True
2020,15,7,4,WR,2449,Stefon Diggs,WR,20.2,False,True
2020,15,7,5,TE,1466,Travis Kelce,TE,18.8,False,True
2020,15,7,6,FLEX,5248,Gus Edwards,RB,8.8,False,False
2020,15,7,7,SUPER_FLEX,4881,Lamar Jackson,QB,30.22,False,True
2020,15,7,8,K,5095,Daniel Carlson,K,9.0,False,True
2020,15,7,9,DEF,BUF,Buffalo Bills,DEF,13.0,False,True
2020,15,8,0,QB,4046,Patrick Mahomes,QB,25.86,False,True
2020,15,8,1,RB,4029,Dalvin Cook,RB,24.4,False,True
2020,15,8,2,RB,3969,Leonard Fournette,RB,20.0,False,False
2020,15,8,3,WR,5937,Diontae Johnson,WR,15.9,False,True
2020,15,8,4,WR,2197,Brandin Cooks,WR,8.9,False,True
2020,15,8,5,TE,2251,Logan Thomas,TE,16.6,False,True
2020,15,8,6,FLEX,6918,Salvon Ahmed,RB,21.2,False,False
2020,15,8,7,SUPER_FLEX,6904,Jalen Hurts,QB,37.82,False,True
2020,15,8,8,K,59,Mason Crosby,K,8.0,False,True
2020,15,8,9,DEF,MIA,Miami Dolphins,DEF,12.0,False,True
2020,15,9,0,QB,6768,Tua Tagovailoa,QB,19.7,False,False
2020,15,9,1,RB,4035,Alvin Kamara,RB,16.9,False,True
2020,15,9,2,RB,2749,Raheem Mostert,RB,6.8,False,True
2020,15,9,3,WR,6803,Brandon Aiyuk,WR,17.8,False,False
2020,15,9,4,WR,5846,DK Metcalf,WR,6.8,False,True
2020,15,9,5,TE,4435,Anthony Firkser,TE,2.5,False,False
2020,15,9,6,FLEX,2391,David Johnson,RB,18.8,False,False
2020,15,9,7,SUPER_FLEX,167,Tom Brady,QB,23.4,False,True
2020,15,9,8,K,7042,Tyler Bass,K,12.0,False,True
2020,15,9,9,DEF,CHI,Chicago Bears,DEF,6.0,False,True
2020,15,10,0,QB,5849,Kyler Murray,QB,34.14,False,True
2020,15,10,1,RB,6039,Ty Johnson,RB,14.5,False,False
2020,15,10,2,RB,1386,Giovani Bernard,RB,22.2,False,False
2020,15,10,3,WR,2216,Mike Evans,WR,14.0,False,True
2020,15,10,4,WR,4036,Corey Davis,WR,19.0,False,False
2020,15,10,5,TE,4602,Robert Tonyan,TE,9.3,False,True
2020,15,10,6,FLEX,5000,Chase Edmonds,RB,14.1,False,False
2020,15,10,7,SUPER_FLEX,2152,Teddy Bridgewater,QB,16.92,False,True
2020,15,10,8,K,3678,Wil Lutz,K,3.0,False,True
2020,15,10,9,DEF,BAL,Baltimore Ravens,DEF,11.0,False,True
2020,15,11,0,QB,4017,Deshaun Watson,QB,23.42,False,True
2020,15,11,1,RB,1476,Latavius Murray,RB,9.9,False,False
2020,15,11,2,RB,4199,Aaron Jones,RB,23.3,False,True
2020,15,11,3,WR,5038,Michael Gallup,WR,10.1,False,False
2020,15,11,4,WR,4037,Chris Godwin,WR,11.6,False,True
2020,15,11,5,TE,5012,Mark Andrews,TE,15.1,False,True
2020,15,11,6,FLEX,2325,Nelson Agholor,WR,6.9,False,False
2020,15,11,7,SUPER_FLEX,1166,Kirk Cousins,QB,20.34,False,True
2020,15,11,8,K,5119,Jason Sanders,K,2.0,False,True
2020,15,11,9,DEF,GB,Green Bay Packers,DEF,8.0,False,False
2020,15,12,0,QB,421,Matthew Stafford,QB,15.28,False,True
2020,15,12,1,RB,232,Frank Gore,RB,13.0,False,False
2020,15,12,2,RB,6151,Miles Sanders,RB,9.5,False,True
2020,15,12,3,WR,1110,T.Y. Hilton,WR,9.1,False,True
2020,15,12,4,WR,1825,Jarvis Landry,WR,15.6,False,True
2020,15,12,5,TE,4066,Evan Engram,TE,6.6,False,False
2020,15,12,6,FLEX,4962,Sony Michel,RB,8.7,False,False
2020,15,12,7,SUPER_FLEX,289,Drew Brees,QB,20.36,False,False
2020,15,12,8,K,49,Robbie Gould,K,10.0,False,True
2020,15,12,9,DEF,NE,New England Patriots,DEF,4.0,False,True
2020,16,1,0,QB,5854,Drew Lock,QB,16.06,False,True
2020,16,1,1,RB,6945,Antonio Gibson,RB,8.4,False,True
2020,16,1,2,RB,2431,Mike Davis,RB,8.8,False,True
2020,16,1,3,WR,2410,Jamison Crowder,WR,25.82,False,True
2020,16,1,4,WR,6786,CeeDee Lamb,WR,21.9,False,False
2020,16,1,5,TE,515,Rob Gronkowski,TE,18.8,False,True
2020,16,1,6,FLEX,4951,DJ Chark,WR,14.2,False,False
2020,16,1,7,SUPER_FLEX,2028,Derek Carr,QB,23.24,False,False
2020,16,1,8,K,2747,Jason Myers,K,10.0,False,True
2020,16,1,9,DEF,IND,Indianapolis Colts,DEF,0.0,False,False
2020,16,2,0,QB,4984,Josh Allen,QB,32.3,False,True
2020,16,2,1,RB,4988,Nick Chubb,RB,15.1,False,True
2020,16,2,2,RB,3164,Ezekiel Elliott,RB,15.9,False,True
2020,16,2,3,WR,6794,Justin Jefferson,WR,11.5,False,True
2020,16,2,4,WR,4983,DJ Moore,WR,6.2,False,True
2020,16,2,5,TE,2505,Darren Waller,TE,13.7,False,True
2020,16,2,6,FLEX,2133,Davante Adams,WR,37.7,False,True
2020,16,2,7,SUPER_FLEX,829,Andy Dalton,QB,27.58,False,True
2020,16,2,8,K,7062,Rodrigo Blankenship,K,6.0,False,True
2020,16,2,9,DEF,WAS,Washington Commanders,DEF,11.0,False,True
2020,16,3,0,QB,138,Ben Roethlisberger,QB,25.54,False,False
2020,16,3,1,RB,3198,Derrick Henry,RB,9.8,False,True
2020,16,3,2,RB,2320,Melvin Gordon,RB,7.9,False,False
2020,16,3,3,WR,1426,DeAndre Hopkins,WR,8.8,False,True
2020,16,3,4,WR,4039,Cooper Kupp,WR,10.6,False,False
2020,16,3,5,TE,943,Kyle Rudolph,TE,0.0,False,False
2020,16,3,6,FLEX,6814,Laviska Shenault,WR,13.3,False,False
2020,16,3,7,SUPER_FLEX,1049,Ryan Tannehill,QB,18.34,False,True
2020,16,3,8,K,110,Stephen Gostkowski,K,2.0,False,True
2020,16,3,9,DEF,PIT,Pittsburgh Steelers,DEF,10.0,False,True
2020,16,4,0,QB,6797,Justin Herbert,QB,16.72,False,True
2020,16,4,1,RB,4098,Kareem Hunt,RB,12.7,False,True
2020,16,4,2,RB,6130,Devin Singletary,RB,6.2,False,True
2020,16,4,3,WR,3321,Tyreek Hill,WR,8.5,False,True
2020,16,4,4,WR,4068,Mike Williams,WR,7.4,False,True
2020,16,4,5,TE,5022,Dallas Goedert,TE,5.3,False,True
2020,16,4,6,FLEX,4381,Taysom Hill,TE,10.52,False,False
2020,16,4,7,SUPER_FLEX,6063,Tyron Billy-Johnson,WR,4.1,False,False
2020,16,4,8,K,4666,Younghoe Koo,K,1.0,False,True
2020,16,4,9,DEF,CLE,Cleveland Browns,DEF,6.0,False,True
2020,16,5,0,QB,96,Aaron Rodgers,QB,26.14,False,True
2020,16,5,1,RB,3242,Kenyan Drake,RB,12.0,False,True
2020,16,5,2,RB,5892,David Montgomery,RB,19.1,False,True
2020,16,5,3,WR,1689,Adam Thielen,WR,19.7,False,True
2020,16,5,4,WR,4981,Calvin Ridley,WR,14.8,False,True
2020,16,5,5,TE,5001,Dalton Schultz,TE,3.6,False,False
2020,16,5,6,FLEX,4040,JuJu Smith-Schuster,WR,20.1,False,True
2020,16,5,7,SUPER_FLEX,3200,Sterling Shepard,WR,18.2,False,False
2020,16,5,8,K,1264,Justin Tucker,K,9.0,False,True
2020,16,5,9,DEF,TEN,Tennessee Titans,DEF,-1.0,False,True
2020,16,6,0,QB,954,Cam Newton,QB,9.76,False,True
2020,16,6,1,RB,5850,Josh Jacobs,RB,6.9,False,True
2020,16,6,2,RB,6813,Jonathan Taylor,RB,19.4,False,False
2020,16,6,3,WR,6801,Tee Higgins,WR,18.9,False,True
2020,16,6,4,WR,3423,Robbie Chosen,WR,13.4,False,True
2020,16,6,5,TE,4217,George Kittle,TE,11.2,False,False
2020,16,6,6,FLEX,4950,Christian Kirk,WR,11.1,False,False
2020,16,6,7,SUPER_FLEX,24,Matt Ryan,QB,19.9,False,False
2020,16,6,8,K,4227,Harrison Butker,K,7.0,False,True
2020,16,6,9,DEF,LV,Las Vegas Raiders,DEF,3.0,False,True
2020,16,7,0,QB,1234,Russell Wilson,QB,19.9,False,True
2020,16,7,1,RB,3664,J.D. McKissic,RB,19.2,False,True
2020,16,7,2,RB,5248,Gus Edwards,RB,13.2,False,False
2020,16,7,3,WR,1992,Allen Robinson,WR,15.3,False,True
2020,16,7,4,WR,2449,Stefon Diggs,WR,37.0,False,True
2020,16,7,5,TE,1466,Travis Kelce,TE,19.3,False,True
2020,16,7,6,FLEX,6845,Zack Moss,RB,12.2,False,False
2020,16,7,7,SUPER_FLEX,4881,Lamar Jackson,QB,21.32,False,True
2020,16,7,8,K,5095,Daniel Carlson,K,12.0,False,True
2020,16,7,9,DEF,BUF,Buffalo Bills,DEF,7.0,False,False
2020,16,8,0,QB,4046,Patrick Mahomes,QB,20.22,False,True
2020,16,8,1,RB,4029,Dalvin Cook,RB,15.5,False,True
2020,16,8,2,RB,3969,Leonard Fournette,RB,14.1,False,True
2020,16,8,3,WR,5937,Diontae Johnson,WR,17.6,False,True
2020,16,8,4,WR,2197,Brandin Cooks,WR,23.6,False,True
2020,16,8,5,TE,2251,Logan Thomas,TE,9.8,False,True
2020,16,8,6,FLEX,5284,Jeff Wilson,RB,26.9,False,False
2020,16,8,7,SUPER_FLEX,6904,Jalen Hurts,QB,20.58,False,True
2020,16,8,8,K,3451,Ka'imi Fairbairn,K,7.0,False,True
2020,16,8,9,DEF,MIA,Miami Dolphins,DEF,5.0,False,True
2020,16,9,0,QB,3976,Mitchell Trubisky,QB,24.6,False,True
2020,16,9,1,RB,4035,Alvin Kamara,RB,54.7,False,True
2020,16,9,2,RB,2391,David Johnson,RB,27.4,False,False
2020,16,9,3,WR,6803,Brandon Aiyuk,WR,3.6,False,False
2020,16,9,4,WR,5846,DK Metcalf,WR,8.9,False,True
2020,16,9,5,TE,2118,Eric Ebron,TE,13.2,False,True
2020,16,9,6,FLEX,4993,Mike Gesicki,TE,7.4,False,False
2020,16,9,7,SUPER_FLEX,167,Tom Brady,QB,29.92,False,True
2020,16,9,8,K,7042,Tyler Bass,K,8.0,False,True
2020,16,9,9,DEF,CHI,Chicago Bears,DEF,6.0,False,True
2020,16,10,0,QB,5849,Kyler Murray,QB,16.38,False,True
2020,16,10,1,RB,4663,Austin Ekeler,RB,14.3,False,True
2020,16,10,2,RB,1386,Giovani Bernard,RB,16.6,False,True
2020,16,10,3,WR,2216,Mike Evans,WR,35.1,False,True
2020,16,10,4,WR,536,Antonio Brown,WR,11.5,False,False
2020,16,10,5,TE,4602,Robert Tonyan,TE,2.2,False,True
2020,16,10,6,FLEX,2309,Amari Cooper,WR,14.1,False,True
2020,16,10,7,SUPER_FLEX,5870,Daniel Jones,QB,14.38,False,False
2020,16,10,8,K,3678,Wil Lutz,K,10.0,False,True
2020,16,10,9,DEF,BAL,Baltimore Ravens,DEF,10.0,False,True
2020,16,11,0,QB,4017,Deshaun Watson,QB,26.76,False,True
2020,16,11,1,RB,4137,James Conner,RB,15.1,False,True
2020,16,11,2,RB,5980,Myles Gaskin,RB,31.4,False,True
2020,16,11,3,WR,5038,Michael Gallup,WR,27.1,False,False
2020,16,11,4,WR,4037,Chris Godwin,WR,16.9,False,True
2020,16,11,5,TE,616,Jimmy Graham,TE,20.9,False,False
2020,16,11,6,FLEX,2325,Nelson Agholor,WR,24.0,False,False
2020,16,11,7,SUPER_FLEX,1166,Kirk Cousins,QB,23.64,False,True
2020,16,11,8,K,5119,Jason Sanders,K,15.0,False,True
2020,16,11,9,DEF,CAR,Carolina Panthers,DEF,21.0,False,True
2020,16,12,0,QB,289,Drew Brees,QB,10.14,False,False
2020,16,12,1,RB,4273,Chris Carson,RB,9.4,False,True
2020,16,12,2,RB,6151,Miles Sanders,RB,16.4,False,True
2020,16,12,3,WR,1110,T.Y. Hilton,WR,7.5,False,True
2020,16,12,4,WR,3199,Michael Thomas,WR,0.0,False,True
2020,16,12,5,TE,4066,Evan Engram,TE,10.5,False,False
2020,16,12,6,FLEX,6828,AJ Dillon,RB,25.4,False,False
2020,16,12,7,SUPER_FLEX,4943,Sam Darnold,QB,17.0,False,True
2020,16,12,8,K,49,Robbie Gould,K,0.0,False,True
2020,16,12,9,DEF,NE,New England Patriots,DEF,-3.0,False,True
2021,1,1,0,QB,3161,Carson Wentz,QB,18.34,False,True
2021,1,1,1,RB,4035,Alvin Kamara,RB,16.6,False,True
2021,1,1,2,RB,7098,Ty'Son Williams,RB,16.9,False,False
2021,1,1,3,WR,6814,Laviska Shenault,WR,9.4,False,False
2021,1,1,4,WR,6786,CeeDee Lamb,WR,19.9,False,True
2021,1,1,5,TE,5844,T.J. Hockenson,TE,21.7,False,True
2021,1,1,6,FLEX,5916,Darrell Henderson,RB,15.2,False,True
2021,1,1,7,SUPER_FLEX,1166,Kirk Cousins,QB,22.04,False,True
2021,1,1,8,K,5119,Jason Sanders,K,6.0,False,True
2021,1,1,9,DEF,BAL,Baltimore Ravens,DEF,4.0,False,True
2021,1,2,0,QB,5849,Kyler Murray,QB,34.56,False,True
2021,1,2,1,RB,4663,Austin Ekeler,RB,11.7,False,True
2021,1,2,2,RB,5892,David Montgomery,RB,18.3,False,True
2021,1,2,3,WR,4036,Corey Davis,WR,24.2,False,False
2021,1,2,4,WR,5872,Deebo Samuel,WR,27.4,False,True
2021,1,2,5,TE,7002,Juwan Johnson,TE,15.6,False,False
2021,1,2,6,FLEX,4039,Cooper Kupp,WR,20.3,False,True
2021,1,2,7,SUPER_FLEX,167,Tom Brady,QB,29.16,False,True
2021,1,2,8,K,6083,Matt Gay,K,12.0,False,True
2021,1,2,9,DEF,SF,San Francisco 49ers,DEF,10.0,False,True
2021,1,3,0,QB,2306,Jameis Winston,QB,29.62,False,True
2021,1,3,1,RB,4988,Nick Chubb,RB,21.1,False,True
2021,1,3,2,RB,6151,Miles Sanders,RB,15.3,False,True
2021,1,3,3,WR,7564,Ja'Marr Chase,WR,18.4,False,False
2021,1,3,4,WR,3321,Tyreek Hill,WR,31.6,False,True
2021,1,3,5,TE,5857,Noah Fant,TE,9.2,False,True
2021,1,3,6,FLEX,1825,Jarvis Landry,WR,16.9,False,True
2021,1,3,7,SUPER_FLEX,2320,Melvin Gordon,RB,19.3,False,False
2021,1,3,8,K,1266,Greg Zuerlein,K,10.0,False,True
2021,1,3,9,DEF,LAR,Los Angeles Rams,DEF,9.0,False,True
2021,1,4,0,QB,7523,Trevor Lawrence,QB,22.08,False,True
2021,1,4,1,RB,3164,Ezekiel Elliott,RB,4.9,False,True
2021,1,4,2,RB,6945,Antonio Gibson,RB,10.3,False,True
2021,1,4,3,WR,6794,Justin Jefferson,WR,10.04,False,True
2021,1,4,4,WR,536,Antonio Brown,WR,21.2,False,True
2021,1,4,5,TE,4144,Jonnu Smith,TE,7.3,False,True
2021,1,4,6,FLEX,1144,Cole Beasley,WR,10.0,False,True
2021,1,4,7,SUPER_FLEX,4068,Mike Williams,WR,18.2,False,False
2021,1,4,8,K,4666,Younghoe Koo,K,6.0,False,True
2021,1,4,9,DEF,BUF,Buffalo Bills,DEF,3.0,False,True
2021,1,5,0,QB,1234,Russell Wilson,QB,27.06,False,True
2021,1,5,1,RB,3198,Derrick Henry,RB,9.2,False,True
2021,1,5,2,RB,3969,Leonard Fournette,RB,8.4,False,False
2021,1,5,3,WR,1426,DeAndre Hopkins,WR,23.3,False,True
2021,1,5,4,WR,5859,A.J. Brown,WR,12.9,False,True
2021,1,5,5,TE,3214,Hunter Henry,TE,4.6,False,False
2021,1,5,6,FLEX,5937,Diontae Johnson,WR,12.1,False,True
2021,1,5,7,SUPER_FLEX,4892,Baker Mayfield,QB,13.64,False,True
2021,1,5,8,K,1264,Justin Tucker,K,11.0,False,True
2021,1,5,9,DEF,HOU,Houston Texans,DEF,8.0,False,True
2021,1,6,0,QB,4984,Josh Allen,QB,17.2,False,True
2021,1,6,1,RB,1476,Latavius Murray,RB,8.8,False,False
2021,1,6,2,RB,4098,Kareem Hunt,RB,15.6,False,True
2021,1,6,3,WR,7526,Jaylen Waddle,WR,14.1,False,False
2021,1,6,4,WR,2325,Nelson Agholor,WR,15.7,False,False
2021,1,6,5,TE,7553,Kyle Pitts,TE,5.1,False,True
2021,1,6,6,FLEX,7525,DeVonta Smith,WR,16.1,False,True
2021,1,6,7,SUPER_FLEX,6770,Joe Burrow,QB,18.64,False,True
2021,1,6,8,K,17,Matt Prater,K,8.0,False,True
2021,1,6,9,DEF,CLE,Cleveland Browns,DEF,1.0,False,True
2021,1,7,0,QB,3294,Dak Prescott,QB,28.42,False,True
2021,1,7,1,RB,4034,Christian McCaffrey,RB,23.2,False,True
2021,1,7,2,RB,4149,Jamaal Williams,RB,21.0,False,False
2021,1,7,3,WR,4037,Chris Godwin,WR,19.0,False,True
2021,1,7,4,WR,2309,Amari Cooper,WR,32.4,False,True
2021,1,7,5,TE,2251,Logan Thomas,TE,10.5,False,True
2021,1,7,6,FLEX,2197,Brandin Cooks,WR,15.7,False,False
2021,1,7,7,SUPER_FLEX,1848,James White,RB,9.1,False,False
2021,1,7,8,K,5095,Daniel Carlson,K,11.0,False,True
2021,1,7,9,DEF,DEN,Denver Broncos,DEF,9.0,False,True
2021,1,8,0,QB,421,Matthew Stafford,QB,24.34,False,True
2021,1,8,1,RB,4018,Joe Mixon,RB,23.0,False,True
2021,1,8,2,RB,5890,Damien Harris,RB,10.7,False,True
2021,1,8,3,WR,2133,Davante Adams,WR,8.1,False,True
2021,1,8,4,WR,4951,DJ Chark,WR,16.1,False,False
2021,1,8,5,TE,1466,Travis Kelce,TE,22.6,False,True
2021,1,8,6,FLEX,2431,Mike Davis,RB,8.7,False,True
2021,1,8,7,SUPER_FLEX,6768,Tua Tagovailoa,QB,17.18,False,True
2021,1,8,8,K,4227,Harrison Butker,K,10.0,False,True
2021,1,8,9,DEF,LAC,Los Angeles Chargers,DEF,6.0,False,True
2021,1,9,0,QB,4881,Lamar Jackson,QB,18.0,False,True
2021,1,9,1,RB,5980,Myles Gaskin,RB,10.1,False,True
2021,1,9,2,RB,5850,Josh Jacobs,RB,16.5,False,True
2021,1,9,3,WR,1479,Keenan Allen,WR,14.5,False,True
2021,1,9,4,WR,2374,Tyler Lockett,WR,24.0,False,True
2021,1,9,5,TE,7600,Pat Freiermuth,TE,2.9,False,False
2021,1,9,6,FLEX,3200,Sterling Shepard,WR,20.8,False,False
2021,1,9,7,SUPER_FLEX,7527,Mac Jones,QB,15.24,False,True
2021,1,9,8,K,391,Ryan Succop,K,7.0,False,True
2021,1,9,9,DEF,PIT,Pittsburgh Steelers,DEF,18.0,False,True
2021,1,10,0,QB,4046,Patrick Mahomes,QB,33.28,False,True
2021,1,10,1,RB,6813,Jonathan Taylor,RB,14.6,False,True
2021,1,10,2,RB,6130,Devin Singletary,RB,9.5,False,False
2021,1,10,3,WR,6798,Jalen Reagor,WR,13.9,False,False
2021,1,10,4,WR,3423,Robbie Chosen,WR,12.2,False,True
2021,1,10,5,TE,4217,George Kittle,TE,9.8,False,True
2021,1,10,6,FLEX,6801,Tee Higgins,WR,13.8,False,True
2021,1,10,7,SUPER_FLEX,5870,Daniel Jones,QB,21.38,False,True
2021,1,10,8,K,7042,Tyler Bass,K,11.0,False,True
2021,1,10,9,DEF,TB,Tampa Bay Buccaneers,DEF,2.0,False,True
2021,1,11,0,QB,4943,Sam Darnold,QB,19.06,False,True
2021,1,11,1,RB,6790,D'Andre Swift,RB,20.4,False,True
2021,1,11,2,RB,4273,Chris Carson,RB,11.2,False,True
2021,1,11,3,WR,2449,Stefon Diggs,WR,11.4,False,True
2021,1,11,4,WR,1689,Adam Thielen,WR,25.7,False,True
2021,1,11,5,TE,515,Rob Gronkowski,TE,25.0,False,True
2021,1,11,6,FLEX,5022,Dallas Goedert,TE,12.2,False,False
2021,1,11,7,SUPER_FLEX,1067,Marvin Jones,WR,16.2,False,False
2021,1,11,8,K,2747,Jason Myers,K,4.0,False,True
2021,1,11,9,DEF,NE,New England Patriots,DEF,5.0,False,True
2021,1,12,0,QB,6904,Jalen Hurts,QB,28.76,False,True
2021,1,12,1,RB,4029,Dalvin Cook,RB,17.4,False,True
2021,1,12,2,RB,5000,Chase Edmonds,RB,12.6,False,True
2021,1,12,3,WR,7601,Rondale Moore,WR,8.8,False,False
2021,1,12,4,WR,4983,DJ Moore,WR,12.4,False,True
2021,1,12,5,TE,2505,Darren Waller,TE,21.5,False,True
2021,1,12,6,FLEX,5848,Marquise Brown,WR,16.4,False,True
2021,1,12,7,SUPER_FLEX,6797,Justin Herbert,QB,14.38,False,True
2021,1,12,8,K,7062,Rodrigo Blankenship,K,4.0,False,True
2021,1,12,9,DEF,WAS,Washington Commanders,DEF,6.0,False,True
2021,2,1,0,QB,3161,Carson Wentz,QB,18.58,False,True
2021,2,1,1,RB,7098,Ty'Son Williams,RB,10.3,False,False
2021,2,1,2,RB,5916,Darrell Henderson,RB,15.7,False,True
2021,2,1,3,WR,4981,Calvin Ridley,WR,15.8,False,True
2021,2,1,4,WR,6786,CeeDee Lamb,WR,13.4,False,True
2021,2,1,5,TE,5844,T.J. Hockenson,TE,16.6,False,True
2021,2,1,6,FLEX,4319,Zach Pascal,WR,12.3,False,False
2021,2,1,7,SUPER_FLEX,1166,Kirk Cousins,QB,25.26,False,True
2021,2,1,8,K,5119,Jason Sanders,K,0.0,False,True
2021,2,1,9,DEF,NYG,New York Giants,DEF,2.0,False,True
2021,2,2,0,QB,5849,Kyler Murray,QB,35.1,False,True
2021,2,2,1,RB,4663,Austin Ekeler,RB,18.0,False,True
2021,2,2,2,RB,4199,Aaron Jones,RB,38.5,False,True
2021,2,2,3,WR,4039,Cooper Kupp,WR,32.3,False,True
2021,2,2,4,WR,5872,Deebo Samuel,WR,13.1,False,True
2021,2,2,5,TE,7002,Juwan Johnson,TE,2.8,False,False
2021,2,2,6,FLEX,947,Julio Jones,WR,15.8,False,True
2021,2,2,7,SUPER_FLEX,167,Tom Brady,QB,29.64,False,True
2021,2,2,8,K,6083,Matt Gay,K,9.0,False,True
2021,2,2,9,DEF,SF,San Francisco 49ers,DEF,9.0,False,True
2021,2,3,0,QB,1049,Ryan Tannehill,QB,14.58,False,True
2021,2,3,1,RB,4988,Nick Chubb,RB,16.3,False,True
2021,2,3,2,RB,6151,Miles Sanders,RB,6.4,False,True
2021,2,3,3,WR,5846,DK Metcalf,WR,8.3,False,True
2021,2,3,4,WR,7564,Ja'Marr Chase,WR,12.4,False,False
2021,2,3,5,TE,5857,Noah Fant,TE,11.3,False,True
2021,2,3,6,FLEX,2320,Melvin Gordon,RB,7.9,False,False
2021,2,3,7,SUPER_FLEX,2306,Jameis Winston,QB,10.34,False,True
2021,2,3,8,K,1266,Greg Zuerlein,K,10.0,False,True
2021,2,3,9,DEF,LAR,Los Angeles Rams,DEF,8.0,False,True
2021,2,4,0,QB,7523,Trevor Lawrence,QB,8.82,False,True
2021,2,4,1,RB,3164,Ezekiel Elliott,RB,16.7,False,True
2021,2,4,2,RB,2431,Mike Davis,RB,9.8,False,False
2021,2,4,3,WR,2133,Davante Adams,WR,16.1,False,True
2021,2,4,4,WR,7601,Rondale Moore,WR,20.9,False,False
2021,2,4,5,TE,4144,Jonnu Smith,TE,4.8,False,True
2021,2,4,6,FLEX,4068,Mike Williams,WR,18.6,False,True
2021,2,4,7,SUPER_FLEX,3163,Jared Goff,QB,19.44,False,True
2021,2,4,8,K,4666,Younghoe Koo,K,5.0,False,True
2021,2,4,9,DEF,ARI,Arizona Cardinals,DEF,3.0,False,True
2021,2,5,0,QB,1234,Russell Wilson,QB,23.32,False,True
2021,2,5,1,RB,3198,Derrick Henry,RB,44.7,False,True
2021,2,5,2,RB,3969,Leonard Fournette,RB,9.6,False,True
2021,2,5,3,WR,1426,DeAndre Hopkins,WR,13.4,False,True
2021,2,5,4,WR,5937,Diontae Johnson,WR,15.0,False,True
2021,2,5,5,TE,5012,Mark Andrews,TE,8.2,False,True
2021,2,5,6,FLEX,3664,J.D. McKissic,RB,17.8,False,False
2021,2,5,7,SUPER_FLEX,4892,Baker Mayfield,QB,18.52,False,True
2021,2,5,8,K,1264,Justin Tucker,K,7.0,False,True
2021,2,5,9,DEF,CHI,Chicago Bears,DEF,21.0,False,True
2021,2,6,0,QB,4984,Josh Allen,QB,17.66,False,True
2021,2,6,1,RB,5892,David Montgomery,RB,9.4,False,True
2021,2,6,2,RB,1476,Latavius Murray,RB,9.6,False,False
2021,2,6,3,WR,5927,Terry McLaurin,WR,22.2,False,True
2021,2,6,4,WR,7526,Jaylen Waddle,WR,5.8,False,False
2021,2,6,5,TE,7553,Kyle Pitts,TE,9.8,False,True
2021,2,6,6,FLEX,5170,Phillip Lindsay,RB,8.9,False,False
2021,2,6,7,SUPER_FLEX,6770,Joe Burrow,QB,13.28,False,True
2021,2,6,8,K,17,Matt Prater,K,12.0,False,True
2021,2,6,9,DEF,CLE,Cleveland Browns,DEF,5.0,False,True
2021,2,7,0,QB,96,Aaron Rodgers,QB,26.8,False,True
2021,2,7,1,RB,4034,Christian McCaffrey,RB,22.2,False,True
2021,2,7,2,RB,1535,Cordarrelle Patterson,RB,21.4,False,False
2021,2,7,3,WR,4037,Chris Godwin,WR,14.2,False,True
2021,2,7,4,WR,2197,Brandin Cooks,WR,18.3,False,False
2021,2,7,5,TE,2251,Logan Thomas,TE,7.0,False,True
2021,2,7,6,FLEX,1848,James White,RB,15.5,False,False
2021,2,7,7,SUPER_FLEX,7607,Michael Carter,RB,9.8,False,False
2021,2,7,8,K,5095,Daniel Carlson,K,17.0,False,True
2021,2,7,9,DEF,DEN,Denver Broncos,DEF,9.0,False,True
2021,2,8,0,QB,421,Matthew Stafford,QB,18.22,False,True
2021,2,8,1,RB,5967,Tony Pollard,RB,21.5,False,False
2021,2,8,2,RB,6945,Antonio Gibson,RB,8.3,False,True
2021,2,8,3,WR,6794,Justin Jefferson,WR,15.5,False,True
2021,2,8,4,WR,6819,Michael Pittman,WR,16.3,False,False
2021,2,8,5,TE,1466,Travis Kelce,TE,20.4,False,True
2021,2,8,6,FLEX,5890,Damien Harris,RB,12.9,False,True
2021,2,8,7,SUPER_FLEX,5917,Mecole Hardman,WR,8.0,False,False
2021,2,8,8,K,4227,Harrison Butker,K,5.0,False,True
2021,2,8,9,DEF,NO,New Orleans Saints,DEF,6.0,False,True
2021,2,9,0,QB,4881,Lamar Jackson,QB,34.26,False,True
2021,2,9,1,RB,7528,Najee Harris,RB,16.6,False,True
2021,2,9,2,RB,5980,Myles Gaskin,RB,6.6,False,True
2021,2,9,3,WR,4040,JuJu Smith-Schuster,WR,13.4,False,False
2021,2,9,4,WR,2374,Tyler Lockett,WR,27.8,False,True
2021,2,9,5,TE,4602,Robert Tonyan,TE,12.7,False,False
2021,2,9,6,FLEX,5045,Courtland Sutton,WR,20.4,False,True
2021,2,9,7,SUPER_FLEX,3200,Sterling Shepard,WR,13.0,False,False
2021,2,9,8,K,391,Ryan Succop,K,5.0,False,True
2021,2,9,9,DEF,PIT,Pittsburgh Steelers,DEF,3.0,False,True
2021,2,10,0,QB,4046,Patrick Mahomes,QB,25.02,False,True
2021,2,10,1,RB,6813,Jonathan Taylor,RB,5.8,False,True
2021,2,10,2,RB,6955,James Robinson,RB,7.9,False,True
2021,2,10,3,WR,1352,Robert Woods,WR,9.5,False,True
2021,2,10,4,WR,6801,Tee Higgins,WR,13.0,False,True
2021,2,10,5,TE,4217,George Kittle,TE,3.7,False,True
2021,2,10,6,FLEX,6130,Devin Singletary,RB,16.1,False,True
2021,2,10,7,SUPER_FLEX,5870,Daniel Jones,QB,29.46,False,True
2021,2,10,8,K,7042,Tyler Bass,K,5.0,False,True
2021,2,10,9,DEF,TB,Tampa Bay Buccaneers,DEF,19.0,False,True
2021,2,11,0,QB,138,Ben Roethlisberger,QB,14.8,False,True
2021,2,11,1,RB,6790,D'Andre Swift,RB,9.8,False,True
2021,2,11,2,RB,4273,Chris Carson,RB,15.1,False,True
2021,2,11,3,WR,2449,Stefon Diggs,WR,14.0,False,True
2021,2,11,4,WR,1689,Adam Thielen,WR,12.9,False,True
2021,2,11,5,TE,515,Rob Gronkowski,TE,17.9,False,True
2021,2,11,6,FLEX,1067,Marvin Jones,WR,14.5,False,False
2021,2,11,7,SUPER_FLEX,4943,Sam Darnold,QB,19.9,False,True
2021,2,11,8,K,2747,Jason Myers,K,5.0,False,True
2021,2,11,9,DEF,NE,New England Patriots,DEF,19.0,False,True
2021,2,12,0,QB,6904,Jalen Hurts,QB,21.8,False,True
2021,2,12,1,RB,4029,Dalvin Cook,RB,15.8,False,True
2021,2,12,2,RB,6845,Zack Moss,RB,14.4,False,False
2021,2,12,3,WR,2216,Mike Evans,WR,22.0,False,True
2021,2,12,4,WR,4983,DJ Moore,WR,17.9,False,True
2021,2,12,5,TE,2505,Darren Waller,TE,9.0,False,True
2021,2,12,6,FLEX,5848,Marquise Brown,WR,20.3,False,False
2021,2,12,7,SUPER_FLEX,6797,Justin Herbert,QB,16.72,False,True
2021,2,12,8,K,7062,Rodrigo Blankenship,K,12.0,False,True
2021,2,12,9,DEF,WAS,Washington Commanders,DEF,3.0,False,True
2021,3,1,0,QB,1166,Kirk Cousins,QB,25.12,False,True
2021,3,1,1,RB,4035,Alvin Kamara,RB,19.3,False,True
2021,3,1,2,RB,6820,Clyde Edwards-Helaire,RB,15.9,False,True
2021,3,1,3,WR,4981,Calvin Ridley,WR,10.1,False,True
2021,3,1,4,WR,6786,CeeDee Lamb,WR,8.0,False,True
2021,3,1,5,TE,5844,T.J. Hockenson,TE,2.0,False,True
2021,3,1,6,FLEX,5947,Jakobi Meyers,WR,13.9,False,False
2021,3,1,7,SUPER_FLEX,3225,Tyler Boyd,WR,11.6,False,False
2021,3,1,8,K,650,Nick Folk,K,8.0,False,True
2021,3,1,9,DEF,NYG,New York Giants,DEF,7.0,False,True
2021,3,2,0,QB,5849,Kyler Murray,QB,19.54,False,True
2021,3,2,1,RB,4663,Austin Ekeler,RB,19.7,False,True
2021,3,2,2,RB,4199,Aaron Jones,RB,16.6,False,True
2021,3,2,3,WR,4039,Cooper Kupp,WR,26.1,False,True
2021,3,2,4,WR,2078,Odell Beckham,WR,11.2,False,False
2021,3,2,5,TE,3271,Tyler Higbee,TE,12.5,False,True
2021,3,2,6,FLEX,5347,Nyheim Miller-Hines,RB,16.4,False,False
2021,3,2,7,SUPER_FLEX,167,Tom Brady,QB,28.68,False,True
2021,3,2,8,K,6083,Matt Gay,K,11.0,False,True
2021,3,2,9,DEF,BAL,Baltimore Ravens,DEF,3.0,False,True
2021,3,3,0,QB,1049,Ryan Tannehill,QB,23.48,False,True
2021,3,3,1,RB,4988,Nick Chubb,RB,8.4,False,True
2021,3,3,2,RB,2320,Melvin Gordon,RB,14.6,False,False
2021,3,3,3,WR,5846,DK Metcalf,WR,19.7,False,True
2021,3,3,4,WR,6870,Bryan Edwards,WR,10.4,False,False
2021,3,3,5,TE,3202,Austin Hooper,TE,8.9,False,False
2021,3,3,6,FLEX,7564,Ja'Marr Chase,WR,20.5,False,True
2021,3,3,7,SUPER_FLEX,2306,Jameis Winston,QB,13.52,False,True
2021,3,3,8,K,1266,Greg Zuerlein,K,4.0,False,True
2021,3,3,9,DEF,BUF,Buffalo Bills,DEF,8.0,False,True
2021,3,4,0,QB,7523,Trevor Lawrence,QB,9.46,False,True
2021,3,4,1,RB,3164,Ezekiel Elliott,RB,25.1,False,True
2021,3,4,2,RB,2431,Mike Davis,RB,9.0,False,True
2021,3,4,3,WR,2133,Davante Adams,WR,25.2,False,True
2021,3,4,4,WR,4068,Mike Williams,WR,29.7,False,True
2021,3,4,5,TE,5906,Dawson Knox,TE,12.9,False,False
2021,3,4,6,FLEX,1144,Cole Beasley,WR,15.3,False,False
2021,3,4,7,SUPER_FLEX,7588,Javonte Williams,RB,11.7,False,False
2021,3,4,8,K,4666,Younghoe Koo,K,6.0,False,True
2021,3,4,9,DEF,ARI,Arizona Cardinals,DEF,21.0,False,True
2021,3,5,0,QB,1234,Russell Wilson,QB,16.62,False,True
2021,3,5,1,RB,3198,Derrick Henry,RB,17.9,False,True
2021,3,5,2,RB,3969,Leonard Fournette,RB,4.9,False,True
2021,3,5,3,WR,830,A.J. Green,WR,13.7,False,False
2021,3,5,4,WR,2319,DeVante Parker,WR,6.2,False,True
2021,3,5,5,TE,5012,Mark Andrews,TE,13.4,False,True
2021,3,5,6,FLEX,3214,Hunter Henry,TE,6.1,False,False
2021,3,5,7,SUPER_FLEX,4892,Baker Mayfield,QB,16.94,False,True
2021,3,5,8,K,1264,Justin Tucker,K,17.0,False,True
2021,3,5,9,DEF,LV,Las Vegas Raiders,DEF,5.0,False,True
2021,3,6,0,QB,4984,Josh Allen,QB,37.22,False,True
2021,3,6,1,RB,4098,Kareem Hunt,RB,24.5,False,False
2021,3,6,2,RB,5987,Alexander Mattison,RB,20.1,False,True
2021,3,6,3,WR,5927,Terry McLaurin,WR,8.2,False,True
2021,3,6,4,WR,6789,Henry Ruggs,WR,10.5,False,False
2021,3,6,5,TE,7553,Kyle Pitts,TE,4.5,False,True
2021,3,6,6,FLEX,7526,Jaylen Waddle,WR,11.8,False,False
2021,3,6,7,SUPER_FLEX,24,Matt Ryan,QB,15.62,False,True
2021,3,6,8,K,17,Matt Prater,K,7.0,False,True
2021,3,6,9,DEF,CLE,Cleveland Browns,DEF,16.0,False,True
2021,3,7,0,QB,3294,Dak Prescott,QB,20.12,False,True
2021,3,7,1,RB,4034,Christian McCaffrey,RB,5.0,False,True
2021,3,7,2,RB,1535,Cordarrelle Patterson,RB,13.2,False,False
2021,3,7,3,WR,4037,Chris Godwin,WR,16.6,False,True
2021,3,7,4,WR,2197,Brandin Cooks,WR,16.2,False,False
2021,3,7,5,TE,2251,Logan Thomas,TE,10.2,False,True
2021,3,7,6,FLEX,4149,Jamaal Williams,RB,13.7,False,False
2021,3,7,7,SUPER_FLEX,96,Aaron Rodgers,QB,18.54,False,True
2021,3,7,8,K,5095,Daniel Carlson,K,12.0,False,True
2021,3,7,9,DEF,DEN,Denver Broncos,DEF,19.0,False,True
2021,3,8,0,QB,421,Matthew Stafford,QB,29.52,False,True
2021,3,8,1,RB,7593,Trey Sermon,RB,10.4,False,False
2021,3,8,2,RB,6945,Antonio Gibson,RB,16.9,False,True
2021,3,8,3,WR,6794,Justin Jefferson,WR,22.3,False,True
2021,3,8,4,WR,4951,DJ Chark,WR,12.4,False,False
2021,3,8,5,TE,1466,Travis Kelce,TE,13.9,False,True
2021,3,8,6,FLEX,5917,Mecole Hardman,WR,11.0,False,False
2021,3,8,7,SUPER_FLEX,2028,Derek Carr,QB,22.24,False,True
2021,3,8,8,K,4227,Harrison Butker,K,6.0,False,True
2021,3,8,9,DEF,NO,New Orleans Saints,DEF,20.0,False,True
2021,3,9,0,QB,4881,Lamar Jackson,QB,20.28,False,True
2021,3,9,1,RB,7528,Najee Harris,RB,21.2,False,True
2021,3,9,2,RB,5980,Myles Gaskin,RB,8.9,False,True
2021,3,9,3,WR,1479,Keenan Allen,WR,15.0,False,True
2021,3,9,4,WR,6989,Marquez Callaway,WR,12.1,False,False
2021,3,9,5,TE,4066,Evan Engram,TE,1.1,False,True
2021,3,9,6,FLEX,5045,Courtland Sutton,WR,6.2,False,True
2021,3,9,7,SUPER_FLEX,6770,Joe Burrow,QB,18.58,False,True
2021,3,9,8,K,391,Ryan Succop,K,6.0,False,True
2021,3,9,9,DEF,CAR,Carolina Panthers,DEF,9.0,False,True
2021,3,10,0,QB,4046,Patrick Mahomes,QB,24.9,False,True
2021,3,10,1,RB,6813,Jonathan Taylor,RB,7.7,False,True
2021,3,10,2,RB,6955,James Robinson,RB,22.4,False,True
2021,3,10,3,WR,1352,Robert Woods,WR,5.3,False,True
2021,3,10,4,WR,6803,Brandon Aiyuk,WR,12.5,False,False
2021,3,10,5,TE,4217,George Kittle,TE,13.6,False,True
2021,3,10,6,FLEX,5549,Darrel Williams,RB,4.9,False,False
2021,3,10,7,SUPER_FLEX,5870,Daniel Jones,QB,16.54,False,True
2021,3,10,8,K,1433,Brandon McManus,K,16.0,False,True
2021,3,10,9,DEF,TB,Tampa Bay Buccaneers,DEF,1.0,False,True
2021,3,11,0,QB,4943,Sam Darnold,QB,25.26,False,True
2021,3,11,1,RB,4866,Saquon Barkley,RB,18.4,False,True
2021,3,11,2,RB,4273,Chris Carson,RB,15.2,False,True
2021,3,11,3,WR,2449,Stefon Diggs,WR,9.2,False,True
2021,3,11,4,WR,1689,Adam Thielen,WR,14.0,False,True
2021,3,11,5,TE,5022,Dallas Goedert,TE,7.6,False,False
2021,3,11,6,FLEX,6790,D'Andre Swift,RB,20.2,False,True
2021,3,11,7,SUPER_FLEX,4137,James Conner,RB,17.8,False,False
2021,3,11,8,K,1348,Dustin Hopkins,K,4.0,False,True
2021,3,11,9,DEF,NE,New England Patriots,DEF,3.0,False,True
2021,3,12,0,QB,6904,Jalen Hurts,QB,22.54,False,True
2021,3,12,1,RB,6845,Zack Moss,RB,16.6,False,False
2021,3,12,2,RB,5000,Chase Edmonds,RB,11.0,False,True
2021,3,12,3,WR,2216,Mike Evans,WR,14.6,False,True
2021,3,12,4,WR,4983,DJ Moore,WR,16.5,False,True
2021,3,12,5,TE,4993,Mike Gesicki,TE,13.6,False,False
2021,3,12,6,FLEX,6886,Chase Claypool,WR,14.1,False,True
2021,3,12,7,SUPER_FLEX,6797,Justin Herbert,QB,30.84,False,True
2021,3,12,8,K,7062,Rodrigo Blankenship,K,11.0,False,True
2021,3,12,9,DEF,WAS,Washington Commanders,DEF,-3.0,False,True
2021,4,1,0,QB,2306,Jameis Winston,QB,13.04,False,True
2021,4,1,1,RB,4035,Alvin Kamara,RB,12.0,False,True
2021,4,1,2,RB,6820,Clyde Edwards-Helaire,RB,18.4,False,True
2021,4,1,3,WR,3225,Tyler Boyd,WR,16.3,False,False
2021,4,1,4,WR,6814,Laviska Shenault,WR,14.0,False,False
2021,4,1,5,TE,5844,T.J. Hockenson,TE,6.2,False,True
2021,4,1,6,FLEX,5916,Darrell Henderson,RB,14.1,False,True
2021,4,1,7,SUPER_FLEX,5947,Jakobi Meyers,WR,12.8,False,False
2021,4,1,8,K,650,Nick Folk,K,5.0,False,True
2021,4,1,9,DEF,DET,Detroit Lions,DEF,4.0,False,True
2021,4,2,0,QB,5849,Kyler Murray,QB,22.62,False,True
2021,4,2,1,RB,4663,Austin Ekeler,RB,28.0,False,True
2021,4,2,2,RB,4199,Aaron Jones,RB,9.4,False,True
2021,4,2,3,WR,4036,Corey Davis,WR,19.1,False,False
2021,4,2,4,WR,5872,Deebo Samuel,WR,31.7,False,True
2021,4,2,5,TE,7002,Juwan Johnson,TE,9.0,False,False
2021,4,2,6,FLEX,7567,Kenny Gainwell,RB,17.9,False,False
2021,4,2,7,SUPER_FLEX,167,Tom Brady,QB,11.06,False,True
2021,4,2,8,K,6083,Matt Gay,K,9.0,False,True
2021,4,2,9,DEF,BAL,Baltimore Ravens,DEF,11.0,False,True
2021,4,3,0,QB,1049,Ryan Tannehill,QB,18.82,False,True
2021,4,3,1,RB,4988,Nick Chubb,RB,11.0,False,True
2021,4,3,2,RB,3664,J.D. McKissic,RB,14.4,False,False
2021,4,3,3,WR,7564,Ja'Marr Chase,WR,10.7,False,True
2021,4,3,4,WR,3321,Tyreek Hill,WR,42.1,False,True
2021,4,3,5,TE,5857,Noah Fant,TE,13.6,False,True
2021,4,3,6,FLEX,5846,DK Metcalf,WR,14.5,False,True
2021,4,3,7,SUPER_FLEX,2711,Taylor Heinicke,QB,27.9,False,True
2021,4,3,8,K,5272,Greg Joseph,K,1.0,False,True
2021,4,3,9,DEF,BUF,Buffalo Bills,DEF,24.0,False,True
2021,4,4,0,QB,7523,Trevor Lawrence,QB,17.76,False,True
2021,4,4,1,RB,3164,Ezekiel Elliott,RB,20.3,False,True
2021,4,4,2,RB,2431,Mike Davis,RB,9.6,False,False
2021,4,4,3,WR,2133,Davante Adams,WR,9.4,False,True
2021,4,4,4,WR,536,Antonio Brown,WR,9.8,False,True
2021,4,4,5,TE,5906,Dawson Knox,TE,18.2,False,True
2021,4,4,6,FLEX,4144,Jonnu Smith,TE,8.9,False,False
2021,4,4,7,SUPER_FLEX,7591,Justin Fields,QB,8.26,False,True
2021,4,4,8,K,4666,Younghoe Koo,K,6.0,False,True
2021,4,4,9,DEF,LAC,Los Angeles Chargers,DEF,8.0,False,True
2021,4,5,0,QB,1234,Russell Wilson,QB,22.56,False,True
2021,4,5,1,RB,3198,Derrick Henry,RB,24.7,False,True
2021,4,5,2,RB,3969,Leonard Fournette,RB,15.3,False,True
2021,4,5,3,WR,2319,DeVante Parker,WR,15.7,False,False
2021,4,5,4,WR,5937,Diontae Johnson,WR,19.7,False,True
2021,4,5,5,TE,3214,Hunter Henry,TE,11.2,False,False
2021,4,5,6,FLEX,538,Emmanuel Sanders,WR,10.6,False,True
2021,4,5,7,SUPER_FLEX,4892,Baker Mayfield,QB,9.3,False,True
2021,4,5,8,K,1264,Justin Tucker,K,13.0,False,True
2021,4,5,9,DEF,CIN,Cincinnati Bengals,DEF,2.0,False,True
2021,4,6,0,QB,4984,Josh Allen,QB,21.02,False,True
2021,4,6,1,RB,5892,David Montgomery,RB,22.6,False,True
2021,4,6,2,RB,4098,Kareem Hunt,RB,15.6,False,True
2021,4,6,3,WR,5927,Terry McLaurin,WR,27.3,False,True
2021,4,6,4,WR,6789,Henry Ruggs,WR,7.5,False,False
2021,4,6,5,TE,7553,Kyle Pitts,TE,7.0,False,True
2021,4,6,6,FLEX,7525,DeVonta Smith,WR,15.7,False,True
2021,4,6,7,SUPER_FLEX,24,Matt Ryan,QB,29.02,False,True
2021,4,6,8,K,17,Matt Prater,K,15.0,False,True
2021,4,6,9,DEF,CLE,Cleveland Browns,DEF,8.0,False,True
2021,4,7,0,QB,3294,Dak Prescott,QB,27.02,False,True
2021,4,7,1,RB,1535,Cordarrelle Patterson,RB,32.1,False,True
2021,4,7,2,RB,7607,Michael Carter,RB,9.9,False,False
2021,4,7,3,WR,830,A.J. Green,WR,15.2,False,False
2021,4,7,4,WR,2197,Brandin Cooks,WR,7.2,False,True
2021,4,7,5,TE,2251,Logan Thomas,TE,0.0,False,True
2021,4,7,6,FLEX,1992,Allen Robinson,WR,7.8,False,True
2021,4,7,7,SUPER_FLEX,96,Aaron Rodgers,QB,24.12,False,True
2021,4,7,8,K,5095,Daniel Carlson,K,2.0,False,True
2021,4,7,9,DEF,DEN,Denver Broncos,DEF,3.0,False,True
2021,4,8,0,QB,421,Matthew Stafford,QB,20.3,False,True
2021,4,8,1,RB,4018,Joe Mixon,RB,13.2,False,True
2021,4,8,2,RB,6945,Antonio Gibson,RB,14.5,False,True
2021,4,8,3,WR,6794,Justin Jefferson,WR,17.4,False,True
2021,4,8,4,WR,2309,Amari Cooper,WR,14.4,False,True
2021,4,8,5,TE,1466,Travis Kelce,TE,4.3,False,True
2021,4,8,6,FLEX,1476,Latavius Murray,RB,11.9,False,False
2021,4,8,7,SUPER_FLEX,2028,Derek Carr,QB,15.44,False,True
2021,4,8,8,K,4227,Harrison Butker,K,6.0,False,True
2021,4,8,9,DEF,NO,New Orleans Saints,DEF,4.0,False,True
2021,4,9,0,QB,4881,Lamar Jackson,QB,19.44,False,True
2021,4,9,1,RB,7528,Najee Harris,RB,18.1,False,True
2021,4,9,2,RB,5850,Josh Jacobs,RB,8.2,False,True
2021,4,9,3,WR,1479,Keenan Allen,WR,7.1,False,True
2021,4,9,4,WR,6989,Marquez Callaway,WR,8.4,False,False
2021,4,9,5,TE,4066,Evan Engram,TE,4.9,False,False
2021,4,9,6,FLEX,5045,Courtland Sutton,WR,6.2,False,True
2021,4,9,7,SUPER_FLEX,6770,Joe Burrow,QB,22.32,False,True
2021,4,9,8,K,59,Mason Crosby,K,9.0,False,True
2021,4,9,9,DEF,CHI,Chicago Bears,DEF,11.0,False,True
2021,4,10,0,QB,4046,Patrick Mahomes,QB,32.72,False,True
2021,4,10,1,RB,6813,Jonathan Taylor,RB,18.9,False,True
2021,4,10,2,RB,6955,James Robinson,RB,20.1,False,True
2021,4,10,3,WR,1352,Robert Woods,WR,12.8,False,True
2021,4,10,4,WR,5955,Hunter Renfrow,WR,13.5,False,True
2021,4,10,5,TE,4217,George Kittle,TE,6.0,False,True
2021,4,10,6,FLEX,5549,Darrel Williams,RB,12.8,False,False
2021,4,10,7,SUPER_FLEX,5870,Daniel Jones,QB,27.78,False,True
2021,4,10,8,K,1433,Brandon McManus,K,1.0,False,True
2021,4,10,9,DEF,TB,Tampa Bay Buccaneers,DEF,10.0,False,True
2021,4,11,0,QB,4943,Sam Darnold,QB,33.54,False,True
2021,4,11,1,RB,4866,Saquon Barkley,RB,27.1,False,True
2021,4,11,2,RB,4137,James Conner,RB,19.6,False,False
2021,4,11,3,WR,2449,Stefon Diggs,WR,14.9,False,True
2021,4,11,4,WR,4131,Kenny Golladay,WR,14.6,False,False
2021,4,11,5,TE,5022,Dallas Goedert,TE,14.1,False,True
2021,4,11,6,FLEX,6790,D'Andre Swift,RB,6.9,False,True
2021,4,11,7,SUPER_FLEX,5001,Dalton Schultz,TE,14.8,False,False
2021,4,11,8,K,7042,Tyler Bass,K,16.0,False,True
2021,4,11,9,DEF,TEN,Tennessee Titans,DEF,5.0,False,True
2021,4,12,0,QB,6904,Jalen Hurts,QB,28.18,False,True
2021,4,12,1,RB,5000,Chase Edmonds,RB,15.9,False,False
2021,4,12,2,RB,6845,Zack Moss,RB,12.1,False,True
2021,4,12,3,WR,5848,Marquise Brown,WR,17.1,False,False
2021,4,12,4,WR,4983,DJ Moore,WR,27.9,False,True
2021,4,12,5,TE,4993,Mike Gesicki,TE,14.2,False,False
2021,4,12,6,FLEX,7090,Darnell Mooney,WR,16.0,False,False
2021,4,12,7,SUPER_FLEX,6797,Justin Herbert,QB,21.28,False,True
2021,4,12,8,K,7062,Rodrigo Blankenship,K,10.0,False,True
2021,4,12,9,DEF,WAS,Washington Commanders,DEF,7.0,False,True
2021,5,1,0,QB,1166,Kirk Cousins,QB,14.4,False,True
2021,5,1,1,RB,4035,Alvin Kamara,RB,26.7,False,True
2021,5,1,2,RB,5916,Darrell Henderson,RB,16.4,False,True
2021,5,1,3,WR,6814,Laviska Shenault,WR,6.3,False,True
2021,5,1,4,WR,6786,CeeDee Lamb,WR,16.8,False,True
2021,5,1,5,TE,5844,T.J. Hockenson,TE,3.2,False,True
2021,5,1,6,FLEX,5947,Jakobi Meyers,WR,7.6,False,False
2021,5,1,7,SUPER_FLEX,7610,Trey Lance,QB,15.58,False,True
2021,5,1,8,K,650,Nick Folk,K,16.0,False,True
2021,5,1,9,DEF,PIT,Pittsburgh Steelers,DEF,5.0,False,True
2021,5,2,0,QB,5849,Kyler Murray,QB,13.66,False,True
2021,5,2,1,RB,4663,Austin Ekeler,RB,30.4,False,True
2021,5,2,2,RB,4199,Aaron Jones,RB,12.9,False,True
2021,5,2,3,WR,4039,Cooper Kupp,WR,12.7,False,True
2021,5,2,4,WR,5872,Deebo Samuel,WR,14.6,False,True
2021,5,2,5,TE,3271,Tyler Higbee,TE,8.4,False,True
2021,5,2,6,FLEX,1386,Giovani Bernard,RB,10.5,False,False
2021,5,2,7,SUPER_FLEX,167,Tom Brady,QB,37.74,False,True
2021,5,2,8,K,6083,Matt Gay,K,8.0,False,True
2021,5,2,9,DEF,BAL,Baltimore Ravens,DEF,7.0,False,False
2021,5,3,0,QB,1049,Ryan Tannehill,QB,13.98,False,True
2021,5,3,1,RB,4988,Nick Chubb,RB,23.5,False,True
2021,5,3,2,RB,4147,Samaje Perine,RB,16.3,False,False
2021,5,3,3,WR,5846,DK Metcalf,WR,24.3,False,True
2021,5,3,4,WR,3321,Tyreek Hill,WR,11.3,False,True
2021,5,3,5,TE,5857,Noah Fant,TE,3.5,False,True
2021,5,3,6,FLEX,7564,Ja'Marr Chase,WR,24.9,False,True
2021,5,3,7,SUPER_FLEX,2711,Taylor Heinicke,QB,11.92,False,True
2021,5,3,8,K,5272,Greg Joseph,K,17.0,False,True
2021,5,3,9,DEF,BUF,Buffalo Bills,DEF,17.0,False,False
2021,5,4,0,QB,7523,Trevor Lawrence,QB,22.72,False,True
2021,5,4,1,RB,3164,Ezekiel Elliott,RB,24.2,False,True
2021,5,4,2,RB,2431,Mike Davis,RB,11.1,False,True
2021,5,4,3,WR,2133,Davante Adams,WR,32.1,False,True
2021,5,4,4,WR,4068,Mike Williams,WR,32.5,False,True
2021,5,4,5,TE,5906,Dawson Knox,TE,19.2,False,True
2021,5,4,6,FLEX,7588,Javonte Williams,RB,10.1,False,False
2021,5,4,7,SUPER_FLEX,536,Antonio Brown,WR,27.9,False,False
2021,5,4,8,K,4666,Younghoe Koo,K,11.0,False,True
2021,5,4,9,DEF,DAL,Dallas Cowboys,DEF,11.0,False,True
2021,5,5,0,QB,4892,Baker Mayfield,QB,23.0,False,False
2021,5,5,1,RB,3198,Derrick Henry,RB,31.0,False,True
2021,5,5,2,RB,3969,Leonard Fournette,RB,19.0,False,True
2021,5,5,3,WR,1426,DeAndre Hopkins,WR,17.7,False,True
2021,5,5,4,WR,538,Emmanuel Sanders,WR,18.9,False,False
2021,5,5,5,TE,5012,Mark Andrews,TE,36.2,False,True
2021,5,5,6,FLEX,5937,Diontae Johnson,WR,14.2,False,True
2021,5,5,7,SUPER_FLEX,3214,Hunter Henry,TE,16.5,False,False
2021,5,5,8,K,1264,Justin Tucker,K,3.0,False,True
2021,5,5,9,DEF,GB,Green Bay Packers,DEF,7.0,False,True
2021,5,6,0,QB,4984,Josh Allen,QB,36.5,False,True
2021,5,6,1,RB,4098,Kareem Hunt,RB,23.4,False,True
2021,5,6,2,RB,1833,Damien Williams,RB,15.4,False,True
2021,5,6,3,WR,7525,DeVonta Smith,WR,11.2,False,False
2021,5,6,4,WR,4351,Tim Patrick,WR,12.4,False,False
2021,5,6,5,TE,7553,Kyle Pitts,TE,22.4,False,True
2021,5,6,6,FLEX,5987,Alexander Mattison,RB,22.8,False,True
2021,5,6,7,SUPER_FLEX,24,Matt Ryan,QB,21.58,False,True
2021,5,6,8,K,17,Matt Prater,K,5.0,False,True
2021,5,6,9,DEF,CLE,Cleveland Browns,DEF,2.0,False,True
2021,5,7,0,QB,3294,Dak Prescott,QB,21.68,False,True
2021,5,7,1,RB,1535,Cordarrelle Patterson,RB,14.9,False,True
2021,5,7,2,RB,7607,Michael Carter,RB,13.3,False,False
2021,5,7,3,WR,4037,Chris Godwin,WR,10.5,False,True
2021,5,7,4,WR,5848,Marquise Brown,WR,29.0,False,True
2021,5,7,5,TE,367,Jared Cook,TE,3.4,False,True
2021,5,7,6,FLEX,7594,Chuba Hubbard,RB,15.9,False,True
2021,5,7,7,SUPER_FLEX,96,Aaron Rodgers,QB,20.76,False,True
2021,5,7,8,K,5095,Daniel Carlson,K,3.0,False,True
2021,5,7,9,DEF,DEN,Denver Broncos,DEF,4.0,False,True
2021,5,8,0,QB,421,Matthew Stafford,QB,17.5,False,True
2021,5,8,1,RB,6828,AJ Dillon,RB,15.9,False,False
2021,5,8,2,RB,6945,Antonio Gibson,RB,20.2,False,True
2021,5,8,3,WR,6794,Justin Jefferson,WR,15.9,False,True
2021,5,8,4,WR,2309,Amari Cooper,WR,13.5,False,True
2021,5,8,5,TE,1466,Travis Kelce,TE,14.7,False,True
2021,5,8,6,FLEX,6819,Michael Pittman,WR,17.9,False,False
2021,5,8,7,SUPER_FLEX,5967,Tony Pollard,RB,12.3,False,False
2021,5,8,8,K,4227,Harrison Butker,K,10.0,False,True
2021,5,8,9,DEF,NO,New Orleans Saints,DEF,6.0,False,True
2021,5,9,0,QB,4881,Lamar Jackson,QB,41.88,False,True
2021,5,9,1,RB,7528,Najee Harris,RB,21.2,False,True
2021,5,9,2,RB,5850,Josh Jacobs,RB,14.7,False,True
2021,5,9,3,WR,1479,Keenan Allen,WR,10.5,False,True
2021,5,9,4,WR,5045,Courtland Sutton,WR,21.5,False,True
2021,5,9,5,TE,4066,Evan Engram,TE,7.5,False,False
2021,5,9,6,FLEX,5980,Myles Gaskin,RB,26.9,False,False
2021,5,9,7,SUPER_FLEX,6770,Joe Burrow,QB,20.34,False,True
2021,5,9,8,K,59,Mason Crosby,K,14.0,False,True
2021,5,9,9,DEF,CAR,Carolina Panthers,DEF,9.0,False,True
2021,5,10,0,QB,4046,Patrick Mahomes,QB,20.98,False,True
2021,5,10,1,RB,6813,Jonathan Taylor,RB,30.4,False,True
2021,5,10,2,RB,6955,James Robinson,RB,21.2,False,True
2021,5,10,3,WR,5955,Hunter Renfrow,WR,8.6,False,True
2021,5,10,4,WR,1352,Robert Woods,WR,21.0,False,True
2021,5,10,5,TE,1339,Zach Ertz,TE,1.2,False,True
2021,5,10,6,FLEX,6801,Tee Higgins,WR,7.7,False,True
2021,5,10,7,SUPER_FLEX,7606,Kadarius Toney,WR,24.6,False,False
2021,5,10,8,K,1433,Brandon McManus,K,7.0,False,True
2021,5,10,9,DEF,TB,Tampa Bay Buccaneers,DEF,9.0,False,True
2021,5,11,0,QB,4943,Sam Darnold,QB,9.08,False,True
2021,5,11,1,RB,3327,Alex Collins,RB,8.2,False,False
2021,5,11,2,RB,4137,James Conner,RB,10.2,False,False
2021,5,11,3,WR,2449,Stefon Diggs,WR,7.9,False,True
2021,5,11,4,WR,1689,Adam Thielen,WR,5.0,False,True
2021,5,11,5,TE,5001,Dalton Schultz,TE,10.9,False,True
2021,5,11,6,FLEX,6790,D'Andre Swift,RB,19.4,False,True
2021,5,11,7,SUPER_FLEX,2306,Jameis Winston,QB,26.76,False,True
2021,5,11,8,K,7042,Tyler Bass,K,8.0,False,True
2021,5,11,9,DEF,ATL,Atlanta Falcons,DEF,6.0,False,True
2021,5,12,0,QB,6904,Jalen Hurts,QB,23.92,False,True
2021,5,12,1,RB,5000,Chase Edmonds,RB,2.9,False,True
2021,5,12,2,RB,6845,Zack Moss,RB,10.7,False,True
2021,5,12,3,WR,2216,Mike Evans,WR,26.3,False,True
2021,5,12,4,WR,6886,Chase Claypool,WR,21.5,False,False
2021,5,12,5,TE,2505,Darren Waller,TE,6.5,False,True
2021,5,12,6,FLEX,4950,Christian Kirk,WR,7.5,False,False
2021,5,12,7,SUPER_FLEX,6797,Justin Herbert,QB,42.82,False,True
2021,5,12,8,K,7062,Rodrigo Blankenship,K,6.0,False,True
2021,5,12,9,DEF,ARI,Arizona Cardinals,DEF,8.0,False,True
2021,6,1,0,QB,1166,Kirk Cousins,QB,28.52,False,True
2021,6,1,1,RB,7098,Ty'Son Williams,RB,0.0,False,True
2021,6,1,2,RB,5916,Darrell Henderson,RB,23.7,False,True
2021,6,1,3,WR,3423,Robbie Chosen,WR,8.6,False,False
2021,6,1,4,WR,6786,CeeDee Lamb,WR,31.6,False,True
2021,6,1,5,TE,5844,T.J. Hockenson,TE,11.4,False,True
2021,6,1,6,FLEX,5947,Jakobi Meyers,WR,8.9,False,True
2021,6,1,7,SUPER_FLEX,138,Ben Roethlisberger,QB,10.86,False,True
2021,6,1,8,K,650,Nick Folk,K,3.0,False,True
2021,6,1,9,DEF,PIT,Pittsburgh Steelers,DEF,11.0,False,True
2021,6,2,0,QB,5849,Kyler Murray,QB,25.76,False,True
2021,6,2,1,RB,4663,Austin Ekeler,RB,7.5,False,True
2021,6,2,2,RB,4199,Aaron Jones,RB,19.0,False,True
2021,6,2,3,WR,4039,Cooper Kupp,WR,29.5,False,True
2021,6,2,4,WR,2078,Odell Beckham,WR,10.4,False,False
2021,6,2,5,TE,3271,Tyler Higbee,TE,6.1,False,True
2021,6,2,6,FLEX,1144,Cole Beasley,WR,18.3,False,True
2021,6,2,7,SUPER_FLEX,167,Tom Brady,QB,18.98,False,True
2021,6,2,8,K,6083,Matt Gay,K,8.0,False,True
2021,6,2,9,DEF,NE,New England Patriots,DEF,5.0,False,True
2021,6,3,0,QB,1049,Ryan Tannehill,QB,13.94,False,True
2021,6,3,1,RB,3664,J.D. McKissic,RB,15.0,False,False
2021,6,3,2,RB,2320,Melvin Gordon,RB,8.8,False,True
2021,6,3,3,WR,7564,Ja'Marr Chase,WR,11.7,False,True
2021,6,3,4,WR,3321,Tyreek Hill,WR,18.1,False,True
2021,6,3,5,TE,5857,Noah Fant,TE,20.2,False,True
2021,6,3,6,FLEX,5846,DK Metcalf,WR,8.8,False,True
2021,6,3,7,SUPER_FLEX,2711,Taylor Heinicke,QB,10.28,False,True
2021,6,3,8,K,5272,Greg Joseph,K,10.0,False,True
2021,6,3,9,DEF,LAR,Los Angeles Rams,DEF,18.0,False,True
2021,6,4,0,QB,7523,Trevor Lawrence,QB,15.86,False,True
2021,6,4,1,RB,3164,Ezekiel Elliott,RB,15.4,False,True
2021,6,4,2,RB,7608,Khalil Herbert,RB,18.2,False,True
2021,6,4,3,WR,2133,Davante Adams,WR,10.9,False,True
2021,6,4,4,WR,536,Antonio Brown,WR,19.8,False,True
2021,6,4,5,TE,5906,Dawson Knox,TE,6.0,False,True
2021,6,4,6,FLEX,3242,Kenyan Drake,RB,20.3,False,False
2021,6,4,7,SUPER_FLEX,7591,Justin Fields,QB,14.26,False,True
2021,6,4,8,K,391,Ryan Succop,K,4.0,False,True
2021,6,4,9,DEF,IND,Indianapolis Colts,DEF,16.0,False,True
2021,6,5,0,QB,3161,Carson Wentz,QB,17.02,False,True
2021,6,5,1,RB,3198,Derrick Henry,RB,34.6,False,True
2021,6,5,2,RB,3969,Leonard Fournette,RB,27.7,False,True
2021,6,5,3,WR,1426,DeAndre Hopkins,WR,19.0,False,True
2021,6,5,4,WR,5859,A.J. Brown,WR,12.6,False,False
2021,6,5,5,TE,5012,Mark Andrews,TE,15.3,False,True
2021,6,5,6,FLEX,5937,Diontae Johnson,WR,14.1,False,True
2021,6,5,7,SUPER_FLEX,4892,Baker Mayfield,QB,13.16,False,True
2021,6,5,8,K,1264,Justin Tucker,K,12.0,False,True
2021,6,5,9,DEF,GB,Green Bay Packers,DEF,7.0,False,True
2021,6,6,0,QB,4984,Josh Allen,QB,29.72,False,True
2021,6,6,1,RB,4098,Kareem Hunt,RB,9.3,False,True
2021,6,6,2,RB,5987,Alexander Mattison,RB,1.0,False,True
2021,6,6,3,WR,7526,Jaylen Waddle,WR,24.0,False,True
2021,6,6,4,WR,6789,Henry Ruggs,WR,17.2,False,False
2021,6,6,5,TE,4531,Ricky Seals-Jones,TE,13.8,False,True
2021,6,6,6,FLEX,7547,Amon-Ra St. Brown,WR,7.1,False,False
2021,6,6,7,SUPER_FLEX,1373,Geno Smith,QB,10.26,False,True
2021,6,6,8,K,17,Matt Prater,K,15.0,False,True
2021,6,6,9,DEF,CLE,Cleveland Browns,DEF,0.0,False,True
2021,6,7,0,QB,3294,Dak Prescott,QB,27.8,False,True
2021,6,7,1,RB,7594,Chuba Hubbard,RB,13.0,False,True
2021,6,7,2,RB,5890,Damien Harris,RB,17.3,False,True
2021,6,7,3,WR,4037,Chris Godwin,WR,6.8,False,True
2021,6,7,4,WR,830,A.J. Green,WR,16.4,False,False
2021,6,7,5,TE,367,Jared Cook,TE,10.5,False,True
2021,6,7,6,FLEX,1992,Allen Robinson,WR,7.3,False,True
2021,6,7,7,SUPER_FLEX,96,Aaron Rodgers,QB,23.7,False,True
2021,6,7,8,K,5095,Daniel Carlson,K,12.0,False,True
2021,6,7,9,DEF,DEN,Denver Broncos,DEF,1.0,False,True
2021,6,8,0,QB,421,Matthew Stafford,QB,26.24,False,True
2021,6,8,1,RB,4018,Joe Mixon,RB,23.8,False,True
2021,6,8,2,RB,1476,Latavius Murray,RB,12.6,False,False
2021,6,8,3,WR,6794,Justin Jefferson,WR,10.0,False,True
2021,6,8,4,WR,5045,Courtland Sutton,WR,19.4,False,False
2021,6,8,5,TE,1466,Travis Kelce,TE,13.9,False,True
2021,6,8,6,FLEX,5549,Darrel Williams,RB,22.4,False,True
2021,6,8,7,SUPER_FLEX,6768,Tua Tagovailoa,QB,22.36,False,False
2021,6,8,8,K,4227,Harrison Butker,K,9.0,False,True
2021,6,8,9,DEF,MIA,Miami Dolphins,DEF,5.0,False,True
2021,6,9,0,QB,4881,Lamar Jackson,QB,13.78,False,True
2021,6,9,1,RB,7528,Najee Harris,RB,21.7,False,True
2021,6,9,2,RB,5850,Josh Jacobs,RB,14.7,False,True
2021,6,9,3,WR,3200,Sterling Shepard,WR,12.6,False,False
2021,6,9,4,WR,4351,Tim Patrick,WR,11.7,False,False
2021,6,9,5,TE,4066,Evan Engram,TE,3.9,False,True
2021,6,9,6,FLEX,7611,Rhamondre Stevenson,RB,13.7,False,False
2021,6,9,7,SUPER_FLEX,6770,Joe Burrow,QB,23.84,False,True
2021,6,9,8,K,59,Mason Crosby,K,6.0,False,True
2021,6,9,9,DEF,CAR,Carolina Panthers,DEF,12.0,False,True
2021,6,10,0,QB,4046,Patrick Mahomes,QB,24.98,False,True
2021,6,10,1,RB,6813,Jonathan Taylor,RB,28.3,False,True
2021,6,10,2,RB,6955,James Robinson,RB,17.6,False,True
2021,6,10,3,WR,6801,Tee Higgins,WR,5.9,False,True
2021,6,10,4,WR,1352,Robert Woods,WR,10.1,False,True
2021,6,10,5,TE,1339,Zach Ertz,TE,10.9,False,True
2021,6,10,6,FLEX,5917,Mecole Hardman,WR,6.8,False,False
2021,6,10,7,SUPER_FLEX,5870,Daniel Jones,QB,7.08,False,True
2021,6,10,8,K,1433,Brandon McManus,K,6.0,False,True
2021,6,10,9,DEF,TB,Tampa Bay Buccaneers,DEF,4.0,False,True
2021,6,11,0,QB,4943,Sam Darnold,QB,16.08,False,True
2021,6,11,1,RB,3327,Alex Collins,RB,16.3,False,False
2021,6,11,2,RB,6790,D'Andre Swift,RB,15.2,False,True
2021,6,11,3,WR,2449,Stefon Diggs,WR,19.4,False,True
2021,6,11,4,WR,1689,Adam Thielen,WR,24.3,False,True
2021,6,11,5,TE,5001,Dalton Schultz,TE,10.4,False,True
2021,6,11,6,FLEX,1067,Marvin Jones,WR,19.5,False,False
2021,6,11,7,SUPER_FLEX,3163,Jared Goff,QB,9.18,False,True
2021,6,11,8,K,7042,Tyler Bass,K,13.0,False,True
2021,6,11,9,DEF,CIN,Cincinnati Bengals,DEF,7.0,False,True
2021,6,12,0,QB,6904,Jalen Hurts,QB,26.0,False,True
2021,6,12,1,RB,4029,Dalvin Cook,RB,21.3,False,True
2021,6,12,2,RB,5000,Chase Edmonds,RB,6.5,False,False
2021,6,12,3,WR,4950,Christian Kirk,WR,16.0,False,False
2021,6,12,4,WR,2197,Brandin Cooks,WR,13.4,False,False
2021,6,12,5,TE,4993,Mike Gesicki,TE,15.5,False,False
2021,6,12,6,FLEX,7090,Darnell Mooney,WR,13.0,False,False
2021,6,12,7,SUPER_FLEX,6797,Justin Herbert,QB,12.0,False,True
2021,6,12,8,K,1945,Chris Boswell,K,13.0,False,True
2021,6,12,9,DEF,ARI,Arizona Cardinals,DEF,14.0,False,True
2021,7,1,0,QB,6768,Tua Tagovailoa,QB,28.54,False,True
2021,7,1,1,RB,4035,Alvin Kamara,RB,28.9,False,True
2021,7,1,2,RB,5916,Darrell Henderson,RB,7.9,False,True
2021,7,1,3,WR,4981,Calvin Ridley,WR,10.6,False,True
2021,7,1,4,WR,5947,Jakobi Meyers,WR,6.9,False,True
2021,7,1,5,TE,5844,T.J. Hockenson,TE,7.8,False,True
2021,7,1,6,FLEX,7596,Elijah Moore,WR,9.7,False,False
2021,7,1,7,SUPER_FLEX,6853,Van Jefferson,WR,12.3,False,True
2021,7,1,8,K,650,Nick Folk,K,13.0,False,True
2021,7,1,9,DEF,DEN,Denver Broncos,DEF,4.0,False,True
2021,7,2,0,QB,5849,Kyler Murray,QB,22.44,False,True
2021,7,2,1,RB,2168,Devonta Freeman,RB,11.4,False,True
2021,7,2,2,RB,4199,Aaron Jones,RB,6.4,False,True
2021,7,2,3,WR,4039,Cooper Kupp,WR,32.6,False,True
2021,7,2,4,WR,4036,Corey Davis,WR,12.7,False,True
2021,7,2,5,TE,4602,Robert Tonyan,TE,14.3,False,True
2021,7,2,6,FLEX,6819,Michael Pittman,WR,18.5,False,True
2021,7,2,7,SUPER_FLEX,4046,Patrick Mahomes,QB,8.74,False,True
2021,7,2,8,K,6083,Matt Gay,K,9.0,False,True
2021,7,2,9,DEF,NE,New England Patriots,DEF,13.0,False,True
2021,7,3,0,QB,1049,Ryan Tannehill,QB,20.4,False,True
2021,7,3,1,RB,3664,J.D. McKissic,RB,7.6,False,True
2021,7,3,2,RB,2320,Melvin Gordon,RB,10.2,False,False
2021,7,3,3,WR,5846,DK Metcalf,WR,16.6,False,True
2021,7,3,4,WR,3321,Tyreek Hill,WR,9.7,False,True
2021,7,3,5,TE,5857,Noah Fant,TE,6.4,False,True
2021,7,3,6,FLEX,7564,Ja'Marr Chase,WR,30.1,False,True
2021,7,3,7,SUPER_FLEX,2711,Taylor Heinicke,QB,21.22,False,True
2021,7,3,8,K,391,Ryan Succop,K,8.0,False,True
2021,7,3,9,DEF,LAR,Los Angeles Rams,DEF,7.0,False,True
2021,7,4,0,QB,6770,Joe Burrow,QB,27.64,False,True
2021,7,4,1,RB,7588,Javonte Williams,RB,14.2,False,False
2021,7,4,2,RB,7608,Khalil Herbert,RB,15.8,False,True
2021,7,4,3,WR,2133,Davante Adams,WR,16.6,False,True
2021,7,4,4,WR,947,Julio Jones,WR,4.8,False,True
2021,7,4,5,TE,6826,Cole Kmet,TE,6.8,False,True
2021,7,4,6,FLEX,6694,D'Ernest Johnson,RB,23.8,False,True
2021,7,4,7,SUPER_FLEX,7571,Rashod Bateman,WR,9.5,False,False
2021,7,4,8,K,4666,Younghoe Koo,K,12.0,False,True
2021,7,4,9,DEF,IND,Indianapolis Colts,DEF,13.0,False,True
2021,7,5,0,QB,3161,Carson Wentz,QB,20.3,False,True
2021,7,5,1,RB,3198,Derrick Henry,RB,15.4,False,True
2021,7,5,2,RB,3969,Leonard Fournette,RB,16.0,False,True
2021,7,5,3,WR,1426,DeAndre Hopkins,WR,14.8,False,True
2021,7,5,4,WR,5859,A.J. Brown,WR,23.3,False,True
2021,7,5,5,TE,5012,Mark Andrews,TE,6.3,False,True
2021,7,5,6,FLEX,3214,Hunter Henry,TE,9.3,False,True
2021,7,5,7,SUPER_FLEX,3163,Jared Goff,QB,13.02,False,True
2021,7,5,8,K,1264,Justin Tucker,K,6.0,False,True
2021,7,5,9,DEF,GB,Green Bay Packers,DEF,18.0,False,True
2021,7,6,0,QB,24,Matt Ryan,QB,18.44,False,True
2021,7,6,1,RB,5850,Josh Jacobs,RB,14.3,False,True
2021,7,6,2,RB,7561,Elijah Mitchell,RB,16.7,False,True
2021,7,6,3,WR,7526,Jaylen Waddle,WR,11.8,False,True
2021,7,6,4,WR,7525,DeVonta Smith,WR,8.6,False,True
2021,7,6,5,TE,7553,Kyle Pitts,TE,19.8,False,True
2021,7,6,6,FLEX,5980,Myles Gaskin,RB,15.7,False,False
2021,7,6,7,SUPER_FLEX,1373,Geno Smith,QB,11.88,False,True
2021,7,6,8,K,17,Matt Prater,K,7.0,False,True
2021,7,6,9,DEF,CLE,Cleveland Browns,DEF,5.0,False,True
2021,7,7,0,QB,2152,Teddy Bridgewater,QB,14.78,False,True
2021,7,7,1,RB,7607,Michael Carter,RB,12.4,False,False
2021,7,7,2,RB,5890,Damien Harris,RB,24.3,False,True
2021,7,7,3,WR,4037,Chris Godwin,WR,21.1,False,True
2021,7,7,4,WR,5848,Marquise Brown,WR,16.5,False,True
2021,7,7,5,TE,4531,Ricky Seals-Jones,TE,8.1,False,True
2021,7,7,6,FLEX,1535,Cordarrelle Patterson,RB,13.1,False,True
2021,7,7,7,SUPER_FLEX,96,Aaron Rodgers,QB,24.66,False,True
2021,7,7,8,K,5095,Daniel Carlson,K,8.0,False,True
2021,7,7,9,DEF,BAL,Baltimore Ravens,DEF,0.0,False,True
2021,7,8,0,QB,421,Matthew Stafford,QB,27.16,False,True
2021,7,8,1,RB,4018,Joe Mixon,RB,11.9,False,True
2021,7,8,2,RB,6945,Antonio Gibson,RB,6.6,False,True
2021,7,8,3,WR,5045,Courtland Sutton,WR,9.3,False,True
2021,7,8,4,WR,7601,Rondale Moore,WR,2.7,False,True
2021,7,8,5,TE,1466,Travis Kelce,TE,10.0,False,True
2021,7,8,6,FLEX,5549,Darrel Williams,RB,6.5,False,True
2021,7,8,7,SUPER_FLEX,2028,Derek Carr,QB,20.02,False,True
2021,7,8,8,K,4227,Harrison Butker,K,4.0,False,True
2021,7,8,9,DEF,MIA,Miami Dolphins,DEF,5.0,False,True
2021,7,9,0,QB,4881,Lamar Jackson,QB,23.08,False,True
2021,7,9,1,RB,4962,Sony Michel,RB,0.4,False,True
2021,7,9,2,RB,1833,Damien Williams,RB,1.3,False,True
2021,7,9,3,WR,5927,Terry McLaurin,WR,21.7,False,True
2021,7,9,4,WR,6789,Henry Ruggs,WR,5.1,False,True
2021,7,9,5,TE,4993,Mike Gesicki,TE,18.0,False,True
2021,7,9,6,FLEX,4351,Tim Patrick,WR,2.6,False,True
2021,7,9,7,SUPER_FLEX,1837,Jimmy Garoppolo,QB,7.24,False,True
2021,7,9,8,K,59,Mason Crosby,K,5.0,False,True
2021,7,9,9,DEF,CAR,Carolina Panthers,DEF,2.0,False,True
2021,7,10,0,QB,167,Tom Brady,QB,24.44,False,True
2021,7,10,1,RB,6813,Jonathan Taylor,RB,16.5,False,True
2021,7,10,2,RB,1379,Kyle Juszczyk,FB,0.0,False,True
2021,7,10,3,WR,5872,Deebo Samuel,WR,17.5,False,True
2021,7,10,4,WR,1352,Robert Woods,WR,12.0,False,True
2021,7,10,5,TE,1339,Zach Ertz,TE,14.5,False,True
2021,7,10,6,FLEX,6801,Tee Higgins,WR,9.7,False,False
2021,7,10,7,SUPER_FLEX,5870,Daniel Jones,QB,17.02,False,True
2021,7,10,8,K,1433,Brandon McManus,K,2.0,False,True
2021,7,10,9,DEF,TB,Tampa Bay Buccaneers,DEF,24.0,False,True
2021,7,11,0,QB,2306,Jameis Winston,QB,16.88,False,True
2021,7,11,1,RB,3209,Devontae Booker,RB,13.6,False,True
2021,7,11,2,RB,6790,D'Andre Swift,RB,24.4,False,True
2021,7,11,3,WR,2325,Nelson Agholor,WR,12.1,False,True
2021,7,11,4,WR,5917,Mecole Hardman,WR,2.8,False,True
2021,7,11,5,TE,5022,Dallas Goedert,TE,10.5,False,True
2021,7,11,6,FLEX,4137,James Conner,RB,12.4,False,True
2021,7,11,7,SUPER_FLEX,3327,Alex Collins,RB,4.9,False,False
2021,7,11,8,K,6528,Joey Slye,K,7.0,False,True
2021,7,11,9,DEF,NO,New Orleans Saints,DEF,9.0,False,True
2021,7,12,0,QB,6904,Jalen Hurts,QB,23.54,False,True
2021,7,12,1,RB,5000,Chase Edmonds,RB,9.5,False,True
2021,7,12,2,RB,3242,Kenyan Drake,RB,15.4,False,True
2021,7,12,3,WR,2216,Mike Evans,WR,28.6,False,True
2021,7,12,4,WR,4983,DJ Moore,WR,10.3,False,True
2021,7,12,5,TE,3271,Tyler Higbee,TE,7.1,False,True
2021,7,12,6,FLEX,4950,Christian Kirk,WR,13.0,False,False
2021,7,12,7,SUPER_FLEX,7527,Mac Jones,QB,22.18,False,True
2021,7,12,8,K,2747,Jason Myers,K,6.0,False,True
2021,7,12,9,DEF,ARI,Arizona Cardinals,DEF,12.0,False,True
2021,8,1,0,QB,1166,Kirk Cousins,QB,13.16,False,True
2021,8,1,1,RB,4035,Alvin Kamara,RB,15.1,False,True
2021,8,1,2,RB,5916,Darrell Henderson,RB,21.8,False,True
2021,8,1,3,WR,5947,Jakobi Meyers,WR,7.6,False,True
2021,8,1,4,WR,6786,CeeDee Lamb,WR,14.2,False,True
2021,8,1,5,TE,5844,T.J. Hockenson,TE,13.9,False,True
2021,8,1,6,FLEX,1386,Giovani Bernard,RB,10.2,False,False
2021,8,1,7,SUPER_FLEX,4066,Evan Engram,TE,9.0,False,True
2021,8,1,8,K,650,Nick Folk,K,15.0,False,True
2021,8,1,9,DEF,IND,Indianapolis Colts,DEF,7.0,False,True
2021,8,2,0,QB,5849,Kyler Murray,QB,11.06,False,True
2021,8,2,1,RB,4199,Aaron Jones,RB,20.5,False,True
2021,8,2,2,RB,4663,Austin Ekeler,RB,21.4,False,True
2021,8,2,3,WR,4039,Cooper Kupp,WR,21.0,False,True
2021,8,2,4,WR,6819,Michael Pittman,WR,25.6,False,True
2021,8,2,5,TE,367,Jared Cook,TE,3.5,False,True
2021,8,2,6,FLEX,3225,Tyler Boyd,WR,17.24,False,False
2021,8,2,7,SUPER_FLEX,4046,Patrick Mahomes,QB,15.0,False,True
2021,8,2,8,K,6083,Matt Gay,K,8.0,False,True
2021,8,2,9,DEF,NE,New England Patriots,DEF,13.0,False,True
2021,8,3,0,QB,1049,Ryan Tannehill,QB,23.2,False,True
2021,8,3,1,RB,2320,Melvin Gordon,RB,17.7,False,True
2021,8,3,2,RB,3664,J.D. McKissic,RB,13.3,False,False
2021,8,3,3,WR,5846,DK Metcalf,WR,19.3,False,True
2021,8,3,4,WR,3321,Tyreek Hill,WR,21.4,False,True
2021,8,3,5,TE,5857,Noah Fant,TE,1.8,False,True
2021,8,3,6,FLEX,7564,Ja'Marr Chase,WR,11.6,False,True
2021,8,3,7,SUPER_FLEX,2711,Taylor Heinicke,QB,13.8,False,True
2021,8,3,8,K,5272,Greg Joseph,K,12.0,False,True
2021,8,3,9,DEF,BUF,Buffalo Bills,DEF,13.0,False,True
2021,8,4,0,QB,6770,Joe Burrow,QB,21.26,False,True
2021,8,4,1,RB,3164,Ezekiel Elliott,RB,9.3,False,True
2021,8,4,2,RB,7608,Khalil Herbert,RB,7.8,False,True
2021,8,4,3,WR,4068,Mike Williams,WR,2.9,False,True
2021,8,4,4,WR,6783,Jerry Jeudy,WR,5.9,False,True
2021,8,4,5,TE,4602,Robert Tonyan,TE,6.4,False,True
2021,8,4,6,FLEX,6694,D'Ernest Johnson,RB,9.4,False,True
2021,8,4,7,SUPER_FLEX,1373,Geno Smith,QB,22.6,False,True
2021,8,4,8,K,4666,Younghoe Koo,K,10.0,False,True
2021,8,4,9,DEF,DAL,Dallas Cowboys,DEF,3.0,False,True
2021,8,5,0,QB,3161,Carson Wentz,QB,20.34,False,True
2021,8,5,1,RB,3198,Derrick Henry,RB,6.8,False,True
2021,8,5,2,RB,956,Mark Ingram,RB,6.2,False,False
2021,8,5,3,WR,2319,DeVante Parker,WR,12.5,False,False
2021,8,5,4,WR,5859,A.J. Brown,WR,26.5,False,True
2021,8,5,5,TE,3214,Hunter Henry,TE,3.8,False,True
2021,8,5,6,FLEX,5937,Diontae Johnson,WR,12.8,False,True
2021,8,5,7,SUPER_FLEX,7527,Mac Jones,QB,11.68,False,True
2021,8,5,8,K,391,Ryan Succop,K,3.0,False,True
2021,8,5,9,DEF,SEA,Seattle Seahawks,DEF,13.0,False,True
2021,8,6,0,QB,4984,Josh Allen,QB,29.46,False,True
2021,8,6,1,RB,7561,Elijah Mitchell,RB,19.7,False,True
2021,8,6,2,RB,5980,Myles Gaskin,RB,7.0,False,False
2021,8,6,3,WR,2374,Tyler Lockett,WR,20.2,False,False
2021,8,6,4,WR,7547,Amon-Ra St. Brown,WR,6.1,False,False
2021,8,6,5,TE,7553,Kyle Pitts,TE,2.3,False,True
2021,8,6,6,FLEX,928,Randall Cobb,WR,15.0,False,True
2021,8,6,7,SUPER_FLEX,24,Matt Ryan,QB,8.14,False,True
2021,8,6,8,K,17,Matt Prater,K,3.0,False,True
2021,8,6,9,DEF,CLE,Cleveland Browns,DEF,4.0,False,True
2021,8,7,0,QB,2152,Teddy Bridgewater,QB,12.62,False,True
2021,8,7,1,RB,7594,Chuba Hubbard,RB,13.6,False,True
2021,8,7,2,RB,5890,Damien Harris,RB,14.0,False,True
2021,8,7,3,WR,4037,Chris Godwin,WR,24.0,False,True
2021,8,7,4,WR,1535,Cordarrelle Patterson,RB,15.7,False,True
2021,8,7,5,TE,4531,Ricky Seals-Jones,TE,2.2,False,True
2021,8,7,6,FLEX,7607,Michael Carter,RB,27.7,False,True
2021,8,7,7,SUPER_FLEX,96,Aaron Rodgers,QB,15.66,False,True
2021,8,7,8,K,7839,Evan McPherson,K,7.0,False,True
2021,8,7,9,DEF,CIN,Cincinnati Bengals,DEF,8.0,False,True
2021,8,8,0,QB,421,Matthew Stafford,QB,24.2,False,True
2021,8,8,1,RB,4018,Joe Mixon,RB,23.1,False,True
2021,8,8,2,RB,6828,AJ Dillon,RB,7.8,False,False
2021,8,8,3,WR,5045,Courtland Sutton,WR,5.0,False,False
2021,8,8,4,WR,2309,Amari Cooper,WR,22.2,False,True
2021,8,8,5,TE,1466,Travis Kelce,TE,2.7,False,True
2021,8,8,6,FLEX,5549,Darrel Williams,RB,14.0,False,True
2021,8,8,7,SUPER_FLEX,138,Ben Roethlisberger,QB,14.64,False,True
2021,8,8,8,K,4227,Harrison Butker,K,8.0,False,True
2021,8,8,9,DEF,LAC,Los Angeles Chargers,DEF,4.0,False,True
2021,8,9,0,QB,7523,Trevor Lawrence,QB,13.62,False,True
2021,8,9,1,RB,7528,Najee Harris,RB,19.5,False,True
2021,8,9,2,RB,2431,Mike Davis,RB,9.1,False,True
2021,8,9,3,WR,6886,Chase Claypool,WR,8.1,False,True
2021,8,9,4,WR,1479,Keenan Allen,WR,16.7,False,True
2021,8,9,5,TE,4993,Mike Gesicki,TE,8.3,False,True
2021,8,9,6,FLEX,4962,Sony Michel,RB,6.6,False,False
2021,8,9,7,SUPER_FLEX,3163,Jared Goff,QB,8.88,False,True
2021,8,9,8,K,59,Mason Crosby,K,6.0,False,True
2021,8,9,9,DEF,PIT,Pittsburgh Steelers,DEF,11.0,False,True
2021,8,10,0,QB,167,Tom Brady,QB,27.2,False,True
2021,8,10,1,RB,6813,Jonathan Taylor,RB,19.7,False,True
2021,8,10,2,RB,6955,James Robinson,RB,4.4,False,True
2021,8,10,3,WR,5872,Deebo Samuel,WR,20.1,False,True
2021,8,10,4,WR,1352,Robert Woods,WR,19.2,False,True
2021,8,10,5,TE,1339,Zach Ertz,TE,6.2,False,True
2021,8,10,6,FLEX,6801,Tee Higgins,WR,11.7,False,True
2021,8,10,7,SUPER_FLEX,5870,Daniel Jones,QB,17.08,False,True
2021,8,10,8,K,7042,Tyler Bass,K,10.0,False,True
2021,8,10,9,DEF,TB,Tampa Bay Buccaneers,DEF,0.0,False,True
2021,8,11,0,QB,4943,Sam Darnold,QB,11.76,False,False
2021,8,11,1,RB,3209,Devontae Booker,RB,15.0,False,True
2021,8,11,2,RB,4137,James Conner,RB,14.2,False,False
2021,8,11,3,WR,2449,Stefon Diggs,WR,12.5,False,True
2021,8,11,4,WR,1689,Adam Thielen,WR,16.8,False,True
2021,8,11,5,TE,5022,Dallas Goedert,TE,10.2,False,False
2021,8,11,6,FLEX,5917,Mecole Hardman,WR,8.8,False,False
2021,8,11,7,SUPER_FLEX,2306,Jameis Winston,QB,10.24,False,True
2021,8,11,8,K,503,Graham Gano,K,5.0,False,True
2021,8,11,9,DEF,NO,New Orleans Saints,DEF,16.0,False,True
2021,8,12,0,QB,6904,Jalen Hurts,QB,11.22,False,True
2021,8,12,1,RB,6845,Zack Moss,RB,8.8,False,True
2021,8,12,2,RB,5000,Chase Edmonds,RB,14.4,False,False
2021,8,12,3,WR,2216,Mike Evans,WR,11.8,False,True
2021,8,12,4,WR,7090,Darnell Mooney,WR,9.4,False,False
2021,8,12,5,TE,3271,Tyler Higbee,TE,4.0,False,True
2021,8,12,6,FLEX,2197,Brandin Cooks,WR,17.3,False,True
2021,8,12,7,SUPER_FLEX,6797,Justin Herbert,QB,15.82,False,True
2021,8,12,8,K,1266,Greg Zuerlein,K,8.0,False,True
2021,8,12,9,DEF,ARI,Arizona Cardinals,DEF,3.0,False,True
2021,9,1,0,QB,1166,Kirk Cousins,QB,21.58,False,True
2021,9,1,1,RB,4035,Alvin Kamara,RB,18.4,False,True
2021,9,1,2,RB,6828,AJ Dillon,RB,11.0,False,True
2021,9,1,3,WR,6794,Justin Jefferson,WR,15.5,False,True
2021,9,1,4,WR,7596,Elijah Moore,WR,23.9,False,True
2021,9,1,5,TE,4066,Evan Engram,TE,11.3,False,True
2021,9,1,6,FLEX,7611,Rhamondre Stevenson,RB,11.6,False,False
2021,9,1,7,SUPER_FLEX,7569,Nico Collins,WR,4.0,False,False
2021,9,1,8,K,650,Nick Folk,K,6.0,False,True
2021,9,1,9,DEF,IND,Indianapolis Colts,DEF,6.0,False,True
2021,9,2,0,QB,7591,Justin Fields,QB,19.14,False,True
2021,9,2,1,RB,6130,Devin Singletary,RB,9.4,False,False
2021,9,2,2,RB,4663,Austin Ekeler,RB,9.7,False,True
2021,9,2,3,WR,6783,Jerry Jeudy,WR,9.9,False,True
2021,9,2,4,WR,947,Julio Jones,WR,5.5,False,True
2021,9,2,5,TE,367,Jared Cook,TE,8.8,False,True
2021,9,2,6,FLEX,4039,Cooper Kupp,WR,15.0,False,True
2021,9,2,7,SUPER_FLEX,4046,Patrick Mahomes,QB,10.44,False,True
2021,9,2,8,K,6083,Matt Gay,K,12.0,False,True
2021,9,2,9,DEF,NE,New England Patriots,DEF,21.0,False,True
2021,9,3,0,QB,1049,Ryan Tannehill,QB,15.02,False,True
2021,9,3,1,RB,4988,Nick Chubb,RB,29.3,False,True
2021,9,3,2,RB,4219,Jeremy McNichols,RB,5.0,False,True
2021,9,3,3,WR,7564,Ja'Marr Chase,WR,5.9,False,True
2021,9,3,4,WR,3321,Tyreek Hill,WR,5.3,False,True
2021,9,3,5,TE,6843,Albert Okwuegbunam,TE,4.5,False,True
2021,9,3,6,FLEX,2320,Melvin Gordon,RB,16.5,False,False
2021,9,3,7,SUPER_FLEX,6804,Jordan Love,QB,12.9,False,True
2021,9,3,8,K,5272,Greg Joseph,K,7.0,False,True
2021,9,3,9,DEF,BUF,Buffalo Bills,DEF,9.0,False,True
2021,9,4,0,QB,6770,Joe Burrow,QB,9.38,False,True
2021,9,4,1,RB,3164,Ezekiel Elliott,RB,11.1,False,True
2021,9,4,2,RB,2168,Devonta Freeman,RB,15.3,False,False
2021,9,4,3,WR,2133,Davante Adams,WR,7.2,False,True
2021,9,4,4,WR,7571,Rashod Bateman,WR,7.7,False,False
2021,9,4,5,TE,5133,Tyler Conklin,TE,7.0,False,True
2021,9,4,6,FLEX,7588,Javonte Williams,RB,11.1,False,False
2021,9,4,7,SUPER_FLEX,2152,Teddy Bridgewater,QB,21.86,False,True
2021,9,4,8,K,5230,Michael Badgley,K,9.0,False,True
2021,9,4,9,DEF,DAL,Dallas Cowboys,DEF,3.0,False,True
2021,9,5,0,QB,3161,Carson Wentz,QB,24.18,False,True
2021,9,5,1,RB,5890,Damien Harris,RB,9.8,False,True
2021,9,5,2,RB,956,Mark Ingram,RB,8.9,False,False
2021,9,5,3,WR,5859,A.J. Brown,WR,6.7,False,True
2021,9,5,4,WR,538,Emmanuel Sanders,WR,8.5,False,True
2021,9,5,5,TE,5012,Mark Andrews,TE,6.9,False,True
2021,9,5,6,FLEX,5110,Russell Gage,WR,9.9,False,False
2021,9,5,7,SUPER_FLEX,7527,Mac Jones,QB,6.96,False,True
2021,9,5,8,K,1264,Justin Tucker,K,10.0,False,True
2021,9,5,9,DEF,MIA,Miami Dolphins,DEF,18.0,False,True
2021,9,6,0,QB,4984,Josh Allen,QB,11.56,False,True
2021,9,6,1,RB,5980,Myles Gaskin,RB,12.7,False,True
2021,9,6,2,RB,5850,Josh Jacobs,RB,11.5,False,True
2021,9,6,3,WR,7525,DeVonta Smith,WR,20.1,False,True
2021,9,6,4,WR,7526,Jaylen Waddle,WR,12.3,False,True
2021,9,6,5,TE,7553,Kyle Pitts,TE,7.7,False,True
2021,9,6,6,FLEX,6824,Donovan Peoples-Jones,WR,15.6,False,False
2021,9,6,7,SUPER_FLEX,2549,Trevor Siemian,QB,15.96,False,True
2021,9,6,8,K,17,Matt Prater,K,7.0,False,True
2021,9,6,9,DEF,CLE,Cleveland Browns,DEF,19.0,False,True
2021,9,7,0,QB,3294,Dak Prescott,QB,19.88,False,True
2021,9,7,1,RB,4034,Christian McCaffrey,RB,12.6,False,True
2021,9,7,2,RB,1535,Cordarrelle Patterson,RB,16.6,False,True
2021,9,7,3,WR,5848,Marquise Brown,WR,16.1,False,True
2021,9,7,4,WR,5937,Diontae Johnson,WR,9.2,False,True
2021,9,7,5,TE,7600,Pat Freiermuth,TE,18.8,False,True
2021,9,7,6,FLEX,7607,Michael Carter,RB,9.1,False,True
2021,9,7,7,SUPER_FLEX,24,Matt Ryan,QB,28.52,False,True
2021,9,7,8,K,7839,Evan McPherson,K,4.0,False,True
2021,9,7,9,DEF,LV,Las Vegas Raiders,DEF,7.0,False,True
2021,9,8,0,QB,421,Matthew Stafford,QB,15.06,False,True
2021,9,8,1,RB,4018,Joe Mixon,RB,25.5,False,True
2021,9,8,2,RB,5916,Darrell Henderson,RB,7.3,False,True
2021,9,8,3,WR,6819,Michael Pittman,WR,14.9,False,True
2021,9,8,4,WR,6853,Van Jefferson,WR,5.6,False,False
2021,9,8,5,TE,1466,Travis Kelce,TE,15.3,False,True
2021,9,8,6,FLEX,5549,Darrel Williams,RB,9.2,False,True
2021,9,8,7,SUPER_FLEX,2028,Derek Carr,QB,12.34,False,True
2021,9,8,8,K,4227,Harrison Butker,K,9.0,False,True
2021,9,8,9,DEF,LAC,Los Angeles Chargers,DEF,1.0,False,True
2021,9,9,0,QB,4881,Lamar Jackson,QB,32.64,False,True
2021,9,9,1,RB,7528,Najee Harris,RB,15.3,False,True
2021,9,9,2,RB,184,Adrian Peterson,RB,9.1,False,True
2021,9,9,3,WR,1992,Allen Robinson,WR,8.8,False,False
2021,9,9,4,WR,1479,Keenan Allen,WR,16.4,False,True
2021,9,9,5,TE,4993,Mike Gesicki,TE,7.4,False,True
2021,9,9,6,FLEX,5892,David Montgomery,RB,9.0,False,False
2021,9,9,7,SUPER_FLEX,4962,Sony Michel,RB,9.6,False,False
2021,9,9,8,K,4666,Younghoe Koo,K,9.0,False,True
2021,9,9,9,DEF,PIT,Pittsburgh Steelers,DEF,7.0,False,True
2021,9,10,0,QB,5870,Daniel Jones,QB,8.1,False,True
2021,9,10,1,RB,6813,Jonathan Taylor,RB,33.0,False,True
2021,9,10,2,RB,2257,Carlos Hyde,RB,5.8,False,True
2021,9,10,3,WR,6803,Brandon Aiyuk,WR,15.7,False,False
2021,9,10,4,WR,1352,Robert Woods,WR,13.9,False,True
2021,9,10,5,TE,4217,George Kittle,TE,17.1,False,False
2021,9,10,6,FLEX,5955,Hunter Renfrow,WR,14.4,False,True
2021,9,10,7,SUPER_FLEX,6801,Tee Higgins,WR,10.8,False,False
2021,9,10,8,K,7042,Tyler Bass,K,7.0,False,True
2021,9,10,9,DEF,TB,Tampa Bay Buccaneers,DEF,0.0,False,False
2021,9,11,0,QB,3257,Jacoby Brissett,QB,10.46,False,True
2021,9,11,1,RB,3209,Devontae Booker,RB,13.7,False,True
2021,9,11,2,RB,4137,James Conner,RB,37.8,False,True
2021,9,11,3,WR,2449,Stefon Diggs,WR,11.5,False,True
2021,9,11,4,WR,1689,Adam Thielen,WR,7.6,False,True
2021,9,11,5,TE,5001,Dalton Schultz,TE,7.4,False,True
2021,9,11,6,FLEX,1144,Cole Beasley,WR,7.3,False,True
2021,9,11,7,SUPER_FLEX,1837,Jimmy Garoppolo,QB,20.34,False,True
2021,9,11,8,K,503,Graham Gano,K,11.0,False,True
2021,9,11,9,DEF,NO,New Orleans Saints,DEF,4.0,False,True
2021,9,12,0,QB,6904,Jalen Hurts,QB,16.68,False,True
2021,9,12,1,RB,3242,Kenyan Drake,RB,13.0,False,False
2021,9,12,2,RB,4029,Dalvin Cook,RB,13.7,False,True
2021,9,12,3,WR,4950,Christian Kirk,WR,13.42,False,False
2021,9,12,4,WR,7090,Darnell Mooney,WR,19.1,False,False
2021,9,12,5,TE,2505,Darren Waller,TE,12.7,False,True
2021,9,12,6,FLEX,3306,Jordan Howard,RB,13.1,False,False
2021,9,12,7,SUPER_FLEX,6797,Justin Herbert,QB,31.64,False,True
2021,9,12,8,K,5095,Daniel Carlson,K,9.0,False,True
2021,9,12,9,DEF,ARI,Arizona Cardinals,DEF,14.0,False,True
2021,10,1,0,QB,1166,Kirk Cousins,QB,17.46,False,True
2021,10,1,1,RB,7611,Rhamondre Stevenson,RB,25.4,False,True
2021,10,1,2,RB,6828,AJ Dillon,RB,25.8,False,True
2021,10,1,3,WR,7596,Elijah Moore,WR,11.9,False,True
2021,10,1,4,WR,6786,CeeDee Lamb,WR,25.6,False,True
2021,10,1,5,TE,5844,T.J. Hockenson,TE,0.0,False,True
2021,10,1,6,FLEX,6794,Justin Jefferson,WR,18.4,False,True
2021,10,1,7,SUPER_FLEX,5947,Jakobi Meyers,WR,12.9,False,True
2021,10,1,8,K,650,Nick Folk,K,9.0,False,True
2021,10,1,9,DEF,IND,Indianapolis Colts,DEF,15.0,False,True
2021,10,2,0,QB,4046,Patrick Mahomes,QB,36.24,False,True
2021,10,2,1,RB,4199,Aaron Jones,RB,10.6,False,True
2021,10,2,2,RB,4663,Austin Ekeler,RB,13.4,False,True
2021,10,2,3,WR,4036,Corey Davis,WR,9.8,False,False
2021,10,2,4,WR,4039,Cooper Kupp,WR,17.7,False,True
2021,10,2,5,TE,4531,Ricky Seals-Jones,TE,4.5,False,True
2021,10,2,6,FLEX,6945,Antonio Gibson,RB,20.8,False,True
2021,10,2,7,SUPER_FLEX,6130,Devin Singletary,RB,11.4,False,False
2021,10,2,8,K,6083,Matt Gay,K,4.0,False,True
2021,10,2,9,DEF,NE,New England Patriots,DEF,13.0,False,True
2021,10,3,0,QB,1049,Ryan Tannehill,QB,18.62,False,True
2021,10,3,1,RB,3664,J.D. McKissic,RB,5.9,False,True
2021,10,3,2,RB,2320,Melvin Gordon,RB,8.8,False,True
2021,10,3,3,WR,5846,DK Metcalf,WR,4.1,False,True
2021,10,3,4,WR,3321,Tyreek Hill,WR,24.0,False,True
2021,10,3,5,TE,5857,Noah Fant,TE,8.4,False,True
2021,10,3,6,FLEX,1825,Jarvis Landry,WR,4.6,False,True
2021,10,3,7,SUPER_FLEX,2711,Taylor Heinicke,QB,15.74,False,True
2021,10,3,8,K,5272,Greg Joseph,K,10.0,False,True
2021,10,3,9,DEF,BUF,Buffalo Bills,DEF,13.0,False,True
2021,10,4,0,QB,2152,Teddy Bridgewater,QB,9.04,False,True
2021,10,4,1,RB,3164,Ezekiel Elliott,RB,19.26,False,True
2021,10,4,2,RB,2168,Devonta Freeman,RB,7.3,False,True
2021,10,4,3,WR,2309,Amari Cooper,WR,7.1,False,True
2021,10,4,4,WR,4068,Mike Williams,WR,5.3,False,True
2021,10,4,5,TE,5133,Tyler Conklin,TE,14.6,False,True
2021,10,4,6,FLEX,7571,Rashod Bateman,WR,11.0,False,True
2021,10,4,7,SUPER_FLEX,4972,Mason Rudolph,QB,16.28,False,True
2021,10,4,8,K,5230,Michael Badgley,K,11.0,False,True
2021,10,4,9,DEF,DAL,Dallas Cowboys,DEF,24.0,False,True
2021,10,5,0,QB,1234,Russell Wilson,QB,7.64,False,True
2021,10,5,1,RB,3969,Leonard Fournette,RB,13.2,False,True
2021,10,5,2,RB,956,Mark Ingram,RB,18.8,False,True
2021,10,5,3,WR,2133,Davante Adams,WR,11.3,False,True
2021,10,5,4,WR,6853,Van Jefferson,WR,6.9,False,False
2021,10,5,5,TE,5012,Mark Andrews,TE,15.3,False,True
2021,10,5,6,FLEX,4111,D'Onta Foreman,RB,8.8,False,False
2021,10,5,7,SUPER_FLEX,1034,Brandon Bolden,RB,8.5,False,False
2021,10,5,8,K,1264,Justin Tucker,K,5.0,False,True
2021,10,5,9,DEF,DEN,Denver Broncos,DEF,5.0,False,True
2021,10,6,0,QB,4984,Josh Allen,QB,21.94,False,True
2021,10,6,1,RB,7561,Elijah Mitchell,RB,9.1,False,True
2021,10,6,2,RB,5850,Josh Jacobs,RB,6.1,False,True
2021,10,6,3,WR,7525,DeVonta Smith,WR,20.6,False,True
2021,10,6,4,WR,7526,Jaylen Waddle,WR,8.1,False,True
2021,10,6,5,TE,7553,Kyle Pitts,TE,8.0,False,True
2021,10,6,6,FLEX,7547,Amon-Ra St. Brown,WR,8.1,False,False
2021,10,6,7,SUPER_FLEX,4741,Dan Arnold,TE,11.2,False,False
2021,10,6,8,K,17,Matt Prater,K,5.0,False,True
2021,10,6,9,DEF,CLE,Cleveland Browns,DEF,-2.0,False,True
2021,10,7,0,QB,3294,Dak Prescott,QB,26.34,False,True
2021,10,7,1,RB,4034,Christian McCaffrey,RB,21.1,False,True
2021,10,7,2,RB,7607,Michael Carter,RB,16.2,False,False
2021,10,7,3,WR,4037,Chris Godwin,WR,9.2,False,True
2021,10,7,4,WR,5937,Diontae Johnson,WR,9.8,False,True
2021,10,7,5,TE,7600,Pat Freiermuth,TE,3.6,False,True
2021,10,7,6,FLEX,5122,Boston Scott,RB,11.5,False,False
2021,10,7,7,SUPER_FLEX,96,Aaron Rodgers,QB,11.48,False,True
2021,10,7,8,K,1945,Chris Boswell,K,12.0,False,True
2021,10,7,9,DEF,BAL,Baltimore Ravens,DEF,7.0,False,True
2021,10,8,0,QB,421,Matthew Stafford,QB,11.82,False,True
2021,10,8,1,RB,5549,Darrel Williams,RB,24.9,False,True
2021,10,8,2,RB,6694,D'Ernest Johnson,RB,19.2,False,True
2021,10,8,3,WR,6819,Michael Pittman,WR,9.6,False,True
2021,10,8,4,WR,5045,Courtland Sutton,WR,3.9,False,False
2021,10,8,5,TE,1466,Travis Kelce,TE,15.9,False,True
2021,10,8,6,FLEX,5967,Tony Pollard,RB,12.8,False,False
2021,10,8,7,SUPER_FLEX,2028,Derek Carr,QB,19.24,False,True
2021,10,8,8,K,4227,Harrison Butker,K,12.0,False,True
2021,10,8,9,DEF,LAC,Los Angeles Chargers,DEF,5.0,False,True
2021,10,9,0,QB,4881,Lamar Jackson,QB,16.42,False,True
2021,10,9,1,RB,7528,Najee Harris,RB,15.3,False,True
2021,10,9,2,RB,4962,Sony Michel,RB,4.1,False,False
2021,10,9,3,WR,5927,Terry McLaurin,WR,8.9,False,True
2021,10,9,4,WR,1479,Keenan Allen,WR,13.8,False,True
2021,10,9,5,TE,4993,Mike Gesicki,TE,0.0,False,True
2021,10,9,6,FLEX,6960,Tyler Johnson,WR,3.2,False,False
2021,10,9,7,SUPER_FLEX,7523,Trevor Lawrence,QB,9.78,False,True
2021,10,9,8,K,4666,Younghoe Koo,K,3.0,False,True
2021,10,9,9,DEF,PIT,Pittsburgh Steelers,DEF,5.0,False,True
2021,10,10,0,QB,167,Tom Brady,QB,15.0,False,True
2021,10,10,1,RB,6813,Jonathan Taylor,RB,21.6,False,True
2021,10,10,2,RB,6955,James Robinson,RB,16.4,False,True
2021,10,10,3,WR,5872,Deebo Samuel,WR,27.8,False,True
2021,10,10,4,WR,5955,Hunter Renfrow,WR,14.1,False,True
2021,10,10,5,TE,4217,George Kittle,TE,13.5,False,True
2021,10,10,6,FLEX,5038,Michael Gallup,WR,5.7,False,False
2021,10,10,7,SUPER_FLEX,4892,Baker Mayfield,QB,5.92,False,True
2021,10,10,8,K,7042,Tyler Bass,K,9.0,False,True
2021,10,10,9,DEF,TB,Tampa Bay Buccaneers,DEF,7.0,False,True
2021,10,11,0,QB,6768,Tua Tagovailoa,QB,12.32,False,False
2021,10,11,1,RB,6790,D'Andre Swift,RB,15.0,False,True
2021,10,11,2,RB,4137,James Conner,RB,13.9,False,True
2021,10,11,3,WR,2449,Stefon Diggs,WR,26.2,False,True
2021,10,11,4,WR,1689,Adam Thielen,WR,9.0,False,True
2021,10,11,5,TE,5022,Dallas Goedert,TE,3.8,False,False
2021,10,11,6,FLEX,3327,Alex Collins,RB,5.4,False,False
2021,10,11,7,SUPER_FLEX,1837,Jimmy Garoppolo,QB,15.38,False,True
2021,10,11,8,K,1099,Randy Bullock,K,11.0,False,True
2021,10,11,9,DEF,NO,New Orleans Saints,DEF,2.0,False,True
2021,10,12,0,QB,6904,Jalen Hurts,QB,19.62,False,True
2021,10,12,1,RB,6845,Zack Moss,RB,8.7,False,True
2021,10,12,2,RB,4029,Dalvin Cook,RB,19.3,False,True
2021,10,12,3,WR,2216,Mike Evans,WR,13.2,False,True
2021,10,12,4,WR,4950,Christian Kirk,WR,9.3,False,True
2021,10,12,5,TE,3271,Tyler Higbee,TE,9.5,False,False
2021,10,12,6,FLEX,3306,Jordan Howard,RB,8.3,False,False
2021,10,12,7,SUPER_FLEX,6797,Justin Herbert,QB,13.0,False,True
2021,10,12,8,K,5095,Daniel Carlson,K,2.0,False,True
2021,10,12,9,DEF,ARI,Arizona Cardinals,DEF,3.0,False,True
2021,11,1,0,QB,1166,Kirk Cousins,QB,25.24,False,True
2021,11,1,1,RB,6820,Clyde Edwards-Helaire,RB,14.6,False,False
2021,11,1,2,RB,6828,AJ Dillon,RB,12.7,False,True
2021,11,1,3,WR,6794,Justin Jefferson,WR,33.2,False,True
2021,11,1,4,WR,5026,Tre'Quan Smith,WR,8.9,False,False
2021,11,1,5,TE,5844,T.J. Hockenson,TE,8.1,False,True
2021,11,1,6,FLEX,7611,Rhamondre Stevenson,RB,8.0,False,False
2021,11,1,7,SUPER_FLEX,7596,Elijah Moore,WR,25.6,False,True
2021,11,1,8,K,650,Nick Folk,K,15.0,False,True
2021,11,1,9,DEF,PHI,Philadelphia Eagles,DEF,12.0,False,True
2021,11,2,0,QB,4046,Patrick Mahomes,QB,8.5,False,True
2021,11,2,1,RB,6945,Antonio Gibson,RB,7.5,False,True
2021,11,2,2,RB,4663,Austin Ekeler,RB,38.5,False,True
2021,11,2,3,WR,4036,Corey Davis,WR,5.0,False,True
2021,11,2,4,WR,3225,Tyler Boyd,WR,9.3,False,True
2021,11,2,5,TE,515,Rob Gronkowski,TE,10.1,False,True
2021,11,2,6,FLEX,5086,Marquez Valdes-Scantling,WR,20.3,False,True
2021,11,2,7,SUPER_FLEX,2391,David Johnson,RB,4.9,False,False
2021,11,2,8,K,1266,Greg Zuerlein,K,10.0,False,True
2021,11,2,9,DEF,NE,New England Patriots,DEF,28.0,False,True
2021,11,3,0,QB,1049,Ryan Tannehill,QB,13.22,False,True
2021,11,3,1,RB,4988,Nick Chubb,RB,21.4,False,True
2021,11,3,2,RB,6151,Miles Sanders,RB,7.4,False,False
2021,11,3,3,WR,1825,Jarvis Landry,WR,12.2,False,False
2021,11,3,4,WR,3321,Tyreek Hill,WR,15.5,False,True
2021,11,3,5,TE,5906,Dawson Knox,TE,11.0,False,True
2021,11,3,6,FLEX,7564,Ja'Marr Chase,WR,11.5,False,True
2021,11,3,7,SUPER_FLEX,2711,Taylor Heinicke,QB,23.14,False,True
2021,11,3,8,K,5272,Greg Joseph,K,9.0,False,True
2021,11,3,9,DEF,BUF,Buffalo Bills,DEF,-4.0,False,True
2021,11,4,0,QB,6770,Joe Burrow,QB,9.02,False,True
2021,11,4,1,RB,3164,Ezekiel Elliott,RB,9.8,False,True
2021,11,4,2,RB,4018,Joe Mixon,RB,24.3,False,True
2021,11,4,3,WR,4068,Mike Williams,WR,18.2,False,True
2021,11,4,4,WR,7571,Rashod Bateman,WR,4.4,False,True
2021,11,4,5,TE,7600,Pat Freiermuth,TE,9.1,False,True
2021,11,4,6,FLEX,2168,Devonta Freeman,RB,17.0,False,False
2021,11,4,7,SUPER_FLEX,7527,Mac Jones,QB,11.38,False,True
2021,11,4,8,K,5230,Michael Badgley,K,11.0,False,True
2021,11,4,9,DEF,DAL,Dallas Cowboys,DEF,9.0,False,False
2021,11,5,0,QB,3161,Carson Wentz,QB,10.04,False,True
2021,11,5,1,RB,3969,Leonard Fournette,RB,10.4,False,True
2021,11,5,2,RB,956,Mark Ingram,RB,12.3,False,True
2021,11,5,3,WR,2133,Davante Adams,WR,27.0,False,True
2021,11,5,4,WR,830,A.J. Green,WR,9.8,False,False
2021,11,5,5,TE,5012,Mark Andrews,TE,11.3,False,True
2021,11,5,6,FLEX,5052,Ronald Jones,RB,9.3,False,False
2021,11,5,7,SUPER_FLEX,1234,Russell Wilson,QB,8.48,False,True
2021,11,5,8,K,1264,Justin Tucker,K,11.0,False,True
2021,11,5,9,DEF,GB,Green Bay Packers,DEF,2.0,False,True
2021,11,6,0,QB,4984,Josh Allen,QB,18.16,False,True
2021,11,6,1,RB,5980,Myles Gaskin,RB,17.1,False,True
2021,11,6,2,RB,5850,Josh Jacobs,RB,8.6,False,True
2021,11,6,3,WR,7525,DeVonta Smith,WR,8.1,False,True
2021,11,6,4,WR,2374,Tyler Lockett,WR,13.5,False,True
2021,11,6,5,TE,7553,Kyle Pitts,TE,4.4,False,True
2021,11,6,6,FLEX,7526,Jaylen Waddle,WR,16.6,False,True
2021,11,6,7,SUPER_FLEX,954,Cam Newton,QB,26.16,False,True
2021,11,6,8,K,17,Matt Prater,K,4.0,False,True
2021,11,6,9,DEF,CLE,Cleveland Browns,DEF,8.0,False,True
2021,11,7,0,QB,3294,Dak Prescott,QB,4.64,False,True
2021,11,7,1,RB,4034,Christian McCaffrey,RB,21.4,False,True
2021,11,7,2,RB,7607,Michael Carter,RB,7.0,False,True
2021,11,7,3,WR,6886,Chase Claypool,WR,11.9,False,True
2021,11,7,4,WR,5937,Diontae Johnson,WR,19.6,False,True
2021,11,7,5,TE,1339,Zach Ertz,TE,24.8,False,True
2021,11,7,6,FLEX,4037,Chris Godwin,WR,16.2,False,True
2021,11,7,7,SUPER_FLEX,96,Aaron Rodgers,QB,33.5,False,True
2021,11,7,8,K,1945,Chris Boswell,K,14.0,False,True
2021,11,7,9,DEF,SF,San Francisco 49ers,DEF,11.0,False,True
2021,11,8,0,QB,7083,Tyler Huntley,QB,11.76,False,True
2021,11,8,1,RB,6130,Devin Singletary,RB,5.8,False,False
2021,11,8,2,RB,5890,Damien Harris,RB,7.0,False,True
2021,11,8,3,WR,6819,Michael Pittman,WR,3.3,False,True
2021,11,8,4,WR,5859,A.J. Brown,WR,7.3,False,True
2021,11,8,5,TE,1466,Travis Kelce,TE,16.3,False,True
2021,11,8,6,FLEX,5967,Tony Pollard,RB,8.0,False,True
2021,11,8,7,SUPER_FLEX,2028,Derek Carr,QB,9.6,False,True
2021,11,8,8,K,4227,Harrison Butker,K,8.0,False,True
2021,11,8,9,DEF,LAC,Los Angeles Chargers,DEF,0.0,False,True
2021,11,9,0,QB,2549,Trevor Siemian,QB,26.16,False,True
2021,11,9,1,RB,7528,Najee Harris,RB,14.4,False,True
2021,11,9,2,RB,5892,David Montgomery,RB,7.2,False,True
2021,11,9,3,WR,1479,Keenan Allen,WR,15.7,False,True
2021,11,9,4,WR,5927,Terry McLaurin,WR,18.8,False,True
2021,11,9,5,TE,4993,Mike Gesicki,TE,7.5,False,True
2021,11,9,6,FLEX,6989,Marquez Callaway,WR,9.1,False,True
2021,11,9,7,SUPER_FLEX,184,Adrian Peterson,RB,5.4,False,False
2021,11,9,8,K,4666,Younghoe Koo,K,0.0,False,True
2021,11,9,9,DEF,NO,New Orleans Saints,DEF,5.0,False,True
2021,11,10,0,QB,167,Tom Brady,QB,20.28,False,True
2021,11,10,1,RB,6813,Jonathan Taylor,RB,51.9,False,True
2021,11,10,2,RB,6955,James Robinson,RB,10.8,False,True
2021,11,10,3,WR,5872,Deebo Samuel,WR,15.9,False,True
2021,11,10,4,WR,6803,Brandon Aiyuk,WR,18.0,False,False
2021,11,10,5,TE,4217,George Kittle,TE,11.4,False,True
2021,11,10,6,FLEX,7606,Kadarius Toney,WR,7.5,False,False
2021,11,10,7,SUPER_FLEX,5870,Daniel Jones,QB,9.68,False,True
2021,11,10,8,K,7042,Tyler Bass,K,1.0,False,True
2021,11,10,9,DEF,TB,Tampa Bay Buccaneers,DEF,13.0,False,True
2021,11,11,0,QB,6768,Tua Tagovailoa,QB,18.52,False,True
2021,11,11,1,RB,6790,D'Andre Swift,RB,21.1,False,True
2021,11,11,2,RB,4137,James Conner,RB,18.4,False,True
2021,11,11,3,WR,2449,Stefon Diggs,WR,16.3,False,True
2021,11,11,4,WR,1689,Adam Thielen,WR,18.2,False,True
2021,11,11,5,TE,5022,Dallas Goedert,TE,8.7,False,False
2021,11,11,6,FLEX,4866,Saquon Barkley,RB,8.6,False,True
2021,11,11,7,SUPER_FLEX,1837,Jimmy Garoppolo,QB,15.64,False,True
2021,11,11,8,K,1099,Randy Bullock,K,0.0,False,True
2021,11,11,9,DEF,MIA,Miami Dolphins,DEF,6.0,False,True
2021,11,12,0,QB,6904,Jalen Hurts,QB,30.78,False,True
2021,11,12,1,RB,4029,Dalvin Cook,RB,21.0,False,True
2021,11,12,2,RB,3242,Kenyan Drake,RB,3.4,False,False
2021,11,12,3,WR,2216,Mike Evans,WR,17.3,False,True
2021,11,12,4,WR,4983,DJ Moore,WR,13.5,False,True
2021,11,12,5,TE,2505,Darren Waller,TE,15.1,False,True
2021,11,12,6,FLEX,7090,Darnell Mooney,WR,20.6,False,False
2021,11,12,7,SUPER_FLEX,6797,Justin Herbert,QB,35.28,False,True
2021,11,12,8,K,5095,Daniel Carlson,K,8.0,False,True
2021,11,12,9,DEF,ARI,Arizona Cardinals,DEF,9.0,False,True
2021,12,1,0,QB,1166,Kirk Cousins,QB,16.52,False,True
2021,12,1,1,RB,4663,Austin Ekeler,RB,18.9,False,True
2021,12,1,2,RB,1387,Rex Burkhead,RB,6.9,False,False
2021,12,1,3,WR,7596,Elijah Moore,WR,7.3,False,True
2021,12,1,4,WR,5947,Jakobi Meyers,WR,12.3,False,True
2021,12,1,5,TE,5844,T.J. Hockenson,TE,11.0,False,True
2021,12,1,6,FLEX,6794,Justin Jefferson,WR,11.26,False,True
2021,12,1,7,SUPER_FLEX,5086,Marquez Valdes-Scantling,WR,7.0,False,True
2021,12,1,8,K,650,Nick Folk,K,21.0,False,True
2021,12,1,9,DEF,PHI,Philadelphia Eagles,DEF,5.0,False,True
2021,12,2,0,QB,827,Tyrod Taylor,QB,16.32,False,True
2021,12,2,1,RB,6945,Antonio Gibson,RB,20.1,False,True
2021,12,2,2,RB,5536,Dontrell Hilliard,RB,17.8,False,False
2021,12,2,3,WR,4039,Cooper Kupp,WR,15.1,False,True
2021,12,2,4,WR,4131,Kenny Golladay,WR,6.5,False,True
2021,12,2,5,TE,515,Rob Gronkowski,TE,15.8,False,True
2021,12,2,6,FLEX,6828,AJ Dillon,RB,17.5,False,False
2021,12,2,7,SUPER_FLEX,2391,David Johnson,RB,6.5,False,True
2021,12,2,8,K,1266,Greg Zuerlein,K,7.0,False,True
2021,12,2,9,DEF,NE,New England Patriots,DEF,19.0,False,True
2021,12,3,0,QB,1049,Ryan Tannehill,QB,9.12,False,True
2021,12,3,1,RB,6151,Miles Sanders,RB,6.9,False,False
2021,12,3,2,RB,2320,Melvin Gordon,RB,9.3,False,True
2021,12,3,3,WR,5113,Cedrick Wilson,WR,13.9,False,True
2021,12,3,4,WR,1825,Jarvis Landry,WR,12.1,False,False
2021,12,3,5,TE,5906,Dawson Knox,TE,16.7,False,False
2021,12,3,6,FLEX,3664,J.D. McKissic,RB,20.1,False,False
2021,12,3,7,SUPER_FLEX,2711,Taylor Heinicke,QB,12.22,False,True
2021,12,3,8,K,5272,Greg Joseph,K,1.0,False,True
2021,12,3,9,DEF,BUF,Buffalo Bills,DEF,11.0,False,True
2021,12,4,0,QB,6770,Joe Burrow,QB,17.4,False,True
2021,12,4,1,RB,3164,Ezekiel Elliott,RB,13.9,False,True
2021,12,4,2,RB,4018,Joe Mixon,RB,30.3,False,True
2021,12,4,3,WR,4068,Mike Williams,WR,5.9,False,True
2021,12,4,4,WR,2078,Odell Beckham,WR,16.6,False,True
2021,12,4,5,TE,6826,Cole Kmet,TE,10.5,False,True
2021,12,4,6,FLEX,7600,Pat Freiermuth,TE,12.0,False,False
2021,12,4,7,SUPER_FLEX,829,Andy Dalton,QB,16.78,False,True
2021,12,4,8,K,5230,Michael Badgley,K,8.0,False,True
2021,12,4,9,DEF,DAL,Dallas Cowboys,DEF,6.0,False,True
2021,12,5,0,QB,3161,Carson Wentz,QB,22.34,False,True
2021,12,5,1,RB,3969,Leonard Fournette,RB,40.6,False,True
2021,12,5,2,RB,4111,D'Onta Foreman,RB,9.7,False,False
2021,12,5,3,WR,2133,Davante Adams,WR,14.4,False,True
2021,12,5,4,WR,6853,Van Jefferson,WR,16.8,False,False
2021,12,5,5,TE,5012,Mark Andrews,TE,14.5,False,True
2021,12,5,6,FLEX,5052,Ronald Jones,RB,9.7,False,False
2021,12,5,7,SUPER_FLEX,1234,Russell Wilson,QB,19.48,False,True
2021,12,5,8,K,1264,Justin Tucker,K,13.0,False,True
2021,12,5,9,DEF,CHI,Chicago Bears,DEF,6.0,False,True
2021,12,6,0,QB,4984,Josh Allen,QB,28.7,False,True
2021,12,6,1,RB,7561,Elijah Mitchell,RB,25.3,False,True
2021,12,6,2,RB,5850,Josh Jacobs,RB,18.2,False,True
2021,12,6,3,WR,7526,Jaylen Waddle,WR,24.2,False,True
2021,12,6,4,WR,2374,Tyler Lockett,WR,11.1,False,True
2021,12,6,5,TE,7553,Kyle Pitts,TE,3.6,False,True
2021,12,6,6,FLEX,5980,Myles Gaskin,RB,18.2,False,False
2021,12,6,7,SUPER_FLEX,5987,Alexander Mattison,RB,9.8,False,False
2021,12,6,8,K,1433,Brandon McManus,K,4.0,False,True
2021,12,6,9,DEF,CLE,Cleveland Browns,DEF,11.0,False,True
2021,12,7,0,QB,3294,Dak Prescott,QB,25.3,False,True
2021,12,7,1,RB,5122,Boston Scott,RB,12.2,False,False
2021,12,7,2,RB,1535,Cordarrelle Patterson,RB,26.5,False,True
2021,12,7,3,WR,5848,Marquise Brown,WR,9.1,False,True
2021,12,7,4,WR,5937,Diontae Johnson,WR,14.0,False,True
2021,12,7,5,TE,2251,Logan Thomas,TE,4.6,False,True
2021,12,7,6,FLEX,6886,Chase Claypool,WR,9.7,False,False
2021,12,7,7,SUPER_FLEX,96,Aaron Rodgers,QB,26.28,False,True
2021,12,7,8,K,1945,Chris Boswell,K,5.0,False,True
2021,12,7,9,DEF,BAL,Baltimore Ravens,DEF,12.0,False,True
2021,12,8,0,QB,421,Matthew Stafford,QB,22.98,False,True
2021,12,8,1,RB,5916,Darrell Henderson,RB,15.3,False,True
2021,12,8,2,RB,5967,Tony Pollard,RB,14.8,False,True
2021,12,8,3,WR,6819,Michael Pittman,WR,7.3,False,True
2021,12,8,4,WR,5045,Courtland Sutton,WR,2.7,False,True
2021,12,8,5,TE,4741,Dan Arnold,TE,1.4,False,True
2021,12,8,6,FLEX,7588,Javonte Williams,RB,18.6,False,True
2021,12,8,7,SUPER_FLEX,2028,Derek Carr,QB,21.02,False,True
2021,12,8,8,K,6083,Matt Gay,K,8.0,False,True
2021,12,8,9,DEF,LAC,Los Angeles Chargers,DEF,4.0,False,True
2021,12,9,0,QB,4881,Lamar Jackson,QB,13.4,False,True
2021,12,9,1,RB,2431,Mike Davis,RB,5.6,False,False
2021,12,9,2,RB,5892,David Montgomery,RB,8.9,False,True
2021,12,9,3,WR,1479,Keenan Allen,WR,12.0,False,True
2021,12,9,4,WR,5110,Russell Gage,WR,15.2,False,True
2021,12,9,5,TE,4993,Mike Gesicki,TE,3.2,False,True
2021,12,9,6,FLEX,5927,Terry McLaurin,WR,7.1,False,True
2021,12,9,7,SUPER_FLEX,24,Matt Ryan,QB,11.2,False,True
2021,12,9,8,K,7839,Evan McPherson,K,13.0,False,True
2021,12,9,9,DEF,NO,New Orleans Saints,DEF,5.0,False,True
2021,12,10,0,QB,5870,Daniel Jones,QB,15.08,False,True
2021,12,10,1,RB,6813,Jonathan Taylor,RB,17.7,False,True
2021,12,10,2,RB,4455,Matt Breida,RB,12.5,False,False
2021,12,10,3,WR,5872,Deebo Samuel,WR,20.3,False,True
2021,12,10,4,WR,5038,Michael Gallup,WR,13.1,False,True
2021,12,10,5,TE,4217,George Kittle,TE,1.8,False,True
2021,12,10,6,FLEX,5955,Hunter Renfrow,WR,17.6,False,False
2021,12,10,7,SUPER_FLEX,6801,Tee Higgins,WR,20.4,False,False
2021,12,10,8,K,7042,Tyler Bass,K,7.0,False,True
2021,12,10,9,DEF,TB,Tampa Bay Buccaneers,DEF,13.0,False,True
2021,12,11,0,QB,6768,Tua Tagovailoa,QB,13.2,False,True
2021,12,11,1,RB,3209,Devontae Booker,RB,3.2,False,False
2021,12,11,2,RB,4866,Saquon Barkley,RB,7.3,False,True
2021,12,11,3,WR,2449,Stefon Diggs,WR,16.9,False,True
2021,12,11,4,WR,1689,Adam Thielen,WR,20.7,False,True
2021,12,11,5,TE,5001,Dalton Schultz,TE,14.1,False,True
2021,12,11,6,FLEX,4454,Kendrick Bourne,WR,20.6,False,False
2021,12,11,7,SUPER_FLEX,1837,Jimmy Garoppolo,QB,12.2,False,True
2021,12,11,8,K,4195,Jake Elliott,K,1.0,False,True
2021,12,11,9,DEF,MIA,Miami Dolphins,DEF,23.0,False,True
2021,12,12,0,QB,6904,Jalen Hurts,QB,9.86,False,True
2021,12,12,1,RB,4029,Dalvin Cook,RB,11.3,False,True
2021,12,12,2,RB,3242,Kenyan Drake,RB,4.0,False,True
2021,12,12,3,WR,2197,Brandin Cooks,WR,12.0,False,True
2021,12,12,4,WR,4983,DJ Moore,WR,12.3,False,True
2021,12,12,5,TE,2505,Darren Waller,TE,4.3,False,True
2021,12,12,6,FLEX,7090,Darnell Mooney,WR,15.0,False,False
2021,12,12,7,SUPER_FLEX,6797,Justin Herbert,QB,21.72,False,True
2021,12,12,8,K,5095,Daniel Carlson,K,21.0,False,True
2021,12,12,9,DEF,HOU,Houston Texans,DEF,7.0,False,True
2021,13,1,0,QB,1166,Kirk Cousins,QB,20.2,False,True
2021,13,1,1,RB,4663,Austin Ekeler,RB,14.9,False,True
2021,13,1,2,RB,6820,Clyde Edwards-Helaire,RB,9.7,False,True
2021,13,1,3,WR,6794,Justin Jefferson,WR,30.1,False,True
2021,13,1,4,WR,6786,CeeDee Lamb,WR,15.7,False,True
2021,13,1,5,TE,5844,T.J. Hockenson,TE,12.9,False,True
2021,13,1,6,FLEX,7596,Elijah Moore,WR,17.6,False,True
2021,13,1,7,SUPER_FLEX,7611,Rhamondre Stevenson,RB,7.8,False,False
2021,13,1,8,K,650,Nick Folk,K,7.0,False,True
2021,13,1,9,DEF,PHI,Philadelphia Eagles,DEF,5.0,False,True
2021,13,2,0,QB,4046,Patrick Mahomes,QB,13.56,False,True
2021,13,2,1,RB,7588,Javonte Williams,RB,26.8,False,True
2021,13,2,2,RB,6945,Antonio Gibson,RB,19.6,False,True
2021,13,2,3,WR,4039,Cooper Kupp,WR,22.9,False,True
2021,13,2,4,WR,6886,Chase Claypool,WR,6.4,False,True
2021,13,2,5,TE,515,Rob Gronkowski,TE,19.8,False,True
2021,13,2,6,FLEX,3225,Tyler Boyd,WR,11.0,False,False
2021,13,2,7,SUPER_FLEX,5849,Kyler Murray,QB,30.82,False,True
2021,13,2,8,K,1266,Greg Zuerlein,K,11.0,False,True
2021,13,2,9,DEF,NE,New England Patriots,DEF,8.0,False,True
2021,13,3,0,QB,2711,Taylor Heinicke,QB,15.84,False,True
2021,13,3,1,RB,6151,Miles Sanders,RB,15.7,False,True
2021,13,3,2,RB,6039,Ty Johnson,RB,2.5,False,True
2021,13,3,3,WR,3321,Tyreek Hill,WR,3.2,False,True
2021,13,3,4,WR,7564,Ja'Marr Chase,WR,7.7,False,True
2021,13,3,5,TE,5857,Noah Fant,TE,5.3,False,False
2021,13,3,6,FLEX,5846,DK Metcalf,WR,8.5,False,True
2021,13,3,7,SUPER_FLEX,2152,Teddy Bridgewater,QB,13.98,False,True
2021,13,3,8,K,5272,Greg Joseph,K,10.0,False,True
2021,13,3,9,DEF,BUF,Buffalo Bills,DEF,2.0,False,True
2021,13,4,0,QB,6770,Joe Burrow,QB,18.6,False,True
2021,13,4,1,RB,184,Adrian Peterson,RB,7.6,False,False
2021,13,4,2,RB,4018,Joe Mixon,RB,9.4,False,True
2021,13,4,3,WR,4068,Mike Williams,WR,13.5,False,True
2021,13,4,4,WR,2078,Odell Beckham,WR,9.8,False,True
2021,13,4,5,TE,7600,Pat Freiermuth,TE,6.1,False,True
2021,13,4,6,FLEX,2168,Devonta Freeman,RB,18.2,False,True
2021,13,4,7,SUPER_FLEX,5209,Mike Boone,RB,5.9,False,False
2021,13,4,8,K,5230,Michael Badgley,K,6.0,False,True
2021,13,4,9,DEF,DAL,Dallas Cowboys,DEF,18.0,False,True
2021,13,5,0,QB,3161,Carson Wentz,QB,11.12,False,True
2021,13,5,1,RB,3969,Leonard Fournette,RB,18.7,False,True
2021,13,5,2,RB,1034,Brandon Bolden,RB,6.0,False,False
2021,13,5,3,WR,1426,DeAndre Hopkins,WR,10.2,False,True
2021,13,5,4,WR,6853,Van Jefferson,WR,13.1,False,True
2021,13,5,5,TE,5012,Mark Andrews,TE,7.0,False,True
2021,13,5,6,FLEX,1110,T.Y. Hilton,WR,3.2,False,False
2021,13,5,7,SUPER_FLEX,1234,Russell Wilson,QB,17.74,False,True
2021,13,5,8,K,1264,Justin Tucker,K,7.0,False,True
2021,13,5,9,DEF,LAR,Los Angeles Rams,DEF,12.0,False,True
2021,13,6,0,QB,4984,Josh Allen,QB,11.7,False,True
2021,13,6,1,RB,7561,Elijah Mitchell,RB,15.9,False,True
2021,13,6,2,RB,5987,Alexander Mattison,RB,19.9,False,True
2021,13,6,3,WR,7526,Jaylen Waddle,WR,13.5,False,True
2021,13,6,4,WR,2374,Tyler Lockett,WR,16.3,False,True
2021,13,6,5,TE,7553,Kyle Pitts,TE,6.8,False,True
2021,13,6,6,FLEX,5850,Josh Jacobs,RB,19.5,False,False
2021,13,6,7,SUPER_FLEX,2410,Jamison Crowder,WR,8.2,False,False
2021,13,6,8,K,17,Matt Prater,K,9.0,False,True
2021,13,6,9,DEF,MIN,Minnesota Vikings,DEF,8.0,False,True
2021,13,7,0,QB,3294,Dak Prescott,QB,12.22,False,True
2021,13,7,1,RB,4149,Jamaal Williams,RB,8.5,False,True
2021,13,7,2,RB,1535,Cordarrelle Patterson,RB,11.1,False,True
2021,13,7,3,WR,5848,Marquise Brown,WR,8.0,False,True
2021,13,7,4,WR,5937,Diontae Johnson,WR,26.5,False,True
2021,13,7,5,TE,2251,Logan Thomas,TE,12.3,False,True
2021,13,7,6,FLEX,4037,Chris Godwin,WR,22.7,False,True
2021,13,7,7,SUPER_FLEX,138,Ben Roethlisberger,QB,19.34,False,True
2021,13,7,8,K,1945,Chris Boswell,K,8.0,False,True
2021,13,7,9,DEF,BAL,Baltimore Ravens,DEF,2.0,False,True
2021,13,8,0,QB,421,Matthew Stafford,QB,24.0,False,True
2021,13,8,1,RB,5890,Damien Harris,RB,17.1,False,True
2021,13,8,2,RB,5967,Tony Pollard,RB,14.4,False,True
2021,13,8,3,WR,6819,Michael Pittman,WR,14.0,False,True
2021,13,8,4,WR,6783,Jerry Jeudy,WR,9.7,False,True
2021,13,8,5,TE,1466,Travis Kelce,TE,4.2,False,True
2021,13,8,6,FLEX,5549,Darrel Williams,RB,9.5,False,False
2021,13,8,7,SUPER_FLEX,2028,Derek Carr,QB,12.36,False,True
2021,13,8,8,K,6083,Matt Gay,K,15.0,False,True
2021,13,8,9,DEF,LAC,Los Angeles Chargers,DEF,22.0,False,True
2021,13,9,0,QB,4881,Lamar Jackson,QB,18.62,False,True
2021,13,9,1,RB,2378,Tevin Coleman,RB,9.2,False,True
2021,13,9,2,RB,5892,David Montgomery,RB,24.1,False,True
2021,13,9,3,WR,1479,Keenan Allen,WR,19.9,False,True
2021,13,9,4,WR,5110,Russell Gage,WR,16.5,False,False
2021,13,9,5,TE,5985,Foster Moreau,TE,3.9,False,True
2021,13,9,6,FLEX,4962,Sony Michel,RB,20.4,False,False
2021,13,9,7,SUPER_FLEX,24,Matt Ryan,QB,12.08,False,True
2021,13,9,8,K,4227,Harrison Butker,K,12.0,False,True
2021,13,9,9,DEF,NYG,New York Giants,DEF,3.0,False,True
2021,13,10,0,QB,167,Tom Brady,QB,29.62,False,True
2021,13,10,1,RB,6813,Jonathan Taylor,RB,24.3,False,True
2021,13,10,2,RB,5347,Nyheim Miller-Hines,RB,7.1,False,False
2021,13,10,3,WR,5038,Michael Gallup,WR,12.1,False,False
2021,13,10,4,WR,5955,Hunter Renfrow,WR,14.7,False,True
2021,13,10,5,TE,4217,George Kittle,TE,35.1,False,True
2021,13,10,6,FLEX,6801,Tee Higgins,WR,24.3,False,True
2021,13,10,7,SUPER_FLEX,4381,Taysom Hill,TE,24.66,False,True
2021,13,10,8,K,7042,Tyler Bass,K,3.0,False,True
2021,13,10,9,DEF,IND,Indianapolis Colts,DEF,19.0,False,True
2021,13,11,0,QB,6768,Tua Tagovailoa,QB,17.86,False,True
2021,13,11,1,RB,4137,James Conner,RB,18.1,False,True
2021,13,11,2,RB,4866,Saquon Barkley,RB,10.4,False,True
2021,13,11,3,WR,2449,Stefon Diggs,WR,7.1,False,True
2021,13,11,4,WR,1067,Marvin Jones,WR,2.1,False,False
2021,13,11,5,TE,5022,Dallas Goedert,TE,25.5,False,False
2021,13,11,6,FLEX,3209,Devontae Booker,RB,7.4,False,False
2021,13,11,7,SUPER_FLEX,1837,Jimmy Garoppolo,QB,17.96,False,True
2021,13,11,8,K,4195,Jake Elliott,K,17.0,False,True
2021,13,11,9,DEF,MIA,Miami Dolphins,DEF,9.0,False,True
2021,13,12,0,QB,6797,Justin Herbert,QB,26.28,False,True
2021,13,12,1,RB,7528,Najee Harris,RB,13.2,False,True
2021,13,12,2,RB,6845,Zack Moss,RB,4.3,False,False
2021,13,12,3,WR,2197,Brandin Cooks,WR,6.9,False,True
2021,13,12,4,WR,2216,Mike Evans,WR,13.4,False,True
2021,13,12,5,TE,4993,Mike Gesicki,TE,8.1,False,True
2021,13,12,6,FLEX,3271,Tyler Higbee,TE,7.3,False,False
2021,13,12,7,SUPER_FLEX,6011,Gardner Minshew,QB,18.78,False,True
2021,13,12,8,K,5095,Daniel Carlson,K,11.0,False,True
2021,13,12,9,DEF,ARI,Arizona Cardinals,DEF,11.0,False,True
2021,14,1,0,QB,1166,Kirk Cousins,QB,16.04,False,True
2021,14,1,1,RB,4663,Austin Ekeler,RB,15.4,False,True
2021,14,1,2,RB,6820,Clyde Edwards-Helaire,RB,17.7,False,True
2021,14,1,3,WR,6794,Justin Jefferson,WR,17.0,False,True
2021,14,1,4,WR,6786,CeeDee Lamb,WR,11.1,False,True
2021,14,1,5,TE,5844,T.J. Hockenson,TE,0.0,False,True
2021,14,1,6,FLEX,5284,Jeff Wilson,RB,5.6,False,False
2021,14,1,7,SUPER_FLEX,5121,Braxton Berrios,WR,8.2,False,True
2021,14,1,8,K,1433,Brandon McManus,K,10.0,False,True
2021,14,1,9,DEF,SF,San Francisco 49ers,DEF,8.0,False,False
2021,14,2,0,QB,4046,Patrick Mahomes,QB,20.32,False,True
2021,14,2,1,RB,7588,Javonte Williams,RB,20.8,False,True
2021,14,2,2,RB,4985,Rashaad Penny,RB,26.3,False,False
2021,14,2,3,WR,4039,Cooper Kupp,WR,24.8,False,True
2021,14,2,4,WR,6886,Chase Claypool,WR,13.5,False,True
2021,14,2,5,TE,515,Rob Gronkowski,TE,8.7,False,True
2021,14,2,6,FLEX,4035,Alvin Kamara,RB,22.5,False,True
2021,14,2,7,SUPER_FLEX,5849,Kyler Murray,QB,19.42,False,True
2021,14,2,8,K,1266,Greg Zuerlein,K,13.0,False,True
2021,14,2,9,DEF,GB,Green Bay Packers,DEF,15.0,False,True
2021,14,3,0,QB,2711,Taylor Heinicke,QB,8.68,False,True
2021,14,3,1,RB,4988,Nick Chubb,RB,8.0,False,True
2021,14,3,2,RB,2320,Melvin Gordon,RB,23.1,False,True
2021,14,3,3,WR,3321,Tyreek Hill,WR,9.6,False,True
2021,14,3,4,WR,7564,Ja'Marr Chase,WR,22.8,False,True
2021,14,3,5,TE,5906,Dawson Knox,TE,15.5,False,True
2021,14,3,6,FLEX,1825,Jarvis Landry,WR,12.6,False,False
2021,14,3,7,SUPER_FLEX,2152,Teddy Bridgewater,QB,15.16,False,True
2021,14,3,8,K,5272,Greg Joseph,K,12.0,False,True
2021,14,3,9,DEF,KC,Kansas City Chiefs,DEF,28.0,False,True
2021,14,4,0,QB,6770,Joe Burrow,QB,22.22,False,True
2021,14,4,1,RB,3164,Ezekiel Elliott,RB,8.5,False,True
2021,14,4,2,RB,2168,Devonta Freeman,RB,9.7,False,False
2021,14,4,3,WR,6421,Jalen Guyton,WR,16.2,False,False
2021,14,4,4,WR,2078,Odell Beckham,WR,16.7,False,True
2021,14,4,5,TE,7600,Pat Freiermuth,TE,10.2,False,True
2021,14,4,6,FLEX,2309,Amari Cooper,WR,13.6,False,True
2021,14,4,7,SUPER_FLEX,7591,Justin Fields,QB,20.36,False,True
2021,14,4,8,K,1348,Dustin Hopkins,K,13.0,False,True
2021,14,4,9,DEF,DAL,Dallas Cowboys,DEF,25.0,False,True
2021,14,5,0,QB,1234,Russell Wilson,QB,21.2,False,True
2021,14,5,1,RB,3969,Leonard Fournette,RB,21.2,False,True
2021,14,5,2,RB,4111,D'Onta Foreman,RB,13.2,False,True
2021,14,5,3,WR,2133,Davante Adams,WR,29.1,False,True
2021,14,5,4,WR,1426,DeAndre Hopkins,WR,7.9,False,True
2021,14,5,5,TE,5012,Mark Andrews,TE,23.0,False,True
2021,14,5,6,FLEX,6853,Van Jefferson,WR,13.8,False,True
2021,14,5,7,SUPER_FLEX,138,Ben Roethlisberger,QB,25.82,False,True
2021,14,5,8,K,1264,Justin Tucker,K,15.0,False,True
2021,14,5,9,DEF,TEN,Tennessee Titans,DEF,21.0,False,True
2021,14,6,0,QB,4984,Josh Allen,QB,36.22,False,True
2021,14,6,1,RB,5850,Josh Jacobs,RB,7.5,False,True
2021,14,6,2,RB,4098,Kareem Hunt,RB,2.8,False,True
2021,14,6,3,WR,7066,K.J. Osborn,WR,15.8,False,True
2021,14,6,4,WR,2374,Tyler Lockett,WR,24.7,False,True
2021,14,6,5,TE,7553,Kyle Pitts,TE,8.6,False,True
2021,14,6,6,FLEX,3202,Austin Hooper,TE,11.5,False,True
2021,14,6,7,SUPER_FLEX,954,Cam Newton,QB,14.82,False,True
2021,14,6,8,K,17,Matt Prater,K,16.0,False,True
2021,14,6,9,DEF,MIN,Minnesota Vikings,DEF,7.0,False,True
2021,14,7,0,QB,3294,Dak Prescott,QB,11.94,False,True
2021,14,7,1,RB,7594,Chuba Hubbard,RB,9.3,False,True
2021,14,7,2,RB,1535,Cordarrelle Patterson,RB,12.9,False,True
2021,14,7,3,WR,5848,Marquise Brown,WR,6.6,False,True
2021,14,7,4,WR,5937,Diontae Johnson,WR,12.8,False,True
2021,14,7,5,TE,1339,Zach Ertz,TE,6.7,False,True
2021,14,7,6,FLEX,4037,Chris Godwin,WR,15.5,False,True
2021,14,7,7,SUPER_FLEX,96,Aaron Rodgers,QB,29.64,False,True
2021,14,7,8,K,1945,Chris Boswell,K,2.0,False,True
2021,14,7,9,DEF,LAR,Los Angeles Rams,DEF,8.0,False,False
2021,14,8,0,QB,421,Matthew Stafford,QB,23.48,False,True
2021,14,8,1,RB,4199,Aaron Jones,RB,20.0,False,True
2021,14,8,2,RB,5549,Darrel Williams,RB,11.4,False,True
2021,14,8,3,WR,5045,Courtland Sutton,WR,1.4,False,True
2021,14,8,4,WR,6783,Jerry Jeudy,WR,7.2,False,True
2021,14,8,5,TE,1466,Travis Kelce,TE,4.2,False,True
2021,14,8,6,FLEX,6130,Devin Singletary,RB,11.9,False,False
2021,14,8,7,SUPER_FLEX,2028,Derek Carr,QB,11.52,False,True
2021,14,8,8,K,6083,Matt Gay,K,14.0,False,True
2021,14,8,9,DEF,LAC,Los Angeles Chargers,DEF,7.0,False,True
2021,14,9,0,QB,4881,Lamar Jackson,QB,1.18,False,True
2021,14,9,1,RB,4029,Dalvin Cook,RB,34.7,False,True
2021,14,9,2,RB,5892,David Montgomery,RB,11.1,False,True
2021,14,9,3,WR,5110,Russell Gage,WR,8.4,False,True
2021,14,9,4,WR,1992,Allen Robinson,WR,2.4,False,False
2021,14,9,5,TE,5985,Foster Moreau,TE,2.8,False,True
2021,14,9,6,FLEX,4962,Sony Michel,RB,7.9,False,True
2021,14,9,7,SUPER_FLEX,24,Matt Ryan,QB,11.9,False,True
2021,14,9,8,K,4227,Harrison Butker,K,14.0,False,True
2021,14,9,9,DEF,NYG,New York Giants,DEF,-2.0,False,True
2021,14,10,0,QB,167,Tom Brady,QB,30.12,False,True
2021,14,10,1,RB,4455,Matt Breida,RB,1.2,False,True
2021,14,10,2,RB,6955,James Robinson,RB,0.4,False,True
2021,14,10,3,WR,6803,Brandon Aiyuk,WR,15.6,False,False
2021,14,10,4,WR,5955,Hunter Renfrow,WR,22.2,False,True
2021,14,10,5,TE,4217,George Kittle,TE,27.6,False,True
2021,14,10,6,FLEX,6801,Tee Higgins,WR,13.9,False,True
2021,14,10,7,SUPER_FLEX,4381,Taysom Hill,TE,26.3,False,True
2021,14,10,8,K,7042,Tyler Bass,K,9.0,False,True
2021,14,10,9,DEF,TB,Tampa Bay Buccaneers,DEF,5.0,False,True
2021,14,11,0,QB,4892,Baker Mayfield,QB,16.0,False,True
2021,14,11,1,RB,4137,James Conner,RB,29.0,False,True
2021,14,11,2,RB,4866,Saquon Barkley,RB,17.0,False,True
2021,14,11,3,WR,2449,Stefon Diggs,WR,10.9,False,True
2021,14,11,4,WR,1144,Cole Beasley,WR,10.9,False,True
2021,14,11,5,TE,5001,Dalton Schultz,TE,0.9,False,True
2021,14,11,6,FLEX,3209,Devontae Booker,RB,10.4,False,False
2021,14,11,7,SUPER_FLEX,1837,Jimmy Garoppolo,QB,20.14,False,True
2021,14,11,8,K,391,Ryan Succop,K,9.0,False,True
2021,14,11,9,DEF,DEN,Denver Broncos,DEF,11.0,False,True
2021,14,12,0,QB,6797,Justin Herbert,QB,24.9,False,True
2021,14,12,1,RB,7528,Najee Harris,RB,23.9,False,True
2021,14,12,2,RB,2431,Mike Davis,RB,11.1,False,True
2021,14,12,3,WR,2197,Brandin Cooks,WR,14.1,False,True
2021,14,12,4,WR,2216,Mike Evans,WR,18.1,False,True
2021,14,12,5,TE,6081,Kendall Blanton,TE,3.9,False,True
2021,14,12,6,FLEX,4983,DJ Moore,WR,11.4,False,True
2021,14,12,7,SUPER_FLEX,1049,Ryan Tannehill,QB,16.54,False,True
2021,14,12,8,K,5095,Daniel Carlson,K,2.0,False,True
2021,14,12,9,DEF,ARI,Arizona Cardinals,DEF,3.0,False,True
2021,15,1,0,QB,1166,Kirk Cousins,QB,11.48,False,True
2021,15,1,1,RB,4663,Austin Ekeler,RB,16.2,False,True
2021,15,1,2,RB,6820,Clyde Edwards-Helaire,RB,8.0,False,True
2021,15,1,3,WR,5121,Braxton Berrios,WR,10.1,False,True
2021,15,1,4,WR,5947,Jakobi Meyers,WR,8.3,False,False
2021,15,1,5,TE,3214,Hunter Henry,TE,22.7,False,True
2021,15,1,6,FLEX,5086,Marquez Valdes-Scantling,WR,18.3,False,False
2021,15,1,7,SUPER_FLEX,6794,Justin Jefferson,WR,12.7,False,True
2021,15,1,8,K,650,Nick Folk,K,5.0,False,True
2021,15,1,9,DEF,NO,New Orleans Saints,DEF,19.0,False,False
2021,15,2,0,QB,4046,Patrick Mahomes,QB,30.6,False,True
2021,15,2,1,RB,6828,AJ Dillon,RB,10.0,False,True
2021,15,2,2,RB,7588,Javonte Williams,RB,10.1,False,False
2021,15,2,3,WR,4039,Cooper Kupp,WR,30.2,False,True
2021,15,2,4,WR,3225,Tyler Boyd,WR,18.1,False,False
2021,15,2,5,TE,515,Rob Gronkowski,TE,3.9,False,True
2021,15,2,6,FLEX,6945,Antonio Gibson,RB,15.5,False,True
2021,15,2,7,SUPER_FLEX,5849,Kyler Murray,QB,13.58,False,True
2021,15,2,8,K,1266,Greg Zuerlein,K,8.0,False,True
2021,15,2,9,DEF,NE,New England Patriots,DEF,3.0,False,True
2021,15,3,0,QB,2152,Teddy Bridgewater,QB,4.92,False,True
2021,15,3,1,RB,4988,Nick Chubb,RB,15.8,False,True
2021,15,3,2,RB,2320,Melvin Gordon,RB,6.6,False,True
2021,15,3,3,WR,3321,Tyreek Hill,WR,26.8,False,True
2021,15,3,4,WR,5846,DK Metcalf,WR,8.2,False,True
2021,15,3,5,TE,5906,Dawson Knox,TE,5.8,False,True
2021,15,3,6,FLEX,5857,Noah Fant,TE,8.2,False,False
2021,15,3,7,SUPER_FLEX,6151,Miles Sanders,RB,15.6,False,True
2021,15,3,8,K,5272,Greg Joseph,K,5.0,False,True
2021,15,3,9,DEF,BUF,Buffalo Bills,DEF,8.0,False,True
2021,15,4,0,QB,6770,Joe Burrow,QB,12.78,False,True
2021,15,4,1,RB,3164,Ezekiel Elliott,RB,14.7,False,True
2021,15,4,2,RB,5131,Justin Jackson,RB,10.4,False,False
2021,15,4,3,WR,7547,Amon-Ra St. Brown,WR,19.5,False,True
2021,15,4,4,WR,6421,Jalen Guyton,WR,8.0,False,False
2021,15,4,5,TE,7600,Pat Freiermuth,TE,5.7,False,True
2021,15,4,6,FLEX,6659,Craig Reynolds,RB,12.2,False,False
2021,15,4,7,SUPER_FLEX,7591,Justin Fields,QB,16.9,False,True
2021,15,4,8,K,1348,Dustin Hopkins,K,4.0,False,True
2021,15,4,9,DEF,DAL,Dallas Cowboys,DEF,17.0,False,True
2021,15,5,0,QB,3161,Carson Wentz,QB,6.98,False,True
2021,15,5,1,RB,3969,Leonard Fournette,RB,10.2,False,True
2021,15,5,2,RB,4111,D'Onta Foreman,RB,14.5,False,True
2021,15,5,3,WR,2133,Davante Adams,WR,13.4,False,True
2021,15,5,4,WR,7496,Nick Westbrook-Ikhine,WR,5.2,False,False
2021,15,5,5,TE,5012,Mark Andrews,TE,30.6,False,True
2021,15,5,6,FLEX,5052,Ronald Jones,RB,8.1,False,False
2021,15,5,7,SUPER_FLEX,1034,Brandon Bolden,RB,5.9,False,False
2021,15,5,8,K,1264,Justin Tucker,K,6.0,False,True
2021,15,5,9,DEF,PHI,Philadelphia Eagles,DEF,5.0,False,True
2021,15,6,0,QB,4984,Josh Allen,QB,21.8,False,True
2021,15,6,1,RB,5980,Myles Gaskin,RB,5.4,False,True
2021,15,6,2,RB,5850,Josh Jacobs,RB,10.9,False,True
2021,15,6,3,WR,7525,DeVonta Smith,WR,5.5,False,True
2021,15,6,4,WR,4171,Josh Reynolds,WR,15.8,False,False
2021,15,6,5,TE,7553,Kyle Pitts,TE,9.7,False,True
2021,15,6,6,FLEX,6943,Gabe Davis,WR,23.0,False,False
2021,15,6,7,SUPER_FLEX,138,Ben Roethlisberger,QB,11.92,False,True
2021,15,6,8,K,17,Matt Prater,K,6.0,False,True
2021,15,6,9,DEF,MIN,Minnesota Vikings,DEF,17.0,False,True
2021,15,7,0,QB,3294,Dak Prescott,QB,10.58,False,True
2021,15,7,1,RB,2359,Ameer Abdullah,RB,13.5,False,False
2021,15,7,2,RB,5536,Dontrell Hilliard,RB,7.9,False,False
2021,15,7,3,WR,5848,Marquise Brown,WR,9.3,False,True
2021,15,7,4,WR,5937,Diontae Johnson,WR,7.3,False,True
2021,15,7,5,TE,1339,Zach Ertz,TE,10.4,False,True
2021,15,7,6,FLEX,4037,Chris Godwin,WR,7.9,False,True
2021,15,7,7,SUPER_FLEX,96,Aaron Rodgers,QB,23.82,False,True
2021,15,7,8,K,5119,Jason Sanders,K,7.0,False,True
2021,15,7,9,DEF,LAR,Los Angeles Rams,DEF,9.0,False,True
2021,15,8,0,QB,421,Matthew Stafford,QB,16.46,False,True
2021,15,8,1,RB,4199,Aaron Jones,RB,14.0,False,True
2021,15,8,2,RB,5284,Jeff Wilson,RB,18.9,False,True
2021,15,8,3,WR,6819,Michael Pittman,WR,1.2,False,True
2021,15,8,4,WR,5045,Courtland Sutton,WR,2.2,False,False
2021,15,8,5,TE,1466,Travis Kelce,TE,36.1,False,True
2021,15,8,6,FLEX,6130,Devin Singletary,RB,16.1,False,False
2021,15,8,7,SUPER_FLEX,2382,Duke Johnson,RB,25.2,False,False
2021,15,8,8,K,6083,Matt Gay,K,10.0,False,True
2021,15,8,9,DEF,GB,Green Bay Packers,DEF,0.0,False,True
2021,15,9,0,QB,24,Matt Ryan,QB,13.44,False,True
2021,15,9,1,RB,4029,Dalvin Cook,RB,10.1,False,True
2021,15,9,2,RB,4962,Sony Michel,RB,12.5,False,False
2021,15,9,3,WR,1479,Keenan Allen,WR,16.8,False,True
2021,15,9,4,WR,5110,Russell Gage,WR,19.1,False,False
2021,15,9,5,TE,5985,Foster Moreau,TE,10.0,False,True
2021,15,9,6,FLEX,2319,DeVante Parker,WR,14.8,False,True
2021,15,9,7,SUPER_FLEX,954,Cam Newton,QB,24.34,False,True
2021,15,9,8,K,4227,Harrison Butker,K,8.0,False,True
2021,15,9,9,DEF,LV,Las Vegas Raiders,DEF,1.0,False,True
2021,15,10,0,QB,167,Tom Brady,QB,5.76,False,True
2021,15,10,1,RB,6813,Jonathan Taylor,RB,23.0,False,True
2021,15,10,2,RB,6955,James Robinson,RB,16.3,False,True
2021,15,10,3,WR,5872,Deebo Samuel,WR,16.9,False,True
2021,15,10,4,WR,5955,Hunter Renfrow,WR,4.7,False,True
2021,15,10,5,TE,4217,George Kittle,TE,12.3,False,True
2021,15,10,6,FLEX,5347,Nyheim Miller-Hines,RB,7.3,False,False
2021,15,10,7,SUPER_FLEX,4381,Taysom Hill,TE,9.46,False,True
2021,15,10,8,K,4195,Jake Elliott,K,9.0,False,False
2021,15,10,9,DEF,IND,Indianapolis Colts,DEF,16.0,False,False
2021,15,11,0,QB,6768,Tua Tagovailoa,QB,15.74,False,True
2021,15,11,1,RB,4137,James Conner,RB,8.0,False,True
2021,15,11,2,RB,3209,Devontae Booker,RB,9.2,False,False
2021,15,11,3,WR,2449,Stefon Diggs,WR,11.5,False,True
2021,15,11,4,WR,4131,Kenny Golladay,WR,6.8,False,False
2021,15,11,5,TE,5022,Dallas Goedert,TE,17.0,False,True
2021,15,11,6,FLEX,5001,Dalton Schultz,TE,16.7,False,False
2021,15,11,7,SUPER_FLEX,1837,Jimmy Garoppolo,QB,13.8,False,True
2021,15,11,8,K,391,Ryan Succop,K,0.0,False,True
2021,15,11,9,DEF,MIA,Miami Dolphins,DEF,10.0,False,True
2021,15,12,0,QB,6797,Justin Herbert,QB,24.04,False,True
2021,15,12,1,RB,7528,Najee Harris,RB,3.6,False,True
2021,15,12,2,RB,5000,Chase Edmonds,RB,5.3,False,True
2021,15,12,3,WR,2197,Brandin Cooks,WR,25.7,False,True
2021,15,12,4,WR,4950,Christian Kirk,WR,19.9,False,False
2021,15,12,5,TE,4993,Mike Gesicki,TE,6.8,False,True
2021,15,12,6,FLEX,4983,DJ Moore,WR,9.8,False,False
2021,15,12,7,SUPER_FLEX,6904,Jalen Hurts,QB,28.64,False,True
2021,15,12,8,K,5095,Daniel Carlson,K,12.0,False,True
2021,15,12,9,DEF,HOU,Houston Texans,DEF,10.0,False,False
2021,16,1,0,QB,1166,Kirk Cousins,QB,17.3,False,True
2021,16,1,1,RB,1387,Rex Burkhead,RB,27.9,False,True
2021,16,1,2,RB,6820,Clyde Edwards-Helaire,RB,9.6,False,True
2021,16,1,3,WR,5121,Braxton Berrios,WR,12.5,False,True
2021,16,1,4,WR,6794,Justin Jefferson,WR,15.6,False,True
2021,16,1,5,TE,3214,Hunter Henry,TE,1.4,False,True
2021,16,1,6,FLEX,5947,Jakobi Meyers,WR,8.9,False,True
2021,16,1,7,SUPER_FLEX,7569,Nico Collins,WR,10.8,False,False
2021,16,1,8,K,650,Nick Folk,K,3.0,False,True
2021,16,1,9,DEF,NO,New Orleans Saints,DEF,7.0,False,False
2021,16,2,0,QB,5849,Kyler Murray,QB,21.9,False,True
2021,16,2,1,RB,4985,Rashaad Penny,RB,19.5,False,False
2021,16,2,2,RB,6945,Antonio Gibson,RB,12.8,False,False
2021,16,2,3,WR,4039,Cooper Kupp,WR,16.3,False,True
2021,16,2,4,WR,5859,A.J. Brown,WR,26.0,False,True
2021,16,2,5,TE,515,Rob Gronkowski,TE,2.8,False,True
2021,16,2,6,FLEX,3225,Tyler Boyd,WR,16.0,False,False
2021,16,2,7,SUPER_FLEX,4046,Patrick Mahomes,QB,22.32,False,True
2021,16,2,8,K,1266,Greg Zuerlein,K,8.0,False,True
2021,16,2,9,DEF,NE,New England Patriots,DEF,-1.0,False,True
2021,16,3,0,QB,24,Matt Ryan,QB,13.1,False,True
2021,16,3,1,RB,4988,Nick Chubb,RB,25.9,False,True
2021,16,3,2,RB,6151,Miles Sanders,RB,5.3,False,False
2021,16,3,3,WR,1825,Jarvis Landry,WR,7.5,False,False
2021,16,3,4,WR,7564,Ja'Marr Chase,WR,16.0,False,True
2021,16,3,5,TE,5906,Dawson Knox,TE,8.1,False,True
2021,16,3,6,FLEX,5846,DK Metcalf,WR,11.1,False,True
2021,16,3,7,SUPER_FLEX,5917,Mecole Hardman,WR,10.6,False,False
2021,16,3,8,K,5272,Greg Joseph,K,12.0,False,True
2021,16,3,9,DEF,KC,Kansas City Chiefs,DEF,13.0,False,True
2021,16,4,0,QB,6770,Joe Burrow,QB,38.1,False,True
2021,16,4,1,RB,3164,Ezekiel Elliott,RB,16.7,False,True
2021,16,4,2,RB,4018,Joe Mixon,RB,28.5,False,True
2021,16,4,3,WR,7547,Amon-Ra St. Brown,WR,21.5,False,False
2021,16,4,4,WR,2309,Amari Cooper,WR,18.0,False,True
2021,16,4,5,TE,6826,Cole Kmet,TE,6.9,False,True
2021,16,4,6,FLEX,5131,Justin Jackson,RB,30.2,False,True
2021,16,4,7,SUPER_FLEX,7670,Joshua Palmer,WR,12.8,False,False
2021,16,4,8,K,1348,Dustin Hopkins,K,12.0,False,True
2021,16,4,9,DEF,DAL,Dallas Cowboys,DEF,25.0,False,True
2021,16,5,0,QB,1234,Russell Wilson,QB,16.54,False,True
2021,16,5,1,RB,5052,Ronald Jones,RB,15.1,False,True
2021,16,5,2,RB,6885,Ke'Shawn Vaughn,RB,13.0,False,False
2021,16,5,3,WR,2133,Davante Adams,WR,28.4,False,True
2021,16,5,4,WR,7571,Rashod Bateman,WR,10.6,False,False
2021,16,5,5,TE,5012,Mark Andrews,TE,22.5,False,True
2021,16,5,6,FLEX,5185,Allen Lazard,WR,12.8,False,True
2021,16,5,7,SUPER_FLEX,3161,Carson Wentz,QB,17.4,False,True
2021,16,5,8,K,1264,Justin Tucker,K,3.0,False,True
2021,16,5,9,DEF,PHI,Philadelphia Eagles,DEF,17.0,False,True
2021,16,6,0,QB,4984,Josh Allen,QB,30.96,False,True
2021,16,6,1,RB,5850,Josh Jacobs,RB,10.9,False,True
2021,16,6,2,RB,5987,Alexander Mattison,RB,14.5,False,True
2021,16,6,3,WR,7525,DeVonta Smith,WR,16.5,False,True
2021,16,6,4,WR,7526,Jaylen Waddle,WR,20.2,False,True
2021,16,6,5,TE,7553,Kyle Pitts,TE,13.2,False,True
2021,16,6,6,FLEX,3306,Jordan Howard,RB,6.6,False,False
2021,16,6,7,SUPER_FLEX,138,Ben Roethlisberger,QB,7.36,False,True
2021,16,6,8,K,17,Matt Prater,K,3.0,False,True
2021,16,6,9,DEF,LAC,Los Angeles Chargers,DEF,-3.0,False,True
2021,16,7,0,QB,3294,Dak Prescott,QB,31.3,False,True
2021,16,7,1,RB,7607,Michael Carter,RB,13.4,False,True
2021,16,7,2,RB,1535,Cordarrelle Patterson,RB,7.8,False,True
2021,16,7,3,WR,5848,Marquise Brown,WR,6.9,False,True
2021,16,7,4,WR,5937,Diontae Johnson,WR,12.1,False,True
2021,16,7,5,TE,1339,Zach Ertz,TE,9.4,False,True
2021,16,7,6,FLEX,5122,Boston Scott,RB,10.1,False,False
2021,16,7,7,SUPER_FLEX,96,Aaron Rodgers,QB,19.98,False,True
2021,16,7,8,K,5119,Jason Sanders,K,9.0,False,True
2021,16,7,9,DEF,LAR,Los Angeles Rams,DEF,12.0,False,True
2021,16,8,0,QB,421,Matthew Stafford,QB,9.68,False,True
2021,16,8,1,RB,4199,Aaron Jones,RB,11.2,False,True
2021,16,8,2,RB,5284,Jeff Wilson,RB,13.2,False,True
2021,16,8,3,WR,6819,Michael Pittman,WR,12.5,False,True
2021,16,8,4,WR,6783,Jerry Jeudy,WR,7.5,False,False
2021,16,8,5,TE,367,Jared Cook,TE,7.9,False,True
2021,16,8,6,FLEX,5890,Damien Harris,RB,28.3,False,True
2021,16,8,7,SUPER_FLEX,6130,Devin Singletary,RB,16.3,False,False
2021,16,8,8,K,6083,Matt Gay,K,12.0,False,True
2021,16,8,9,DEF,GB,Green Bay Packers,DEF,13.0,False,True
2021,16,9,0,QB,7527,Mac Jones,QB,7.1,False,True
2021,16,9,1,RB,4962,Sony Michel,RB,20.0,False,True
2021,16,9,2,RB,5892,David Montgomery,RB,20.1,False,True
2021,16,9,3,WR,1479,Keenan Allen,WR,5.5,False,True
2021,16,9,4,WR,5927,Terry McLaurin,WR,5.5,False,False
2021,16,9,5,TE,5985,Foster Moreau,TE,8.7,False,True
2021,16,9,6,FLEX,536,Antonio Brown,WR,15.1,False,True
2021,16,9,7,SUPER_FLEX,954,Cam Newton,QB,5.64,False,True
2021,16,9,8,K,4666,Younghoe Koo,K,11.0,False,True
2021,16,9,9,DEF,NYJ,New York Jets,DEF,11.0,False,False
2021,16,10,0,QB,167,Tom Brady,QB,14.38,False,True
2021,16,10,1,RB,6813,Jonathan Taylor,RB,10.8,False,True
2021,16,10,2,RB,5347,Nyheim Miller-Hines,RB,2.3,False,False
2021,16,10,3,WR,5872,Deebo Samuel,WR,23.6,False,True
2021,16,10,4,WR,6803,Brandon Aiyuk,WR,12.0,False,False
2021,16,10,5,TE,4217,George Kittle,TE,3.1,False,True
2021,16,10,6,FLEX,6801,Tee Higgins,WR,37.4,False,True
2021,16,10,7,SUPER_FLEX,7538,Zach Wilson,QB,23.18,False,True
2021,16,10,8,K,4195,Jake Elliott,K,10.0,False,True
2021,16,10,9,DEF,TB,Tampa Bay Buccaneers,DEF,17.0,False,True
2021,16,11,0,QB,6768,Tua Tagovailoa,QB,11.02,False,True
2021,16,11,1,RB,3209,Devontae Booker,RB,6.6,False,True
2021,16,11,2,RB,4866,Saquon Barkley,RB,3.3,False,True
2021,16,11,3,WR,2449,Stefon Diggs,WR,18.0,False,True
2021,16,11,4,WR,1067,Marvin Jones,WR,11.4,False,False
2021,16,11,5,TE,5001,Dalton Schultz,TE,18.2,False,True
2021,16,11,6,FLEX,3155,Laquon Treadwell,WR,7.4,False,False
2021,16,11,7,SUPER_FLEX,1837,Jimmy Garoppolo,QB,15.18,False,True
2021,16,11,8,K,391,Ryan Succop,K,16.0,False,True
2021,16,11,9,DEF,MIA,Miami Dolphins,DEF,25.0,False,True
2021,16,12,0,QB,6904,Jalen Hurts,QB,16.66,False,True
2021,16,12,1,RB,7528,Najee Harris,RB,13.5,False,True
2021,16,12,2,RB,5000,Chase Edmonds,RB,22.7,False,True
2021,16,12,3,WR,7090,Darnell Mooney,WR,8.4,False,True
2021,16,12,4,WR,4950,Christian Kirk,WR,8.3,False,True
2021,16,12,5,TE,3271,Tyler Higbee,TE,6.6,False,False
2021,16,12,6,FLEX,4983,DJ Moore,WR,8.0,False,True
2021,16,12,7,SUPER_FLEX,6797,Justin Herbert,QB,18.94,False,True
2021,16,12,8,K,5095,Daniel Carlson,K,6.0,False,True
2021,16,12,9,DEF,HOU,Houston Texans,DEF,13.0,False,False
2021,17,1,0,QB,7610,Trey Lance,QB,20.06,False,True
2021,17,1,1,RB,1387,Rex Burkhead,RB,10.9,False,True
2021,17,1,2,RB,4663,Austin Ekeler,RB,18.7,False,True
2021,17,1,3,WR,5121,Braxton Berrios,WR,21.7,False,True
2021,17,1,4,WR,6794,Justin Jefferson,WR,8.8,False,True
2021,17,1,5,TE,3214,Hunter Henry,TE,5.2,False,True
2021,17,1,6,FLEX,5947,Jakobi Meyers,WR,17.3,False,True
2021,17,1,7,SUPER_FLEX,7611,Rhamondre Stevenson,RB,22.7,False,False
2021,17,1,8,K,650,Nick Folk,K,8.0,False,True
2021,17,1,9,DEF,NO,New Orleans Saints,DEF,16.0,False,False
2021,17,2,0,QB,4046,Patrick Mahomes,QB,20.86,False,True
2021,17,2,1,RB,6828,AJ Dillon,RB,21.3,False,False
2021,17,2,2,RB,5549,Darrel Williams,RB,24.2,False,False
2021,17,2,3,WR,4039,Cooper Kupp,WR,18.5,False,True
2021,17,2,4,WR,3225,Tyler Boyd,WR,11.6,False,False
2021,17,2,5,TE,515,Rob Gronkowski,TE,15.0,False,True
2021,17,2,6,FLEX,4985,Rashaad Penny,RB,31.5,False,True
2021,17,2,7,SUPER_FLEX,5849,Kyler Murray,QB,22.92,False,True
2021,17,2,8,K,1266,Greg Zuerlein,K,2.0,False,True
2021,17,2,9,DEF,NE,New England Patriots,DEF,12.0,False,True
2021,17,3,0,QB,2711,Taylor Heinicke,QB,10.28,False,True
2021,17,3,1,RB,4988,Nick Chubb,RB,5.8,False,True
2021,17,3,2,RB,2320,Melvin Gordon,RB,8.7,False,True
2021,17,3,3,WR,3321,Tyreek Hill,WR,7.2,False,True
2021,17,3,4,WR,7564,Ja'Marr Chase,WR,50.1,False,True
2021,17,3,5,TE,5857,Noah Fant,TE,18.2,False,False
2021,17,3,6,FLEX,5846,DK Metcalf,WR,27.9,False,True
2021,17,3,7,SUPER_FLEX,4892,Baker Mayfield,QB,15.0,False,True
2021,17,3,8,K,5272,Greg Joseph,K,6.0,False,True
2021,17,3,9,DEF,BUF,Buffalo Bills,DEF,12.0,False,True
2021,17,4,0,QB,6770,Joe Burrow,QB,34.84,False,True
2021,17,4,1,RB,2168,Devonta Freeman,RB,8.2,False,False
2021,17,4,2,RB,4018,Joe Mixon,RB,12.1,False,True
2021,17,4,3,WR,4068,Mike Williams,WR,13.8,False,True
2021,17,4,4,WR,7547,Amon-Ra St. Brown,WR,31.4,False,False
2021,17,4,5,TE,6826,Cole Kmet,TE,4.0,False,True
2021,17,4,6,FLEX,2078,Odell Beckham,WR,12.4,False,True
2021,17,4,7,SUPER_FLEX,7527,Mac Jones,QB,22.28,False,False
2021,17,4,8,K,5230,Michael Badgley,K,10.0,False,True
2021,17,4,9,DEF,DAL,Dallas Cowboys,DEF,1.0,False,True
2021,17,5,0,QB,1234,Russell Wilson,QB,27.84,False,True
2021,17,5,1,RB,6885,Ke'Shawn Vaughn,RB,5.5,False,False
2021,17,5,2,RB,4111,D'Onta Foreman,RB,19.2,False,True
2021,17,5,3,WR,2133,Davante Adams,WR,25.1,False,True
2021,17,5,4,WR,4454,Kendrick Bourne,WR,11.8,False,False
2021,17,5,5,TE,5012,Mark Andrews,TE,11.9,False,True
2021,17,5,6,FLEX,5185,Allen Lazard,WR,16.2,False,True
2021,17,5,7,SUPER_FLEX,7083,Tyler Huntley,QB,12.28,False,True
2021,17,5,8,K,1264,Justin Tucker,K,15.0,False,True
2021,17,5,9,DEF,PHI,Philadelphia Eagles,DEF,6.0,False,True
2021,17,6,0,QB,4984,Josh Allen,QB,23.9,False,True
2021,17,6,1,RB,5850,Josh Jacobs,RB,16.0,False,True
2021,17,6,2,RB,7561,Elijah Mitchell,RB,20.0,False,True
2021,17,6,3,WR,7525,DeVonta Smith,WR,6.9,False,True
2021,17,6,4,WR,7526,Jaylen Waddle,WR,6.2,False,True
2021,17,6,5,TE,7553,Kyle Pitts,TE,7.9,False,True
2021,17,6,6,FLEX,2374,Tyler Lockett,WR,10.6,False,True
2021,17,6,7,SUPER_FLEX,3161,Carson Wentz,QB,10.92,False,True
2021,17,6,8,K,17,Matt Prater,K,15.0,False,True
2021,17,6,9,DEF,CHI,Chicago Bears,DEF,24.0,False,True
2021,17,7,0,QB,3294,Dak Prescott,QB,23.04,False,True
2021,17,7,1,RB,5122,Boston Scott,RB,22.6,False,False
2021,17,7,2,RB,7594,Chuba Hubbard,RB,14.3,False,False
2021,17,7,3,WR,5848,Marquise Brown,WR,2.3,False,True
2021,17,7,4,WR,5937,Diontae Johnson,WR,13.1,False,True
2021,17,7,5,TE,1339,Zach Ertz,TE,7.6,False,True
2021,17,7,6,FLEX,5536,Dontrell Hilliard,RB,15.3,False,True
2021,17,7,7,SUPER_FLEX,96,Aaron Rodgers,QB,20.32,False,True
2021,17,7,8,K,5119,Jason Sanders,K,3.0,False,True
2021,17,7,9,DEF,LAR,Los Angeles Rams,DEF,14.0,False,True
2021,17,8,0,QB,421,Matthew Stafford,QB,16.26,False,True
2021,17,8,1,RB,5890,Damien Harris,RB,17.2,False,True
2021,17,8,2,RB,6130,Devin Singletary,RB,23.0,False,True
2021,17,8,3,WR,6819,Michael Pittman,WR,7.7,False,True
2021,17,8,4,WR,6886,Chase Claypool,WR,3.2,False,True
2021,17,8,5,TE,1466,Travis Kelce,TE,10.9,False,True
2021,17,8,6,FLEX,4199,Aaron Jones,RB,13.1,False,True
2021,17,8,7,SUPER_FLEX,2028,Derek Carr,QB,12.2,False,True
2021,17,8,8,K,6083,Matt Gay,K,2.0,False,True
2021,17,8,9,DEF,GB,Green Bay Packers,DEF,6.0,False,True
2021,17,9,0,QB,7538,Zach Wilson,QB,13.36,False,True
2021,17,9,1,RB,5892,David Montgomery,RB,20.1,False,True
2021,17,9,2,RB,7537,Jaret Patterson,RB,18.3,False,False
2021,17,9,3,WR,1479,Keenan Allen,WR,12.4,False,True
2021,17,9,4,WR,5927,Terry McLaurin,WR,9.6,False,False
2021,17,9,5,TE,7600,Pat Freiermuth,TE,4.7,False,True
2021,17,9,6,FLEX,4962,Sony Michel,RB,17.4,False,True
2021,17,9,7,SUPER_FLEX,1049,Ryan Tannehill,QB,13.5,False,True
2021,17,9,8,K,4227,Harrison Butker,K,7.0,False,True
2021,17,9,9,DEF,PIT,Pittsburgh Steelers,DEF,14.0,False,True
2021,17,10,0,QB,167,Tom Brady,QB,27.4,False,True
2021,17,10,1,RB,6813,Jonathan Taylor,RB,17.9,False,True
2021,17,10,2,RB,2382,Duke Johnson,RB,7.5,False,False
2021,17,10,3,WR,5872,Deebo Samuel,WR,15.7,False,True
2021,17,10,4,WR,7066,K.J. Osborn,WR,12.5,False,False
2021,17,10,5,TE,4381,Taysom Hill,TE,17.38,False,True
2021,17,10,6,FLEX,5955,Hunter Renfrow,WR,17.1,False,True
2021,17,10,7,SUPER_FLEX,6803,Brandon Aiyuk,WR,11.4,False,False
2021,17,10,8,K,4195,Jake Elliott,K,10.0,False,True
2021,17,10,9,DEF,TB,Tampa Bay Buccaneers,DEF,4.0,False,True
2021,17,11,0,QB,6768,Tua Tagovailoa,QB,5.3,False,True
2021,17,11,1,RB,4866,Saquon Barkley,RB,10.2,False,False
2021,17,11,2,RB,3209,Devontae Booker,RB,5.6,False,False
2021,17,11,3,WR,2449,Stefon Diggs,WR,7.7,False,True
2021,17,11,4,WR,1144,Cole Beasley,WR,5.2,False,True
2021,17,11,5,TE,5022,Dallas Goedert,TE,10.1,False,True
2021,17,11,6,FLEX,5001,Dalton Schultz,TE,8.4,False,True
2021,17,11,7,SUPER_FLEX,1067,Marvin Jones,WR,5.6,False,False
2021,17,11,8,K,391,Ryan Succop,K,8.0,False,True
2021,17,11,9,DEF,MIA,Miami Dolphins,DEF,0.0,False,True
2021,17,12,0,QB,6904,Jalen Hurts,QB,12.96,False,True
2021,17,12,1,RB,7528,Najee Harris,RB,28.1,False,True
2021,17,12,2,RB,4718,Dare Ogunbowale,RB,13.8,False,False
2021,17,12,3,WR,2197,Brandin Cooks,WR,16.1,False,True
2021,17,12,4,WR,7090,Darnell Mooney,WR,16.4,False,False
2021,17,12,5,TE,3271,Tyler Higbee,TE,9.9,False,True
2021,17,12,6,FLEX,2216,Mike Evans,WR,12.7,False,False
2021,17,12,7,SUPER_FLEX,6797,Justin Herbert,QB,17.68,False,True
2021,17,12,8,K,5095,Daniel Carlson,K,13.0,False,True
2021,17,12,9,DEF,TEN,Tennessee Titans,DEF,16.0,False,True
2022,1,1,0,QB,24,Matt Ryan,QB,15.28,False,True
2022,1,1,1,RB,7567,Kenny Gainwell,RB,10.2,False,False
2022,1,1,2,RB,4018,Joe Mixon,RB,18.0,False,True
2022,1,1,3,WR,2216,Mike Evans,WR,15.6,False,True
2022,1,1,4,WR,5045,Courtland Sutton,WR,9.2,False,True
2022,1,1,5,TE,7553,Kyle Pitts,TE,2.9,False,True
2022,1,1,6,FLEX,5916,Darrell Henderson,RB,9.8,False,False
2022,1,1,7,SUPER_FLEX,4892,Baker Mayfield,QB,18.0,False,True
2022,1,1,8,DEF,CIN,Cincinnati Bengals,DEF,3.0,False,True
2022,1,2,0,QB,3161,Carson Wentz,QB,27.72,False,True
2022,1,2,1,RB,5000,Chase Edmonds,RB,8.5,False,True
2022,1,2,2,RB,4137,James Conner,RB,14.0,False,True
2022,1,2,3,WR,4039,Cooper Kupp,WR,25.3,False,True
2022,1,2,4,WR,6819,Michael Pittman,WR,22.6,False,True
2022,1,2,5,TE,2505,Darren Waller,TE,9.9,False,True
2022,1,2,6,FLEX,6783,Jerry Jeudy,WR,18.2,False,False
2022,1,2,7,SUPER_FLEX,4950,Christian Kirk,WR,14.7,False,False
2022,1,2,8,DEF,NO,New Orleans Saints,DEF,8.0,False,True
2022,1,3,0,QB,1234,Russell Wilson,QB,17.8,False,True
2022,1,3,1,RB,6813,Jonathan Taylor,RB,25.5,False,True
2022,1,3,2,RB,8155,Breece Hall,RB,7.1,False,True
2022,1,3,3,WR,5947,Jakobi Meyers,WR,8.2,False,False
2022,1,3,4,WR,2197,Brandin Cooks,WR,11.7,False,True
2022,1,3,5,TE,5012,Mark Andrews,TE,7.7,False,True
2022,1,3,6,FLEX,5347,Nyheim Miller-Hines,RB,8.4,False,False
2022,1,3,7,SUPER_FLEX,1166,Kirk Cousins,QB,19.08,False,True
2022,1,3,8,DEF,DAL,Dallas Cowboys,DEF,5.0,False,False
2022,1,4,0,QB,4046,Patrick Mahomes,QB,34.9,False,True
2022,1,4,1,RB,6828,AJ Dillon,RB,17.6,False,True
2022,1,4,2,RB,4098,Kareem Hunt,RB,21.0,False,False
2022,1,4,3,WR,7564,Ja'Marr Chase,WR,23.9,False,True
2022,1,4,4,WR,5859,A.J. Brown,WR,20.5,False,True
2022,1,4,5,TE,4033,David Njoku,TE,1.2,False,True
2022,1,4,6,FLEX,5846,DK Metcalf,WR,5.1,False,True
2022,1,4,7,SUPER_FLEX,6886,Chase Claypool,WR,7.4,False,False
2022,1,4,8,DEF,BAL,Baltimore Ravens,DEF,13.0,False,True
2022,1,5,0,QB,4881,Lamar Jackson,QB,20.22,False,True
2022,1,5,1,RB,3164,Ezekiel Elliott,RB,5.4,False,True
2022,1,5,2,RB,6945,Antonio Gibson,RB,16.5,False,True
2022,1,5,3,WR,2133,Davante Adams,WR,25.1,False,True
2022,1,5,4,WR,3321,Tyreek Hill,WR,14.0,False,True
2022,1,5,5,TE,7600,Pat Freiermuth,TE,10.0,False,True
2022,1,5,6,FLEX,5850,Josh Jacobs,RB,7.8,False,False
2022,1,5,7,SUPER_FLEX,1049,Ryan Tannehill,QB,19.34,False,True
2022,1,5,8,DEF,PHI,Philadelphia Eagles,DEF,5.0,False,True
2022,1,6,0,QB,167,Tom Brady,QB,10.38,False,True
2022,1,6,1,RB,4029,Dalvin Cook,RB,12.3,False,True
2022,1,6,2,RB,6130,Devin Singletary,RB,7.2,False,True
2022,1,6,3,WR,1479,Keenan Allen,WR,8.6,False,True
2022,1,6,4,WR,8119,Jahan Dotson,WR,16.5,False,False
2022,1,6,5,TE,5001,Dalton Schultz,TE,9.7,False,True
2022,1,6,6,FLEX,4040,JuJu Smith-Schuster,WR,8.9,False,True
2022,1,6,7,SUPER_FLEX,5849,Kyler Murray,QB,20.62,False,True
2022,1,6,8,DEF,IND,Indianapolis Colts,DEF,7.0,False,True
2022,1,7,0,QB,4984,Josh Allen,QB,31.48,False,True
2022,1,7,1,RB,4866,Saquon Barkley,RB,30.4,False,True
2022,1,7,2,RB,7607,Michael Carter,RB,13.5,False,False
2022,1,7,3,WR,3199,Michael Thomas,WR,20.2,False,False
2022,1,7,4,WR,5937,Diontae Johnson,WR,9.0,False,True
2022,1,7,5,TE,6126,Irv Smith,TE,0.0,False,True
2022,1,7,6,FLEX,4985,Rashaad Penny,RB,7.7,False,True
2022,1,7,7,SUPER_FLEX,421,Matthew Stafford,QB,7.8,False,True
2022,1,7,8,DEF,SF,San Francisco 49ers,DEF,5.0,False,True
2022,1,8,0,QB,2306,Jameis Winston,QB,21.66,False,True
2022,1,8,1,RB,4034,Christian McCaffrey,RB,13.7,False,True
2022,1,8,2,RB,6790,D'Andre Swift,RB,25.0,False,True
2022,1,8,3,WR,2449,Stefon Diggs,WR,22.2,False,True
2022,1,8,4,WR,1992,Allen Robinson,WR,1.7,False,True
2022,1,8,5,TE,6843,Albert Okwuegbunam,TE,5.8,False,True
2022,1,8,6,FLEX,7608,Khalil Herbert,RB,10.8,False,False
2022,1,8,7,SUPER_FLEX,5870,Daniel Jones,QB,16.02,False,False
2022,1,8,8,DEF,TEN,Tennessee Titans,DEF,11.0,False,True
2022,1,9,0,QB,6770,Joe Burrow,QB,18.22,False,True
2022,1,9,1,RB,7588,Javonte Williams,RB,14.3,False,True
2022,1,9,2,RB,6820,Clyde Edwards-Helaire,RB,20.9,False,False
2022,1,9,3,WR,6794,Justin Jefferson,WR,34.9,False,True
2022,1,9,4,WR,8135,Treylon Burks,WR,7.0,False,False
2022,1,9,5,TE,5844,T.J. Hockenson,TE,5.8,False,True
2022,1,9,6,FLEX,947,Julio Jones,WR,10.1,False,True
2022,1,9,7,SUPER_FLEX,7523,Trevor Lawrence,QB,13.4,False,True
2022,1,9,8,DEF,DEN,Denver Broncos,DEF,8.0,False,True
2022,1,10,0,QB,6797,Justin Herbert,QB,23.26,False,True
2022,1,10,1,RB,4988,Nick Chubb,RB,14.8,False,True
2022,1,10,2,RB,4199,Aaron Jones,RB,9.1,False,True
2022,1,10,3,WR,6943,Gabe Davis,WR,16.8,False,False
2022,1,10,4,WR,5848,Marquise Brown,WR,12.3,False,True
2022,1,10,5,TE,5906,Dawson Knox,TE,1.0,False,True
2022,1,10,6,FLEX,6151,Miles Sanders,RB,17.5,False,False
2022,1,10,7,SUPER_FLEX,2307,Marcus Mariota,QB,19.8,False,False
2022,1,10,8,DEF,BUF,Buffalo Bills,DEF,17.0,False,True
2022,1,11,0,QB,6904,Jalen Hurts,QB,24.72,False,True
2022,1,11,1,RB,4149,Jamaal Williams,RB,15.5,False,False
2022,1,11,2,RB,3969,Leonard Fournette,RB,14.7,False,True
2022,1,11,3,WR,7526,Jaylen Waddle,WR,15.7,False,True
2022,1,11,4,WR,5927,Terry McLaurin,WR,12.8,False,True
2022,1,11,5,TE,5022,Dallas Goedert,TE,7.5,False,True
2022,1,11,6,FLEX,1535,Cordarrelle Patterson,RB,21.1,False,True
2022,1,11,7,SUPER_FLEX,3976,Mitchell Trubisky,QB,12.66,False,False
2022,1,11,8,DEF,LAR,Los Angeles Rams,DEF,11.0,False,True
2022,1,12,0,QB,7585,Davis Mills,QB,15.5,False,False
2022,1,12,1,RB,7528,Najee Harris,RB,9.6,False,True
2022,1,12,2,RB,6955,James Robinson,RB,19.4,False,False
2022,1,12,3,WR,5872,Deebo Samuel,WR,11.6,False,True
2022,1,12,4,WR,7571,Rashod Bateman,WR,12.9,False,True
2022,1,12,5,TE,1466,Travis Kelce,TE,22.1,False,True
2022,1,12,6,FLEX,7547,Amon-Ra St. Brown,WR,16.4,False,True
2022,1,12,7,SUPER_FLEX,6768,Tua Tagovailoa,QB,14.8,False,True
2022,1,12,8,DEF,TB,Tampa Bay Buccaneers,DEF,13.0,False,True
2022,2,1,0,QB,7527,Mac Jones,QB,12.68,False,False
2022,2,1,1,RB,3198,Derrick Henry,RB,8.5,False,True
2022,2,1,2,RB,4018,Joe Mixon,RB,9.8,False,True
2022,2,1,3,WR,5045,Courtland Sutton,WR,16.2,False,True
2022,2,1,4,WR,4068,Mike Williams,WR,21.3,False,True
2022,2,1,5,TE,7553,Kyle Pitts,TE,2.9,False,True
2022,2,1,6,FLEX,5916,Darrell Henderson,RB,10.7,False,False
2022,2,1,7,SUPER_FLEX,4892,Baker Mayfield,QB,13.3,False,True
2022,2,1,8,DEF,CIN,Cincinnati Bengals,DEF,5.0,False,True
2022,2,2,0,QB,3161,Carson Wentz,QB,27.78,False,True
2022,2,2,1,RB,5000,Chase Edmonds,RB,4.6,False,True
2022,2,2,2,RB,4137,James Conner,RB,6.1,False,True
2022,2,2,3,WR,4039,Cooper Kupp,WR,26.3,False,True
2022,2,2,4,WR,5970,Greg Dortch,WR,13.5,False,False
2022,2,2,5,TE,2505,Darren Waller,TE,14.0,False,True
2022,2,2,6,FLEX,8144,Chris Olave,WR,8.5,False,False
2022,2,2,7,SUPER_FLEX,7591,Justin Fields,QB,8.8,False,True
2022,2,2,8,DEF,PIT,Pittsburgh Steelers,DEF,3.0,False,True
2022,2,3,0,QB,1234,Russell Wilson,QB,11.06,False,True
2022,2,3,1,RB,5890,Damien Harris,RB,15.7,False,False
2022,2,3,2,RB,8155,Breece Hall,RB,12.5,False,True
2022,2,3,3,WR,2309,Amari Cooper,WR,20.6,False,True
2022,2,3,4,WR,2197,Brandin Cooks,WR,7.4,False,True
2022,2,3,5,TE,5012,Mark Andrews,TE,21.2,False,True
2022,2,3,6,FLEX,5947,Jakobi Meyers,WR,14.0,False,False
2022,2,3,7,SUPER_FLEX,1166,Kirk Cousins,QB,8.84,False,True
2022,2,3,8,DEF,GB,Green Bay Packers,DEF,9.0,False,True
2022,2,4,0,QB,4046,Patrick Mahomes,QB,17.3,False,True
2022,2,4,1,RB,4663,Austin Ekeler,RB,13.9,False,True
2022,2,4,2,RB,6828,AJ Dillon,RB,7.2,False,True
2022,2,4,3,WR,7564,Ja'Marr Chase,WR,8.3,False,True
2022,2,4,4,WR,3200,Sterling Shepard,WR,6.4,False,False
2022,2,4,5,TE,4089,Gerald Everett,TE,10.1,False,True
2022,2,4,6,FLEX,8129,Dameon Pierce,RB,8.2,False,False
2022,2,4,7,SUPER_FLEX,1373,Geno Smith,QB,6.08,False,True
2022,2,4,8,DEF,BAL,Baltimore Ravens,DEF,7.0,False,True
2022,2,5,0,QB,4881,Lamar Jackson,QB,42.62,False,True
2022,2,5,1,RB,3664,J.D. McKissic,RB,9.8,False,False
2022,2,5,2,RB,6945,Antonio Gibson,RB,11.1,False,True
2022,2,5,3,WR,7525,DeVonta Smith,WR,11.5,False,False
2022,2,5,4,WR,3321,Tyreek Hill,WR,36.5,False,True
2022,2,5,5,TE,7600,Pat Freiermuth,TE,10.2,False,True
2022,2,5,6,FLEX,5850,Josh Jacobs,RB,8.6,False,True
2022,2,5,7,SUPER_FLEX,3257,Jacoby Brissett,QB,15.46,False,False
2022,2,5,8,DEF,WAS,Washington Commanders,DEF,2.0,False,True
2022,2,6,0,QB,5849,Kyler Murray,QB,25.88,False,True
2022,2,6,1,RB,4029,Dalvin Cook,RB,5.6,False,True
2022,2,6,2,RB,5284,Jeff Wilson,RB,11.3,False,True
2022,2,6,3,WR,4082,Curtis Samuel,WR,19.4,False,False
2022,2,6,4,WR,5848,Marquise Brown,WR,9.8,False,True
2022,2,6,5,TE,5001,Dalton Schultz,TE,0.8,False,True
2022,2,6,6,FLEX,8119,Jahan Dotson,WR,15.9,False,False
2022,2,6,7,SUPER_FLEX,6847,Devin Duvernay,WR,11.2,False,False
2022,2,6,8,DEF,IND,Indianapolis Colts,DEF,0.0,False,True
2022,2,7,0,QB,4984,Josh Allen,QB,29.68,False,True
2022,2,7,1,RB,4866,Saquon Barkley,RB,10.3,False,True
2022,2,7,2,RB,2749,Raheem Mostert,RB,9.4,False,False
2022,2,7,3,WR,6786,CeeDee Lamb,WR,11.6,False,True
2022,2,7,4,WR,2374,Tyler Lockett,WR,15.2,False,False
2022,2,7,5,TE,3271,Tyler Higbee,TE,10.6,False,True
2022,2,7,6,FLEX,3199,Michael Thomas,WR,15.5,False,True
2022,2,7,7,SUPER_FLEX,421,Matthew Stafford,QB,18.88,False,True
2022,2,7,8,DEF,SF,San Francisco 49ers,DEF,11.0,False,True
2022,2,8,0,QB,3163,Jared Goff,QB,26.04,False,False
2022,2,8,1,RB,4034,Christian McCaffrey,RB,14.8,False,True
2022,2,8,2,RB,6790,D'Andre Swift,RB,15.7,False,True
2022,2,8,3,WR,2449,Stefon Diggs,WR,38.8,False,True
2022,2,8,4,WR,1992,Allen Robinson,WR,13.3,False,True
2022,2,8,5,TE,6843,Albert Okwuegbunam,TE,0.0,False,True
2022,2,8,6,FLEX,5967,Tony Pollard,RB,17.8,False,False
2022,2,8,7,SUPER_FLEX,4950,Christian Kirk,WR,22.8,False,False
2022,2,8,8,DEF,CLE,Cleveland Browns,DEF,5.0,False,True
2022,2,9,0,QB,6770,Joe Burrow,QB,16.56,False,True
2022,2,9,1,RB,7588,Javonte Williams,RB,9.0,False,True
2022,2,9,2,RB,6820,Clyde Edwards-Helaire,RB,13.8,False,True
2022,2,9,3,WR,6794,Justin Jefferson,WR,7.8,False,True
2022,2,9,4,WR,6801,Tee Higgins,WR,16.1,False,True
2022,2,9,5,TE,8131,Isaiah Likely,TE,6.3,False,False
2022,2,9,6,FLEX,8146,Garrett Wilson,WR,26.0,False,False
2022,2,9,7,SUPER_FLEX,7523,Trevor Lawrence,QB,18.5,False,True
2022,2,9,8,DEF,DEN,Denver Broncos,DEF,9.0,False,True
2022,2,10,0,QB,6797,Justin Herbert,QB,23.46,False,True
2022,2,10,1,RB,4988,Nick Chubb,RB,30.8,False,True
2022,2,10,2,RB,4199,Aaron Jones,RB,30.5,False,True
2022,2,10,3,WR,6803,Brandon Aiyuk,WR,8.8,False,True
2022,2,10,4,WR,4983,DJ Moore,WR,11.8,False,True
2022,2,10,5,TE,5906,Dawson Knox,TE,6.1,False,True
2022,2,10,6,FLEX,6151,Miles Sanders,RB,10.1,False,True
2022,2,10,7,SUPER_FLEX,2028,Derek Carr,QB,18.98,False,True
2022,2,10,8,DEF,BUF,Buffalo Bills,DEF,19.0,False,True
2022,2,11,0,QB,6904,Jalen Hurts,QB,33.02,False,True
2022,2,11,1,RB,4098,Kareem Hunt,RB,8.4,False,True
2022,2,11,2,RB,3969,Leonard Fournette,RB,8.4,False,True
2022,2,11,3,WR,7526,Jaylen Waddle,WR,34.6,False,True
2022,2,11,4,WR,5859,A.J. Brown,WR,9.4,False,True
2022,2,11,5,TE,5022,Dallas Goedert,TE,10.7,False,True
2022,2,11,6,FLEX,5927,Terry McLaurin,WR,10.2,False,False
2022,2,11,7,SUPER_FLEX,96,Aaron Rodgers,QB,16.36,False,True
2022,2,11,8,DEF,LAR,Los Angeles Rams,DEF,10.0,False,True
2022,2,12,0,QB,6768,Tua Tagovailoa,QB,38.86,False,True
2022,2,12,1,RB,6955,James Robinson,RB,14.8,False,False
2022,2,12,2,RB,5892,David Montgomery,RB,14.6,False,True
2022,2,12,3,WR,7571,Rashod Bateman,WR,18.8,False,True
2022,2,12,4,WR,7547,Amon-Ra St. Brown,WR,34.9,False,True
2022,2,12,5,TE,1339,Zach Ertz,TE,11.5,False,False
2022,2,12,6,FLEX,5872,Deebo Samuel,WR,12.2,False,True
2022,2,12,7,SUPER_FLEX,8112,Drake London,WR,20.6,False,False
2022,2,12,8,DEF,TB,Tampa Bay Buccaneers,DEF,29.0,False,True
2022,3,1,0,QB,24,Matt Ryan,QB,15.28,False,True
2022,3,1,1,RB,4137,James Conner,RB,7.2,False,True
2022,3,1,2,RB,4018,Joe Mixon,RB,5.3,False,True
2022,3,1,3,WR,6819,Michael Pittman,WR,11.2,False,True
2022,3,1,4,WR,4068,Mike Williams,WR,8.0,False,True
2022,3,1,5,TE,4217,George Kittle,TE,4.8,False,True
2022,3,1,6,FLEX,5045,Courtland Sutton,WR,13.7,False,True
2022,3,1,7,SUPER_FLEX,2306,Jameis Winston,QB,14.62,False,True
2022,3,1,8,DEF,CIN,Cincinnati Bengals,DEF,19.0,False,True
2022,3,2,0,QB,3161,Carson Wentz,QB,8.64,False,True
2022,3,2,1,RB,4035,Alvin Kamara,RB,6.3,False,True
2022,3,2,2,RB,3198,Derrick Henry,RB,22.8,False,True
2022,3,2,3,WR,4039,Cooper Kupp,WR,14.4,False,True
2022,3,2,4,WR,8144,Chris Olave,WR,19.2,False,True
2022,3,2,5,TE,2505,Darren Waller,TE,3.7,False,True
2022,3,2,6,FLEX,5000,Chase Edmonds,RB,15.2,False,False
2022,3,2,7,SUPER_FLEX,6886,Chase Claypool,WR,6.1,False,False
2022,3,2,8,DEF,PIT,Pittsburgh Steelers,DEF,2.0,False,True
2022,3,3,0,QB,1234,Russell Wilson,QB,9.06,False,True
2022,3,3,1,RB,6813,Jonathan Taylor,RB,10.6,False,True
2022,3,3,2,RB,8155,Breece Hall,RB,12.2,False,True
2022,3,3,3,WR,2309,Amari Cooper,WR,19.6,False,True
2022,3,3,4,WR,4234,Noah Brown,WR,7.9,False,False
2022,3,3,5,TE,5012,Mark Andrews,TE,24.9,False,True
2022,3,3,6,FLEX,5890,Damien Harris,RB,11.6,False,True
2022,3,3,7,SUPER_FLEX,1166,Kirk Cousins,QB,18.3,False,True
2022,3,3,8,DEF,NO,New Orleans Saints,DEF,4.0,False,True
2022,3,4,0,QB,4046,Patrick Mahomes,QB,17.08,False,True
2022,3,4,1,RB,4663,Austin Ekeler,RB,9.3,False,True
2022,3,4,2,RB,8129,Dameon Pierce,RB,17.1,False,True
2022,3,4,3,WR,7564,Ja'Marr Chase,WR,9.7,False,True
2022,3,4,4,WR,3200,Sterling Shepard,WR,7.4,False,True
2022,3,4,5,TE,4089,Gerald Everett,TE,3.5,False,True
2022,3,4,6,FLEX,1352,Robert Woods,WR,10.5,False,False
2022,3,4,7,SUPER_FLEX,1373,Geno Smith,QB,18.9,False,True
2022,3,4,8,DEF,PHI,Philadelphia Eagles,DEF,20.0,False,True
2022,3,5,0,QB,4881,Lamar Jackson,QB,39.42,False,True
2022,3,5,1,RB,3164,Ezekiel Elliott,RB,14.0,False,True
2022,3,5,2,RB,5850,Josh Jacobs,RB,12.2,False,False
2022,3,5,3,WR,2133,Davante Adams,WR,11.7,False,True
2022,3,5,4,WR,5970,Greg Dortch,WR,12.5,False,False
2022,3,5,5,TE,7600,Pat Freiermuth,TE,5.1,False,True
2022,3,5,6,FLEX,7525,DeVonta Smith,WR,26.9,False,True
2022,3,5,7,SUPER_FLEX,1049,Ryan Tannehill,QB,18.76,False,True
2022,3,5,8,DEF,DAL,Dallas Cowboys,DEF,10.0,False,True
2022,3,6,0,QB,5849,Kyler Murray,QB,13.36,False,True
2022,3,6,1,RB,4029,Dalvin Cook,RB,13.6,False,True
2022,3,6,2,RB,6820,Clyde Edwards-Helaire,RB,12.4,False,True
2022,3,6,3,WR,1689,Adam Thielen,WR,15.1,False,True
2022,3,6,4,WR,5848,Marquise Brown,WR,21.0,False,True
2022,3,6,5,TE,6126,Irv Smith,TE,4.2,False,True
2022,3,6,6,FLEX,4040,JuJu Smith-Schuster,WR,11.4,False,False
2022,3,6,7,SUPER_FLEX,7523,Trevor Lawrence,QB,25.18,False,True
2022,3,6,8,DEF,NYG,New York Giants,DEF,0.0,False,True
2022,3,7,0,QB,4984,Josh Allen,QB,26.7,False,True
2022,3,7,1,RB,4866,Saquon Barkley,RB,20.6,False,True
2022,3,7,2,RB,7611,Rhamondre Stevenson,RB,18.1,False,False
2022,3,7,3,WR,6786,CeeDee Lamb,WR,18.7,False,True
2022,3,7,4,WR,5937,Diontae Johnson,WR,12.4,False,True
2022,3,7,5,TE,3271,Tyler Higbee,TE,8.1,False,True
2022,3,7,6,FLEX,2374,Tyler Lockett,WR,12.1,False,False
2022,3,7,7,SUPER_FLEX,421,Matthew Stafford,QB,10.16,False,True
2022,3,7,8,DEF,SF,San Francisco 49ers,DEF,10.0,False,True
2022,3,8,0,QB,3163,Jared Goff,QB,13.88,False,True
2022,3,8,1,RB,4034,Christian McCaffrey,RB,12.5,False,True
2022,3,8,2,RB,2320,Melvin Gordon,RB,14.0,False,False
2022,3,8,3,WR,5110,Russell Gage,WR,18.7,False,False
2022,3,8,4,WR,4950,Christian Kirk,WR,16.2,False,True
2022,3,8,5,TE,7553,Kyle Pitts,TE,11.2,False,True
2022,3,8,6,FLEX,7608,Khalil Herbert,RB,29.9,False,False
2022,3,8,7,SUPER_FLEX,7527,Mac Jones,QB,15.94,False,False
2022,3,8,8,DEF,CLE,Cleveland Browns,DEF,11.0,False,True
2022,3,9,0,QB,6770,Joe Burrow,QB,23.0,False,True
2022,3,9,1,RB,5987,Alexander Mattison,RB,10.9,False,False
2022,3,9,2,RB,5284,Jeff Wilson,RB,10.1,False,True
2022,3,9,3,WR,8121,Romeo Doubs,WR,17.3,False,False
2022,3,9,4,WR,6801,Tee Higgins,WR,11.8,False,True
2022,3,9,5,TE,5844,T.J. Hockenson,TE,9.3,False,True
2022,3,9,6,FLEX,8146,Garrett Wilson,WR,9.0,False,True
2022,3,9,7,SUPER_FLEX,167,Tom Brady,QB,14.74,False,True
2022,3,9,8,DEF,LAC,Los Angeles Chargers,DEF,-4.0,False,True
2022,3,10,0,QB,2307,Marcus Mariota,QB,15.56,False,False
2022,3,10,1,RB,4988,Nick Chubb,RB,17.3,False,True
2022,3,10,2,RB,6130,Devin Singletary,RB,19.6,False,False
2022,3,10,3,WR,6803,Brandon Aiyuk,WR,11.4,False,True
2022,3,10,4,WR,6943,Gabe Davis,WR,5.2,False,True
2022,3,10,5,TE,5906,Dawson Knox,TE,4.5,False,False
2022,3,10,6,FLEX,8137,George Pickens,WR,5.4,False,False
2022,3,10,7,SUPER_FLEX,2028,Derek Carr,QB,19.82,False,True
2022,3,10,8,DEF,BUF,Buffalo Bills,DEF,4.0,False,True
2022,3,11,0,QB,6904,Jalen Hurts,QB,27.6,False,True
2022,3,11,1,RB,1535,Cordarrelle Patterson,RB,21.8,False,True
2022,3,11,2,RB,4149,Jamaal Williams,RB,23.7,False,False
2022,3,11,3,WR,3225,Tyler Boyd,WR,18.5,False,False
2022,3,11,4,WR,5859,A.J. Brown,WR,17.0,False,True
2022,3,11,5,TE,5022,Dallas Goedert,TE,10.1,False,True
2022,3,11,6,FLEX,5846,DK Metcalf,WR,14.9,False,False
2022,3,11,7,SUPER_FLEX,96,Aaron Rodgers,QB,16.1,False,True
2022,3,11,8,DEF,LAR,Los Angeles Rams,DEF,6.0,False,True
2022,3,12,0,QB,6768,Tua Tagovailoa,QB,11.44,False,True
2022,3,12,1,RB,7528,Najee Harris,RB,11.6,False,True
2022,3,12,2,RB,6955,James Robinson,RB,19.1,False,False
2022,3,12,3,WR,8112,Drake London,WR,12.9,False,True
2022,3,12,4,WR,7547,Amon-Ra St. Brown,WR,10.3,False,True
2022,3,12,5,TE,1466,Travis Kelce,TE,15.9,False,True
2022,3,12,6,FLEX,5872,Deebo Samuel,WR,10.4,False,True
2022,3,12,7,SUPER_FLEX,2319,DeVante Parker,WR,18.1,False,False
2022,3,12,8,DEF,BAL,Baltimore Ravens,DEF,13.0,False,False
2022,4,1,0,QB,24,Matt Ryan,QB,17.84,False,True
2022,4,1,1,RB,4137,James Conner,RB,9.2,False,True
2022,4,1,2,RB,4018,Joe Mixon,RB,15.4,False,True
2022,4,1,3,WR,5045,Courtland Sutton,WR,13.7,False,True
2022,4,1,4,WR,4068,Mike Williams,WR,15.5,False,True
2022,4,1,5,TE,4381,Taysom Hill,TE,8.1,False,False
2022,4,1,6,FLEX,2216,Mike Evans,WR,26.3,False,True
2022,4,1,7,SUPER_FLEX,8132,Tyler Allgeier,RB,10.9,False,False
2022,4,1,8,DEF,LAC,Los Angeles Chargers,DEF,9.0,False,True
2022,4,2,0,QB,4574,Cooper Rush,QB,17.62,False,True
2022,4,2,1,RB,5000,Chase Edmonds,RB,9.0,False,False
2022,4,2,2,RB,3198,Derrick Henry,RB,22.2,False,True
2022,4,2,3,WR,6783,Jerry Jeudy,WR,13.3,False,True
2022,4,2,4,WR,8144,Chris Olave,WR,14.7,False,True
2022,4,2,5,TE,2505,Darren Waller,TE,3.9,False,True
2022,4,2,6,FLEX,4039,Cooper Kupp,WR,19.2,False,True
2022,4,2,7,SUPER_FLEX,8119,Jahan Dotson,WR,11.8,False,False
2022,4,2,8,DEF,PIT,Pittsburgh Steelers,DEF,5.0,False,True
2022,4,3,0,QB,1234,Russell Wilson,QB,26.98,False,True
2022,4,3,1,RB,5890,Damien Harris,RB,14.9,False,False
2022,4,3,2,RB,8155,Breece Hall,RB,14.8,False,True
2022,4,3,3,WR,4234,Noah Brown,WR,7.6,False,False
2022,4,3,4,WR,2197,Brandin Cooks,WR,15.2,False,True
2022,4,3,5,TE,5133,Tyler Conklin,TE,6.7,False,False
2022,4,3,6,FLEX,7670,Joshua Palmer,WR,3.0,False,True
2022,4,3,7,SUPER_FLEX,1166,Kirk Cousins,QB,12.92,False,True
2022,4,3,8,DEF,MIN,Minnesota Vikings,DEF,7.0,False,True
2022,4,4,0,QB,4046,Patrick Mahomes,QB,23.36,False,True
2022,4,4,1,RB,4663,Austin Ekeler,RB,31.9,False,True
2022,4,4,2,RB,8129,Dameon Pierce,RB,22.9,False,True
2022,4,4,3,WR,7564,Ja'Marr Chase,WR,10.1,False,True
2022,4,4,4,WR,4197,Isaiah McKenzie,WR,10.1,False,True
2022,4,4,5,TE,4089,Gerald Everett,TE,14.6,False,True
2022,4,4,6,FLEX,1352,Robert Woods,WR,11.0,False,False
2022,4,4,7,SUPER_FLEX,1373,Geno Smith,QB,31.7,False,True
2022,4,4,8,DEF,PHI,Philadelphia Eagles,DEF,18.0,False,True
2022,4,5,0,QB,3257,Jacoby Brissett,QB,14.96,False,False
2022,4,5,1,RB,5850,Josh Jacobs,RB,32.0,False,True
2022,4,5,2,RB,6945,Antonio Gibson,RB,7.8,False,True
2022,4,5,3,WR,2133,Davante Adams,WR,15.0,False,True
2022,4,5,4,WR,3321,Tyreek Hill,WR,20.9,False,True
2022,4,5,5,TE,7600,Pat Freiermuth,TE,12.0,False,True
2022,4,5,6,FLEX,3164,Ezekiel Elliott,RB,9.1,False,False
2022,4,5,7,SUPER_FLEX,1049,Ryan Tannehill,QB,14.38,False,True
2022,4,5,8,DEF,DAL,Dallas Cowboys,DEF,11.0,False,True
2022,4,6,0,QB,5849,Kyler Murray,QB,22.88,False,True
2022,4,6,1,RB,4029,Dalvin Cook,RB,9.6,False,True
2022,4,6,2,RB,6806,J.K. Dobbins,RB,20.3,False,True
2022,4,6,3,WR,5848,Marquise Brown,WR,17.8,False,True
2022,4,6,4,WR,1689,Adam Thielen,WR,11.2,False,False
2022,4,6,5,TE,5001,Dalton Schultz,TE,0.0,False,True
2022,4,6,6,FLEX,1387,Rex Burkhead,RB,12.4,False,False
2022,4,6,7,SUPER_FLEX,6820,Clyde Edwards-Helaire,RB,21.9,False,False
2022,4,6,8,DEF,NYG,New York Giants,DEF,18.0,False,True
2022,4,7,0,QB,4984,Josh Allen,QB,23.52,False,True
2022,4,7,1,RB,4866,Saquon Barkley,RB,17.2,False,True
2022,4,7,2,RB,7611,Rhamondre Stevenson,RB,10.9,False,True
2022,4,7,3,WR,6786,CeeDee Lamb,WR,18.7,False,True
2022,4,7,4,WR,2374,Tyler Lockett,WR,10.1,False,True
2022,4,7,5,TE,3271,Tyler Higbee,TE,12.3,False,True
2022,4,7,6,FLEX,4985,Rashaad Penny,RB,28.2,False,False
2022,4,7,7,SUPER_FLEX,7538,Zach Wilson,QB,18.28,False,False
2022,4,7,8,DEF,SF,San Francisco 49ers,DEF,22.0,False,True
2022,4,8,0,QB,3163,Jared Goff,QB,33.22,False,True
2022,4,8,1,RB,4034,Christian McCaffrey,RB,21.3,False,True
2022,4,8,2,RB,7608,Khalil Herbert,RB,10.6,False,True
2022,4,8,3,WR,2449,Stefon Diggs,WR,8.2,False,True
2022,4,8,4,WR,4950,Christian Kirk,WR,7.3,False,True
2022,4,8,5,TE,7553,Kyle Pitts,TE,3.0,False,True
2022,4,8,6,FLEX,8167,Christian Watson,WR,8.8,False,False
2022,4,8,7,SUPER_FLEX,5870,Daniel Jones,QB,21.64,False,True
2022,4,8,8,DEF,CLE,Cleveland Browns,DEF,3.0,False,True
2022,4,9,0,QB,6770,Joe Burrow,QB,20.08,False,True
2022,4,9,1,RB,5987,Alexander Mattison,RB,8.3,False,False
2022,4,9,2,RB,5284,Jeff Wilson,RB,13.4,False,True
2022,4,9,3,WR,6794,Justin Jefferson,WR,26.0,False,True
2022,4,9,4,WR,6801,Tee Higgins,WR,21.9,False,True
2022,4,9,5,TE,5844,T.J. Hockenson,TE,35.9,False,True
2022,4,9,6,FLEX,7090,Darnell Mooney,WR,11.4,False,False
2022,4,9,7,SUPER_FLEX,167,Tom Brady,QB,25.4,False,True
2022,4,9,8,DEF,DEN,Denver Broncos,DEF,2.0,False,True
2022,4,10,0,QB,6797,Justin Herbert,QB,21.1,False,True
2022,4,10,1,RB,4988,Nick Chubb,RB,19.7,False,True
2022,4,10,2,RB,4199,Aaron Jones,RB,13.0,False,True
2022,4,10,3,WR,8137,George Pickens,WR,13.2,False,False
2022,4,10,4,WR,4983,DJ Moore,WR,9.1,False,False
2022,4,10,5,TE,5906,Dawson Knox,TE,5.5,False,True
2022,4,10,6,FLEX,6151,Miles Sanders,RB,28.6,False,True
2022,4,10,7,SUPER_FLEX,2028,Derek Carr,QB,11.52,False,True
2022,4,10,8,DEF,BUF,Buffalo Bills,DEF,7.0,False,True
2022,4,11,0,QB,6904,Jalen Hurts,QB,15.96,False,True
2022,4,11,1,RB,4149,Jamaal Williams,RB,23.4,False,True
2022,4,11,2,RB,3969,Leonard Fournette,RB,14.9,False,True
2022,4,11,3,WR,5185,Allen Lazard,WR,14.6,False,False
2022,4,11,4,WR,5859,A.J. Brown,WR,12.0,False,True
2022,4,11,5,TE,5022,Dallas Goedert,TE,9.7,False,True
2022,4,11,6,FLEX,5846,DK Metcalf,WR,18.4,False,False
2022,4,11,7,SUPER_FLEX,96,Aaron Rodgers,QB,16.14,False,True
2022,4,11,8,DEF,LAR,Los Angeles Rams,DEF,2.0,False,True
2022,4,12,0,QB,7585,Davis Mills,QB,13.84,False,True
2022,4,12,1,RB,7528,Najee Harris,RB,7.4,False,True
2022,4,12,2,RB,6955,James Robinson,RB,2.9,False,True
2022,4,12,3,WR,2319,DeVante Parker,WR,9.4,False,False
2022,4,12,4,WR,5872,Deebo Samuel,WR,20.7,False,True
2022,4,12,5,TE,1466,Travis Kelce,TE,19.7,False,True
2022,4,12,6,FLEX,7571,Rashod Bateman,WR,3.2,False,True
2022,4,12,7,SUPER_FLEX,1339,Zach Ertz,TE,13.7,False,False
2022,4,12,8,DEF,GB,Green Bay Packers,DEF,8.0,False,True
2022,5,1,0,QB,7523,Trevor Lawrence,QB,10.34,False,True
2022,5,1,1,RB,4137,James Conner,RB,6.8,False,True
2022,5,1,2,RB,4018,Joe Mixon,RB,10.3,False,True
2022,5,1,3,WR,6819,Michael Pittman,WR,8.4,False,True
2022,5,1,4,WR,4068,Mike Williams,WR,18.4,False,True
2022,5,1,5,TE,4217,George Kittle,TE,5.2,False,True
2022,5,1,6,FLEX,2216,Mike Evans,WR,10.1,False,True
2022,5,1,7,SUPER_FLEX,5045,Courtland Sutton,WR,9.9,False,False
2022,5,1,8,DEF,LAC,Los Angeles Chargers,DEF,1.0,False,True
2022,5,2,0,QB,3161,Carson Wentz,QB,21.86,False,True
2022,5,2,1,RB,4035,Alvin Kamara,RB,20.4,False,True
2022,5,2,2,RB,3198,Derrick Henry,RB,26.2,False,True
2022,5,2,3,WR,4039,Cooper Kupp,WR,22.4,False,True
2022,5,2,4,WR,8144,Chris Olave,WR,13.4,False,True
2022,5,2,5,TE,2505,Darren Waller,TE,0.0,False,True
2022,5,2,6,FLEX,8151,Kenneth Walker,RB,14.8,False,False
2022,5,2,7,SUPER_FLEX,7591,Justin Fields,QB,17.02,False,False
2022,5,2,8,DEF,MIA,Miami Dolphins,DEF,-2.0,False,True
2022,5,3,0,QB,1234,Russell Wilson,QB,9.16,False,True
2022,5,3,1,RB,5890,Damien Harris,RB,1.7,False,True
2022,5,3,2,RB,8155,Breece Hall,RB,26.7,False,True
2022,5,3,3,WR,2309,Amari Cooper,WR,17.1,False,True
2022,5,3,4,WR,4036,Corey Davis,WR,4.8,False,False
2022,5,3,5,TE,5012,Mark Andrews,TE,18.9,False,True
2022,5,3,6,FLEX,5947,Jakobi Meyers,WR,20.6,False,False
2022,5,3,7,SUPER_FLEX,1166,Kirk Cousins,QB,22.24,False,True
2022,5,3,8,DEF,MIN,Minnesota Vikings,DEF,6.0,False,True
2022,5,4,0,QB,4046,Patrick Mahomes,QB,30.48,False,True
2022,5,4,1,RB,4663,Austin Ekeler,RB,33.9,False,True
2022,5,4,2,RB,8129,Dameon Pierce,RB,18.8,False,True
2022,5,4,3,WR,7564,Ja'Marr Chase,WR,8.5,False,True
2022,5,4,4,WR,5038,Michael Gallup,WR,6.4,False,False
2022,5,4,5,TE,4089,Gerald Everett,TE,0.7,False,True
2022,5,4,6,FLEX,5967,Tony Pollard,RB,14.6,False,False
2022,5,4,7,SUPER_FLEX,1373,Geno Smith,QB,24.02,False,False
2022,5,4,8,DEF,PHI,Philadelphia Eagles,DEF,4.0,False,True
2022,5,5,0,QB,4881,Lamar Jackson,QB,14.76,False,True
2022,5,5,1,RB,5850,Josh Jacobs,RB,27.8,False,True
2022,5,5,2,RB,3164,Ezekiel Elliott,RB,7.8,False,True
2022,5,5,3,WR,2133,Davante Adams,WR,25.9,False,True
2022,5,5,4,WR,5086,Marquez Valdes-Scantling,WR,12.0,False,False
2022,5,5,5,TE,7600,Pat Freiermuth,TE,2.2,False,True
2022,5,5,6,FLEX,7525,DeVonta Smith,WR,13.7,False,True
2022,5,5,7,SUPER_FLEX,3257,Jacoby Brissett,QB,14.4,False,False
2022,5,5,8,DEF,TEN,Tennessee Titans,DEF,6.0,False,True
2022,5,6,0,QB,5849,Kyler Murray,QB,16.2,False,True
2022,5,6,1,RB,4029,Dalvin Cook,RB,25.1,False,True
2022,5,6,2,RB,6820,Clyde Edwards-Helaire,RB,5.0,False,True
2022,5,6,3,WR,5848,Marquise Brown,WR,17.8,False,True
2022,5,6,4,WR,5927,Terry McLaurin,WR,10.1,False,True
2022,5,6,5,TE,5001,Dalton Schultz,TE,0.0,False,True
2022,5,6,6,FLEX,4082,Curtis Samuel,WR,9.2,False,False
2022,5,6,7,SUPER_FLEX,4040,JuJu Smith-Schuster,WR,4.8,False,True
2022,5,6,8,DEF,CAR,Carolina Panthers,DEF,6.0,False,True
2022,5,7,0,QB,4984,Josh Allen,QB,35.16,False,True
2022,5,7,1,RB,4866,Saquon Barkley,RB,18.1,False,True
2022,5,7,2,RB,7611,Rhamondre Stevenson,RB,18.5,False,True
2022,5,7,3,WR,2374,Tyler Lockett,WR,24.9,False,False
2022,5,7,4,WR,5937,Diontae Johnson,WR,8.5,False,True
2022,5,7,5,TE,3271,Tyler Higbee,TE,8.1,False,True
2022,5,7,6,FLEX,2749,Raheem Mostert,RB,18.7,False,False
2022,5,7,7,SUPER_FLEX,7607,Michael Carter,RB,16.3,False,False
2022,5,7,8,DEF,SF,San Francisco 49ers,DEF,16.0,False,True
2022,5,8,0,QB,5870,Daniel Jones,QB,12.38,False,False
2022,5,8,1,RB,4034,Christian McCaffrey,RB,19.9,False,True
2022,5,8,2,RB,2320,Melvin Gordon,RB,11.8,False,True
2022,5,8,3,WR,2449,Stefon Diggs,WR,20.2,False,True
2022,5,8,4,WR,8146,Garrett Wilson,WR,4.2,False,False
2022,5,8,5,TE,4033,David Njoku,TE,11.8,False,True
2022,5,8,6,FLEX,5209,Mike Boone,RB,10.0,False,False
2022,5,8,7,SUPER_FLEX,1837,Jimmy Garoppolo,QB,18.02,False,True
2022,5,8,8,DEF,JAX,Jacksonville Jaguars,DEF,5.0,False,True
2022,5,9,0,QB,6770,Joe Burrow,QB,17.28,False,True
2022,5,9,1,RB,5284,Jeff Wilson,RB,19.7,False,True
2022,5,9,2,RB,7543,Travis Etienne,RB,12.9,False,True
2022,5,9,3,WR,6794,Justin Jefferson,WR,24.32,False,True
2022,5,9,4,WR,8142,Alec Pierce,WR,12.1,False,False
2022,5,9,5,TE,5844,T.J. Hockenson,TE,1.1,False,True
2022,5,9,6,FLEX,4037,Chris Godwin,WR,9.3,False,True
2022,5,9,7,SUPER_FLEX,167,Tom Brady,QB,19.74,False,True
2022,5,9,8,DEF,DEN,Denver Broncos,DEF,17.0,False,True
2022,5,10,0,QB,2307,Marcus Mariota,QB,17.98,False,False
2022,5,10,1,RB,4988,Nick Chubb,RB,25.4,False,True
2022,5,10,2,RB,4199,Aaron Jones,RB,9.0,False,True
2022,5,10,3,WR,8137,George Pickens,WR,11.3,False,True
2022,5,10,4,WR,6943,Gabe Davis,WR,30.6,False,True
2022,5,10,5,TE,4066,Evan Engram,TE,9.9,False,True
2022,5,10,6,FLEX,4983,DJ Moore,WR,8.7,False,False
2022,5,10,7,SUPER_FLEX,2028,Derek Carr,QB,17.94,False,True
2022,5,10,8,DEF,BUF,Buffalo Bills,DEF,13.0,False,True
2022,5,11,0,QB,6904,Jalen Hurts,QB,27.66,False,True
2022,5,11,1,RB,4098,Kareem Hunt,RB,13.2,False,False
2022,5,11,2,RB,3969,Leonard Fournette,RB,30.9,False,True
2022,5,11,3,WR,5846,DK Metcalf,WR,15.3,False,True
2022,5,11,4,WR,5185,Allen Lazard,WR,11.5,False,False
2022,5,11,5,TE,5022,Dallas Goedert,TE,13.5,False,True
2022,5,11,6,FLEX,8136,Rachaad White,RB,5.7,False,False
2022,5,11,7,SUPER_FLEX,96,Aaron Rodgers,QB,16.88,False,True
2022,5,11,8,DEF,LAR,Los Angeles Rams,DEF,6.0,False,True
2022,5,12,0,QB,7585,Davis Mills,QB,5.8,False,True
2022,5,12,1,RB,7528,Najee Harris,RB,5.1,False,True
2022,5,12,2,RB,6955,James Robinson,RB,4.9,False,True
2022,5,12,3,WR,8112,Drake London,WR,5.5,False,True
2022,5,12,4,WR,5872,Deebo Samuel,WR,10.2,False,True
2022,5,12,5,TE,1466,Travis Kelce,TE,30.0,False,True
2022,5,12,6,FLEX,1339,Zach Ertz,TE,7.8,False,False
2022,5,12,7,SUPER_FLEX,5892,David Montgomery,RB,16.2,False,False
2022,5,12,8,DEF,TB,Tampa Bay Buccaneers,DEF,7.0,False,False
2022,6,1,0,QB,24,Matt Ryan,QB,27.16,False,True
2022,6,1,1,RB,5916,Darrell Henderson,RB,12.2,False,True
2022,6,1,2,RB,4018,Joe Mixon,RB,14.8,False,True
2022,6,1,3,WR,1992,Allen Robinson,WR,14.8,False,False
2022,6,1,4,WR,6819,Michael Pittman,WR,19.9,False,False
2022,6,1,5,TE,4217,George Kittle,TE,12.3,False,True
2022,6,1,6,FLEX,8126,Wan'Dale Robinson,WR,11.2,False,False
2022,6,1,7,SUPER_FLEX,7523,Trevor Lawrence,QB,24.9,False,True
2022,6,1,8,DEF,LAC,Los Angeles Chargers,DEF,6.0,False,True
2022,6,2,0,QB,3161,Carson Wentz,QB,4.16,False,True
2022,6,2,1,RB,4035,Alvin Kamara,RB,15.4,False,True
2022,6,2,2,RB,8151,Kenneth Walker,RB,18.0,False,True
2022,6,2,3,WR,4039,Cooper Kupp,WR,13.2,False,True
2022,6,2,4,WR,6847,Devin Duvernay,WR,1.9,False,True
2022,6,2,5,TE,4381,Taysom Hill,TE,4.54,False,True
2022,6,2,6,FLEX,6783,Jerry Jeudy,WR,6.9,False,True
2022,6,2,7,SUPER_FLEX,7591,Justin Fields,QB,18.4,False,True
2022,6,2,8,DEF,CLE,Cleveland Browns,DEF,1.0,False,True
2022,6,3,0,QB,1234,Russell Wilson,QB,13.82,False,True
2022,6,3,1,RB,4034,Christian McCaffrey,RB,19.3,False,True
2022,6,3,2,RB,7551,Deon Jackson,RB,23.1,False,True
2022,6,3,3,WR,2309,Amari Cooper,WR,12.4,False,True
2022,6,3,4,WR,6886,Chase Claypool,WR,19.9,False,False
2022,6,3,5,TE,5012,Mark Andrews,TE,20.1,False,True
2022,6,3,6,FLEX,7670,Joshua Palmer,WR,10.2,False,False
2022,6,3,7,SUPER_FLEX,1166,Kirk Cousins,QB,16.5,False,True
2022,6,3,8,DEF,MIN,Minnesota Vikings,DEF,14.0,False,True
2022,6,4,0,QB,4046,Patrick Mahomes,QB,19.62,False,True
2022,6,4,1,RB,4663,Austin Ekeler,RB,19.3,False,True
2022,6,4,2,RB,6828,AJ Dillon,RB,7.2,False,True
2022,6,4,3,WR,7564,Ja'Marr Chase,WR,28.7,False,True
2022,6,4,4,WR,7090,Darnell Mooney,WR,10.3,False,True
2022,6,4,5,TE,4089,Gerald Everett,TE,5.4,False,True
2022,6,4,6,FLEX,5967,Tony Pollard,RB,6.2,False,False
2022,6,4,7,SUPER_FLEX,1373,Geno Smith,QB,12.68,False,True
2022,6,4,8,DEF,PHI,Philadelphia Eagles,DEF,7.0,False,True
2022,6,5,0,QB,4881,Lamar Jackson,QB,16.1,False,True
2022,6,5,1,RB,3164,Ezekiel Elliott,RB,15.1,False,True
2022,6,5,2,RB,6945,Antonio Gibson,RB,6.8,False,True
2022,6,5,3,WR,3321,Tyreek Hill,WR,23.7,False,True
2022,6,5,4,WR,7525,DeVonta Smith,WR,12.9,False,True
2022,6,5,5,TE,2214,Cameron Brate,TE,2.4,False,True
2022,6,5,6,FLEX,7601,Rondale Moore,WR,7.9,False,True
2022,6,5,7,SUPER_FLEX,3257,Jacoby Brissett,QB,8.64,False,True
2022,6,5,8,DEF,IND,Indianapolis Colts,DEF,7.0,False,True
2022,6,6,0,QB,5849,Kyler Murray,QB,14.88,False,True
2022,6,6,1,RB,4029,Dalvin Cook,RB,14.8,False,True
2022,6,6,2,RB,6820,Clyde Edwards-Helaire,RB,3.3,False,False
2022,6,6,3,WR,5848,Marquise Brown,WR,9.3,False,True
2022,6,6,4,WR,5927,Terry McLaurin,WR,6.7,False,True
2022,6,6,5,TE,4973,Hayden Hurst,TE,3.6,False,True
2022,6,6,6,FLEX,1689,Adam Thielen,WR,13.6,False,True
2022,6,6,7,SUPER_FLEX,4040,JuJu Smith-Schuster,WR,19.8,False,True
2022,6,6,8,DEF,BAL,Baltimore Ravens,DEF,7.0,False,True
2022,6,7,0,QB,4984,Josh Allen,QB,26.36,False,True
2022,6,7,1,RB,4866,Saquon Barkley,RB,17.0,False,True
2022,6,7,2,RB,7611,Rhamondre Stevenson,RB,23.1,False,True
2022,6,7,3,WR,6786,CeeDee Lamb,WR,10.2,False,True
2022,6,7,4,WR,5937,Diontae Johnson,WR,6.1,False,True
2022,6,7,5,TE,3271,Tyler Higbee,TE,1.2,False,True
2022,6,7,6,FLEX,2749,Raheem Mostert,RB,5.3,False,False
2022,6,7,7,SUPER_FLEX,421,Matthew Stafford,QB,11.82,False,False
2022,6,7,8,DEF,SF,San Francisco 49ers,DEF,2.0,False,True
2022,6,8,0,QB,5870,Daniel Jones,QB,13.52,False,True
2022,6,8,1,RB,8154,Brian Robinson,RB,12.0,False,True
2022,6,8,2,RB,8155,Breece Hall,RB,19.1,False,True
2022,6,8,3,WR,2449,Stefon Diggs,WR,25.8,False,True
2022,6,8,4,WR,4950,Christian Kirk,WR,8.8,False,True
2022,6,8,5,TE,7553,Kyle Pitts,TE,9.4,False,False
2022,6,8,6,FLEX,7608,Khalil Herbert,RB,7.4,False,False
2022,6,8,7,SUPER_FLEX,1837,Jimmy Garoppolo,QB,16.94,False,True
2022,6,8,8,DEF,JAX,Jacksonville Jaguars,DEF,0.0,False,True
2022,6,9,0,QB,6770,Joe Burrow,QB,32.5,False,True
2022,6,9,1,RB,5284,Jeff Wilson,RB,0.5,False,True
2022,6,9,2,RB,7543,Travis Etienne,RB,11.8,False,True
2022,6,9,3,WR,6794,Justin Jefferson,WR,13.7,False,True
2022,6,9,4,WR,4037,Chris Godwin,WR,12.5,False,True
2022,6,9,5,TE,6018,Zach Gentry,TE,0.9,False,True
2022,6,9,6,FLEX,8142,Alec Pierce,WR,12.4,False,False
2022,6,9,7,SUPER_FLEX,8157,Bailey Zappe,QB,17.86,False,False
2022,6,9,8,DEF,NE,New England Patriots,DEF,14.0,False,True
2022,6,10,0,QB,6797,Justin Herbert,QB,8.42,False,True
2022,6,10,1,RB,4988,Nick Chubb,RB,7.5,False,True
2022,6,10,2,RB,6130,Devin Singletary,RB,12.7,False,False
2022,6,10,3,WR,6803,Brandon Aiyuk,WR,24.3,False,False
2022,6,10,4,WR,6943,Gabe Davis,WR,14.9,False,True
2022,6,10,5,TE,5906,Dawson Knox,TE,11.2,False,False
2022,6,10,6,FLEX,6151,Miles Sanders,RB,13.7,False,True
2022,6,10,7,SUPER_FLEX,2307,Marcus Mariota,QB,24.16,False,True
2022,6,10,8,DEF,BUF,Buffalo Bills,DEF,8.0,False,True
2022,6,11,0,QB,6904,Jalen Hurts,QB,16.9,False,True
2022,6,11,1,RB,3969,Leonard Fournette,RB,19.1,False,True
2022,6,11,2,RB,8132,Tyler Allgeier,RB,5.1,False,False
2022,6,11,3,WR,7526,Jaylen Waddle,WR,13.9,False,True
2022,6,11,4,WR,5859,A.J. Brown,WR,15.2,False,True
2022,6,11,5,TE,5022,Dallas Goedert,TE,3.2,False,True
2022,6,11,6,FLEX,5185,Allen Lazard,WR,15.6,False,False
2022,6,11,7,SUPER_FLEX,96,Aaron Rodgers,QB,11.84,False,True
2022,6,11,8,DEF,LAR,Los Angeles Rams,DEF,11.0,False,True
2022,6,12,0,QB,4574,Cooper Rush,QB,5.24,False,True
2022,6,12,1,RB,5892,David Montgomery,RB,8.5,False,True
2022,6,12,2,RB,1476,Latavius Murray,RB,6.9,False,False
2022,6,12,3,WR,8112,Drake London,WR,5.5,False,True
2022,6,12,4,WR,5872,Deebo Samuel,WR,12.5,False,True
2022,6,12,5,TE,1466,Travis Kelce,TE,15.2,False,True
2022,6,12,6,FLEX,7528,Najee Harris,RB,11.9,False,True
2022,6,12,7,SUPER_FLEX,1339,Zach Ertz,TE,10.5,False,False
2022,6,12,8,DEF,TB,Tampa Bay Buccaneers,DEF,3.0,False,True
2022,7,1,0,QB,24,Matt Ryan,QB,9.92,False,True
2022,7,1,1,RB,6951,Eno Benjamin,RB,21.3,False,True
2022,7,1,2,RB,4018,Joe Mixon,RB,16.6,False,True
2022,7,1,3,WR,5955,Hunter Renfrow,WR,7.0,False,False
2022,7,1,4,WR,2216,Mike Evans,WR,14.1,False,True
2022,7,1,5,TE,4217,George Kittle,TE,18.8,False,True
2022,7,1,6,FLEX,4068,Mike Williams,WR,18.1,False,True
2022,7,1,7,SUPER_FLEX,7523,Trevor Lawrence,QB,18.7,False,True
2022,7,1,8,DEF,LAC,Los Angeles Chargers,DEF,4.0,False,True
2022,7,2,0,QB,7591,Justin Fields,QB,23.36,False,True
2022,7,2,1,RB,4035,Alvin Kamara,RB,14.0,False,True
2022,7,2,2,RB,3198,Derrick Henry,RB,15.3,False,True
2022,7,2,3,WR,8144,Chris Olave,WR,14.1,False,True
2022,7,2,4,WR,6783,Jerry Jeudy,WR,13.1,False,True
2022,7,2,5,TE,8111,Cade Otton,TE,8.4,False,True
2022,7,2,6,FLEX,8151,Kenneth Walker,RB,28.7,False,True
2022,7,2,7,SUPER_FLEX,4335,P.J. Walker,QB,15.08,False,True
2022,7,2,8,DEF,NYJ,New York Jets,DEF,7.0,False,True
2022,7,3,0,QB,2711,Taylor Heinicke,QB,14.44,False,True
2022,7,3,1,RB,4034,Christian McCaffrey,RB,7.2,False,True
2022,7,3,2,RB,5347,Nyheim Miller-Hines,RB,6.8,False,False
2022,7,3,3,WR,2309,Amari Cooper,WR,8.9,False,True
2022,7,3,4,WR,5947,Jakobi Meyers,WR,10.4,False,True
2022,7,3,5,TE,8131,Isaiah Likely,TE,2.1,False,False
2022,7,3,6,FLEX,2197,Brandin Cooks,WR,6.6,False,True
2022,7,3,7,SUPER_FLEX,6886,Chase Claypool,WR,6.6,False,False
2022,7,3,8,DEF,BAL,Baltimore Ravens,DEF,15.0,False,True
2022,7,4,0,QB,4046,Patrick Mahomes,QB,26.92,False,True
2022,7,4,1,RB,4663,Austin Ekeler,RB,30.7,False,True
2022,7,4,2,RB,8129,Dameon Pierce,RB,13.7,False,True
2022,7,4,3,WR,7564,Ja'Marr Chase,WR,29.0,False,True
2022,7,4,4,WR,7090,Darnell Mooney,WR,6.8,False,False
2022,7,4,5,TE,4089,Gerald Everett,TE,8.8,False,True
2022,7,4,6,FLEX,5967,Tony Pollard,RB,11.9,False,False
2022,7,4,7,SUPER_FLEX,1373,Geno Smith,QB,13.1,False,False
2022,7,4,8,DEF,DEN,Denver Broncos,DEF,4.0,False,True
2022,7,5,0,QB,4881,Lamar Jackson,QB,10.7,False,True
2022,7,5,1,RB,5850,Josh Jacobs,RB,35.0,False,True
2022,7,5,2,RB,3164,Ezekiel Elliott,RB,17.7,False,True
2022,7,5,3,WR,2133,Davante Adams,WR,13.5,False,True
2022,7,5,4,WR,3321,Tyreek Hill,WR,10.7,False,True
2022,7,5,5,TE,7600,Pat Freiermuth,TE,11.5,False,False
2022,7,5,6,FLEX,1426,DeAndre Hopkins,WR,15.3,False,True
2022,7,5,7,SUPER_FLEX,6945,Antonio Gibson,RB,15.2,False,False
2022,7,5,8,DEF,MIA,Miami Dolphins,DEF,12.0,False,True
2022,7,6,0,QB,5849,Kyler Murray,QB,17.16,False,True
2022,7,6,1,RB,6820,Clyde Edwards-Helaire,RB,9.2,False,True
2022,7,6,2,RB,4111,D'Onta Foreman,RB,15.5,False,True
2022,7,6,3,WR,5927,Terry McLaurin,WR,15.8,False,True
2022,7,6,4,WR,4040,JuJu Smith-Schuster,WR,21.9,False,True
2022,7,6,5,TE,4973,Hayden Hurst,TE,7.8,False,True
2022,7,6,6,FLEX,4082,Curtis Samuel,WR,10.4,False,False
2022,7,6,7,SUPER_FLEX,829,Andy Dalton,QB,26.54,False,True
2022,7,6,8,DEF,DAL,Dallas Cowboys,DEF,26.0,False,True
2022,7,7,0,QB,7538,Zach Wilson,QB,7.24,False,True
2022,7,7,1,RB,4866,Saquon Barkley,RB,15.5,False,True
2022,7,7,2,RB,7611,Rhamondre Stevenson,RB,19.8,False,True
2022,7,7,3,WR,6786,CeeDee Lamb,WR,8.6,False,True
2022,7,7,4,WR,2374,Tyler Lockett,WR,8.0,False,True
2022,7,7,5,TE,4381,Taysom Hill,TE,9.62,False,True
2022,7,7,6,FLEX,7607,Michael Carter,RB,8.4,False,False
2022,7,7,7,SUPER_FLEX,2749,Raheem Mostert,RB,18.9,False,True
2022,7,7,8,DEF,TEN,Tennessee Titans,DEF,20.0,False,True
2022,7,8,0,QB,1837,Jimmy Garoppolo,QB,16.32,False,True
2022,7,8,1,RB,6813,Jonathan Taylor,RB,12.0,False,True
2022,7,8,2,RB,8155,Breece Hall,RB,13.2,False,True
2022,7,8,3,WR,4983,DJ Moore,WR,16.1,False,False
2022,7,8,4,WR,4950,Christian Kirk,WR,13.6,False,True
2022,7,8,5,TE,4033,David Njoku,TE,10.6,False,True
2022,7,8,6,FLEX,5248,Gus Edwards,RB,18.6,False,False
2022,7,8,7,SUPER_FLEX,5870,Daniel Jones,QB,28.78,False,True
2022,7,8,8,DEF,JAX,Jacksonville Jaguars,DEF,1.0,False,True
2022,7,9,0,QB,6770,Joe Burrow,QB,39.24,False,True
2022,7,9,1,RB,7543,Travis Etienne,RB,18.4,False,True
2022,7,9,2,RB,5284,Jeff Wilson,RB,5.4,False,False
2022,7,9,3,WR,6801,Tee Higgins,WR,11.8,False,True
2022,7,9,4,WR,4037,Chris Godwin,WR,8.0,False,True
2022,7,9,5,TE,5844,T.J. Hockenson,TE,6.8,False,True
2022,7,9,6,FLEX,8172,Greg Dulcich,TE,8.1,False,False
2022,7,9,7,SUPER_FLEX,167,Tom Brady,QB,11.7,False,True
2022,7,9,8,DEF,NE,New England Patriots,DEF,7.0,False,True
2022,7,10,0,QB,6797,Justin Herbert,QB,17.62,False,True
2022,7,10,1,RB,4988,Nick Chubb,RB,17.7,False,True
2022,7,10,2,RB,4199,Aaron Jones,RB,24.1,False,True
2022,7,10,3,WR,8137,George Pickens,WR,15.1,False,True
2022,7,10,4,WR,6803,Brandon Aiyuk,WR,11.7,False,True
2022,7,10,5,TE,4066,Evan Engram,TE,8.7,False,True
2022,7,10,6,FLEX,1479,Keenan Allen,WR,2.1,False,True
2022,7,10,7,SUPER_FLEX,2028,Derek Carr,QB,13.54,False,True
2022,7,10,8,DEF,NYG,New York Giants,DEF,6.0,False,True
2022,7,11,0,QB,96,Aaron Rodgers,QB,15.76,False,True
2022,7,11,1,RB,7608,Khalil Herbert,RB,15.2,False,False
2022,7,11,2,RB,4098,Kareem Hunt,RB,7.3,False,True
2022,7,11,3,WR,7526,Jaylen Waddle,WR,10.8,False,True
2022,7,11,4,WR,3225,Tyler Boyd,WR,25.5,False,True
2022,7,11,5,TE,4993,Mike Gesicki,TE,4.2,False,True
2022,7,11,6,FLEX,5185,Allen Lazard,WR,8.5,False,True
2022,7,11,7,SUPER_FLEX,8132,Tyler Allgeier,RB,11.0,False,False
2022,7,11,8,DEF,ARI,Arizona Cardinals,DEF,17.0,False,True
2022,7,12,0,QB,6768,Tua Tagovailoa,QB,15.94,False,True
2022,7,12,1,RB,5892,David Montgomery,RB,12.2,False,True
2022,7,12,2,RB,7528,Najee Harris,RB,9.5,False,True
2022,7,12,3,WR,7571,Rashod Bateman,WR,6.2,False,False
2022,7,12,4,WR,5872,Deebo Samuel,WR,6.9,False,True
2022,7,12,5,TE,1466,Travis Kelce,TE,12.8,False,True
2022,7,12,6,FLEX,7594,Chuba Hubbard,RB,14.3,False,False
2022,7,12,7,SUPER_FLEX,7585,Davis Mills,QB,18.08,False,True
2022,7,12,8,DEF,GB,Green Bay Packers,DEF,9.0,False,False
2022,8,1,0,QB,7523,Trevor Lawrence,QB,6.82,False,True
2022,8,1,1,RB,6951,Eno Benjamin,RB,6.5,False,True
2022,8,1,2,RB,4018,Joe Mixon,RB,9.4,False,True
2022,8,1,3,WR,6819,Michael Pittman,WR,8.8,False,True
2022,8,1,4,WR,2216,Mike Evans,WR,15.3,False,True
2022,8,1,5,TE,4217,George Kittle,TE,11.4,False,True
2022,8,1,6,FLEX,5916,Darrell Henderson,RB,4.0,False,True
2022,8,1,7,SUPER_FLEX,5045,Courtland Sutton,WR,1.8,False,True
2022,8,1,8,DEF,ATL,Atlanta Falcons,DEF,8.0,False,True
2022,8,2,0,QB,7591,Justin Fields,QB,26.04,False,True
2022,8,2,1,RB,4035,Alvin Kamara,RB,38.3,False,True
2022,8,2,2,RB,3198,Derrick Henry,RB,35.3,False,True
2022,8,2,3,WR,6783,Jerry Jeudy,WR,15.3,False,True
2022,8,2,4,WR,4039,Cooper Kupp,WR,18.9,False,True
2022,8,2,5,TE,6126,Irv Smith,TE,4.8,False,True
2022,8,2,6,FLEX,8146,Garrett Wilson,WR,14.5,False,False
2022,8,2,7,SUPER_FLEX,4335,P.J. Walker,QB,16.68,False,True
2022,8,2,8,DEF,SEA,Seattle Seahawks,DEF,14.0,False,True
2022,8,3,0,QB,2711,Taylor Heinicke,QB,22.06,False,False
2022,8,3,1,RB,4034,Christian McCaffrey,RB,36.26,False,True
2022,8,3,2,RB,2320,Melvin Gordon,RB,12.7,False,True
2022,8,3,3,WR,2309,Amari Cooper,WR,19.6,False,True
2022,8,3,4,WR,5947,Jakobi Meyers,WR,16.5,False,True
2022,8,3,5,TE,5012,Mark Andrews,TE,4.8,False,True
2022,8,3,6,FLEX,5347,Nyheim Miller-Hines,RB,11.9,False,False
2022,8,3,7,SUPER_FLEX,1166,Kirk Cousins,QB,23.48,False,True
2022,8,3,8,DEF,BAL,Baltimore Ravens,DEF,4.0,False,True
2022,8,4,0,QB,3294,Dak Prescott,QB,25.4,False,True
2022,8,4,1,RB,8129,Dameon Pierce,RB,12.6,False,True
2022,8,4,2,RB,5967,Tony Pollard,RB,33.2,False,True
2022,8,4,3,WR,6803,Brandon Aiyuk,WR,17.1,False,True
2022,8,4,4,WR,5038,Michael Gallup,WR,6.9,False,False
2022,8,4,5,TE,4381,Taysom Hill,TE,7.78,False,True
2022,8,4,6,FLEX,6828,AJ Dillon,RB,6.8,False,False
2022,8,4,7,SUPER_FLEX,1373,Geno Smith,QB,19.08,False,True
2022,8,4,8,DEF,PHI,Philadelphia Eagles,DEF,16.0,False,True
2022,8,5,0,QB,4881,Lamar Jackson,QB,21.82,False,True
2022,8,5,1,RB,5850,Josh Jacobs,RB,6.4,False,True
2022,8,5,2,RB,6945,Antonio Gibson,RB,17.2,False,True
2022,8,5,3,WR,1426,DeAndre Hopkins,WR,27.9,False,True
2022,8,5,4,WR,3321,Tyreek Hill,WR,25.5,False,True
2022,8,5,5,TE,7600,Pat Freiermuth,TE,7.7,False,True
2022,8,5,6,FLEX,4973,Hayden Hurst,TE,6.2,False,False
2022,8,5,7,SUPER_FLEX,3257,Jacoby Brissett,QB,20.32,False,False
2022,8,5,8,DEF,MIA,Miami Dolphins,DEF,1.0,False,True
2022,8,6,0,QB,829,Andy Dalton,QB,17.16,False,True
2022,8,6,1,RB,4029,Dalvin Cook,RB,22.6,False,True
2022,8,6,2,RB,4199,Aaron Jones,RB,17.7,False,True
2022,8,6,3,WR,8121,Romeo Doubs,WR,14.2,False,True
2022,8,6,4,WR,1689,Adam Thielen,WR,9.7,False,True
2022,8,6,5,TE,5001,Dalton Schultz,TE,10.4,False,True
2022,8,6,6,FLEX,4111,D'Onta Foreman,RB,31.8,False,True
2022,8,6,7,SUPER_FLEX,5987,Alexander Mattison,RB,10.0,False,False
2022,8,6,8,DEF,DAL,Dallas Cowboys,DEF,12.0,False,True
2022,8,7,0,QB,4984,Josh Allen,QB,17.62,False,True
2022,8,7,1,RB,4866,Saquon Barkley,RB,13.7,False,True
2022,8,7,2,RB,7611,Rhamondre Stevenson,RB,17.8,False,True
2022,8,7,3,WR,6786,CeeDee Lamb,WR,16.3,False,True
2022,8,7,4,WR,2374,Tyler Lockett,WR,12.8,False,True
2022,8,7,5,TE,3271,Tyler Higbee,TE,2.5,False,True
2022,8,7,6,FLEX,7607,Michael Carter,RB,8.1,False,False
2022,8,7,7,SUPER_FLEX,421,Matthew Stafford,QB,17.38,False,True
2022,8,7,8,DEF,TEN,Tennessee Titans,DEF,9.0,False,True
2022,8,8,0,QB,1837,Jimmy Garoppolo,QB,17.7,False,False
2022,8,8,1,RB,8151,Kenneth Walker,RB,11.7,False,True
2022,8,8,2,RB,6790,D'Andre Swift,RB,11.8,False,True
2022,8,8,3,WR,2449,Stefon Diggs,WR,19.8,False,True
2022,8,8,4,WR,8144,Chris Olave,WR,7.7,False,True
2022,8,8,5,TE,7553,Kyle Pitts,TE,16.5,False,True
2022,8,8,6,FLEX,4983,DJ Moore,WR,24.5,False,True
2022,8,8,7,SUPER_FLEX,3163,Jared Goff,QB,18.14,False,True
2022,8,8,8,DEF,JAX,Jacksonville Jaguars,DEF,5.0,False,True
2022,8,9,0,QB,6770,Joe Burrow,QB,13.48,False,True
2022,8,9,1,RB,7543,Travis Etienne,RB,23.7,False,True
2022,8,9,2,RB,8138,James Cook,RB,8.1,False,False
2022,8,9,3,WR,6794,Justin Jefferson,WR,12.8,False,True
2022,8,9,4,WR,6801,Tee Higgins,WR,12.4,False,True
2022,8,9,5,TE,8172,Greg Dulcich,TE,10.7,False,False
2022,8,9,6,FLEX,4037,Chris Godwin,WR,10.5,False,True
2022,8,9,7,SUPER_FLEX,167,Tom Brady,QB,17.1,False,True
2022,8,9,8,DEF,NE,New England Patriots,DEF,9.0,False,True
2022,8,10,0,QB,5849,Kyler Murray,QB,24.64,False,True
2022,8,10,1,RB,4988,Nick Chubb,RB,24.9,False,True
2022,8,10,2,RB,6151,Miles Sanders,RB,13.8,False,True
2022,8,10,3,WR,8142,Alec Pierce,WR,8.0,False,False
2022,8,10,4,WR,5927,Terry McLaurin,WR,13.6,False,True
2022,8,10,5,TE,4066,Evan Engram,TE,13.5,False,True
2022,8,10,6,FLEX,6130,Devin Singletary,RB,8.8,False,True
2022,8,10,7,SUPER_FLEX,2307,Marcus Mariota,QB,22.42,False,True
2022,8,10,8,DEF,BUF,Buffalo Bills,DEF,5.0,False,True
2022,8,11,0,QB,6904,Jalen Hurts,QB,28.4,False,True
2022,8,11,1,RB,8132,Tyler Allgeier,RB,16.0,False,False
2022,8,11,2,RB,4149,Jamaal Williams,RB,21.1,False,True
2022,8,11,3,WR,7526,Jaylen Waddle,WR,26.6,False,True
2022,8,11,4,WR,5859,A.J. Brown,WR,36.6,False,True
2022,8,11,5,TE,4993,Mike Gesicki,TE,11.3,False,False
2022,8,11,6,FLEX,7608,Khalil Herbert,RB,15.9,False,False
2022,8,11,7,SUPER_FLEX,96,Aaron Rodgers,QB,15.22,False,True
2022,8,11,8,DEF,ARI,Arizona Cardinals,DEF,7.0,False,True
2022,8,12,0,QB,6768,Tua Tagovailoa,QB,29.18,False,True
2022,8,12,1,RB,5892,David Montgomery,RB,7.0,False,True
2022,8,12,2,RB,7528,Najee Harris,RB,8.96,False,True
2022,8,12,3,WR,8112,Drake London,WR,5.1,False,True
2022,8,12,4,WR,7547,Amon-Ra St. Brown,WR,10.4,False,True
2022,8,12,5,TE,1339,Zach Ertz,TE,11.4,False,True
2022,8,12,6,FLEX,1476,Latavius Murray,RB,12.4,False,False
2022,8,12,7,SUPER_FLEX,7585,Davis Mills,QB,8.88,False,True
2022,8,12,8,DEF,IND,Indianapolis Colts,DEF,5.0,False,True
2022,9,1,0,QB,7523,Trevor Lawrence,QB,16.7,False,True
2022,9,1,1,RB,4137,James Conner,RB,8.9,False,True
2022,9,1,2,RB,4018,Joe Mixon,RB,53.1,False,True
2022,9,1,3,WR,6819,Michael Pittman,WR,3.7,False,True
2022,9,1,4,WR,2216,Mike Evans,WR,6.5,False,True
2022,9,1,5,TE,4602,Robert Tonyan,TE,4.4,False,True
2022,9,1,6,FLEX,5916,Darrell Henderson,RB,5.6,False,True
2022,9,1,7,SUPER_FLEX,4892,Baker Mayfield,QB,14.2,False,False
2022,9,1,8,DEF,ATL,Atlanta Falcons,DEF,6.0,False,True
2022,9,2,0,QB,7591,Justin Fields,QB,42.72,False,True
2022,9,2,1,RB,4035,Alvin Kamara,RB,7.7,False,True
2022,9,2,2,RB,3198,Derrick Henry,RB,23.5,False,True
2022,9,2,3,WR,4950,Christian Kirk,WR,17.6,False,True
2022,9,2,4,WR,4039,Cooper Kupp,WR,22.8,False,True
2022,9,2,5,TE,2505,Darren Waller,TE,0.0,False,True
2022,9,2,6,FLEX,7606,Kadarius Toney,WR,2.2,False,True
2022,9,2,7,SUPER_FLEX,8146,Garrett Wilson,WR,13.9,False,True
2022,9,2,8,DEF,SEA,Seattle Seahawks,DEF,9.0,False,True
2022,9,3,0,QB,7527,Mac Jones,QB,9.68,False,True
2022,9,3,1,RB,5347,Nyheim Miller-Hines,RB,0.0,False,True
2022,9,3,2,RB,5284,Jeff Wilson,RB,14.7,False,True
2022,9,3,3,WR,6886,Chase Claypool,WR,2.7,False,True
2022,9,3,4,WR,5947,Jakobi Meyers,WR,4.9,False,True
2022,9,3,5,TE,7891,Brock Wright,TE,0.0,False,True
2022,9,3,6,FLEX,7525,DeVonta Smith,WR,3.2,False,True
2022,9,3,7,SUPER_FLEX,1166,Kirk Cousins,QB,16.4,False,True
2022,9,3,8,DEF,BAL,Baltimore Ravens,DEF,10.0,False,True
2022,9,4,0,QB,4046,Patrick Mahomes,QB,34.14,False,True
2022,9,4,1,RB,4663,Austin Ekeler,RB,20.6,False,True
2022,9,4,2,RB,8129,Dameon Pierce,RB,13.9,False,True
2022,9,4,3,WR,6943,Gabe Davis,WR,4.3,False,True
2022,9,4,4,WR,7670,Joshua Palmer,WR,14.6,False,True
2022,9,4,5,TE,4089,Gerald Everett,TE,6.1,False,True
2022,9,4,6,FLEX,5844,T.J. Hockenson,TE,11.5,False,True
2022,9,4,7,SUPER_FLEX,1373,Geno Smith,QB,20.8,False,True
2022,9,4,8,DEF,PHI,Philadelphia Eagles,DEF,8.0,False,True
2022,9,5,0,QB,4881,Lamar Jackson,QB,17.52,False,True
2022,9,5,1,RB,5850,Josh Jacobs,RB,10.2,False,True
2022,9,5,2,RB,6945,Antonio Gibson,RB,5.7,False,True
2022,9,5,3,WR,2133,Davante Adams,WR,31.6,False,True
2022,9,5,4,WR,3321,Tyreek Hill,WR,23.8,False,True
2022,9,5,5,TE,4973,Hayden Hurst,TE,6.0,False,True
2022,9,5,6,FLEX,1426,DeAndre Hopkins,WR,11.6,False,True
2022,9,5,7,SUPER_FLEX,2711,Taylor Heinicke,QB,13.66,False,True
2022,9,5,8,DEF,KC,Kansas City Chiefs,DEF,4.0,False,True
2022,9,6,0,QB,6797,Justin Herbert,QB,12.1,False,True
2022,9,6,1,RB,4029,Dalvin Cook,RB,12.6,False,True
2022,9,6,2,RB,4199,Aaron Jones,RB,5.5,False,True
2022,9,6,3,WR,1689,Adam Thielen,WR,8.2,False,False
2022,9,6,4,WR,4040,JuJu Smith-Schuster,WR,13.8,False,True
2022,9,6,5,TE,5133,Tyler Conklin,TE,1.2,False,True
2022,9,6,6,FLEX,4111,D'Onta Foreman,RB,3.1,False,True
2022,9,6,7,SUPER_FLEX,829,Andy Dalton,QB,10.9,False,True
2022,9,6,8,DEF,DAL,Dallas Cowboys,DEF,0.0,False,True
2022,9,7,0,QB,4984,Josh Allen,QB,24.8,False,True
2022,9,7,1,RB,3242,Kenyan Drake,RB,23.9,False,False
2022,9,7,2,RB,7611,Rhamondre Stevenson,RB,14.5,False,True
2022,9,7,3,WR,7601,Rondale Moore,WR,10.9,False,True
2022,9,7,4,WR,2374,Tyler Lockett,WR,15.2,False,True
2022,9,7,5,TE,3271,Tyler Higbee,TE,0.0,False,True
2022,9,7,6,FLEX,7607,Michael Carter,RB,15.1,False,True
2022,9,7,7,SUPER_FLEX,7538,Zach Wilson,QB,10.56,False,False
2022,9,7,8,DEF,CIN,Cincinnati Bengals,DEF,6.0,False,True
2022,9,8,0,QB,3163,Jared Goff,QB,11.38,False,True
2022,9,8,1,RB,8151,Kenneth Walker,RB,26.4,False,True
2022,9,8,2,RB,6790,D'Andre Swift,RB,6.5,False,True
2022,9,8,3,WR,2449,Stefon Diggs,WR,11.8,False,True
2022,9,8,4,WR,8144,Chris Olave,WR,10.1,False,True
2022,9,8,5,TE,7553,Kyle Pitts,TE,3.7,False,True
2022,9,8,6,FLEX,8136,Rachaad White,RB,4.9,False,False
2022,9,8,7,SUPER_FLEX,8154,Brian Robinson,RB,4.8,False,False
2022,9,8,8,DEF,MIN,Minnesota Vikings,DEF,6.0,False,True
2022,9,9,0,QB,6770,Joe Burrow,QB,19.14,False,True
2022,9,9,1,RB,7543,Travis Etienne,RB,25.6,False,True
2022,9,9,2,RB,6828,AJ Dillon,RB,5.4,False,True
2022,9,9,3,WR,6794,Justin Jefferson,WR,22.0,False,True
2022,9,9,4,WR,6801,Tee Higgins,WR,9.5,False,True
2022,9,9,5,TE,8131,Isaiah Likely,TE,8.9,False,True
2022,9,9,6,FLEX,4082,Curtis Samuel,WR,15.6,False,False
2022,9,9,7,SUPER_FLEX,167,Tom Brady,QB,15.2,False,True
2022,9,9,8,DEF,NE,New England Patriots,DEF,26.0,False,True
2022,9,10,0,QB,5849,Kyler Murray,QB,19.0,False,True
2022,9,10,1,RB,6130,Devin Singletary,RB,6.8,False,True
2022,9,10,2,RB,6151,Miles Sanders,RB,15.3,False,True
2022,9,10,3,WR,4080,Zay Jones,WR,6.5,False,True
2022,9,10,4,WR,5927,Terry McLaurin,WR,8.1,False,True
2022,9,10,5,TE,5906,Dawson Knox,TE,4.0,False,False
2022,9,10,6,FLEX,2750,DeAndre Carter,WR,7.8,False,True
2022,9,10,7,SUPER_FLEX,2028,Derek Carr,QB,18.36,False,False
2022,9,10,8,DEF,BUF,Buffalo Bills,DEF,6.0,False,True
2022,9,11,0,QB,6904,Jalen Hurts,QB,20.02,False,True
2022,9,11,1,RB,1535,Cordarrelle Patterson,RB,17.8,False,False
2022,9,11,2,RB,8132,Tyler Allgeier,RB,12.8,False,False
2022,9,11,3,WR,7526,Jaylen Waddle,WR,17.0,False,True
2022,9,11,4,WR,5859,A.J. Brown,WR,13.9,False,True
2022,9,11,5,TE,5022,Dallas Goedert,TE,20.0,False,True
2022,9,11,6,FLEX,5185,Allen Lazard,WR,16.7,False,False
2022,9,11,7,SUPER_FLEX,96,Aaron Rodgers,QB,13.64,False,True
2022,9,11,8,DEF,ARI,Arizona Cardinals,DEF,9.0,False,True
2022,9,12,0,QB,6768,Tua Tagovailoa,QB,24.08,False,True
2022,9,12,1,RB,5892,David Montgomery,RB,4.9,False,True
2022,9,12,2,RB,6955,James Robinson,RB,12.3,False,True
2022,9,12,3,WR,7090,Darnell Mooney,WR,14.0,False,False
2022,9,12,4,WR,7547,Amon-Ra St. Brown,WR,7.5,False,True
2022,9,12,5,TE,1466,Travis Kelce,TE,15.6,False,True
2022,9,12,6,FLEX,1339,Zach Ertz,TE,12.5,False,True
2022,9,12,7,SUPER_FLEX,7585,Davis Mills,QB,11.96,False,True
2022,9,12,8,DEF,TB,Tampa Bay Buccaneers,DEF,8.0,False,True
2022,10,1,0,QB,7523,Trevor Lawrence,QB,20.96,False,True
2022,10,1,1,RB,4137,James Conner,RB,22.1,False,True
2022,10,1,2,RB,5916,Darrell Henderson,RB,9.7,False,True
2022,10,1,3,WR,5045,Courtland Sutton,WR,9.6,False,True
2022,10,1,4,WR,2216,Mike Evans,WR,7.9,False,True
2022,10,1,5,TE,4217,George Kittle,TE,2.6,False,True
2022,10,1,6,FLEX,6819,Michael Pittman,WR,8.8,False,True
2022,10,1,7,SUPER_FLEX,6824,Donovan Peoples-Jones,WR,12.4,False,True
2022,10,1,8,DEF,ATL,Atlanta Falcons,DEF,1.0,False,True
2022,10,2,0,QB,7591,Justin Fields,QB,39.38,False,True
2022,10,2,1,RB,4035,Alvin Kamara,RB,6.0,False,True
2022,10,2,2,RB,3198,Derrick Henry,RB,7.7,False,True
2022,10,2,3,WR,4950,Christian Kirk,WR,27.0,False,False
2022,10,2,4,WR,7606,Kadarius Toney,WR,17.0,False,False
2022,10,2,5,TE,4089,Gerald Everett,TE,3.3,False,True
2022,10,2,6,FLEX,6813,Jonathan Taylor,RB,23.3,False,True
2022,10,2,7,SUPER_FLEX,1837,Jimmy Garoppolo,QB,15.9,False,True
2022,10,2,8,DEF,SEA,Seattle Seahawks,DEF,4.0,False,True
2022,10,3,0,QB,1234,Russell Wilson,QB,14.24,False,True
2022,10,3,1,RB,4034,Christian McCaffrey,RB,15.7,False,True
2022,10,3,2,RB,5284,Jeff Wilson,RB,21.3,False,True
2022,10,3,3,WR,2197,Brandin Cooks,WR,6.2,False,False
2022,10,3,4,WR,7525,DeVonta Smith,WR,10.9,False,True
2022,10,3,5,TE,6826,Cole Kmet,TE,21.4,False,True
2022,10,3,6,FLEX,2320,Melvin Gordon,RB,9.0,False,False
2022,10,3,7,SUPER_FLEX,1166,Kirk Cousins,QB,15.48,False,True
2022,10,3,8,DEF,TEN,Tennessee Titans,DEF,13.0,False,True
2022,10,4,0,QB,4046,Patrick Mahomes,QB,31.14,False,True
2022,10,4,1,RB,4663,Austin Ekeler,RB,9.8,False,True
2022,10,4,2,RB,8129,Dameon Pierce,RB,11.2,False,True
2022,10,4,3,WR,5846,DK Metcalf,WR,10.1,False,True
2022,10,4,4,WR,6803,Brandon Aiyuk,WR,9.4,False,False
2022,10,4,5,TE,5844,T.J. Hockenson,TE,8.0,False,True
2022,10,4,6,FLEX,5967,Tony Pollard,RB,20.3,False,True
2022,10,4,7,SUPER_FLEX,3294,Dak Prescott,QB,19.2,False,True
2022,10,4,8,DEF,PHI,Philadelphia Eagles,DEF,8.0,False,True
2022,10,5,0,QB,3257,Jacoby Brissett,QB,16.48,False,True
2022,10,5,1,RB,5850,Josh Jacobs,RB,19.6,False,True
2022,10,5,2,RB,6945,Antonio Gibson,RB,13.3,False,True
2022,10,5,3,WR,2133,Davante Adams,WR,23.1,False,True
2022,10,5,4,WR,1426,DeAndre Hopkins,WR,14.8,False,True
2022,10,5,5,TE,7600,Pat Freiermuth,TE,5.6,False,True
2022,10,5,6,FLEX,8154,Brian Robinson,RB,14.6,False,False
2022,10,5,7,SUPER_FLEX,1049,Ryan Tannehill,QB,19.4,False,False
2022,10,5,8,DEF,NO,New Orleans Saints,DEF,8.0,False,True
2022,10,6,0,QB,6797,Justin Herbert,QB,12.04,False,True
2022,10,6,1,RB,4029,Dalvin Cook,RB,22.1,False,True
2022,10,6,2,RB,4111,D'Onta Foreman,RB,19.0,False,True
2022,10,6,3,WR,1825,Jarvis Landry,WR,5.2,False,False
2022,10,6,4,WR,1689,Adam Thielen,WR,7.4,False,True
2022,10,6,5,TE,5001,Dalton Schultz,TE,14.4,False,True
2022,10,6,6,FLEX,6790,D'Andre Swift,RB,7.7,False,True
2022,10,6,7,SUPER_FLEX,829,Andy Dalton,QB,7.06,False,True
2022,10,6,8,DEF,DAL,Dallas Cowboys,DEF,7.0,False,True
2022,10,7,0,QB,4984,Josh Allen,QB,19.6,False,True
2022,10,7,1,RB,2749,Raheem Mostert,RB,16.7,False,True
2022,10,7,2,RB,4866,Saquon Barkley,RB,22.5,False,True
2022,10,7,3,WR,5937,Diontae Johnson,WR,8.3,False,True
2022,10,7,4,WR,2374,Tyler Lockett,WR,11.7,False,True
2022,10,7,5,TE,3271,Tyler Higbee,TE,11.3,False,True
2022,10,7,6,FLEX,6786,CeeDee Lamb,WR,32.5,False,True
2022,10,7,7,SUPER_FLEX,7601,Rondale Moore,WR,13.9,False,True
2022,10,7,8,DEF,NYG,New York Giants,DEF,10.0,False,True
2022,10,8,0,QB,5870,Daniel Jones,QB,18.28,False,True
2022,10,8,1,RB,8151,Kenneth Walker,RB,10.2,False,True
2022,10,8,2,RB,4199,Aaron Jones,RB,22.6,False,True
2022,10,8,3,WR,2449,Stefon Diggs,WR,18.8,False,True
2022,10,8,4,WR,6943,Gabe Davis,WR,18.3,False,False
2022,10,8,5,TE,7553,Kyle Pitts,TE,3.8,False,True
2022,10,8,6,FLEX,8136,Rachaad White,RB,10.5,False,False
2022,10,8,7,SUPER_FLEX,3163,Jared Goff,QB,14.84,False,True
2022,10,8,8,DEF,SF,San Francisco 49ers,DEF,7.0,False,True
2022,10,9,0,QB,167,Tom Brady,QB,16.02,False,True
2022,10,9,1,RB,7543,Travis Etienne,RB,8.8,False,True
2022,10,9,2,RB,6828,AJ Dillon,RB,6.5,False,True
2022,10,9,3,WR,6794,Justin Jefferson,WR,30.3,False,True
2022,10,9,4,WR,4037,Chris Godwin,WR,16.1,False,True
2022,10,9,5,TE,8172,Greg Dulcich,TE,1.6,False,True
2022,10,9,6,FLEX,7561,Elijah Mitchell,RB,9.3,False,False
2022,10,9,7,SUPER_FLEX,8228,Jaylen Warren,RB,9.2,False,False
2022,10,9,8,DEF,DEN,Denver Broncos,DEF,6.0,False,True
2022,10,10,0,QB,2028,Derek Carr,QB,17.92,False,True
2022,10,10,1,RB,4988,Nick Chubb,RB,13.6,False,True
2022,10,10,2,RB,6130,Devin Singletary,RB,15.2,False,True
2022,10,10,3,WR,8137,George Pickens,WR,13.0,False,True
2022,10,10,4,WR,5927,Terry McLaurin,WR,16.8,False,True
2022,10,10,5,TE,5906,Dawson Knox,TE,7.7,False,False
2022,10,10,6,FLEX,2750,DeAndre Carter,WR,14.4,False,True
2022,10,10,7,SUPER_FLEX,2307,Marcus Mariota,QB,17.74,False,False
2022,10,10,8,DEF,BUF,Buffalo Bills,DEF,9.0,False,True
2022,10,11,0,QB,6904,Jalen Hurts,QB,21.8,False,True
2022,10,11,1,RB,3969,Leonard Fournette,RB,10.3,False,True
2022,10,11,2,RB,7608,Khalil Herbert,RB,5.7,False,False
2022,10,11,3,WR,5185,Allen Lazard,WR,6.0,False,False
2022,10,11,4,WR,7526,Jaylen Waddle,WR,8.6,False,True
2022,10,11,5,TE,5022,Dallas Goedert,TE,7.8,False,True
2022,10,11,6,FLEX,4149,Jamaal Williams,RB,11.9,False,True
2022,10,11,7,SUPER_FLEX,96,Aaron Rodgers,QB,19.36,False,False
2022,10,11,8,DEF,ARI,Arizona Cardinals,DEF,9.0,False,True
2022,10,12,0,QB,6768,Tua Tagovailoa,QB,23.4,False,True
2022,10,12,1,RB,1476,Latavius Murray,RB,6.2,False,False
2022,10,12,2,RB,7528,Najee Harris,RB,9.9,False,True
2022,10,12,3,WR,8112,Drake London,WR,12.3,False,False
2022,10,12,4,WR,7547,Amon-Ra St. Brown,WR,17.1,False,True
2022,10,12,5,TE,1466,Travis Kelce,TE,17.1,False,True
2022,10,12,6,FLEX,7090,Darnell Mooney,WR,7.7,False,True
2022,10,12,7,SUPER_FLEX,7585,Davis Mills,QB,14.76,False,True
2022,10,12,8,DEF,TB,Tampa Bay Buccaneers,DEF,7.0,False,True
2022,11,1,0,QB,4892,Baker Mayfield,QB,5.04,False,True
2022,11,1,1,RB,4137,James Conner,RB,12.4,False,True
2022,11,1,2,RB,4018,Joe Mixon,RB,7.7,False,True
2022,11,1,3,WR,6824,Donovan Peoples-Jones,WR,14.6,False,True
2022,11,1,4,WR,6819,Michael Pittman,WR,10.5,False,True
2022,11,1,5,TE,4217,George Kittle,TE,22.4,False,True
2022,11,1,6,FLEX,5045,Courtland Sutton,WR,10.5,False,True
2022,11,1,7,SUPER_FLEX,8135,Treylon Burks,WR,14.6,False,False
2022,11,1,8,DEF,NYJ,New York Jets,DEF,10.0,False,True
2022,11,2,0,QB,7591,Justin Fields,QB,22.62,False,True
2022,11,2,1,RB,4035,Alvin Kamara,RB,10.9,False,True
2022,11,2,2,RB,3198,Derrick Henry,RB,24.36,False,True
2022,11,2,3,WR,8146,Garrett Wilson,WR,2.2,False,True
2022,11,2,4,WR,7606,Kadarius Toney,WR,0.0,False,True
2022,11,2,5,TE,5985,Foster Moreau,TE,3.8,False,True
2022,11,2,6,FLEX,6813,Jonathan Taylor,RB,14.9,False,True
2022,11,2,7,SUPER_FLEX,1837,Jimmy Garoppolo,QB,25.42,False,True
2022,11,2,8,DEF,NE,New England Patriots,DEF,17.0,False,True
2022,11,3,0,QB,1234,Russell Wilson,QB,10.68,False,True
2022,11,3,1,RB,4034,Christian McCaffrey,RB,14.1,False,True
2022,11,3,2,RB,2320,Melvin Gordon,RB,9.5,False,True
2022,11,3,3,WR,2309,Amari Cooper,WR,27.3,False,True
2022,11,3,4,WR,7525,DeVonta Smith,WR,10.8,False,True
2022,11,3,5,TE,5012,Mark Andrews,TE,9.3,False,True
2022,11,3,6,FLEX,5890,Damien Harris,RB,10.3,False,False
2022,11,3,7,SUPER_FLEX,7527,Mac Jones,QB,10.14,False,False
2022,11,3,8,DEF,WAS,Washington Commanders,DEF,19.0,False,True
2022,11,4,0,QB,4046,Patrick Mahomes,QB,27.46,False,True
2022,11,4,1,RB,4663,Austin Ekeler,RB,17.0,False,True
2022,11,4,2,RB,5967,Tony Pollard,RB,33.9,False,True
2022,11,4,3,WR,6803,Brandon Aiyuk,WR,15.0,False,True
2022,11,4,4,WR,8167,Christian Watson,WR,19.1,False,True
2022,11,4,5,TE,5844,T.J. Hockenson,TE,5.9,False,True
2022,11,4,6,FLEX,7670,Joshua Palmer,WR,26.6,False,False
2022,11,4,7,SUPER_FLEX,3294,Dak Prescott,QB,20.64,False,True
2022,11,4,8,DEF,PHI,Philadelphia Eagles,DEF,8.0,False,True
2022,11,5,0,QB,3257,Jacoby Brissett,QB,25.86,False,False
2022,11,5,1,RB,5850,Josh Jacobs,RB,17.5,False,True
2022,11,5,2,RB,3164,Ezekiel Elliott,RB,17.2,False,False
2022,11,5,3,WR,2133,Davante Adams,WR,29.6,False,True
2022,11,5,4,WR,1992,Allen Robinson,WR,12.7,False,True
2022,11,5,5,TE,7600,Pat Freiermuth,TE,11.9,False,True
2022,11,5,6,FLEX,1426,DeAndre Hopkins,WR,13.6,False,True
2022,11,5,7,SUPER_FLEX,1049,Ryan Tannehill,QB,19.02,False,False
2022,11,5,8,DEF,CIN,Cincinnati Bengals,DEF,1.0,False,True
2022,11,6,0,QB,6797,Justin Herbert,QB,19.2,False,True
2022,11,6,1,RB,4029,Dalvin Cook,RB,7.2,False,True
2022,11,6,2,RB,6790,D'Andre Swift,RB,10.7,False,True
2022,11,6,3,WR,1825,Jarvis Landry,WR,10.8,False,False
2022,11,6,4,WR,6149,Darius Slayton,WR,11.1,False,True
2022,11,6,5,TE,5001,Dalton Schultz,TE,3.7,False,True
2022,11,6,6,FLEX,6853,Van Jefferson,WR,5.6,False,False
2022,11,6,7,SUPER_FLEX,829,Andy Dalton,QB,22.2,False,False
2022,11,6,8,DEF,DAL,Dallas Cowboys,DEF,18.0,False,True
2022,11,7,0,QB,4984,Josh Allen,QB,12.58,False,True
2022,11,7,1,RB,7611,Rhamondre Stevenson,RB,11.2,False,True
2022,11,7,2,RB,8138,James Cook,RB,8.6,False,False
2022,11,7,3,WR,6786,CeeDee Lamb,WR,7.0,False,True
2022,11,7,4,WR,5937,Diontae Johnson,WR,4.2,False,True
2022,11,7,5,TE,3271,Tyler Higbee,TE,6.5,False,True
2022,11,7,6,FLEX,3242,Kenyan Drake,RB,6.3,False,False
2022,11,7,7,SUPER_FLEX,421,Matthew Stafford,QB,14.76,False,True
2022,11,7,8,DEF,NYG,New York Giants,DEF,0.0,False,True
2022,11,8,0,QB,5870,Daniel Jones,QB,24.64,False,True
2022,11,8,1,RB,5536,Dontrell Hilliard,RB,8.3,False,False
2022,11,8,2,RB,4199,Aaron Jones,RB,11.0,False,True
2022,11,8,3,WR,2449,Stefon Diggs,WR,12.8,False,True
2022,11,8,4,WR,8144,Chris Olave,WR,18.7,False,True
2022,11,8,5,TE,7553,Kyle Pitts,TE,5.8,False,True
2022,11,8,6,FLEX,6943,Gabe Davis,WR,9.3,False,True
2022,11,8,7,SUPER_FLEX,3163,Jared Goff,QB,6.5,False,True
2022,11,8,8,DEF,SF,San Francisco 49ers,DEF,12.0,False,True
2022,11,9,0,QB,6770,Joe Burrow,QB,26.7,False,True
2022,11,9,1,RB,8205,Isiah Pacheco,RB,10.7,False,True
2022,11,9,2,RB,7561,Elijah Mitchell,RB,5.9,False,False
2022,11,9,3,WR,2197,Brandin Cooks,WR,8.5,False,True
2022,11,9,4,WR,6801,Tee Higgins,WR,19.3,False,True
2022,11,9,5,TE,8172,Greg Dulcich,TE,5.0,False,True
2022,11,9,6,FLEX,4082,Curtis Samuel,WR,9.3,False,True
2022,11,9,7,SUPER_FLEX,8150,Kyren Williams,RB,4.9,False,False
2022,11,9,8,DEF,LAR,Los Angeles Rams,DEF,4.0,False,True
2022,11,10,0,QB,2307,Marcus Mariota,QB,17.74,False,True
2022,11,10,1,RB,4988,Nick Chubb,RB,8.2,False,True
2022,11,10,2,RB,6130,Devin Singletary,RB,16.7,False,True
2022,11,10,3,WR,8137,George Pickens,WR,16.3,False,True
2022,11,10,4,WR,5927,Terry McLaurin,WR,7.6,False,True
2022,11,10,5,TE,5906,Dawson Knox,TE,10.5,False,False
2022,11,10,6,FLEX,1479,Keenan Allen,WR,9.9,False,True
2022,11,10,7,SUPER_FLEX,2028,Derek Carr,QB,20.28,False,False
2022,11,10,8,DEF,BUF,Buffalo Bills,DEF,5.0,False,True
2022,11,11,0,QB,6904,Jalen Hurts,QB,24.2,False,True
2022,11,11,1,RB,4149,Jamaal Williams,RB,24.4,False,True
2022,11,11,2,RB,1535,Cordarrelle Patterson,RB,10.9,False,True
2022,11,11,3,WR,5880,Parris Campbell,WR,9.2,False,False
2022,11,11,4,WR,5185,Allen Lazard,WR,8.2,False,True
2022,11,11,5,TE,7002,Juwan Johnson,TE,12.2,False,True
2022,11,11,6,FLEX,8132,Tyler Allgeier,RB,6.9,False,False
2022,11,11,7,SUPER_FLEX,96,Aaron Rodgers,QB,19.08,False,True
2022,11,11,8,DEF,ARI,Arizona Cardinals,DEF,-4.0,False,True
2022,11,12,0,QB,7585,Davis Mills,QB,9.76,False,True
2022,11,12,1,RB,5892,David Montgomery,RB,19.6,False,True
2022,11,12,2,RB,7528,Najee Harris,RB,25.6,False,True
2022,11,12,3,WR,7090,Darnell Mooney,WR,10.9,False,True
2022,11,12,4,WR,7547,Amon-Ra St. Brown,WR,11.5,False,True
2022,11,12,5,TE,1466,Travis Kelce,TE,32.5,False,True
2022,11,12,6,FLEX,5872,Deebo Samuel,WR,18.9,False,True
2022,11,12,7,SUPER_FLEX,1476,Latavius Murray,RB,15.2,False,False
2022,11,12,8,DEF,BAL,Baltimore Ravens,DEF,18.0,False,True
2022,12,1,0,QB,7523,Trevor Lawrence,QB,24.94,False,True
2022,12,1,1,RB,4137,James Conner,RB,19.5,False,True
2022,12,1,2,RB,2161,Jerick McKinnon,RB,4.1,False,True
2022,12,1,3,WR,4080,Zay Jones,WR,22.0,False,False
2022,12,1,4,WR,5045,Courtland Sutton,WR,10.5,False,True
2022,12,1,5,TE,4217,George Kittle,TE,4.1,False,True
2022,12,1,6,FLEX,6819,Michael Pittman,WR,15.6,False,True
2022,12,1,7,SUPER_FLEX,8135,Treylon Burks,WR,15.0,False,False
2022,12,1,8,DEF,NYJ,New York Jets,DEF,9.0,False,True
2022,12,2,0,QB,1837,Jimmy Garoppolo,QB,13.28,False,True
2022,12,2,1,RB,4035,Alvin Kamara,RB,4.0,False,True
2022,12,2,2,RB,3198,Derrick Henry,RB,13.2,False,True
2022,12,2,3,WR,8146,Garrett Wilson,WR,23.9,False,True
2022,12,2,4,WR,4950,Christian Kirk,WR,6.1,False,True
2022,12,2,5,TE,5985,Foster Moreau,TE,10.8,False,True
2022,12,2,6,FLEX,6813,Jonathan Taylor,RB,17.3,False,True
2022,12,2,7,SUPER_FLEX,4943,Sam Darnold,QB,16.86,False,True
2022,12,2,8,DEF,NE,New England Patriots,DEF,2.0,False,True
2022,12,3,0,QB,7527,Mac Jones,QB,23.28,False,False
2022,12,3,1,RB,4034,Christian McCaffrey,RB,6.9,False,True
2022,12,3,2,RB,5284,Jeff Wilson,RB,11.7,False,True
2022,12,3,3,WR,2309,Amari Cooper,WR,12.9,False,True
2022,12,3,4,WR,4983,DJ Moore,WR,18.3,False,False
2022,12,3,5,TE,5012,Mark Andrews,TE,9.0,False,True
2022,12,3,6,FLEX,5947,Jakobi Meyers,WR,7.7,False,True
2022,12,3,7,SUPER_FLEX,1166,Kirk Cousins,QB,21.86,False,True
2022,12,3,8,DEF,WAS,Washington Commanders,DEF,7.0,False,True
2022,12,4,0,QB,4046,Patrick Mahomes,QB,18.4,False,True
2022,12,4,1,RB,4663,Austin Ekeler,RB,19.5,False,True
2022,12,4,2,RB,5248,Gus Edwards,RB,9.2,False,False
2022,12,4,3,WR,5846,DK Metcalf,WR,14.5,False,True
2022,12,4,4,WR,8167,Christian Watson,WR,19.0,False,False
2022,12,4,5,TE,5844,T.J. Hockenson,TE,12.8,False,True
2022,12,4,6,FLEX,6803,Brandon Aiyuk,WR,9.0,False,False
2022,12,4,7,SUPER_FLEX,3294,Dak Prescott,QB,14.84,False,True
2022,12,4,8,DEF,PHI,Philadelphia Eagles,DEF,6.0,False,True
2022,12,5,0,QB,4881,Lamar Jackson,QB,23.06,False,True
2022,12,5,1,RB,5850,Josh Jacobs,RB,45.3,False,True
2022,12,5,2,RB,8154,Brian Robinson,RB,19.5,False,False
2022,12,5,3,WR,1426,DeAndre Hopkins,WR,16.7,False,True
2022,12,5,4,WR,3321,Tyreek Hill,WR,12.0,False,True
2022,12,5,5,TE,4973,Hayden Hurst,TE,8.7,False,False
2022,12,5,6,FLEX,3164,Ezekiel Elliott,RB,16.0,False,False
2022,12,5,7,SUPER_FLEX,3257,Jacoby Brissett,QB,13.1,False,False
2022,12,5,8,DEF,MIA,Miami Dolphins,DEF,21.0,False,True
2022,12,6,0,QB,6797,Justin Herbert,QB,28.76,False,True
2022,12,6,1,RB,4111,D'Onta Foreman,RB,11.3,False,False
2022,12,6,2,RB,6790,D'Andre Swift,RB,8.3,False,True
2022,12,6,3,WR,1689,Adam Thielen,WR,16.6,False,False
2022,12,6,4,WR,6149,Darius Slayton,WR,7.8,False,True
2022,12,6,5,TE,5001,Dalton Schultz,TE,17.1,False,True
2022,12,6,6,FLEX,6853,Van Jefferson,WR,10.4,False,False
2022,12,6,7,SUPER_FLEX,829,Andy Dalton,QB,10.26,False,False
2022,12,6,8,DEF,DAL,Dallas Cowboys,DEF,5.0,False,True
2022,12,7,0,QB,4984,Josh Allen,QB,29.92,False,True
2022,12,7,1,RB,7611,Rhamondre Stevenson,RB,15.7,False,True
2022,12,7,2,RB,4866,Saquon Barkley,RB,13.2,False,True
2022,12,7,3,WR,6786,CeeDee Lamb,WR,14.7,False,True
2022,12,7,4,WR,2374,Tyler Lockett,WR,14.3,False,True
2022,12,7,5,TE,3271,Tyler Higbee,TE,0.0,False,True
2022,12,7,6,FLEX,5937,Diontae Johnson,WR,7.4,False,False
2022,12,7,7,SUPER_FLEX,5089,Mike White,QB,24.8,False,True
2022,12,7,8,DEF,KC,Kansas City Chiefs,DEF,11.0,False,True
2022,12,8,0,QB,5870,Daniel Jones,QB,14.52,False,True
2022,12,8,1,RB,8151,Kenneth Walker,RB,16.4,False,True
2022,12,8,2,RB,8136,Rachaad White,RB,15.4,False,True
2022,12,8,3,WR,2449,Stefon Diggs,WR,17.7,False,True
2022,12,8,4,WR,8144,Chris Olave,WR,8.7,False,False
2022,12,8,5,TE,4033,David Njoku,TE,11.4,False,True
2022,12,8,6,FLEX,4199,Aaron Jones,RB,17.4,False,True
2022,12,8,7,SUPER_FLEX,3163,Jared Goff,QB,17.6,False,True
2022,12,8,8,DEF,SF,San Francisco 49ers,DEF,17.0,False,True
2022,12,9,0,QB,6770,Joe Burrow,QB,18.0,False,True
2022,12,9,1,RB,6828,AJ Dillon,RB,16.3,False,False
2022,12,9,2,RB,8205,Isiah Pacheco,RB,15.1,False,True
2022,12,9,3,WR,6794,Justin Jefferson,WR,24.84,False,True
2022,12,9,4,WR,6801,Tee Higgins,WR,20.9,False,True
2022,12,9,5,TE,4089,Gerald Everett,TE,5.8,False,True
2022,12,9,6,FLEX,4037,Chris Godwin,WR,23.0,False,True
2022,12,9,7,SUPER_FLEX,167,Tom Brady,QB,18.04,False,True
2022,12,9,8,DEF,PIT,Pittsburgh Steelers,DEF,12.0,False,True
2022,12,10,0,QB,5849,Kyler Murray,QB,25.24,False,True
2022,12,10,1,RB,4988,Nick Chubb,RB,19.7,False,True
2022,12,10,2,RB,6151,Miles Sanders,RB,29.5,False,False
2022,12,10,3,WR,1479,Keenan Allen,WR,13.4,False,True
2022,12,10,4,WR,8137,George Pickens,WR,9.2,False,False
2022,12,10,5,TE,5906,Dawson Knox,TE,2.7,False,True
2022,12,10,6,FLEX,4147,Samaje Perine,RB,17.3,False,True
2022,12,10,7,SUPER_FLEX,2028,Derek Carr,QB,20.8,False,False
2022,12,10,8,DEF,BUF,Buffalo Bills,DEF,9.0,False,True
2022,12,11,0,QB,6904,Jalen Hurts,QB,29.82,False,True
2022,12,11,1,RB,4149,Jamaal Williams,RB,10.6,False,True
2022,12,11,2,RB,1535,Cordarrelle Patterson,RB,8.6,False,True
2022,12,11,3,WR,5859,A.J. Brown,WR,10.6,False,True
2022,12,11,4,WR,7526,Jaylen Waddle,WR,11.0,False,True
2022,12,11,5,TE,7002,Juwan Johnson,TE,0.0,False,True
2022,12,11,6,FLEX,8132,Tyler Allgeier,RB,5.4,False,False
2022,12,11,7,SUPER_FLEX,1373,Geno Smith,QB,19.32,False,True
2022,12,11,8,DEF,ARI,Arizona Cardinals,DEF,5.0,False,True
2022,12,12,0,QB,6768,Tua Tagovailoa,QB,15.96,False,True
2022,12,12,1,RB,5892,David Montgomery,RB,12.8,False,True
2022,12,12,2,RB,7528,Najee Harris,RB,10.4,False,True
2022,12,12,3,WR,2197,Brandin Cooks,WR,8.6,False,False
2022,12,12,4,WR,7547,Amon-Ra St. Brown,WR,23.4,False,True
2022,12,12,5,TE,1466,Travis Kelce,TE,13.7,False,True
2022,12,12,6,FLEX,1476,Latavius Murray,RB,10.3,False,True
2022,12,12,7,SUPER_FLEX,7594,Chuba Hubbard,RB,6.5,False,False
2022,12,12,8,DEF,BAL,Baltimore Ravens,DEF,7.0,False,True
2022,13,1,0,QB,7523,Trevor Lawrence,QB,16.36,False,True
2022,13,1,1,RB,4018,Joe Mixon,RB,0.0,False,True
2022,13,1,2,RB,2161,Jerick McKinnon,RB,13.0,False,True
2022,13,1,3,WR,6824,Donovan Peoples-Jones,WR,11.9,False,False
2022,13,1,4,WR,4036,Corey Davis,WR,11.0,False,False
2022,13,1,5,TE,4217,George Kittle,TE,3.2,False,True
2022,13,1,6,FLEX,2216,Mike Evans,WR,7.9,False,True
2022,13,1,7,SUPER_FLEX,1234,Russell Wilson,QB,9.66,False,True
2022,13,1,8,DEF,WAS,Washington Commanders,DEF,8.0,False,True
2022,13,2,0,QB,7591,Justin Fields,QB,19.26,False,True
2022,13,2,1,RB,3198,Derrick Henry,RB,4.8,False,True
2022,13,2,2,RB,6813,Jonathan Taylor,RB,11.8,False,True
2022,13,2,3,WR,4950,Christian Kirk,WR,13.4,False,True
2022,13,2,4,WR,8146,Garrett Wilson,WR,20.2,False,True
2022,13,2,5,TE,5985,Foster Moreau,TE,3.7,False,True
2022,13,2,6,FLEX,6783,Jerry Jeudy,WR,8.5,False,False
2022,13,2,7,SUPER_FLEX,4017,Deshaun Watson,QB,5.34,False,True
2022,13,2,8,DEF,NE,New England Patriots,DEF,5.0,False,True
2022,13,3,0,QB,1166,Kirk Cousins,QB,11.82,False,True
2022,13,3,1,RB,4034,Christian McCaffrey,RB,24.6,False,True
2022,13,3,2,RB,5284,Jeff Wilson,RB,0.3,False,True
2022,13,3,3,WR,4197,Isaiah McKenzie,WR,6.9,False,False
2022,13,3,4,WR,7525,DeVonta Smith,WR,18.7,False,True
2022,13,3,5,TE,5012,Mark Andrews,TE,7.4,False,True
2022,13,3,6,FLEX,6826,Cole Kmet,TE,10.2,False,False
2022,13,3,7,SUPER_FLEX,7527,Mac Jones,QB,12.5,False,True
2022,13,3,8,DEF,SEA,Seattle Seahawks,DEF,9.0,False,True
2022,13,4,0,QB,4046,Patrick Mahomes,QB,19.82,False,True
2022,13,4,1,RB,8122,Zonovan Knight,RB,14.3,False,False
2022,13,4,2,RB,8129,Dameon Pierce,RB,11.0,False,True
2022,13,4,3,WR,5846,DK Metcalf,WR,22.7,False,True
2022,13,4,4,WR,8167,Christian Watson,WR,22.9,False,False
2022,13,4,5,TE,5844,T.J. Hockenson,TE,5.3,False,True
2022,13,4,6,FLEX,5967,Tony Pollard,RB,23.6,False,True
2022,13,4,7,SUPER_FLEX,3294,Dak Prescott,QB,16.8,False,True
2022,13,4,8,DEF,PHI,Philadelphia Eagles,DEF,10.0,False,True
2022,13,5,0,QB,2711,Taylor Heinicke,QB,17.6,False,False
2022,13,5,1,RB,5850,Josh Jacobs,RB,20.0,False,True
2022,13,5,2,RB,3164,Ezekiel Elliott,RB,16.6,False,True
2022,13,5,3,WR,2133,Davante Adams,WR,33.7,False,True
2022,13,5,4,WR,3321,Tyreek Hill,WR,25.1,False,True
2022,13,5,5,TE,7600,Pat Freiermuth,TE,9.1,False,True
2022,13,5,6,FLEX,8154,Brian Robinson,RB,12.1,False,True
2022,13,5,7,SUPER_FLEX,1049,Ryan Tannehill,QB,13.04,False,True
2022,13,5,8,DEF,CLE,Cleveland Browns,DEF,31.0,False,True
2022,13,6,0,QB,6797,Justin Herbert,QB,18.1,False,True
2022,13,6,1,RB,4029,Dalvin Cook,RB,15.3,False,True
2022,13,6,2,RB,6790,D'Andre Swift,RB,19.1,False,True
2022,13,6,3,WR,4040,JuJu Smith-Schuster,WR,5.0,False,True
2022,13,6,4,WR,6149,Darius Slayton,WR,12.0,False,True
2022,13,6,5,TE,5001,Dalton Schultz,TE,4.3,False,True
2022,13,6,6,FLEX,5987,Alexander Mattison,RB,8.8,False,False
2022,13,6,7,SUPER_FLEX,829,Andy Dalton,QB,13.26,False,False
2022,13,6,8,DEF,DAL,Dallas Cowboys,DEF,22.0,False,True
2022,13,7,0,QB,4984,Josh Allen,QB,16.92,False,True
2022,13,7,1,RB,7611,Rhamondre Stevenson,RB,10.8,False,True
2022,13,7,2,RB,4866,Saquon Barkley,RB,16.6,False,True
2022,13,7,3,WR,6786,CeeDee Lamb,WR,17.9,False,True
2022,13,7,4,WR,8144,Chris Olave,WR,8.5,False,True
2022,13,7,5,TE,6850,Harrison Bryant,TE,1.9,False,True
2022,13,7,6,FLEX,8138,James Cook,RB,13.5,False,False
2022,13,7,7,SUPER_FLEX,5089,Mike White,QB,17.46,False,True
2022,13,7,8,DEF,TB,Tampa Bay Buccaneers,DEF,3.0,False,True
2022,13,8,0,QB,5870,Daniel Jones,QB,17.1,False,True
2022,13,8,1,RB,6938,Cam Akers,RB,18.5,False,False
2022,13,8,2,RB,8136,Rachaad White,RB,13.9,False,True
2022,13,8,3,WR,2449,Stefon Diggs,WR,18.7,False,True
2022,13,8,4,WR,8135,Treylon Burks,WR,9.0,False,True
2022,13,8,5,TE,5133,Tyler Conklin,TE,1.9,False,True
2022,13,8,6,FLEX,2374,Tyler Lockett,WR,23.3,False,True
2022,13,8,7,SUPER_FLEX,3163,Jared Goff,QB,21.6,False,True
2022,13,8,8,DEF,SF,San Francisco 49ers,DEF,19.0,False,True
2022,13,9,0,QB,6770,Joe Burrow,QB,30.04,False,True
2022,13,9,1,RB,6828,AJ Dillon,RB,19.4,False,False
2022,13,9,2,RB,8205,Isiah Pacheco,RB,15.2,False,True
2022,13,9,3,WR,6794,Justin Jefferson,WR,15.1,False,True
2022,13,9,4,WR,6801,Tee Higgins,WR,11.0,False,True
2022,13,9,5,TE,4381,Taysom Hill,TE,12.34,False,False
2022,13,9,6,FLEX,8172,Greg Dulcich,TE,11.5,False,False
2022,13,9,7,SUPER_FLEX,167,Tom Brady,QB,17.14,False,True
2022,13,9,8,DEF,PIT,Pittsburgh Steelers,DEF,4.0,False,True
2022,13,10,0,QB,2028,Derek Carr,QB,16.0,False,True
2022,13,10,1,RB,6130,Devin Singletary,RB,11.1,False,False
2022,13,10,2,RB,6151,Miles Sanders,RB,10.8,False,True
2022,13,10,3,WR,1479,Keenan Allen,WR,17.8,False,True
2022,13,10,4,WR,7564,Ja'Marr Chase,WR,13.2,False,True
2022,13,10,5,TE,4066,Evan Engram,TE,11.5,False,True
2022,13,10,6,FLEX,4147,Samaje Perine,RB,18.5,False,True
2022,13,10,7,SUPER_FLEX,5927,Terry McLaurin,WR,20.5,False,False
2022,13,10,8,DEF,BUF,Buffalo Bills,DEF,6.0,False,True
2022,13,11,0,QB,6904,Jalen Hurts,QB,34.4,False,True
2022,13,11,1,RB,4149,Jamaal Williams,RB,9.5,False,True
2022,13,11,2,RB,3969,Leonard Fournette,RB,11.1,False,False
2022,13,11,3,WR,5859,A.J. Brown,WR,27.9,False,True
2022,13,11,4,WR,5185,Allen Lazard,WR,9.2,False,True
2022,13,11,5,TE,4602,Robert Tonyan,TE,1.5,False,True
2022,13,11,6,FLEX,4098,Kareem Hunt,RB,8.4,False,False
2022,13,11,7,SUPER_FLEX,1373,Geno Smith,QB,22.98,False,True
2022,13,11,8,DEF,MIN,Minnesota Vikings,DEF,5.0,False,True
2022,13,12,0,QB,6768,Tua Tagovailoa,QB,13.8,False,True
2022,13,12,1,RB,5892,David Montgomery,RB,14.7,False,True
2022,13,12,2,RB,7528,Najee Harris,RB,9.7,False,True
2022,13,12,3,WR,5872,Deebo Samuel,WR,9.3,False,True
2022,13,12,4,WR,7547,Amon-Ra St. Brown,WR,29.1,False,True
2022,13,12,5,TE,1466,Travis Kelce,TE,5.6,False,True
2022,13,12,6,FLEX,1476,Latavius Murray,RB,8.1,False,True
2022,13,12,7,SUPER_FLEX,8112,Drake London,WR,12.5,False,False
2022,13,12,8,DEF,BAL,Baltimore Ravens,DEF,6.0,False,True
2022,14,1,0,QB,7523,Trevor Lawrence,QB,33.42,False,True
2022,14,1,1,RB,4137,James Conner,RB,20.4,False,True
2022,14,1,2,RB,4018,Joe Mixon,RB,11.6,False,True
2022,14,1,3,WR,6824,Donovan Peoples-Jones,WR,15.4,False,True
2022,14,1,4,WR,4080,Zay Jones,WR,17.7,False,True
2022,14,1,5,TE,4217,George Kittle,TE,4.8,False,True
2022,14,1,6,FLEX,2161,Jerick McKinnon,RB,28.9,False,False
2022,14,1,7,SUPER_FLEX,1234,Russell Wilson,QB,25.58,False,True
2022,14,1,8,DEF,LV,Las Vegas Raiders,DEF,8.0,False,True
2022,14,2,0,QB,4017,Deshaun Watson,QB,16.34,False,True
2022,14,2,1,RB,3198,Derrick Henry,RB,19.0,False,True
2022,14,2,2,RB,5536,Dontrell Hilliard,RB,0.0,False,True
2022,14,2,3,WR,4950,Christian Kirk,WR,7.0,False,True
2022,14,2,4,WR,8146,Garrett Wilson,WR,10.8,False,True
2022,14,2,5,TE,2505,Darren Waller,TE,0.0,False,False
2022,14,2,6,FLEX,6783,Jerry Jeudy,WR,29.3,False,True
2022,14,2,7,SUPER_FLEX,8148,Jameson Williams,WR,10.6,False,False
2022,14,2,8,DEF,LAC,Los Angeles Chargers,DEF,4.0,False,True
2022,14,3,0,QB,1166,Kirk Cousins,QB,25.0,False,True
2022,14,3,1,RB,4034,Christian McCaffrey,RB,28.3,False,True
2022,14,3,2,RB,5284,Jeff Wilson,RB,2.6,False,True
2022,14,3,3,WR,2309,Amari Cooper,WR,5.2,False,True
2022,14,3,4,WR,7525,DeVonta Smith,WR,14.9,False,True
2022,14,3,5,TE,5012,Mark Andrews,TE,2.7,False,True
2022,14,3,6,FLEX,5038,Michael Gallup,WR,5.0,False,False
2022,14,3,7,SUPER_FLEX,4943,Sam Darnold,QB,11.8,False,True
2022,14,3,8,DEF,SEA,Seattle Seahawks,DEF,1.0,False,True
2022,14,4,0,QB,4046,Patrick Mahomes,QB,19.78,False,True
2022,14,4,1,RB,4663,Austin Ekeler,RB,20.4,False,True
2022,14,4,2,RB,5967,Tony Pollard,RB,20.2,False,True
2022,14,4,3,WR,5846,DK Metcalf,WR,15.6,False,True
2022,14,4,4,WR,4951,DJ Chark,WR,18.4,False,True
2022,14,4,5,TE,5844,T.J. Hockenson,TE,8.7,False,True
2022,14,4,6,FLEX,6806,J.K. Dobbins,RB,18.0,False,False
2022,14,4,7,SUPER_FLEX,8183,Brock Purdy,QB,21.7,False,False
2022,14,4,8,DEF,PHI,Philadelphia Eagles,DEF,10.0,False,True
2022,14,5,0,QB,7083,Tyler Huntley,QB,6.62,False,True
2022,14,5,1,RB,5850,Josh Jacobs,RB,18.4,False,True
2022,14,5,2,RB,3164,Ezekiel Elliott,RB,15.6,False,True
2022,14,5,3,WR,2133,Davante Adams,WR,8.6,False,True
2022,14,5,4,WR,3321,Tyreek Hill,WR,22.1,False,True
2022,14,5,5,TE,7600,Pat Freiermuth,TE,10.8,False,True
2022,14,5,6,FLEX,1426,DeAndre Hopkins,WR,9.4,False,True
2022,14,5,7,SUPER_FLEX,1049,Ryan Tannehill,QB,17.76,False,True
2022,14,5,8,DEF,JAX,Jacksonville Jaguars,DEF,14.0,False,False
2022,14,6,0,QB,6797,Justin Herbert,QB,19.48,False,True
2022,14,6,1,RB,4029,Dalvin Cook,RB,8.1,False,True
2022,14,6,2,RB,4111,D'Onta Foreman,RB,8.0,False,True
2022,14,6,3,WR,4040,JuJu Smith-Schuster,WR,17.9,False,False
2022,14,6,4,WR,1689,Adam Thielen,WR,16.0,False,True
2022,14,6,5,TE,5001,Dalton Schultz,TE,11.7,False,True
2022,14,6,6,FLEX,4068,Mike Williams,WR,20.6,False,True
2022,14,6,7,SUPER_FLEX,6853,Van Jefferson,WR,11.4,False,False
2022,14,6,8,DEF,DAL,Dallas Cowboys,DEF,5.0,False,True
2022,14,7,0,QB,4984,Josh Allen,QB,20.58,False,True
2022,14,7,1,RB,8138,James Cook,RB,2.0,False,True
2022,14,7,2,RB,4866,Saquon Barkley,RB,5.8,False,True
2022,14,7,3,WR,6786,CeeDee Lamb,WR,5.8,False,True
2022,14,7,4,WR,5937,Diontae Johnson,WR,11.2,False,True
2022,14,7,5,TE,4033,David Njoku,TE,15.2,False,True
2022,14,7,6,FLEX,2749,Raheem Mostert,RB,4.9,False,True
2022,14,7,7,SUPER_FLEX,5089,Mike White,QB,10.72,False,True
2022,14,7,8,DEF,KC,Kansas City Chiefs,DEF,15.0,False,True
2022,14,8,0,QB,5870,Daniel Jones,QB,19.36,False,True
2022,14,8,1,RB,6938,Cam Akers,RB,8.8,False,True
2022,14,8,2,RB,8136,Rachaad White,RB,8.2,False,True
2022,14,8,3,WR,2449,Stefon Diggs,WR,5.2,False,True
2022,14,8,4,WR,2374,Tyler Lockett,WR,14.5,False,True
2022,14,8,5,TE,8210,Chig Okonkwo,TE,15.5,False,True
2022,14,8,6,FLEX,8408,Jordan Mason,RB,5.6,False,False
2022,14,8,7,SUPER_FLEX,3163,Jared Goff,QB,26.1,False,True
2022,14,8,8,DEF,NE,New England Patriots,DEF,21.0,False,False
2022,14,9,0,QB,6770,Joe Burrow,QB,16.56,False,True
2022,14,9,1,RB,8129,Dameon Pierce,RB,11.8,False,False
2022,14,9,2,RB,8205,Isiah Pacheco,RB,10.8,False,True
2022,14,9,3,WR,6794,Justin Jefferson,WR,27.8,False,True
2022,14,9,4,WR,4037,Chris Godwin,WR,7.9,False,True
2022,14,9,5,TE,4089,Gerald Everett,TE,5.3,False,True
2022,14,9,6,FLEX,8172,Greg Dulcich,TE,5.7,False,False
2022,14,9,7,SUPER_FLEX,167,Tom Brady,QB,10.12,False,True
2022,14,9,8,DEF,PIT,Pittsburgh Steelers,DEF,4.0,False,True
2022,14,10,0,QB,2028,Derek Carr,QB,2.58,False,True
2022,14,10,1,RB,4147,Samaje Perine,RB,8.9,False,False
2022,14,10,2,RB,6151,Miles Sanders,RB,28.0,False,True
2022,14,10,3,WR,7564,Ja'Marr Chase,WR,23.5,False,True
2022,14,10,4,WR,1479,Keenan Allen,WR,15.2,False,True
2022,14,10,5,TE,4066,Evan Engram,TE,33.7,False,True
2022,14,10,6,FLEX,5906,Dawson Knox,TE,12.1,False,False
2022,14,10,7,SUPER_FLEX,8137,George Pickens,WR,9.3,False,False
2022,14,10,8,DEF,BUF,Buffalo Bills,DEF,15.0,False,True
2022,14,11,0,QB,6904,Jalen Hurts,QB,30.38,False,True
2022,14,11,1,RB,4149,Jamaal Williams,RB,3.7,False,True
2022,14,11,2,RB,3969,Leonard Fournette,RB,7.6,False,True
2022,14,11,3,WR,5859,A.J. Brown,WR,15.0,False,True
2022,14,11,4,WR,7526,Jaylen Waddle,WR,4.1,False,True
2022,14,11,5,TE,3271,Tyler Higbee,TE,2.1,False,True
2022,14,11,6,FLEX,4098,Kareem Hunt,RB,2.2,False,False
2022,14,11,7,SUPER_FLEX,1373,Geno Smith,QB,20.56,False,True
2022,14,11,8,DEF,MIN,Minnesota Vikings,DEF,-1.0,False,True
2022,14,12,0,QB,6768,Tua Tagovailoa,QB,12.6,False,True
2022,14,12,1,RB,7594,Chuba Hubbard,RB,17.4,False,False
2022,14,12,2,RB,7528,Najee Harris,RB,12.0,False,True
2022,14,12,3,WR,5872,Deebo Samuel,WR,12.4,False,True
2022,14,12,4,WR,7547,Amon-Ra St. Brown,WR,10.4,False,True
2022,14,12,5,TE,1466,Travis Kelce,TE,9.1,False,True
2022,14,12,6,FLEX,7757,Ben Skowronek,WR,12.4,False,False
2022,14,12,7,SUPER_FLEX,4892,Baker Mayfield,QB,14.2,False,False
2022,14,12,8,DEF,BAL,Baltimore Ravens,DEF,11.0,False,True
2022,15,1,0,QB,7523,Trevor Lawrence,QB,26.82,False,True
2022,15,1,1,RB,4137,James Conner,RB,16.6,False,True
2022,15,1,2,RB,2161,Jerick McKinnon,RB,30.2,False,True
2022,15,1,3,WR,6824,Donovan Peoples-Jones,WR,11.1,False,True
2022,15,1,4,WR,6819,Michael Pittman,WR,14.0,False,True
2022,15,1,5,TE,4217,George Kittle,TE,23.3,False,True
2022,15,1,6,FLEX,4080,Zay Jones,WR,31.9,False,False
2022,15,1,7,SUPER_FLEX,2216,Mike Evans,WR,10.8,False,True
2022,15,1,8,DEF,LV,Las Vegas Raiders,DEF,12.0,False,False
2022,15,2,0,QB,7591,Justin Fields,QB,23.58,False,True
2022,15,2,1,RB,3198,Derrick Henry,RB,24.3,False,True
2022,15,2,2,RB,4035,Alvin Kamara,RB,11.4,False,True
2022,15,2,3,WR,8146,Garrett Wilson,WR,11.8,False,True
2022,15,2,4,WR,4950,Christian Kirk,WR,12.2,False,True
2022,15,2,5,TE,2505,Darren Waller,TE,12.3,False,True
2022,15,2,6,FLEX,6783,Jerry Jeudy,WR,11.1,False,False
2022,15,2,7,SUPER_FLEX,4017,Deshaun Watson,QB,12.64,False,True
2022,15,2,8,DEF,DEN,Denver Broncos,DEF,10.0,False,True
2022,15,3,0,QB,1166,Kirk Cousins,QB,32.4,False,True
2022,15,3,1,RB,4034,Christian McCaffrey,RB,22.8,False,True
2022,15,3,2,RB,5248,Gus Edwards,RB,5.5,False,False
2022,15,3,3,WR,2309,Amari Cooper,WR,7.8,False,True
2022,15,3,4,WR,7525,DeVonta Smith,WR,15.1,False,True
2022,15,3,5,TE,5012,Mark Andrews,TE,4.6,False,True
2022,15,3,6,FLEX,4983,DJ Moore,WR,15.8,False,False
2022,15,3,7,SUPER_FLEX,4943,Sam Darnold,QB,13.2,False,True
2022,15,3,8,DEF,CAR,Carolina Panthers,DEF,1.0,False,True
2022,15,4,0,QB,4046,Patrick Mahomes,QB,32.74,False,True
2022,15,4,1,RB,4663,Austin Ekeler,RB,14.0,False,True
2022,15,4,2,RB,6828,AJ Dillon,RB,20.6,False,False
2022,15,4,3,WR,5846,DK Metcalf,WR,9.0,False,True
2022,15,4,4,WR,7596,Elijah Moore,WR,7.4,False,False
2022,15,4,5,TE,5844,T.J. Hockenson,TE,6.8,False,True
2022,15,4,6,FLEX,6806,J.K. Dobbins,RB,13.3,False,True
2022,15,4,7,SUPER_FLEX,3294,Dak Prescott,QB,20.24,False,True
2022,15,4,8,DEF,PHI,Philadelphia Eagles,DEF,12.0,False,True
2022,15,5,0,QB,2711,Taylor Heinicke,QB,13.26,False,False
2022,15,5,1,RB,5850,Josh Jacobs,RB,12.0,False,True
2022,15,5,2,RB,3164,Ezekiel Elliott,RB,14.1,False,True
2022,15,5,3,WR,1426,DeAndre Hopkins,WR,9.5,False,True
2022,15,5,4,WR,3321,Tyreek Hill,WR,17.4,False,True
2022,15,5,5,TE,7600,Pat Freiermuth,TE,0.0,False,True
2022,15,5,6,FLEX,8154,Brian Robinson,RB,11.2,False,False
2022,15,5,7,SUPER_FLEX,1049,Ryan Tannehill,QB,10.7,False,True
2022,15,5,8,DEF,JAX,Jacksonville Jaguars,DEF,12.0,False,False
2022,15,6,0,QB,6797,Justin Herbert,QB,8.72,False,True
2022,15,6,1,RB,4029,Dalvin Cook,RB,25.0,False,True
2022,15,6,2,RB,6790,D'Andre Swift,RB,10.0,False,True
2022,15,6,3,WR,4040,JuJu Smith-Schuster,WR,11.8,False,True
2022,15,6,4,WR,4068,Mike Williams,WR,8.7,False,True
2022,15,6,5,TE,5001,Dalton Schultz,TE,2.5,False,True
2022,15,6,6,FLEX,1689,Adam Thielen,WR,11.6,False,False
2022,15,6,7,SUPER_FLEX,829,Andy Dalton,QB,14.14,False,True
2022,15,6,8,DEF,DAL,Dallas Cowboys,DEF,8.0,False,True
2022,15,7,0,QB,4984,Josh Allen,QB,35.86,False,True
2022,15,7,1,RB,4199,Aaron Jones,RB,18.6,False,True
2022,15,7,2,RB,4866,Saquon Barkley,RB,20.5,False,True
2022,15,7,3,WR,6786,CeeDee Lamb,WR,16.2,False,True
2022,15,7,4,WR,5937,Diontae Johnson,WR,15.0,False,False
2022,15,7,5,TE,4033,David Njoku,TE,4.3,False,True
2022,15,7,6,FLEX,2749,Raheem Mostert,RB,16.1,False,True
2022,15,7,7,SUPER_FLEX,7538,Zach Wilson,QB,19.38,False,True
2022,15,7,8,DEF,KC,Kansas City Chiefs,DEF,4.0,False,True
2022,15,8,0,QB,3976,Mitchell Trubisky,QB,14.06,False,False
2022,15,8,1,RB,8151,Kenneth Walker,RB,9.9,False,True
2022,15,8,2,RB,7611,Rhamondre Stevenson,RB,23.8,False,True
2022,15,8,3,WR,2449,Stefon Diggs,WR,8.2,False,True
2022,15,8,4,WR,2374,Tyler Lockett,WR,10.3,False,True
2022,15,8,5,TE,8210,Chig Okonkwo,TE,8.0,False,True
2022,15,8,6,FLEX,6938,Cam Akers,RB,11.5,False,False
2022,15,8,7,SUPER_FLEX,3163,Jared Goff,QB,14.08,False,True
2022,15,8,8,DEF,NE,New England Patriots,DEF,13.0,False,False
2022,15,9,0,QB,6770,Joe Burrow,QB,24.8,False,True
2022,15,9,1,RB,8205,Isiah Pacheco,RB,8.2,False,True
2022,15,9,2,RB,7543,Travis Etienne,RB,11.7,False,True
2022,15,9,3,WR,6794,Justin Jefferson,WR,24.3,False,True
2022,15,9,4,WR,4037,Chris Godwin,WR,18.3,False,True
2022,15,9,5,TE,4381,Taysom Hill,TE,10.2,False,False
2022,15,9,6,FLEX,6801,Tee Higgins,WR,13.8,False,True
2022,15,9,7,SUPER_FLEX,167,Tom Brady,QB,16.58,False,True
2022,15,9,8,DEF,GB,Green Bay Packers,DEF,12.0,False,True
2022,15,10,0,QB,2028,Derek Carr,QB,19.24,False,True
2022,15,10,1,RB,4988,Nick Chubb,RB,9.9,False,True
2022,15,10,2,RB,6130,Devin Singletary,RB,8.5,False,False
2022,15,10,3,WR,7564,Ja'Marr Chase,WR,15.5,False,True
2022,15,10,4,WR,1479,Keenan Allen,WR,12.6,False,True
2022,15,10,5,TE,4066,Evan Engram,TE,10.2,False,True
2022,15,10,6,FLEX,5906,Dawson Knox,TE,18.8,False,False
2022,15,10,7,SUPER_FLEX,24,Matt Ryan,QB,11.28,False,True
2022,15,10,8,DEF,BUF,Buffalo Bills,DEF,2.0,False,True
2022,15,11,0,QB,6904,Jalen Hurts,QB,34.7,False,True
2022,15,11,1,RB,1535,Cordarrelle Patterson,RB,11.7,False,False
2022,15,11,2,RB,3969,Leonard Fournette,RB,9.4,False,True
2022,15,11,3,WR,5859,A.J. Brown,WR,22.6,False,True
2022,15,11,4,WR,7526,Jaylen Waddle,WR,18.9,False,True
2022,15,11,5,TE,5133,Tyler Conklin,TE,1.4,False,True
2022,15,11,6,FLEX,3225,Tyler Boyd,WR,12.0,False,False
2022,15,11,7,SUPER_FLEX,1373,Geno Smith,QB,15.32,False,True
2022,15,11,8,DEF,CLE,Cleveland Browns,DEF,17.0,False,False
2022,15,12,0,QB,6768,Tua Tagovailoa,QB,18.06,False,True
2022,15,12,1,RB,5892,David Montgomery,RB,22.6,False,True
2022,15,12,2,RB,7528,Najee Harris,RB,14.6,False,True
2022,15,12,3,WR,8112,Drake London,WR,8.5,False,True
2022,15,12,4,WR,7547,Amon-Ra St. Brown,WR,11.7,False,True
2022,15,12,5,TE,1466,Travis Kelce,TE,15.5,False,True
2022,15,12,6,FLEX,1476,Latavius Murray,RB,20.7,False,True
2022,15,12,7,SUPER_FLEX,7585,Davis Mills,QB,18.94,False,False
2022,15,12,8,DEF,BAL,Baltimore Ravens,DEF,7.0,False,True
2022,16,1,0,QB,7523,Trevor Lawrence,QB,18.26,False,True
2022,16,1,1,RB,4018,Joe Mixon,RB,14.3,False,True
2022,16,1,2,RB,2161,Jerick McKinnon,RB,11.3,False,True
2022,16,1,3,WR,6943,Gabe Davis,WR,10.0,False,False
2022,16,1,4,WR,5045,Courtland Sutton,WR,8.9,False,False
2022,16,1,5,TE,4217,George Kittle,TE,27.0,False,True
2022,16,1,6,FLEX,4137,James Conner,RB,21.5,False,True
2022,16,1,7,SUPER_FLEX,4017,Deshaun Watson,QB,11.8,False,False
2022,16,1,8,DEF,LV,Las Vegas Raiders,DEF,6.0,False,True
2022,16,2,0,QB,7591,Justin Fields,QB,9.86,False,True
2022,16,2,1,RB,3198,Derrick Henry,RB,17.6,False,True
2022,16,2,2,RB,4035,Alvin Kamara,RB,18.0,False,True
2022,16,2,3,WR,8146,Garrett Wilson,WR,3.0,False,True
2022,16,2,4,WR,4950,Christian Kirk,WR,4.1,False,True
2022,16,2,5,TE,2505,Darren Waller,TE,7.8,False,True
2022,16,2,6,FLEX,6783,Jerry Jeudy,WR,14.7,False,True
2022,16,2,7,SUPER_FLEX,8159,Desmond Ridder,QB,9.52,False,False
2022,16,2,8,DEF,LAC,Los Angeles Chargers,DEF,20.0,False,False
2022,16,3,0,QB,1166,Kirk Cousins,QB,24.16,False,True
2022,16,3,1,RB,4034,Christian McCaffrey,RB,12.8,False,True
2022,16,3,2,RB,5284,Jeff Wilson,RB,10.5,False,False
2022,16,3,3,WR,5947,Jakobi Meyers,WR,17.3,False,False
2022,16,3,4,WR,7525,DeVonta Smith,WR,27.3,False,True
2022,16,3,5,TE,5012,Mark Andrews,TE,6.0,False,True
2022,16,3,6,FLEX,4983,DJ Moore,WR,17.6,False,True
2022,16,3,7,SUPER_FLEX,4943,Sam Darnold,QB,21.9,False,True
2022,16,3,8,DEF,DET,Detroit Lions,DEF,-4.0,False,True
2022,16,4,0,QB,4046,Patrick Mahomes,QB,23.76,False,True
2022,16,4,1,RB,4663,Austin Ekeler,RB,21.9,False,True
2022,16,4,2,RB,5967,Tony Pollard,RB,11.0,False,True
2022,16,4,3,WR,5846,DK Metcalf,WR,11.6,False,True
2022,16,4,4,WR,6803,Brandon Aiyuk,WR,10.6,False,False
2022,16,4,5,TE,5844,T.J. Hockenson,TE,29.4,False,True
2022,16,4,6,FLEX,6828,AJ Dillon,RB,11.8,False,False
2022,16,4,7,SUPER_FLEX,3294,Dak Prescott,QB,27.98,False,True
2022,16,4,8,DEF,PHI,Philadelphia Eagles,DEF,11.0,False,True
2022,16,5,0,QB,7083,Tyler Huntley,QB,13.2,False,True
2022,16,5,1,RB,5850,Josh Jacobs,RB,5.5,False,True
2022,16,5,2,RB,3164,Ezekiel Elliott,RB,12.6,False,True
2022,16,5,3,WR,2133,Davante Adams,WR,2.5,False,True
2022,16,5,4,WR,3321,Tyreek Hill,WR,12.3,False,True
2022,16,5,5,TE,7600,Pat Freiermuth,TE,10.1,False,True
2022,16,5,6,FLEX,8154,Brian Robinson,RB,5.8,False,False
2022,16,5,7,SUPER_FLEX,2711,Taylor Heinicke,QB,10.24,False,True
2022,16,5,8,DEF,JAX,Jacksonville Jaguars,DEF,16.0,False,False
2022,16,6,0,QB,6797,Justin Herbert,QB,5.5,False,True
2022,16,6,1,RB,4029,Dalvin Cook,RB,9.2,False,True
2022,16,6,2,RB,4111,D'Onta Foreman,RB,22.5,False,False
2022,16,6,3,WR,4040,JuJu Smith-Schuster,WR,4.2,False,True
2022,16,6,4,WR,4068,Mike Williams,WR,9.6,False,True
2022,16,6,5,TE,5001,Dalton Schultz,TE,5.8,False,True
2022,16,6,6,FLEX,5848,Marquise Brown,WR,7.3,False,True
2022,16,6,7,SUPER_FLEX,6149,Darius Slayton,WR,9.9,False,False
2022,16,6,8,DEF,DAL,Dallas Cowboys,DEF,8.0,False,True
2022,16,7,0,QB,4984,Josh Allen,QB,22.98,False,True
2022,16,7,1,RB,4199,Aaron Jones,RB,4.4,False,True
2022,16,7,2,RB,4866,Saquon Barkley,RB,23.3,False,True
2022,16,7,3,WR,6786,CeeDee Lamb,WR,29.0,False,True
2022,16,7,4,WR,5937,Diontae Johnson,WR,8.9,False,True
2022,16,7,5,TE,4033,David Njoku,TE,2.4,False,True
2022,16,7,6,FLEX,7607,Michael Carter,RB,7.5,False,False
2022,16,7,7,SUPER_FLEX,8138,James Cook,RB,17.3,False,False
2022,16,7,8,DEF,TB,Tampa Bay Buccaneers,DEF,9.0,False,True
2022,16,8,0,QB,5870,Daniel Jones,QB,20.76,False,True
2022,16,8,1,RB,8132,Tyler Allgeier,RB,13.7,False,False
2022,16,8,2,RB,6938,Cam Akers,RB,33.7,False,False
2022,16,8,3,WR,2449,Stefon Diggs,WR,3.6,False,True
2022,16,8,4,WR,8119,Jahan Dotson,WR,16.6,False,False
2022,16,8,5,TE,8210,Chig Okonkwo,TE,1.5,False,True
2022,16,8,6,FLEX,8136,Rachaad White,RB,13.3,False,True
2022,16,8,7,SUPER_FLEX,3163,Jared Goff,QB,25.7,False,True
2022,16,8,8,DEF,SF,San Francisco 49ers,DEF,8.0,False,True
2022,16,9,0,QB,6770,Joe Burrow,QB,23.5,False,True
2022,16,9,1,RB,7543,Travis Etienne,RB,12.7,False,True
2022,16,9,2,RB,8205,Isiah Pacheco,RB,9.5,False,True
2022,16,9,3,WR,6794,Justin Jefferson,WR,25.3,False,True
2022,16,9,4,WR,6801,Tee Higgins,WR,22.8,False,True
2022,16,9,5,TE,4381,Taysom Hill,TE,11.6,False,True
2022,16,9,6,FLEX,8172,Greg Dulcich,TE,11.9,False,False
2022,16,9,7,SUPER_FLEX,8160,Kenny Pickett,QB,12.66,False,False
2022,16,9,8,DEF,LAR,Los Angeles Rams,DEF,21.0,False,True
2022,16,10,0,QB,2028,Derek Carr,QB,6.36,False,True
2022,16,10,1,RB,4988,Nick Chubb,RB,10.7,False,True
2022,16,10,2,RB,6130,Devin Singletary,RB,19.5,False,True
2022,16,10,3,WR,8137,George Pickens,WR,14.2,False,False
2022,16,10,4,WR,1479,Keenan Allen,WR,15.9,False,True
2022,16,10,5,TE,4066,Evan Engram,TE,14.8,False,True
2022,16,10,6,FLEX,5906,Dawson Knox,TE,11.3,False,False
2022,16,10,7,SUPER_FLEX,5927,Terry McLaurin,WR,15.7,False,True
2022,16,10,8,DEF,BUF,Buffalo Bills,DEF,11.0,False,True
2022,16,11,0,QB,96,Aaron Rodgers,QB,13.32,False,True
2022,16,11,1,RB,4098,Kareem Hunt,RB,3.7,False,False
2022,16,11,2,RB,3969,Leonard Fournette,RB,20.7,False,True
2022,16,11,3,WR,5859,A.J. Brown,WR,13.3,False,True
2022,16,11,4,WR,7526,Jaylen Waddle,WR,22.8,False,True
2022,16,11,5,TE,5022,Dallas Goedert,TE,8.2,False,True
2022,16,11,6,FLEX,5185,Allen Lazard,WR,8.6,False,False
2022,16,11,7,SUPER_FLEX,1373,Geno Smith,QB,12.2,False,True
2022,16,11,8,DEF,ARI,Arizona Cardinals,DEF,5.0,False,False
2022,16,12,0,QB,4892,Baker Mayfield,QB,17.4,False,False
2022,16,12,1,RB,7594,Chuba Hubbard,RB,12.5,False,False
2022,16,12,2,RB,7528,Najee Harris,RB,12.5,False,True
2022,16,12,3,WR,8112,Drake London,WR,11.1,False,True
2022,16,12,4,WR,7547,Amon-Ra St. Brown,WR,11.1,False,True
2022,16,12,5,TE,1466,Travis Kelce,TE,14.3,False,True
2022,16,12,6,FLEX,2197,Brandin Cooks,WR,11.4,False,False
2022,16,12,7,SUPER_FLEX,6011,Gardner Minshew,QB,22.7,False,True
2022,16,12,8,DEF,BAL,Baltimore Ravens,DEF,9.0,False,True
2022,17,1,0,QB,2152,Teddy Bridgewater,QB,9.04,False,False
2022,17,1,1,RB,4137,James Conner,RB,12.5,False,True
2022,17,1,2,RB,2161,Jerick McKinnon,RB,20.1,False,True
2022,17,1,3,WR,6819,Michael Pittman,WR,13.1,False,False
2022,17,1,4,WR,2216,Mike Evans,WR,43.7,False,True
2022,17,1,5,TE,4217,George Kittle,TE,10.3,False,True
2022,17,1,6,FLEX,6824,Donovan Peoples-Jones,WR,7.8,False,False
2022,17,1,7,SUPER_FLEX,4017,Deshaun Watson,QB,21.86,False,True
2022,17,1,8,DEF,NE,New England Patriots,DEF,12.0,False,True
2022,17,2,0,QB,7591,Justin Fields,QB,16.2,False,True
2022,17,2,1,RB,6806,J.K. Dobbins,RB,9.3,False,True
2022,17,2,2,RB,4035,Alvin Kamara,RB,8.5,False,True
2022,17,2,3,WR,6783,Jerry Jeudy,WR,7.3,False,True
2022,17,2,4,WR,6920,Isaiah Hodgins,WR,12.2,False,False
2022,17,2,5,TE,5133,Tyler Conklin,TE,11.0,False,True
2022,17,2,6,FLEX,2505,Darren Waller,TE,14.7,False,False
2022,17,2,7,SUPER_FLEX,1234,Russell Wilson,QB,23.58,False,True
2022,17,2,8,DEF,LAC,Los Angeles Chargers,DEF,10.0,False,True
2022,17,3,0,QB,7527,Mac Jones,QB,16.26,False,False
2022,17,3,1,RB,4034,Christian McCaffrey,RB,28.3,False,True
2022,17,3,2,RB,5284,Jeff Wilson,RB,9.1,False,True
2022,17,3,3,WR,2309,Amari Cooper,WR,24.0,False,True
2022,17,3,4,WR,7525,DeVonta Smith,WR,16.0,False,True
2022,17,3,5,TE,5012,Mark Andrews,TE,14.5,False,True
2022,17,3,6,FLEX,4983,DJ Moore,WR,20.7,False,True
2022,17,3,7,SUPER_FLEX,4943,Sam Darnold,QB,21.64,False,True
2022,17,3,8,DEF,DET,Detroit Lions,DEF,16.0,False,True
2022,17,4,0,QB,4046,Patrick Mahomes,QB,25.02,False,True
2022,17,4,1,RB,4663,Austin Ekeler,RB,30.1,False,True
2022,17,4,2,RB,6828,AJ Dillon,RB,10.1,False,True
2022,17,4,3,WR,6803,Brandon Aiyuk,WR,22.2,False,True
2022,17,4,4,WR,8146,Garrett Wilson,WR,3.3,False,True
2022,17,4,5,TE,5844,T.J. Hockenson,TE,9.4,False,True
2022,17,4,6,FLEX,6845,Zack Moss,RB,7.4,False,False
2022,17,4,7,SUPER_FLEX,3294,Dak Prescott,QB,14.38,False,True
2022,17,4,8,DEF,PHI,Philadelphia Eagles,DEF,10.0,False,True
2022,17,5,0,QB,7083,Tyler Huntley,QB,9.6,False,True
2022,17,5,1,RB,5850,Josh Jacobs,RB,17.5,False,True
2022,17,5,2,RB,3164,Ezekiel Elliott,RB,9.7,False,True
2022,17,5,3,WR,2133,Davante Adams,WR,30.8,False,True
2022,17,5,4,WR,3321,Tyreek Hill,WR,13.7,False,True
2022,17,5,5,TE,7600,Pat Freiermuth,TE,5.1,False,True
2022,17,5,6,FLEX,8154,Brian Robinson,RB,8.7,False,True
2022,17,5,7,SUPER_FLEX,6136,Jarrett Stidham,QB,26.0,False,False
2022,17,5,8,DEF,JAX,Jacksonville Jaguars,DEF,18.0,False,True
2022,17,6,0,QB,6797,Justin Herbert,QB,16.68,False,True
2022,17,6,1,RB,4029,Dalvin Cook,RB,5.4,False,True
2022,17,6,2,RB,6790,D'Andre Swift,RB,25.7,False,True
2022,17,6,3,WR,5848,Marquise Brown,WR,9.1,False,True
2022,17,6,4,WR,4068,Mike Williams,WR,12.9,False,True
2022,17,6,5,TE,5001,Dalton Schultz,TE,21.1,False,True
2022,17,6,6,FLEX,5987,Alexander Mattison,RB,5.0,False,False
2022,17,6,7,SUPER_FLEX,829,Andy Dalton,QB,6.0,False,False
2022,17,6,8,DEF,DAL,Dallas Cowboys,DEF,12.0,False,True
2022,17,7,0,QB,3161,Carson Wentz,QB,6.42,False,False
2022,17,7,1,RB,4199,Aaron Jones,RB,12.3,False,True
2022,17,7,2,RB,4866,Saquon Barkley,RB,6.3,False,True
2022,17,7,3,WR,6786,CeeDee Lamb,WR,15.5,False,True
2022,17,7,4,WR,5937,Diontae Johnson,WR,4.5,False,True
2022,17,7,5,TE,4033,David Njoku,TE,2.6,False,True
2022,17,7,6,FLEX,2749,Raheem Mostert,RB,19.1,False,True
2022,17,7,7,SUPER_FLEX,8144,Chris Olave,WR,6.2,False,False
2022,17,7,8,DEF,TB,Tampa Bay Buccaneers,DEF,12.0,False,False
2022,17,8,0,QB,5870,Daniel Jones,QB,36.18,False,True
2022,17,8,1,RB,8132,Tyler Allgeier,RB,16.0,False,True
2022,17,8,2,RB,8151,Kenneth Walker,RB,14.7,False,False
2022,17,8,3,WR,8135,Treylon Burks,WR,10.6,False,False
2022,17,8,4,WR,8119,Jahan Dotson,WR,5.2,False,True
2022,17,8,5,TE,6826,Cole Kmet,TE,9.7,False,True
2022,17,8,6,FLEX,6938,Cam Akers,RB,13.8,False,True
2022,17,8,7,SUPER_FLEX,3163,Jared Goff,QB,22.4,False,True
2022,17,8,8,DEF,SF,San Francisco 49ers,DEF,3.0,False,True
2022,17,9,0,QB,8160,Kenny Pickett,QB,10.92,False,False
2022,17,9,1,RB,7543,Travis Etienne,RB,21.5,False,True
2022,17,9,2,RB,8205,Isiah Pacheco,RB,11.9,False,True
2022,17,9,3,WR,6794,Justin Jefferson,WR,2.0,False,True
2022,17,9,4,WR,4037,Chris Godwin,WR,16.5,False,True
2022,17,9,5,TE,4381,Taysom Hill,TE,13.06,False,False
2022,17,9,6,FLEX,7002,Juwan Johnson,TE,8.7,False,False
2022,17,9,7,SUPER_FLEX,167,Tom Brady,QB,37.68,False,True
2022,17,9,8,DEF,NYG,New York Giants,DEF,14.0,False,True
2022,17,10,0,QB,8183,Brock Purdy,QB,17.06,False,True
2022,17,10,1,RB,4988,Nick Chubb,RB,12.1,False,True
2022,17,10,2,RB,6151,Miles Sanders,RB,6.1,False,True
2022,17,10,3,WR,8137,George Pickens,WR,3.9,False,False
2022,17,10,4,WR,1479,Keenan Allen,WR,9.3,False,True
2022,17,10,5,TE,4066,Evan Engram,TE,3.4,False,True
2022,17,10,6,FLEX,6130,Devin Singletary,RB,0.3,False,True
2022,17,10,7,SUPER_FLEX,5927,Terry McLaurin,WR,4.7,False,True
2022,17,10,8,DEF,BUF,Buffalo Bills,DEF,4.0,False,True
2022,17,11,0,QB,96,Aaron Rodgers,QB,16.56,False,False
2022,17,11,1,RB,4149,Jamaal Williams,RB,22.2,False,True
2022,17,11,2,RB,1535,Cordarrelle Patterson,RB,17.4,False,False
2022,17,11,3,WR,5859,A.J. Brown,WR,17.7,False,True
2022,17,11,4,WR,5185,Allen Lazard,WR,8.4,False,False
2022,17,11,5,TE,5022,Dallas Goedert,TE,6.0,False,True
2022,17,11,6,FLEX,3225,Tyler Boyd,WR,7.9,False,True
2022,17,11,7,SUPER_FLEX,1373,Geno Smith,QB,17.12,False,True
2022,17,11,8,DEF,CLE,Cleveland Browns,DEF,13.0,False,False
2022,17,12,0,QB,7585,Davis Mills,QB,9.38,False,False
2022,17,12,1,RB,7594,Chuba Hubbard,RB,8.0,False,False
2022,17,12,2,RB,7528,Najee Harris,RB,19.3,False,True
2022,17,12,3,WR,8112,Drake London,WR,7.2,False,True
2022,17,12,4,WR,7547,Amon-Ra St. Brown,WR,8.2,False,True
2022,17,12,5,TE,1466,Travis Kelce,TE,7.8,False,True
2022,17,12,6,FLEX,1476,Latavius Murray,RB,9.2,False,True
2022,17,12,7,SUPER_FLEX,6011,Gardner Minshew,QB,12.96,False,True
2022,17,12,8,DEF,BAL,Baltimore Ravens,DEF,3.0,False,True
2023,1,1,0,QB,8162,Sam Howell,QB,15.18,False,True
2023,1,1,1,RB,6151,Miles Sanders,RB,9.8,False,True
2023,1,1,2,RB,8129,Dameon Pierce,RB,5.7,False,True
2023,1,1,3,WR,4037,Chris Godwin,WR,7.6,False,True
2023,1,1,4,WR,9494,Marvin Mims,WR,1.9,False,False
2023,1,1,5,FLEX,7611,Rhamondre Stevenson,RB,11.9,False,True
2023,1,1,6,REC_FLEX,5133,Tyler Conklin,TE,1.2,False,True
2023,1,1,7,SUPER_FLEX,7527,Mac Jones,QB,24.14,False,False
2023,1,1,8,DEF,WAS,Washington Commanders,DEF,13.0,False,True
2023,1,2,0,QB,3294,Dak Prescott,QB,6.32,False,True
2023,1,2,1,RB,9509,Bijan Robinson,RB,17.3,False,True
2023,1,2,2,RB,6938,Cam Akers,RB,8.9,False,True
2023,1,2,3,WR,7564,Ja'Marr Chase,WR,6.6,False,True
2023,1,2,4,WR,8144,Chris Olave,WR,15.2,False,True
2023,1,2,5,FLEX,2749,Raheem Mostert,RB,12.0,False,True
2023,1,2,6,REC_FLEX,5848,Marquise Brown,WR,7.2,False,False
2023,1,2,7,SUPER_FLEX,4147,Samaje Perine,RB,9.8,False,False
2023,1,2,8,DEF,NO,New Orleans Saints,DEF,10.0,False,True
2023,1,3,0,QB,4892,Baker Mayfield,QB,16.02,False,False
2023,1,3,1,RB,5850,Josh Jacobs,RB,8.1,False,True
2023,1,3,2,RB,8155,Breece Hall,RB,15.2,False,False
2023,1,3,3,WR,1479,Keenan Allen,WR,11.2,False,True
2023,1,3,4,WR,7596,Elijah Moore,WR,7.7,False,False
2023,1,3,5,FLEX,4066,Evan Engram,TE,9.9,False,True
2023,1,3,6,REC_FLEX,5844,T.J. Hockenson,TE,11.5,False,True
2023,1,3,7,SUPER_FLEX,7523,Trevor Lawrence,QB,17.74,False,True
2023,1,3,8,DEF,DAL,Dallas Cowboys,DEF,40.0,False,True
2023,1,4,0,QB,4046,Patrick Mahomes,QB,19.54,False,True
2023,1,4,1,RB,4137,James Conner,RB,9.5,False,True
2023,1,4,2,RB,5892,David Montgomery,RB,13.4,False,True
2023,1,4,3,WR,2133,Davante Adams,WR,9.6,False,True
2023,1,4,4,WR,8146,Garrett Wilson,WR,11.9,False,True
2023,1,4,5,FLEX,10235,Roschon Johnson,RB,14.5,False,False
2023,1,4,6,REC_FLEX,10236,Dalton Kincaid,TE,6.6,False,False
2023,1,4,7,SUPER_FLEX,9229,Anthony Richardson,QB,20.92,False,True
2023,1,4,8,DEF,NYJ,New York Jets,DEF,21.0,False,True
2023,1,5,0,QB,4881,Lamar Jackson,QB,6.56,False,True
2023,1,5,1,RB,3164,Ezekiel Elliott,RB,4.8,False,False
2023,1,5,2,RB,4029,Dalvin Cook,RB,7.4,False,True
2023,1,5,3,WR,2449,Stefon Diggs,WR,21.2,False,True
2023,1,5,4,WR,5872,Deebo Samuel,WR,8.8,False,True
2023,1,5,5,FLEX,6819,Michael Pittman,WR,19.7,False,True
2023,1,5,6,REC_FLEX,7600,Pat Freiermuth,TE,7.3,False,True
2023,1,5,7,SUPER_FLEX,6768,Tua Tagovailoa,QB,27.14,False,True
2023,1,5,8,DEF,BAL,Baltimore Ravens,DEF,12.0,False,True
2023,1,6,0,QB,7591,Justin Fields,QB,14.54,False,True
2023,1,6,1,RB,3198,Derrick Henry,RB,12.9,False,True
2023,1,6,2,RB,7543,Travis Etienne,RB,18.9,False,True
2023,1,6,3,WR,5846,DK Metcalf,WR,12.2,False,True
2023,1,6,4,WR,4068,Mike Williams,WR,6.5,False,True
2023,1,6,5,FLEX,9756,Jordan Addison,WR,14.1,False,False
2023,1,6,6,REC_FLEX,4089,Gerald Everett,TE,4.3,False,False
2023,1,6,7,SUPER_FLEX,3163,Jared Goff,QB,14.02,False,True
2023,1,6,8,DEF,NE,New England Patriots,DEF,7.0,False,True
2023,1,7,0,QB,1373,Geno Smith,QB,9.08,False,True
2023,1,7,1,RB,4866,Saquon Barkley,RB,7.8,False,True
2023,1,7,2,RB,4018,Joe Mixon,RB,8.8,False,True
2023,1,7,3,WR,6794,Justin Jefferson,WR,19.5,False,True
2023,1,7,4,WR,8119,Jahan Dotson,WR,6.5,False,True
2023,1,7,5,FLEX,4199,Aaron Jones,RB,25.7,False,True
2023,1,7,6,REC_FLEX,5045,Courtland Sutton,WR,11.2,False,True
2023,1,7,7,SUPER_FLEX,7608,Khalil Herbert,RB,9.9,False,False
2023,1,7,8,DEF,BUF,Buffalo Bills,DEF,6.0,False,True
2023,1,8,0,QB,6797,Justin Herbert,QB,20.86,False,True
2023,1,8,1,RB,5967,Tony Pollard,RB,21.2,False,True
2023,1,8,2,RB,7567,Kenny Gainwell,RB,9.4,False,False
2023,1,8,3,WR,7547,Amon-Ra St. Brown,WR,16.1,False,True
2023,1,8,4,WR,9997,Zay Flowers,WR,13.2,False,False
2023,1,8,5,FLEX,8138,James Cook,RB,8.3,False,True
2023,1,8,6,REC_FLEX,3271,Tyler Higbee,TE,7.9,False,True
2023,1,8,7,SUPER_FLEX,1837,Jimmy Garoppolo,QB,15.1,False,False
2023,1,8,8,DEF,DEN,Denver Broncos,DEF,3.0,False,True
2023,1,9,0,QB,6904,Jalen Hurts,QB,12.5,False,True
2023,1,9,1,RB,4988,Nick Chubb,RB,14.7,False,True
2023,1,9,2,RB,4149,Jamaal Williams,RB,6.2,False,True
2023,1,9,3,WR,1426,DeAndre Hopkins,WR,10.0,False,True
2023,1,9,4,WR,7569,Nico Collins,WR,11.0,False,False
2023,1,9,5,FLEX,2216,Mike Evans,WR,15.6,False,True
2023,1,9,6,REC_FLEX,8121,Romeo Doubs,WR,16.6,False,False
2023,1,9,7,SUPER_FLEX,8183,Brock Purdy,QB,16.8,False,True
2023,1,9,8,DEF,SEA,Seattle Seahawks,DEF,1.0,False,True
2023,1,10,0,QB,1234,Russell Wilson,QB,15.18,False,True
2023,1,10,1,RB,4663,Austin Ekeler,RB,24.4,False,True
2023,1,10,2,RB,8151,Kenneth Walker,RB,8.7,False,True
2023,1,10,3,WR,3321,Tyreek Hill,WR,39.0,False,True
2023,1,10,4,WR,4981,Calvin Ridley,WR,20.1,False,True
2023,1,10,5,FLEX,7588,Javonte Williams,RB,7.7,False,True
2023,1,10,6,REC_FLEX,6803,Brandon Aiyuk,WR,28.9,False,False
2023,1,10,7,SUPER_FLEX,421,Matthew Stafford,QB,14.46,False,True
2023,1,10,8,DEF,SF,San Francisco 49ers,DEF,13.0,False,True
2023,1,11,0,QB,6804,Jordan Love,QB,23.0,False,False
2023,1,11,1,RB,6806,J.K. Dobbins,RB,10.7,False,True
2023,1,11,2,RB,8136,Rachaad White,RB,5.9,False,True
2023,1,11,3,WR,6786,CeeDee Lamb,WR,9.7,False,True
2023,1,11,4,WR,7526,Jaylen Waddle,WR,9.8,False,True
2023,1,11,5,FLEX,7525,DeVonta Smith,WR,14.2,False,True
2023,1,11,6,REC_FLEX,10229,Rashee Rice,WR,10.1,False,False
2023,1,11,7,SUPER_FLEX,1166,Kirk Cousins,QB,16.46,False,True
2023,1,11,8,DEF,MIA,Miami Dolphins,DEF,2.0,False,True
2023,1,12,0,QB,4017,Deshaun Watson,QB,20.66,False,True
2023,1,12,1,RB,4034,Christian McCaffrey,RB,24.4,False,True
2023,1,12,2,RB,5987,Alexander Mattison,RB,11.9,False,True
2023,1,12,3,WR,5859,A.J. Brown,WR,11.4,False,True
2023,1,12,4,WR,7090,Darnell Mooney,WR,13.3,False,False
2023,1,12,5,FLEX,8154,Brian Robinson,RB,13.1,False,False
2023,1,12,6,REC_FLEX,3199,Michael Thomas,WR,8.6,False,False
2023,1,12,7,SUPER_FLEX,8132,Tyler Allgeier,RB,22.9,False,False
2023,1,12,8,DEF,PHI,Philadelphia Eagles,DEF,15.0,False,True
2023,2,1,0,QB,8162,Sam Howell,QB,21.26,False,True
2023,2,1,1,RB,7611,Rhamondre Stevenson,RB,13.5,False,True
2023,2,1,2,RB,6945,Antonio Gibson,RB,6.8,False,False
2023,2,1,3,WR,4037,Chris Godwin,WR,8.3,False,True
2023,2,1,4,WR,6801,Tee Higgins,WR,24.9,False,True
2023,2,1,5,FLEX,6151,Miles Sanders,RB,6.2,False,True
2023,2,1,6,REC_FLEX,1466,Travis Kelce,TE,12.6,False,True
2023,2,1,7,SUPER_FLEX,9758,C.J. Stroud,QB,21.46,False,False
2023,2,1,8,DEF,DEN,Denver Broncos,DEF,1.0,False,True
2023,2,2,0,QB,3294,Dak Prescott,QB,19.6,False,True
2023,2,2,1,RB,9509,Bijan Robinson,RB,19.2,False,True
2023,2,2,2,RB,2749,Raheem Mostert,RB,25.2,False,True
2023,2,2,3,WR,5848,Marquise Brown,WR,14.4,False,False
2023,2,2,4,WR,8144,Chris Olave,WR,11.6,False,True
2023,2,2,5,FLEX,4983,DJ Moore,WR,13.4,False,True
2023,2,2,6,REC_FLEX,5927,Terry McLaurin,WR,13.9,False,True
2023,2,2,7,SUPER_FLEX,1049,Ryan Tannehill,QB,21.04,False,True
2023,2,2,8,DEF,NO,New Orleans Saints,DEF,8.0,False,True
2023,2,3,0,QB,6770,Joe Burrow,QB,15.38,False,True
2023,2,3,1,RB,5248,Gus Edwards,RB,12.2,False,False
2023,2,3,2,RB,8205,Isiah Pacheco,RB,7.5,False,True
2023,2,3,3,WR,1479,Keenan Allen,WR,27.1,False,True
2023,2,3,4,WR,2374,Tyler Lockett,WR,21.9,False,True
2023,2,3,5,FLEX,4066,Evan Engram,TE,11.7,False,True
2023,2,3,6,REC_FLEX,5844,T.J. Hockenson,TE,25.6,False,True
2023,2,3,7,SUPER_FLEX,4892,Baker Mayfield,QB,18.38,False,False
2023,2,3,8,DEF,DAL,Dallas Cowboys,DEF,16.0,False,True
2023,2,4,0,QB,4046,Patrick Mahomes,QB,21.2,False,True
2023,2,4,1,RB,4137,James Conner,RB,16.6,False,True
2023,2,4,2,RB,5892,David Montgomery,RB,11.9,False,True
2023,2,4,3,WR,2133,Davante Adams,WR,17.4,False,True
2023,2,4,4,WR,8146,Garrett Wilson,WR,15.3,False,True
2023,2,4,5,FLEX,6790,D'Andre Swift,RB,25.6,False,True
2023,2,4,6,REC_FLEX,2309,Amari Cooper,WR,12.5,False,False
2023,2,4,7,SUPER_FLEX,9229,Anthony Richardson,QB,17.74,False,True
2023,2,4,8,DEF,NYJ,New York Jets,DEF,1.0,False,True
2023,2,5,0,QB,4881,Lamar Jackson,QB,22.88,False,True
2023,2,5,1,RB,7528,Najee Harris,RB,4.8,False,True
2023,2,5,2,RB,6828,AJ Dillon,RB,6.8,False,True
2023,2,5,3,WR,2449,Stefon Diggs,WR,10.1,False,True
2023,2,5,4,WR,5872,Deebo Samuel,WR,19.1,False,True
2023,2,5,5,FLEX,6819,Michael Pittman,WR,9.6,False,True
2023,2,5,6,REC_FLEX,5001,Dalton Schultz,TE,7.4,False,False
2023,2,5,7,SUPER_FLEX,6768,Tua Tagovailoa,QB,12.26,False,True
2023,2,5,8,DEF,IND,Indianapolis Colts,DEF,10.0,False,True
2023,2,6,0,QB,8159,Desmond Ridder,QB,21.38,False,False
2023,2,6,1,RB,3198,Derrick Henry,RB,17.0,False,True
2023,2,6,2,RB,6845,Zack Moss,RB,18.7,False,False
2023,2,6,3,WR,5846,DK Metcalf,WR,10.5,False,True
2023,2,6,4,WR,4068,Mike Williams,WR,12.6,False,True
2023,2,6,5,FLEX,9756,Jordan Addison,WR,14.7,False,True
2023,2,6,6,REC_FLEX,8110,Jake Ferguson,TE,10.1,False,False
2023,2,6,7,SUPER_FLEX,3163,Jared Goff,QB,22.92,False,True
2023,2,6,8,DEF,NE,New England Patriots,DEF,5.0,False,True
2023,2,7,0,QB,1373,Geno Smith,QB,23.12,False,True
2023,2,7,1,RB,4866,Saquon Barkley,RB,24.2,False,True
2023,2,7,2,RB,4018,Joe Mixon,RB,11.5,False,True
2023,2,7,3,WR,6794,Justin Jefferson,WR,19.4,False,True
2023,2,7,4,WR,6943,Gabe Davis,WR,18.2,False,False
2023,2,7,5,FLEX,5045,Courtland Sutton,WR,9.1,False,False
2023,2,7,6,REC_FLEX,5012,Mark Andrews,TE,15.5,False,True
2023,2,7,7,SUPER_FLEX,4179,Joshua Dobbs,QB,25.22,False,False
2023,2,7,8,DEF,BUF,Buffalo Bills,DEF,11.0,False,True
2023,2,8,0,QB,6797,Justin Herbert,QB,22.2,False,True
2023,2,8,1,RB,5967,Tony Pollard,RB,16.4,False,True
2023,2,8,2,RB,9221,Jahmyr Gibbs,RB,9.1,False,True
2023,2,8,3,WR,7547,Amon-Ra St. Brown,WR,11.2,False,True
2023,2,8,4,WR,9997,Zay Flowers,WR,8.8,False,True
2023,2,8,5,FLEX,8138,James Cook,RB,17.9,False,True
2023,2,8,6,REC_FLEX,9493,Puka Nacua,WR,22.6,False,True
2023,2,8,7,SUPER_FLEX,1837,Jimmy Garoppolo,QB,7.5,False,False
2023,2,8,8,DEF,CLE,Cleveland Browns,DEF,8.0,False,True
2023,2,9,0,QB,6904,Jalen Hurts,QB,25.22,False,True
2023,2,9,1,RB,4988,Nick Chubb,RB,6.4,False,True
2023,2,9,2,RB,4149,Jamaal Williams,RB,2.9,False,True
2023,2,9,3,WR,7606,Kadarius Toney,WR,6.3,False,False
2023,2,9,4,WR,2216,Mike Evans,WR,26.1,False,True
2023,2,9,5,FLEX,7569,Nico Collins,WR,24.1,False,False
2023,2,9,6,REC_FLEX,8137,George Pickens,WR,20.7,False,True
2023,2,9,7,SUPER_FLEX,8183,Brock Purdy,QB,14.74,False,True
2023,2,9,8,DEF,HOU,Houston Texans,DEF,0.0,False,True
2023,2,10,0,QB,1234,Russell Wilson,QB,25.92,False,True
2023,2,10,1,RB,5890,Damien Harris,RB,9.3,False,False
2023,2,10,2,RB,8151,Kenneth Walker,RB,17.9,False,True
2023,2,10,3,WR,3321,Tyreek Hill,WR,12.5,False,True
2023,2,10,4,WR,9497,Jalin Hyatt,WR,9.9,False,False
2023,2,10,5,FLEX,10859,Sam LaPorta,TE,11.3,False,False
2023,2,10,6,REC_FLEX,2505,Darren Waller,TE,13.6,False,True
2023,2,10,7,SUPER_FLEX,421,Matthew Stafford,QB,13.98,False,True
2023,2,10,8,DEF,SF,San Francisco 49ers,DEF,5.0,False,True
2023,2,11,0,QB,4984,Josh Allen,QB,23.66,False,True
2023,2,11,1,RB,8150,Kyren Williams,RB,25.0,False,True
2023,2,11,2,RB,8136,Rachaad White,RB,18.8,False,True
2023,2,11,3,WR,6786,CeeDee Lamb,WR,19.8,False,True
2023,2,11,4,WR,7526,Jaylen Waddle,WR,10.4,False,True
2023,2,11,5,FLEX,7525,DeVonta Smith,WR,21.1,False,True
2023,2,11,6,REC_FLEX,4950,Christian Kirk,WR,16.46,False,True
2023,2,11,7,SUPER_FLEX,1166,Kirk Cousins,QB,28.56,False,True
2023,2,11,8,DEF,MIA,Miami Dolphins,DEF,10.0,False,True
2023,2,12,0,QB,4017,Deshaun Watson,QB,11.6,False,True
2023,2,12,1,RB,4034,Christian McCaffrey,RB,21.0,False,True
2023,2,12,2,RB,8154,Brian Robinson,RB,27.9,False,False
2023,2,12,3,WR,5859,A.J. Brown,WR,4.9,False,True
2023,2,12,4,WR,3199,Michael Thomas,WR,9.0,False,True
2023,2,12,5,FLEX,8168,Skyy Moore,WR,14.5,False,False
2023,2,12,6,REC_FLEX,8112,Drake London,WR,15.7,False,False
2023,2,12,7,SUPER_FLEX,5870,Daniel Jones,QB,30.74,False,True
2023,2,12,8,DEF,PHI,Philadelphia Eagles,DEF,11.0,False,False
2023,3,1,0,QB,9758,C.J. Stroud,QB,20.6,False,True
2023,3,1,1,RB,7611,Rhamondre Stevenson,RB,6.7,False,True
2023,3,1,2,RB,8129,Dameon Pierce,RB,13.4,False,False
2023,3,1,3,WR,4037,Chris Godwin,WR,6.7,False,True
2023,3,1,4,WR,9502,Tank Dell,WR,23.0,False,False
2023,3,1,5,FLEX,6151,Miles Sanders,RB,14.7,False,True
2023,3,1,6,REC_FLEX,1466,Travis Kelce,TE,19.9,False,True
2023,3,1,7,SUPER_FLEX,8160,Kenny Pickett,QB,18.5,False,True
2023,3,1,8,DEF,SEA,Seattle Seahawks,DEF,3.0,False,True
2023,3,2,0,QB,3294,Dak Prescott,QB,14.36,False,True
2023,3,2,1,RB,9509,Bijan Robinson,RB,8.0,False,True
2023,3,2,2,RB,2749,Raheem Mostert,RB,41.7,False,True
2023,3,2,3,WR,7564,Ja'Marr Chase,WR,20.1,False,True
2023,3,2,4,WR,8144,Chris Olave,WR,14.4,False,True
2023,3,2,5,FLEX,4983,DJ Moore,WR,11.6,False,True
2023,3,2,6,REC_FLEX,5848,Marquise Brown,WR,14.6,False,False
2023,3,2,7,SUPER_FLEX,6011,Gardner Minshew,QB,13.08,False,True
2023,3,2,8,DEF,PIT,Pittsburgh Steelers,DEF,11.0,False,True
2023,3,3,0,QB,7523,Trevor Lawrence,QB,14.36,False,True
2023,3,3,1,RB,8205,Isiah Pacheco,RB,14.8,False,False
2023,3,3,2,RB,5850,Josh Jacobs,RB,9.5,False,True
2023,3,3,3,WR,1479,Keenan Allen,WR,36.46,False,True
2023,3,3,4,WR,5947,Jakobi Meyers,WR,12.0,False,False
2023,3,3,5,FLEX,4066,Evan Engram,TE,13.7,False,True
2023,3,3,6,REC_FLEX,5844,T.J. Hockenson,TE,13.8,False,True
2023,3,3,7,SUPER_FLEX,4892,Baker Mayfield,QB,10.04,False,False
2023,3,3,8,DEF,DAL,Dallas Cowboys,DEF,1.0,False,True
2023,3,4,0,QB,4046,Patrick Mahomes,QB,25.68,False,True
2023,3,4,1,RB,4137,James Conner,RB,18.6,False,True
2023,3,4,2,RB,6790,D'Andre Swift,RB,14.3,False,True
2023,3,4,3,WR,2133,Davante Adams,WR,35.7,False,True
2023,3,4,4,WR,8146,Garrett Wilson,WR,7.3,False,True
2023,3,4,5,FLEX,2309,Amari Cooper,WR,21.1,False,True
2023,3,4,6,REC_FLEX,8676,Rashid Shaheed,WR,6.0,False,False
2023,3,4,7,SUPER_FLEX,7562,Tutu Atwell,WR,15.2,False,True
2023,3,4,8,DEF,NYJ,New York Jets,DEF,4.0,False,True
2023,3,5,0,QB,4881,Lamar Jackson,QB,28.18,False,True
2023,3,5,1,RB,7528,Najee Harris,RB,6.5,False,True
2023,3,5,2,RB,3164,Ezekiel Elliott,RB,9.2,False,False
2023,3,5,3,WR,2449,Stefon Diggs,WR,15.1,False,True
2023,3,5,4,WR,5872,Deebo Samuel,WR,22.1,False,True
2023,3,5,5,FLEX,6819,Michael Pittman,WR,12.2,False,True
2023,3,5,6,REC_FLEX,7600,Pat Freiermuth,TE,13.1,False,True
2023,3,5,7,SUPER_FLEX,6768,Tua Tagovailoa,QB,28.36,False,True
2023,3,5,8,DEF,JAX,Jacksonville Jaguars,DEF,-4.0,False,True
2023,3,6,0,QB,7591,Justin Fields,QB,10.66,False,True
2023,3,6,1,RB,6845,Zack Moss,RB,21.5,False,False
2023,3,6,2,RB,7543,Travis Etienne,RB,15.8,False,True
2023,3,6,3,WR,5846,DK Metcalf,WR,14.2,False,True
2023,3,6,4,WR,4068,Mike Williams,WR,21.6,False,True
2023,3,6,5,FLEX,6783,Jerry Jeudy,WR,10.6,False,False
2023,3,6,6,REC_FLEX,8110,Jake Ferguson,TE,9.8,False,True
2023,3,6,7,SUPER_FLEX,3163,Jared Goff,QB,18.02,False,True
2023,3,6,8,DEF,NE,New England Patriots,DEF,10.0,False,True
2023,3,7,0,QB,4179,Joshua Dobbs,QB,17.06,False,False
2023,3,7,1,RB,4455,Matt Breida,RB,9.3,False,False
2023,3,7,2,RB,4018,Joe Mixon,RB,13.5,False,True
2023,3,7,3,WR,6794,Justin Jefferson,WR,24.4,False,True
2023,3,7,4,WR,5045,Courtland Sutton,WR,15.1,False,False
2023,3,7,5,FLEX,6943,Gabe Davis,WR,9.8,False,True
2023,3,7,6,REC_FLEX,5012,Mark Andrews,TE,7.5,False,True
2023,3,7,7,SUPER_FLEX,829,Andy Dalton,QB,23.54,False,True
2023,3,7,8,DEF,BUF,Buffalo Bills,DEF,33.0,False,True
2023,3,8,0,QB,6797,Justin Herbert,QB,29.3,False,True
2023,3,8,1,RB,5967,Tony Pollard,RB,13.6,False,True
2023,3,8,2,RB,8138,James Cook,RB,12.2,False,True
2023,3,8,3,WR,7547,Amon-Ra St. Brown,WR,15.1,False,True
2023,3,8,4,WR,9493,Puka Nacua,WR,9.7,False,True
2023,3,8,5,FLEX,9481,Luke Musgrave,TE,10.9,False,False
2023,3,8,6,REC_FLEX,9997,Zay Flowers,WR,9.0,False,True
2023,3,8,7,SUPER_FLEX,1166,Kirk Cousins,QB,25.68,False,True
2023,3,8,8,DEF,KC,Kansas City Chiefs,DEF,12.0,False,True
2023,3,9,0,QB,6904,Jalen Hurts,QB,19.88,False,True
2023,3,9,1,RB,6820,Clyde Edwards-Helaire,RB,12.2,False,True
2023,3,9,2,RB,1476,Latavius Murray,RB,8.6,False,True
2023,3,9,3,WR,2216,Mike Evans,WR,14.5,False,True
2023,3,9,4,WR,8137,George Pickens,WR,9.5,False,True
2023,3,9,5,FLEX,4217,George Kittle,TE,16.0,False,True
2023,3,9,6,REC_FLEX,8121,Romeo Doubs,WR,15.8,False,False
2023,3,9,7,SUPER_FLEX,8183,Brock Purdy,QB,20.3,False,True
2023,3,9,8,DEF,NO,New Orleans Saints,DEF,10.0,False,True
2023,3,10,0,QB,1234,Russell Wilson,QB,14.24,False,True
2023,3,10,1,RB,7588,Javonte Williams,RB,7.5,False,False
2023,3,10,2,RB,8151,Kenneth Walker,RB,29.1,False,True
2023,3,10,3,WR,3321,Tyreek Hill,WR,26.2,False,True
2023,3,10,4,WR,4981,Calvin Ridley,WR,5.5,False,True
2023,3,10,5,FLEX,10859,Sam LaPorta,TE,22.4,False,False
2023,3,10,6,REC_FLEX,3225,Tyler Boyd,WR,6.4,False,False
2023,3,10,7,SUPER_FLEX,421,Matthew Stafford,QB,11.46,False,True
2023,3,10,8,DEF,SF,San Francisco 49ers,DEF,8.0,False,True
2023,3,11,0,QB,4984,Josh Allen,QB,21.32,False,True
2023,3,11,1,RB,8150,Kyren Williams,RB,7.5,False,True
2023,3,11,2,RB,8143,Jerome Ford,RB,18.1,False,True
2023,3,11,3,WR,6786,CeeDee Lamb,WR,8.2,False,True
2023,3,11,4,WR,10229,Rashee Rice,WR,8.4,False,False
2023,3,11,5,FLEX,2161,Jerick McKinnon,RB,16.3,False,False
2023,3,11,6,REC_FLEX,4950,Christian Kirk,WR,13.4,False,True
2023,3,11,7,SUPER_FLEX,6804,Jordan Love,QB,24.26,False,True
2023,3,11,8,DEF,MIA,Miami Dolphins,DEF,10.0,False,True
2023,3,12,0,QB,4017,Deshaun Watson,QB,21.16,False,True
2023,3,12,1,RB,4034,Christian McCaffrey,RB,20.4,False,True
2023,3,12,2,RB,8154,Brian Robinson,RB,7.0,False,True
2023,3,12,3,WR,5859,A.J. Brown,WR,17.6,False,True
2023,3,12,4,WR,3199,Michael Thomas,WR,8.0,False,True
2023,3,12,5,FLEX,5987,Alexander Mattison,RB,15.0,False,True
2023,3,12,6,REC_FLEX,7553,Kyle Pitts,TE,8.7,False,False
2023,3,12,7,SUPER_FLEX,8168,Skyy Moore,WR,6.2,False,False
2023,3,12,8,DEF,PHI,Philadelphia Eagles,DEF,14.0,False,False
2023,4,1,0,QB,9758,C.J. Stroud,QB,21.84,False,True
2023,4,1,1,RB,7611,Rhamondre Stevenson,RB,5.0,False,True
2023,4,1,2,RB,8129,Dameon Pierce,RB,11.3,False,True
2023,4,1,3,WR,9502,Tank Dell,WR,3.4,False,True
2023,4,1,4,WR,4037,Chris Godwin,WR,15.4,False,False
2023,4,1,5,FLEX,7594,Chuba Hubbard,RB,6.3,False,False
2023,4,1,6,REC_FLEX,1466,Travis Kelce,TE,12.0,False,True
2023,4,1,7,SUPER_FLEX,8162,Sam Howell,QB,19.6,False,False
2023,4,1,8,DEF,SEA,Seattle Seahawks,DEF,32.0,False,True
2023,4,2,0,QB,3294,Dak Prescott,QB,14.34,False,True
2023,4,2,1,RB,9509,Bijan Robinson,RB,16.2,False,True
2023,4,2,2,RB,8228,Jaylen Warren,RB,8.5,False,False
2023,4,2,3,WR,7564,Ja'Marr Chase,WR,10.8,False,True
2023,4,2,4,WR,5848,Marquise Brown,WR,13.1,False,False
2023,4,2,5,FLEX,4983,DJ Moore,WR,23.1,False,True
2023,4,2,6,REC_FLEX,5927,Terry McLaurin,WR,18.6,False,True
2023,4,2,7,SUPER_FLEX,1049,Ryan Tannehill,QB,12.7,False,True
2023,4,2,8,DEF,PIT,Pittsburgh Steelers,DEF,0.0,False,True
2023,4,3,0,QB,7523,Trevor Lawrence,QB,16.48,False,True
2023,4,3,1,RB,8205,Isiah Pacheco,RB,23.3,False,True
2023,4,3,2,RB,5850,Josh Jacobs,RB,23.9,False,True
2023,4,3,3,WR,1479,Keenan Allen,WR,10.7,False,True
2023,4,3,4,WR,1689,Adam Thielen,WR,11.7,False,True
2023,4,3,5,FLEX,8155,Breece Hall,RB,8.4,False,False
2023,4,3,6,REC_FLEX,4066,Evan Engram,TE,12.9,False,True
2023,4,3,7,SUPER_FLEX,4892,Baker Mayfield,QB,22.94,False,False
2023,4,3,8,DEF,DAL,Dallas Cowboys,DEF,28.0,False,True
2023,4,4,0,QB,4046,Patrick Mahomes,QB,13.22,False,True
2023,4,4,1,RB,4137,James Conner,RB,6.1,False,True
2023,4,4,2,RB,6790,D'Andre Swift,RB,15.9,False,True
2023,4,4,3,WR,2133,Davante Adams,WR,11.5,False,True
2023,4,4,4,WR,8121,Romeo Doubs,WR,14.0,False,False
2023,4,4,5,FLEX,7562,Tutu Atwell,WR,4.9,False,True
2023,4,4,6,REC_FLEX,8146,Garrett Wilson,WR,10.5,False,False
2023,4,4,7,SUPER_FLEX,9229,Anthony Richardson,QB,29.6,False,True
2023,4,4,8,DEF,TB,Tampa Bay Buccaneers,DEF,15.0,False,True
2023,4,5,0,QB,4881,Lamar Jackson,QB,28.14,False,True
2023,4,5,1,RB,3198,Derrick Henry,RB,23.88,False,True
2023,4,5,2,RB,7528,Najee Harris,RB,10.8,False,True
2023,4,5,3,WR,2449,Stefon Diggs,WR,33.0,False,True
2023,4,5,4,WR,2197,Brandin Cooks,WR,4.7,False,False
2023,4,5,5,FLEX,5022,Dallas Goedert,TE,4.5,False,True
2023,4,5,6,REC_FLEX,7600,Pat Freiermuth,TE,3.7,False,True
2023,4,5,7,SUPER_FLEX,6768,Tua Tagovailoa,QB,13.98,False,True
2023,4,5,8,DEF,JAX,Jacksonville Jaguars,DEF,21.0,False,True
2023,4,6,0,QB,7591,Justin Fields,QB,27.9,False,True
2023,4,6,1,RB,7543,Travis Etienne,RB,8.7,False,True
2023,4,6,2,RB,6845,Zack Moss,RB,9.0,False,True
2023,4,6,3,WR,5846,DK Metcalf,WR,10.9,False,True
2023,4,6,4,WR,4171,Josh Reynolds,WR,8.4,False,False
2023,4,6,5,FLEX,8110,Jake Ferguson,TE,14.7,False,False
2023,4,6,6,REC_FLEX,7670,Joshua Palmer,WR,9.2,False,True
2023,4,6,7,SUPER_FLEX,3163,Jared Goff,QB,11.4,False,True
2023,4,6,8,DEF,CLE,Cleveland Browns,DEF,4.0,False,True
2023,4,7,0,QB,4179,Joshua Dobbs,QB,23.4,False,False
2023,4,7,1,RB,7608,Khalil Herbert,RB,20.2,False,False
2023,4,7,2,RB,4455,Matt Breida,RB,10.3,False,False
2023,4,7,3,WR,6794,Justin Jefferson,WR,23.5,False,True
2023,4,7,4,WR,5045,Courtland Sutton,WR,10.2,False,True
2023,4,7,5,FLEX,6943,Gabe Davis,WR,13.6,False,True
2023,4,7,6,REC_FLEX,5012,Mark Andrews,TE,25.0,False,True
2023,4,7,7,SUPER_FLEX,8119,Jahan Dotson,WR,10.7,False,False
2023,4,7,8,DEF,CIN,Cincinnati Bengals,DEF,6.0,False,True
2023,4,8,0,QB,6797,Justin Herbert,QB,23.38,False,True
2023,4,8,1,RB,5967,Tony Pollard,RB,7.5,False,True
2023,4,8,2,RB,9226,De'Von Achane,RB,25.5,False,False
2023,4,8,3,WR,7547,Amon-Ra St. Brown,WR,14.1,False,True
2023,4,8,4,WR,9493,Puka Nacua,WR,26.8,False,True
2023,4,8,5,FLEX,8138,James Cook,RB,14.2,False,True
2023,4,8,6,REC_FLEX,8167,Christian Watson,WR,9.5,False,False
2023,4,8,7,SUPER_FLEX,1166,Kirk Cousins,QB,9.56,False,True
2023,4,8,8,DEF,KC,Kansas City Chiefs,DEF,6.0,False,True
2023,4,9,0,QB,6904,Jalen Hurts,QB,24.16,False,True
2023,4,9,1,RB,4035,Alvin Kamara,RB,14.9,False,True
2023,4,9,2,RB,5892,David Montgomery,RB,33.1,False,True
2023,4,9,3,WR,9494,Marvin Mims,WR,5.7,False,False
2023,4,9,4,WR,1426,DeAndre Hopkins,WR,8.3,False,True
2023,4,9,5,FLEX,10236,Dalton Kincaid,TE,6.7,False,False
2023,4,9,6,REC_FLEX,7569,Nico Collins,WR,32.3,False,True
2023,4,9,7,SUPER_FLEX,8183,Brock Purdy,QB,21.32,False,True
2023,4,9,8,DEF,NE,New England Patriots,DEF,5.0,False,True
2023,4,10,0,QB,1234,Russell Wilson,QB,22.22,False,True
2023,4,10,1,RB,7045,Joshua Kelley,RB,6.5,False,False
2023,4,10,2,RB,8151,Kenneth Walker,RB,13.9,False,True
2023,4,10,3,WR,6803,Brandon Aiyuk,WR,17.8,False,True
2023,4,10,4,WR,4981,Calvin Ridley,WR,10.8,False,True
2023,4,10,5,FLEX,10859,Sam LaPorta,TE,9.6,False,True
2023,4,10,6,REC_FLEX,3214,Hunter Henry,TE,9.1,False,False
2023,4,10,7,SUPER_FLEX,421,Matthew Stafford,QB,16.16,False,True
2023,4,10,8,DEF,SF,San Francisco 49ers,DEF,2.0,False,True
2023,4,11,0,QB,4984,Josh Allen,QB,36.5,False,True
2023,4,11,1,RB,8150,Kyren Williams,RB,26.2,False,True
2023,4,11,2,RB,8136,Rachaad White,RB,9.3,False,False
2023,4,11,3,WR,6786,CeeDee Lamb,WR,12.8,False,True
2023,4,11,4,WR,7525,DeVonta Smith,WR,11.3,False,True
2023,4,11,5,FLEX,4033,David Njoku,TE,10.6,False,False
2023,4,11,6,REC_FLEX,4950,Christian Kirk,WR,12.4,False,True
2023,4,11,7,SUPER_FLEX,6804,Jordan Love,QB,17.64,False,True
2023,4,11,8,DEF,MIN,Minnesota Vikings,DEF,19.0,False,True
2023,4,12,0,QB,5870,Daniel Jones,QB,8.72,False,True
2023,4,12,1,RB,4034,Christian McCaffrey,RB,45.2,False,True
2023,4,12,2,RB,8154,Brian Robinson,RB,12.1,False,True
2023,4,12,3,WR,5859,A.J. Brown,WR,34.0,False,True
2023,4,12,4,WR,3199,Michael Thomas,WR,7.3,False,True
2023,4,12,5,FLEX,5987,Alexander Mattison,RB,10.3,False,True
2023,4,12,6,REC_FLEX,8112,Drake London,WR,10.3,False,True
2023,4,12,7,SUPER_FLEX,7553,Kyle Pitts,TE,4.1,False,False
2023,4,12,8,DEF,BAL,Baltimore Ravens,DEF,17.0,False,False
2023,5,1,0,QB,8162,Sam Howell,QB,25.42,False,True
2023,5,1,1,RB,7611,Rhamondre Stevenson,RB,2.4,False,True
2023,5,1,2,RB,8129,Dameon Pierce,RB,8.7,False,True
2023,5,1,3,WR,9502,Tank Dell,WR,6.8,False,True
2023,5,1,4,WR,4039,Cooper Kupp,WR,15.8,False,True
2023,5,1,5,FLEX,7562,Tutu Atwell,WR,7.9,False,False
2023,5,1,6,REC_FLEX,1466,Travis Kelce,TE,22.7,False,True
2023,5,1,7,SUPER_FLEX,9758,C.J. Stroud,QB,14.16,False,True
2023,5,1,8,DEF,NE,New England Patriots,DEF,1.0,False,True
2023,5,2,0,QB,1049,Ryan Tannehill,QB,9.76,False,True
2023,5,2,1,RB,9509,Bijan Robinson,RB,10.8,False,True
2023,5,2,2,RB,2749,Raheem Mostert,RB,14.8,False,True
2023,5,2,3,WR,5927,Terry McLaurin,WR,6.9,False,True
2023,5,2,4,WR,8144,Chris Olave,WR,8.2,False,True
2023,5,2,5,FLEX,5848,Marquise Brown,WR,14.1,False,True
2023,5,2,6,REC_FLEX,7564,Ja'Marr Chase,WR,44.7,False,True
2023,5,2,7,SUPER_FLEX,8228,Jaylen Warren,RB,9.4,False,False
2023,5,2,8,DEF,HOU,Houston Texans,DEF,6.0,False,True
2023,5,3,0,QB,7523,Trevor Lawrence,QB,15.7,False,True
2023,5,3,1,RB,8205,Isiah Pacheco,RB,12.9,False,True
2023,5,3,2,RB,5850,Josh Jacobs,RB,17.4,False,True
2023,5,3,3,WR,5947,Jakobi Meyers,WR,17.0,False,True
2023,5,3,4,WR,1689,Adam Thielen,WR,22.2,False,True
2023,5,3,5,FLEX,8155,Breece Hall,RB,26.9,False,True
2023,5,3,6,REC_FLEX,5844,T.J. Hockenson,TE,10.1,False,True
2023,5,3,7,SUPER_FLEX,6770,Joe Burrow,QB,23.38,False,True
2023,5,3,8,DEF,BUF,Buffalo Bills,DEF,12.0,False,True
2023,5,4,0,QB,4046,Patrick Mahomes,QB,19.24,False,True
2023,5,4,1,RB,4137,James Conner,RB,4.6,False,True
2023,5,4,2,RB,6790,D'Andre Swift,RB,13.8,False,True
2023,5,4,3,WR,4082,Curtis Samuel,WR,15.5,False,False
2023,5,4,4,WR,8146,Garrett Wilson,WR,6.9,False,True
2023,5,4,5,FLEX,6826,Cole Kmet,TE,15.2,False,False
2023,5,4,6,REC_FLEX,4217,George Kittle,TE,27.7,False,True
2023,5,4,7,SUPER_FLEX,4144,Jonnu Smith,TE,10.7,False,False
2023,5,4,8,DEF,IND,Indianapolis Colts,DEF,4.0,False,True
2023,5,5,0,QB,4881,Lamar Jackson,QB,9.94,False,True
2023,5,5,1,RB,3198,Derrick Henry,RB,7.7,False,True
2023,5,5,2,RB,6828,AJ Dillon,RB,13.6,False,False
2023,5,5,3,WR,2449,Stefon Diggs,WR,20.1,False,True
2023,5,5,4,WR,5872,Deebo Samuel,WR,10.0,False,True
2023,5,5,5,FLEX,5022,Dallas Goedert,TE,25.7,False,True
2023,5,5,6,REC_FLEX,4171,Josh Reynolds,WR,15.6,False,False
2023,5,5,7,SUPER_FLEX,6768,Tua Tagovailoa,QB,16.92,False,True
2023,5,5,8,DEF,MIA,Miami Dolphins,DEF,12.0,False,True
2023,5,6,0,QB,7591,Justin Fields,QB,32.98,False,True
2023,5,6,1,RB,7543,Travis Etienne,RB,34.4,False,True
2023,5,6,2,RB,6845,Zack Moss,RB,32.5,False,True
2023,5,6,3,WR,6783,Jerry Jeudy,WR,8.0,False,True
2023,5,6,4,WR,4983,DJ Moore,WR,45.0,False,True
2023,5,6,5,FLEX,5995,Justice Hill,RB,10.5,False,False
2023,5,6,6,REC_FLEX,9756,Jordan Addison,WR,15.4,False,False
2023,5,6,7,SUPER_FLEX,3163,Jared Goff,QB,27.44,False,True
2023,5,6,8,DEF,CLE,Cleveland Browns,DEF,0.0,False,False
2023,5,7,0,QB,4179,Joshua Dobbs,QB,8.74,False,True
2023,5,7,1,RB,11439,Jaleel McLaughlin,RB,16.4,False,False
2023,5,7,2,RB,4018,Joe Mixon,RB,11.4,False,True
2023,5,7,3,WR,8119,Jahan Dotson,WR,4.5,False,False
2023,5,7,4,WR,6943,Gabe Davis,WR,19.0,False,True
2023,5,7,5,FLEX,7608,Khalil Herbert,RB,7.6,False,False
2023,5,7,6,REC_FLEX,5012,Mark Andrews,TE,12.5,False,True
2023,5,7,7,SUPER_FLEX,9228,Bryce Young,QB,18.28,False,True
2023,5,7,8,DEF,CIN,Cincinnati Bengals,DEF,17.0,False,True
2023,5,8,0,QB,1166,Kirk Cousins,QB,19.86,False,True
2023,5,8,1,RB,5967,Tony Pollard,RB,6.4,False,True
2023,5,8,2,RB,9508,Tyjae Spears,RB,14.9,False,False
2023,5,8,3,WR,8167,Christian Watson,WR,10.1,False,True
2023,5,8,4,WR,9493,Puka Nacua,WR,16.6,False,True
2023,5,8,5,FLEX,9226,De'Von Achane,RB,21.0,False,True
2023,5,8,6,REC_FLEX,9997,Zay Flowers,WR,9.8,False,True
2023,5,8,7,SUPER_FLEX,1837,Jimmy Garoppolo,QB,10.72,False,True
2023,5,8,8,DEF,KC,Kansas City Chiefs,DEF,7.0,False,False
2023,5,9,0,QB,6904,Jalen Hurts,QB,27.32,False,True
2023,5,9,1,RB,4035,Alvin Kamara,RB,17.2,False,True
2023,5,9,2,RB,5892,David Montgomery,RB,19.9,False,True
2023,5,9,3,WR,7569,Nico Collins,WR,5.4,False,True
2023,5,9,4,WR,1426,DeAndre Hopkins,WR,18.0,False,True
2023,5,9,5,FLEX,7606,Kadarius Toney,WR,5.2,False,False
2023,5,9,6,REC_FLEX,8137,George Pickens,WR,23.6,False,True
2023,5,9,7,SUPER_FLEX,8183,Brock Purdy,QB,26.08,False,True
2023,5,9,8,DEF,DET,Detroit Lions,DEF,9.0,False,True
2023,5,10,0,QB,1234,Russell Wilson,QB,18.74,False,True
2023,5,10,1,RB,7588,Javonte Williams,RB,0.0,False,True
2023,5,10,2,RB,5890,Damien Harris,RB,1.3,False,True
2023,5,10,3,WR,3321,Tyreek Hill,WR,28.1,False,True
2023,5,10,4,WR,4981,Calvin Ridley,WR,17.1,False,True
2023,5,10,5,FLEX,10859,Sam LaPorta,TE,19.7,False,True
2023,5,10,6,REC_FLEX,2505,Darren Waller,TE,16.6,False,False
2023,5,10,7,SUPER_FLEX,421,Matthew Stafford,QB,16.88,False,True
2023,5,10,8,DEF,SF,San Francisco 49ers,DEF,17.0,False,True
2023,5,11,0,QB,4984,Josh Allen,QB,27.76,False,True
2023,5,11,1,RB,8150,Kyren Williams,RB,6.7,False,True
2023,5,11,2,RB,7594,Chuba Hubbard,RB,4.0,False,True
2023,5,11,3,WR,10229,Rashee Rice,WR,11.3,False,False
2023,5,11,4,WR,7526,Jaylen Waddle,WR,12.0,False,True
2023,5,11,5,FLEX,1339,Zach Ertz,TE,9.0,False,False
2023,5,11,6,REC_FLEX,4950,Christian Kirk,WR,11.4,False,True
2023,5,11,7,SUPER_FLEX,2028,Derek Carr,QB,15.72,False,False
2023,5,11,8,DEF,DEN,Denver Broncos,DEF,10.0,False,True
2023,5,12,0,QB,5870,Daniel Jones,QB,7.16,False,True
2023,5,12,1,RB,4034,Christian McCaffrey,RB,12.8,False,True
2023,5,12,2,RB,8154,Brian Robinson,RB,6.3,False,True
2023,5,12,3,WR,5859,A.J. Brown,WR,15.7,False,True
2023,5,12,4,WR,3199,Michael Thomas,WR,8.5,False,True
2023,5,12,5,FLEX,5987,Alexander Mattison,RB,11.6,False,True
2023,5,12,6,REC_FLEX,8112,Drake London,WR,11.68,False,True
2023,5,12,7,SUPER_FLEX,7553,Kyle Pitts,TE,15.7,False,False
2023,5,12,8,DEF,BAL,Baltimore Ravens,DEF,6.0,False,True
2023,6,1,0,QB,8162,Sam Howell,QB,18.34,False,True
2023,6,1,1,RB,7611,Rhamondre Stevenson,RB,15.5,False,True
2023,6,1,2,RB,8129,Dameon Pierce,RB,3.4,False,True
2023,6,1,3,WR,9997,Zay Flowers,WR,14.1,False,True
2023,6,1,4,WR,4039,Cooper Kupp,WR,24.3,False,True
2023,6,1,5,FLEX,4037,Chris Godwin,WR,10.7,False,True
2023,6,1,6,REC_FLEX,1466,Travis Kelce,TE,21.4,False,True
2023,6,1,7,SUPER_FLEX,9758,C.J. Stroud,QB,14.16,False,True
2023,6,1,8,DEF,ATL,Atlanta Falcons,DEF,5.0,False,True
2023,6,2,0,QB,3294,Dak Prescott,QB,24.88,False,True
2023,6,2,1,RB,9509,Bijan Robinson,RB,10.5,False,True
2023,6,2,2,RB,2749,Raheem Mostert,RB,32.7,False,True
2023,6,2,3,WR,7564,Ja'Marr Chase,WR,11.0,False,True
2023,6,2,4,WR,5846,DK Metcalf,WR,8.9,False,True
2023,6,2,5,FLEX,8144,Chris Olave,WR,13.1,False,True
2023,6,2,6,REC_FLEX,5927,Terry McLaurin,WR,11.1,False,True
2023,6,2,7,SUPER_FLEX,5848,Marquise Brown,WR,5.4,False,True
2023,6,2,8,DEF,JAX,Jacksonville Jaguars,DEF,13.0,False,True
2023,6,3,0,QB,7523,Trevor Lawrence,QB,14.74,False,True
2023,6,3,1,RB,8205,Isiah Pacheco,RB,12.8,False,True
2023,6,3,2,RB,8155,Breece Hall,RB,17.8,False,False
2023,6,3,3,WR,1479,Keenan Allen,WR,18.0,False,True
2023,6,3,4,WR,1689,Adam Thielen,WR,23.0,False,True
2023,6,3,5,FLEX,5947,Jakobi Meyers,WR,14.6,False,False
2023,6,3,6,REC_FLEX,2374,Tyler Lockett,WR,12.4,False,False
2023,6,3,7,SUPER_FLEX,6770,Joe Burrow,QB,13.8,False,True
2023,6,3,8,DEF,BUF,Buffalo Bills,DEF,7.0,False,True
2023,6,4,0,QB,4046,Patrick Mahomes,QB,17.34,False,True
2023,6,4,1,RB,4663,Austin Ekeler,RB,8.2,False,True
2023,6,4,2,RB,4111,D'Onta Foreman,RB,7.2,False,True
2023,6,4,3,WR,8146,Garrett Wilson,WR,13.0,False,True
2023,6,4,4,WR,9500,Josh Downs,WR,10.6,False,True
2023,6,4,5,FLEX,5133,Tyler Conklin,TE,5.4,False,True
2023,6,4,6,REC_FLEX,2309,Amari Cooper,WR,12.8,False,False
2023,6,4,7,SUPER_FLEX,4335,P.J. Walker,QB,3.78,False,False
2023,6,4,8,DEF,NO,New Orleans Saints,DEF,5.0,False,True
2023,6,5,0,QB,4881,Lamar Jackson,QB,17.12,False,True
2023,6,5,1,RB,3198,Derrick Henry,RB,18.3,False,True
2023,6,5,2,RB,5995,Justice Hill,RB,5.0,False,True
2023,6,5,3,WR,2449,Stefon Diggs,WR,15.0,False,True
2023,6,5,4,WR,4082,Curtis Samuel,WR,12.2,False,False
2023,6,5,5,FLEX,5022,Dallas Goedert,TE,9.2,False,True
2023,6,5,6,REC_FLEX,4171,Josh Reynolds,WR,6.5,False,False
2023,6,5,7,SUPER_FLEX,6768,Tua Tagovailoa,QB,22.48,False,True
2023,6,5,8,DEF,MIA,Miami Dolphins,DEF,6.0,False,True
2023,6,6,0,QB,3163,Jared Goff,QB,22.42,False,False
2023,6,6,1,RB,7543,Travis Etienne,RB,21.8,False,True
2023,6,6,2,RB,6845,Zack Moss,RB,14.9,False,True
2023,6,6,3,WR,9756,Jordan Addison,WR,10.3,False,True
2023,6,6,4,WR,8148,Jameson Williams,WR,12.3,False,False
2023,6,6,5,FLEX,4098,Kareem Hunt,RB,14.6,False,False
2023,6,6,6,REC_FLEX,6819,Michael Pittman,WR,15.4,False,True
2023,6,6,7,SUPER_FLEX,8159,Desmond Ridder,QB,16.08,False,True
2023,6,6,8,DEF,CLE,Cleveland Browns,DEF,6.0,False,True
2023,6,7,0,QB,9228,Bryce Young,QB,12.68,False,False
2023,6,7,1,RB,4866,Saquon Barkley,RB,11.8,False,True
2023,6,7,2,RB,4018,Joe Mixon,RB,7.7,False,True
2023,6,7,3,WR,5045,Courtland Sutton,WR,12.6,False,True
2023,6,7,4,WR,6943,Gabe Davis,WR,1.6,False,True
2023,6,7,5,FLEX,11439,Jaleel McLaughlin,RB,5.2,False,False
2023,6,7,6,REC_FLEX,5012,Mark Andrews,TE,10.9,False,True
2023,6,7,7,SUPER_FLEX,1373,Geno Smith,QB,11.04,False,True
2023,6,7,8,DEF,LV,Las Vegas Raiders,DEF,9.0,False,True
2023,6,8,0,QB,6797,Justin Herbert,QB,18.58,False,True
2023,6,8,1,RB,5967,Tony Pollard,RB,14.0,False,True
2023,6,8,2,RB,8138,James Cook,RB,7.1,False,True
2023,6,8,3,WR,7547,Amon-Ra St. Brown,WR,24.4,False,True
2023,6,8,4,WR,9493,Puka Nacua,WR,4.6,False,True
2023,6,8,5,FLEX,9508,Tyjae Spears,RB,6.8,False,True
2023,6,8,6,REC_FLEX,7601,Rondale Moore,WR,4.6,False,False
2023,6,8,7,SUPER_FLEX,1837,Jimmy Garoppolo,QB,8.88,False,False
2023,6,8,8,DEF,KC,Kansas City Chiefs,DEF,15.0,False,True
2023,6,9,0,QB,6904,Jalen Hurts,QB,19.9,False,True
2023,6,9,1,RB,4035,Alvin Kamara,RB,13.9,False,True
2023,6,9,2,RB,3164,Ezekiel Elliott,RB,11.4,False,False
2023,6,9,3,WR,10232,Michael Wilson,WR,7.7,False,False
2023,6,9,4,WR,2216,Mike Evans,WR,6.9,False,True
2023,6,9,5,FLEX,6813,Jonathan Taylor,RB,9.0,False,True
2023,6,9,6,REC_FLEX,7569,Nico Collins,WR,10.0,False,True
2023,6,9,7,SUPER_FLEX,8183,Brock Purdy,QB,7.7,False,True
2023,6,9,8,DEF,DET,Detroit Lions,DEF,10.0,False,True
2023,6,10,0,QB,421,Matthew Stafford,QB,13.24,False,True
2023,6,10,1,RB,6790,D'Andre Swift,RB,13.8,False,True
2023,6,10,2,RB,8151,Kenneth Walker,RB,16.4,False,True
2023,6,10,3,WR,3321,Tyreek Hill,WR,25.3,False,True
2023,6,10,4,WR,3225,Tyler Boyd,WR,13.3,False,False
2023,6,10,5,FLEX,6918,Salvon Ahmed,RB,10.9,False,False
2023,6,10,6,REC_FLEX,6803,Brandon Aiyuk,WR,9.6,False,True
2023,6,10,7,SUPER_FLEX,5001,Dalton Schultz,TE,16.1,False,False
2023,6,10,8,DEF,SF,San Francisco 49ers,DEF,8.0,False,True
2023,6,11,0,QB,4984,Josh Allen,QB,13.86,False,True
2023,6,11,1,RB,8150,Kyren Williams,RB,21.8,False,True
2023,6,11,2,RB,7594,Chuba Hubbard,RB,15.5,False,False
2023,6,11,3,WR,6786,CeeDee Lamb,WR,15.2,False,True
2023,6,11,4,WR,7526,Jaylen Waddle,WR,14.6,False,True
2023,6,11,5,FLEX,8143,Jerome Ford,RB,10.1,False,False
2023,6,11,6,REC_FLEX,4950,Christian Kirk,WR,12.4,False,True
2023,6,11,7,SUPER_FLEX,2028,Derek Carr,QB,16.32,False,True
2023,6,11,8,DEF,LAR,Los Angeles Rams,DEF,11.0,False,True
2023,6,12,0,QB,6011,Gardner Minshew,QB,9.56,False,True
2023,6,12,1,RB,4034,Christian McCaffrey,RB,12.7,False,True
2023,6,12,2,RB,8154,Brian Robinson,RB,12.6,False,True
2023,6,12,3,WR,5859,A.J. Brown,WR,16.6,False,True
2023,6,12,4,WR,8126,Wan'Dale Robinson,WR,10.2,False,False
2023,6,12,5,FLEX,5987,Alexander Mattison,RB,9.2,False,True
2023,6,12,6,REC_FLEX,8112,Drake London,WR,17.0,False,True
2023,6,12,7,SUPER_FLEX,7553,Kyle Pitts,TE,14.3,False,True
2023,6,12,8,DEF,BAL,Baltimore Ravens,DEF,10.0,False,False
2023,7,1,0,QB,8162,Sam Howell,QB,9.46,False,True
2023,7,1,1,RB,7611,Rhamondre Stevenson,RB,11.5,False,True
2023,7,1,2,RB,9221,Jahmyr Gibbs,RB,23.1,False,True
2023,7,1,3,WR,9997,Zay Flowers,WR,9.5,False,True
2023,7,1,4,WR,4037,Chris Godwin,WR,9.6,False,True
2023,7,1,5,FLEX,4039,Cooper Kupp,WR,5.9,False,True
2023,7,1,6,REC_FLEX,1466,Travis Kelce,TE,35.9,False,True
2023,7,1,7,SUPER_FLEX,5937,Diontae Johnson,WR,10.4,False,True
2023,7,1,8,DEF,GB,Green Bay Packers,DEF,2.0,False,True
2023,7,2,0,QB,7527,Mac Jones,QB,19.98,False,True
2023,7,2,1,RB,9509,Bijan Robinson,RB,0.3,False,True
2023,7,2,2,RB,2749,Raheem Mostert,RB,5.6,False,True
2023,7,2,3,WR,5927,Terry McLaurin,WR,12.0,False,True
2023,7,2,4,WR,8144,Chris Olave,WR,9.2,False,True
2023,7,2,5,FLEX,8228,Jaylen Warren,RB,9.6,False,True
2023,7,2,6,REC_FLEX,5848,Marquise Brown,WR,6.4,False,True
2023,7,2,7,SUPER_FLEX,827,Tyrod Taylor,QB,21.66,False,True
2023,7,2,8,DEF,PHI,Philadelphia Eagles,DEF,10.0,False,True
2023,7,3,0,QB,4892,Baker Mayfield,QB,16.2,False,True
2023,7,3,1,RB,8205,Isiah Pacheco,RB,14.0,False,True
2023,7,3,2,RB,5248,Gus Edwards,RB,20.9,False,False
2023,7,3,3,WR,5947,Jakobi Meyers,WR,14.5,False,True
2023,7,3,4,WR,1479,Keenan Allen,WR,7.5,False,True
2023,7,3,5,FLEX,4066,Evan Engram,TE,9.5,False,True
2023,7,3,6,REC_FLEX,5844,T.J. Hockenson,TE,19.6,False,True
2023,7,3,7,SUPER_FLEX,7523,Trevor Lawrence,QB,18.06,False,True
2023,7,3,8,DEF,BUF,Buffalo Bills,DEF,3.0,False,True
2023,7,4,0,QB,4046,Patrick Mahomes,QB,33.86,False,True
2023,7,4,1,RB,4663,Austin Ekeler,RB,5.1,False,True
2023,7,4,2,RB,5046,Royce Freeman,RB,6.6,False,True
2023,7,4,3,WR,2309,Amari Cooper,WR,3.2,False,True
2023,7,4,4,WR,8121,Romeo Doubs,WR,10.0,False,True
2023,7,4,5,FLEX,5916,Darrell Henderson,RB,13.1,False,False
2023,7,4,6,REC_FLEX,5022,Dallas Goedert,TE,18.7,False,True
2023,7,4,7,SUPER_FLEX,11256,Tyson Bagent,QB,12.88,False,True
2023,7,4,8,DEF,TB,Tampa Bay Buccaneers,DEF,8.0,False,True
2023,7,5,0,QB,4881,Lamar Jackson,QB,33.88,False,True
2023,7,5,1,RB,7528,Najee Harris,RB,14.3,False,True
2023,7,5,2,RB,4111,D'Onta Foreman,RB,31.5,False,True
2023,7,5,3,WR,2449,Stefon Diggs,WR,14.8,False,True
2023,7,5,4,WR,4082,Curtis Samuel,WR,4.5,False,True
2023,7,5,5,FLEX,6828,AJ Dillon,RB,10.5,False,False
2023,7,5,6,REC_FLEX,4217,George Kittle,TE,13.0,False,True
2023,7,5,7,SUPER_FLEX,6768,Tua Tagovailoa,QB,10.34,False,True
2023,7,5,8,DEF,WAS,Washington Commanders,DEF,9.0,False,True
2023,7,6,0,QB,3163,Jared Goff,QB,9.36,False,True
2023,7,6,1,RB,7543,Travis Etienne,RB,21.2,False,True
2023,7,6,2,RB,4098,Kareem Hunt,RB,15.1,False,True
2023,7,6,3,WR,9756,Jordan Addison,WR,27.8,False,True
2023,7,6,4,WR,4983,DJ Moore,WR,9.4,False,True
2023,7,6,5,FLEX,7670,Joshua Palmer,WR,15.8,False,True
2023,7,6,6,REC_FLEX,6819,Michael Pittman,WR,15.3,False,True
2023,7,6,7,SUPER_FLEX,8159,Desmond Ridder,QB,13.8,False,True
2023,7,6,8,DEF,CLE,Cleveland Browns,DEF,20.0,False,True
2023,7,7,0,QB,4179,Joshua Dobbs,QB,16.14,False,True
2023,7,7,1,RB,4866,Saquon Barkley,RB,17.3,False,True
2023,7,7,2,RB,4199,Aaron Jones,RB,7.2,False,True
2023,7,7,3,WR,7547,Amon-Ra St. Brown,WR,16.7,False,True
2023,7,7,4,WR,6943,Gabe Davis,WR,1.1,False,True
2023,7,7,5,FLEX,11439,Jaleel McLaughlin,RB,5.1,False,True
2023,7,7,6,REC_FLEX,8167,Christian Watson,WR,4.2,False,True
2023,7,7,7,SUPER_FLEX,1166,Kirk Cousins,QB,21.02,False,False
2023,7,7,8,DEF,LV,Las Vegas Raiders,DEF,5.0,False,True
2023,7,8,0,QB,6797,Justin Herbert,QB,10.86,False,True
2023,7,8,1,RB,8408,Jordan Mason,RB,0.0,False,True
2023,7,8,2,RB,8138,James Cook,RB,17.7,False,True
2023,7,8,3,WR,9493,Puka Nacua,WR,19.4,False,True
2023,7,8,4,WR,9500,Josh Downs,WR,21.0,False,False
2023,7,8,5,FLEX,8119,Jahan Dotson,WR,6.8,False,True
2023,7,8,6,REC_FLEX,9481,Luke Musgrave,TE,7.0,False,True
2023,7,8,7,SUPER_FLEX,8183,Brock Purdy,QB,12.78,False,True
2023,7,8,8,DEF,DEN,Denver Broncos,DEF,3.0,False,True
2023,7,9,0,QB,6904,Jalen Hurts,QB,23.26,False,True
2023,7,9,1,RB,4035,Alvin Kamara,RB,23.3,False,True
2023,7,9,2,RB,6813,Jonathan Taylor,RB,19.5,False,True
2023,7,9,3,WR,2216,Mike Evans,WR,17.2,False,True
2023,7,9,4,WR,5045,Courtland Sutton,WR,16.6,False,False
2023,7,9,5,FLEX,9488,Jaxon Smith-Njigba,WR,14.3,False,True
2023,7,9,6,REC_FLEX,5012,Mark Andrews,TE,22.3,False,True
2023,7,9,7,SUPER_FLEX,8160,Kenny Pickett,QB,15.2,False,True
2023,7,9,8,DEF,PIT,Pittsburgh Steelers,DEF,5.0,False,False
2023,7,10,0,QB,1234,Russell Wilson,QB,13.86,False,True
2023,7,10,1,RB,7588,Javonte Williams,RB,11.1,False,False
2023,7,10,2,RB,8151,Kenneth Walker,RB,12.1,False,True
2023,7,10,3,WR,3321,Tyreek Hill,WR,20.3,False,True
2023,7,10,4,WR,2133,Davante Adams,WR,9.2,False,True
2023,7,10,5,FLEX,2505,Darren Waller,TE,22.8,False,False
2023,7,10,6,REC_FLEX,10859,Sam LaPorta,TE,11.2,False,True
2023,7,10,7,SUPER_FLEX,421,Matthew Stafford,QB,14.04,False,True
2023,7,10,8,DEF,SF,San Francisco 49ers,DEF,2.0,False,True
2023,7,11,0,QB,4984,Josh Allen,QB,24.3,False,True
2023,7,11,1,RB,8143,Jerome Ford,RB,16.4,False,True
2023,7,11,2,RB,8136,Rachaad White,RB,12.9,False,True
2023,7,11,3,WR,7526,Jaylen Waddle,WR,9.3,False,True
2023,7,11,4,WR,7562,Tutu Atwell,WR,9.6,False,False
2023,7,11,5,FLEX,10229,Rashee Rice,WR,14.5,False,True
2023,7,11,6,REC_FLEX,4950,Christian Kirk,WR,16.0,False,True
2023,7,11,7,SUPER_FLEX,2028,Derek Carr,QB,17.44,False,False
2023,7,11,8,DEF,LAR,Los Angeles Rams,DEF,3.0,False,True
2023,7,12,0,QB,6011,Gardner Minshew,QB,27.1,False,True
2023,7,12,1,RB,4034,Christian McCaffrey,RB,21.1,False,True
2023,7,12,2,RB,8154,Brian Robinson,RB,8.3,False,True
2023,7,12,3,WR,5859,A.J. Brown,WR,24.7,False,True
2023,7,12,4,WR,3199,Michael Thomas,WR,11.7,False,False
2023,7,12,5,FLEX,7553,Kyle Pitts,TE,7.7,False,True
2023,7,12,6,REC_FLEX,8112,Drake London,WR,8.4,False,True
2023,7,12,7,SUPER_FLEX,8132,Tyler Allgeier,RB,12.7,False,False
2023,7,12,8,DEF,BAL,Baltimore Ravens,DEF,16.0,False,False
2023,8,1,0,QB,8162,Sam Howell,QB,30.98,False,True
2023,8,1,1,RB,7611,Rhamondre Stevenson,RB,6.0,False,True
2023,8,1,2,RB,8129,Dameon Pierce,RB,4.6,False,True
2023,8,1,3,WR,4037,Chris Godwin,WR,15.3,False,False
2023,8,1,4,WR,5937,Diontae Johnson,WR,12.5,False,False
2023,8,1,5,FLEX,9221,Jahmyr Gibbs,RB,27.4,False,True
2023,8,1,6,REC_FLEX,1466,Travis Kelce,TE,11.8,False,True
2023,8,1,7,SUPER_FLEX,9758,C.J. Stroud,QB,12.9,False,True
2023,8,1,8,DEF,HOU,Houston Texans,DEF,7.0,False,True
2023,8,2,0,QB,3294,Dak Prescott,QB,28.06,False,True
2023,8,2,1,RB,9509,Bijan Robinson,RB,12.2,False,True
2023,8,2,2,RB,2749,Raheem Mostert,RB,10.6,False,True
2023,8,2,3,WR,5927,Terry McLaurin,WR,14.8,False,True
2023,8,2,4,WR,5848,Marquise Brown,WR,12.3,False,False
2023,8,2,5,FLEX,7564,Ja'Marr Chase,WR,20.2,False,True
2023,8,2,6,REC_FLEX,5846,DK Metcalf,WR,9.2,False,True
2023,8,2,7,SUPER_FLEX,7527,Mac Jones,QB,12.24,False,True
2023,8,2,8,DEF,PHI,Philadelphia Eagles,DEF,3.0,False,True
2023,8,3,0,QB,4892,Baker Mayfield,QB,21.38,False,False
2023,8,3,1,RB,5248,Gus Edwards,RB,28.4,False,False
2023,8,3,2,RB,8155,Breece Hall,RB,18.3,False,True
2023,8,3,3,WR,2374,Tyler Lockett,WR,18.1,False,False
2023,8,3,4,WR,1689,Adam Thielen,WR,11.2,False,True
2023,8,3,5,FLEX,4066,Evan Engram,TE,16.8,False,False
2023,8,3,6,REC_FLEX,5844,T.J. Hockenson,TE,20.8,False,True
2023,8,3,7,SUPER_FLEX,6770,Joe Burrow,QB,27.62,False,True
2023,8,3,8,DEF,DAL,Dallas Cowboys,DEF,15.0,False,False
2023,8,4,0,QB,11256,Tyson Bagent,QB,11.18,False,True
2023,8,4,1,RB,4663,Austin Ekeler,RB,19.8,False,True
2023,8,4,2,RB,5916,Darrell Henderson,RB,10.0,False,True
2023,8,4,3,WR,8146,Garrett Wilson,WR,14.1,False,True
2023,8,4,4,WR,2309,Amari Cooper,WR,11.9,False,True
2023,8,4,5,FLEX,8121,Romeo Doubs,WR,9.8,False,True
2023,8,4,6,REC_FLEX,2197,Brandin Cooks,WR,12.7,False,False
2023,8,4,7,SUPER_FLEX,5046,Royce Freeman,RB,10.4,False,False
2023,8,4,8,DEF,JAX,Jacksonville Jaguars,DEF,12.0,False,True
2023,8,5,0,QB,4881,Lamar Jackson,QB,11.98,False,True
2023,8,5,1,RB,3198,Derrick Henry,RB,14.2,False,True
2023,8,5,2,RB,7528,Najee Harris,RB,8.0,False,True
2023,8,5,3,WR,2449,Stefon Diggs,WR,11.5,False,True
2023,8,5,4,WR,8119,Jahan Dotson,WR,20.8,False,False
2023,8,5,5,FLEX,4217,George Kittle,TE,23.9,False,True
2023,8,5,6,REC_FLEX,2251,Logan Thomas,TE,16.4,False,True
2023,8,5,7,SUPER_FLEX,6768,Tua Tagovailoa,QB,21.76,False,True
2023,8,5,8,DEF,MIA,Miami Dolphins,DEF,6.0,False,True
2023,8,6,0,QB,3163,Jared Goff,QB,12.68,False,True
2023,8,6,1,RB,7543,Travis Etienne,RB,24.4,False,True
2023,8,6,2,RB,4098,Kareem Hunt,RB,13.2,False,True
2023,8,6,3,WR,9756,Jordan Addison,WR,17.9,False,True
2023,8,6,4,WR,6783,Jerry Jeudy,WR,12.0,False,False
2023,8,6,5,FLEX,6845,Zack Moss,RB,13.9,False,False
2023,8,6,6,REC_FLEX,6819,Michael Pittman,WR,14.0,False,True
2023,8,6,7,SUPER_FLEX,8110,Jake Ferguson,TE,14.7,False,False
2023,8,6,8,DEF,CLE,Cleveland Browns,DEF,6.0,False,True
2023,8,7,0,QB,1166,Kirk Cousins,QB,19.86,False,True
2023,8,7,1,RB,4866,Saquon Barkley,RB,14.3,False,True
2023,8,7,2,RB,4199,Aaron Jones,RB,6.6,False,True
2023,8,7,3,WR,7547,Amon-Ra St. Brown,WR,13.8,False,True
2023,8,7,4,WR,6943,Gabe Davis,WR,19.2,False,True
2023,8,7,5,FLEX,9508,Tyjae Spears,RB,5.1,False,False
2023,8,7,6,REC_FLEX,6801,Tee Higgins,WR,9.4,False,True
2023,8,7,7,SUPER_FLEX,4179,Joshua Dobbs,QB,22.92,False,False
2023,8,7,8,DEF,KC,Kansas City Chiefs,DEF,12.0,False,True
2023,8,8,0,QB,6797,Justin Herbert,QB,24.02,False,True
2023,8,8,1,RB,5967,Tony Pollard,RB,6.0,False,True
2023,8,8,2,RB,8138,James Cook,RB,7.8,False,True
2023,8,8,3,WR,9493,Puka Nacua,WR,5.8,False,True
2023,8,8,4,WR,7569,Nico Collins,WR,5.0,False,True
2023,8,8,5,FLEX,9500,Josh Downs,WR,10.7,False,True
2023,8,8,6,REC_FLEX,10236,Dalton Kincaid,TE,17.5,False,True
2023,8,8,7,SUPER_FLEX,8183,Brock Purdy,QB,18.3,False,True
2023,8,8,8,DEF,NYJ,New York Jets,DEF,9.0,False,True
2023,8,9,0,QB,6904,Jalen Hurts,QB,27.36,False,True
2023,8,9,1,RB,4035,Alvin Kamara,RB,25.0,False,True
2023,8,9,2,RB,4018,Joe Mixon,RB,18.5,False,True
2023,8,9,3,WR,2216,Mike Evans,WR,11.4,False,True
2023,8,9,4,WR,4454,Kendrick Bourne,WR,11.1,False,False
2023,8,9,5,FLEX,1426,DeAndre Hopkins,WR,32.8,False,False
2023,8,9,6,REC_FLEX,5012,Mark Andrews,TE,14.0,False,True
2023,8,9,7,SUPER_FLEX,9999,Will Levis,QB,26.62,False,False
2023,8,9,8,DEF,DET,Detroit Lions,DEF,13.0,False,True
2023,8,10,0,QB,421,Matthew Stafford,QB,11.38,False,True
2023,8,10,1,RB,6790,D'Andre Swift,RB,13.4,False,True
2023,8,10,2,RB,7588,Javonte Williams,RB,17.3,False,False
2023,8,10,3,WR,3321,Tyreek Hill,WR,21.2,False,True
2023,8,10,4,WR,3225,Tyler Boyd,WR,12.1,False,False
2023,8,10,5,FLEX,6803,Brandon Aiyuk,WR,13.4,False,True
2023,8,10,6,REC_FLEX,10859,Sam LaPorta,TE,19.7,False,True
2023,8,10,7,SUPER_FLEX,1234,Russell Wilson,QB,17.56,False,False
2023,8,10,8,DEF,SF,San Francisco 49ers,DEF,6.0,False,True
2023,8,11,0,QB,4984,Josh Allen,QB,29.06,False,True
2023,8,11,1,RB,8136,Rachaad White,RB,14.4,False,True
2023,8,11,2,RB,7594,Chuba Hubbard,RB,6.4,False,True
2023,8,11,3,WR,7526,Jaylen Waddle,WR,21.6,False,True
2023,8,11,4,WR,7525,DeVonta Smith,WR,19.4,False,True
2023,8,11,5,FLEX,6786,CeeDee Lamb,WR,35.0,False,True
2023,8,11,6,REC_FLEX,6826,Cole Kmet,TE,17.9,False,False
2023,8,11,7,SUPER_FLEX,2028,Derek Carr,QB,18.3,False,False
2023,8,11,8,DEF,ATL,Atlanta Falcons,DEF,3.0,False,True
2023,8,12,0,QB,6011,Gardner Minshew,QB,14.82,False,True
2023,8,12,1,RB,4034,Christian McCaffrey,RB,26.8,False,True
2023,8,12,2,RB,5987,Alexander Mattison,RB,3.8,False,True
2023,8,12,3,WR,5859,A.J. Brown,WR,29.0,False,True
2023,8,12,4,WR,3199,Michael Thomas,WR,8.8,False,True
2023,8,12,5,FLEX,7553,Kyle Pitts,TE,6.5,False,True
2023,8,12,6,REC_FLEX,8112,Drake London,WR,8.0,False,True
2023,8,12,7,SUPER_FLEX,8154,Brian Robinson,RB,8.9,False,True
2023,8,12,8,DEF,SEA,Seattle Seahawks,DEF,11.0,False,False
2023,9,1,0,QB,8162,Sam Howell,QB,17.7,False,True
2023,9,1,1,RB,7611,Rhamondre Stevenson,RB,20.9,False,True
2023,9,1,2,RB,6130,Devin Singletary,RB,3.6,False,True
2023,9,1,3,WR,9502,Tank Dell,WR,26.6,False,False
2023,9,1,4,WR,4039,Cooper Kupp,WR,5.8,False,True
2023,9,1,5,FLEX,5937,Diontae Johnson,WR,18.5,False,False
2023,9,1,6,REC_FLEX,8146,Garrett Wilson,WR,9.5,False,True
2023,9,1,7,SUPER_FLEX,9758,C.J. Stroud,QB,41.8,False,True
2023,9,1,8,DEF,NE,New England Patriots,DEF,9.0,False,True
2023,9,2,0,QB,3294,Dak Prescott,QB,28.36,False,True
2023,9,2,1,RB,8228,Jaylen Warren,RB,12.8,False,False
2023,9,2,2,RB,2749,Raheem Mostert,RB,14.5,False,True
2023,9,2,3,WR,8144,Chris Olave,WR,13.6,False,True
2023,9,2,4,WR,9501,DeMario Douglas,WR,8.0,False,False
2023,9,2,5,FLEX,7564,Ja'Marr Chase,WR,6.1,False,True
2023,9,2,6,REC_FLEX,5927,Terry McLaurin,WR,9.8,False,True
2023,9,2,7,SUPER_FLEX,7527,Mac Jones,QB,11.1,False,True
2023,9,2,8,DEF,PHI,Philadelphia Eagles,DEF,8.0,False,True
2023,9,3,0,QB,4892,Baker Mayfield,QB,19.0,False,True
2023,9,3,1,RB,5248,Gus Edwards,RB,17.2,False,False
2023,9,3,2,RB,5850,Josh Jacobs,RB,21.8,False,True
2023,9,3,3,WR,1479,Keenan Allen,WR,11.7,False,True
2023,9,3,4,WR,5947,Jakobi Meyers,WR,12.5,False,False
2023,9,3,5,FLEX,8155,Breece Hall,RB,8.0,False,True
2023,9,3,6,REC_FLEX,5844,T.J. Hockenson,TE,13.9,False,True
2023,9,3,7,SUPER_FLEX,6770,Joe Burrow,QB,22.32,False,True
2023,9,3,8,DEF,DAL,Dallas Cowboys,DEF,4.0,False,False
2023,9,4,0,QB,4046,Patrick Mahomes,QB,15.8,False,True
2023,9,4,1,RB,4663,Austin Ekeler,RB,20.0,False,True
2023,9,4,2,RB,5916,Darrell Henderson,RB,4.5,False,True
2023,9,4,3,WR,2309,Amari Cooper,WR,22.4,False,True
2023,9,4,4,WR,8135,Treylon Burks,WR,3.8,False,False
2023,9,4,5,FLEX,5001,Dalton Schultz,TE,27.0,False,False
2023,9,4,6,REC_FLEX,5022,Dallas Goedert,TE,8.0,False,True
2023,9,4,7,SUPER_FLEX,2711,Taylor Heinicke,QB,14.72,False,True
2023,9,4,8,DEF,CIN,Cincinnati Bengals,DEF,7.0,False,True
2023,9,5,0,QB,4881,Lamar Jackson,QB,11.48,False,True
2023,9,5,1,RB,3198,Derrick Henry,RB,17.7,False,True
2023,9,5,2,RB,7528,Najee Harris,RB,14.6,False,True
2023,9,5,3,WR,2449,Stefon Diggs,WR,19.6,False,True
2023,9,5,4,WR,8119,Jahan Dotson,WR,14.9,False,True
2023,9,5,5,FLEX,4111,D'Onta Foreman,RB,8.3,False,False
2023,9,5,6,REC_FLEX,4033,David Njoku,TE,12.6,False,False
2023,9,5,7,SUPER_FLEX,6768,Tua Tagovailoa,QB,12.42,False,True
2023,9,5,8,DEF,LV,Las Vegas Raiders,DEF,20.0,False,True
2023,9,6,0,QB,10866,Aidan O'Connell,QB,8.36,False,True
2023,9,6,1,RB,4098,Kareem Hunt,RB,9.8,False,True
2023,9,6,2,RB,6845,Zack Moss,RB,2.6,False,True
2023,9,6,3,WR,9756,Jordan Addison,WR,7.7,False,True
2023,9,6,4,WR,4983,DJ Moore,WR,3.9,False,True
2023,9,6,5,FLEX,6819,Michael Pittman,WR,10.4,False,True
2023,9,6,6,REC_FLEX,8110,Jake Ferguson,TE,22.1,False,True
2023,9,6,7,SUPER_FLEX,6037,Brett Rypien,QB,3.1,False,True
2023,9,6,8,DEF,CLE,Cleveland Browns,DEF,24.0,False,True
2023,9,7,0,QB,4179,Joshua Dobbs,QB,24.92,False,False
2023,9,7,1,RB,4866,Saquon Barkley,RB,12.8,False,True
2023,9,7,2,RB,4199,Aaron Jones,RB,15.9,False,True
2023,9,7,3,WR,6801,Tee Higgins,WR,15.0,False,True
2023,9,7,4,WR,8167,Christian Watson,WR,4.2,False,True
2023,9,7,5,FLEX,5284,Jeff Wilson,RB,5.3,False,False
2023,9,7,6,REC_FLEX,8130,Trey McBride,TE,5.2,False,True
2023,9,7,7,SUPER_FLEX,9228,Bryce Young,QB,9.02,False,True
2023,9,7,8,DEF,TEN,Tennessee Titans,DEF,1.0,False,True
2023,9,8,0,QB,6797,Justin Herbert,QB,7.14,False,True
2023,9,8,1,RB,5967,Tony Pollard,RB,7.8,False,True
2023,9,8,2,RB,8138,James Cook,RB,5.9,False,True
2023,9,8,3,WR,9493,Puka Nacua,WR,4.7,False,True
2023,9,8,4,WR,7569,Nico Collins,WR,12.9,False,True
2023,9,8,5,FLEX,7045,Joshua Kelley,RB,2.7,False,False
2023,9,8,6,REC_FLEX,10236,Dalton Kincaid,TE,16.1,False,True
2023,9,8,7,SUPER_FLEX,3164,Ezekiel Elliott,RB,4.7,False,False
2023,9,8,8,DEF,NO,New Orleans Saints,DEF,15.0,False,True
2023,9,9,0,QB,6904,Jalen Hurts,QB,25.88,False,True
2023,9,9,1,RB,4035,Alvin Kamara,RB,9.0,False,True
2023,9,9,2,RB,6813,Jonathan Taylor,RB,15.4,False,True
2023,9,9,3,WR,9488,Jaxon Smith-Njigba,WR,9.3,False,False
2023,9,9,4,WR,2216,Mike Evans,WR,10.7,False,True
2023,9,9,5,FLEX,4018,Joe Mixon,RB,15.3,False,True
2023,9,9,6,REC_FLEX,5012,Mark Andrews,TE,17.0,False,True
2023,9,9,7,SUPER_FLEX,8160,Kenny Pickett,QB,10.3,False,False
2023,9,9,8,DEF,PIT,Pittsburgh Steelers,DEF,7.0,False,False
2023,9,10,0,QB,421,Matthew Stafford,QB,0.0,False,True
2023,9,10,1,RB,6790,D'Andre Swift,RB,8.4,False,True
2023,9,10,2,RB,8151,Kenneth Walker,RB,2.2,False,True
2023,9,10,3,WR,3321,Tyreek Hill,WR,8.5,False,True
2023,9,10,4,WR,2133,Davante Adams,WR,5.4,False,True
2023,9,10,5,FLEX,3225,Tyler Boyd,WR,7.1,False,True
2023,9,10,6,REC_FLEX,2410,Jamison Crowder,WR,4.3,False,True
2023,9,10,7,SUPER_FLEX,4381,Taysom Hill,TE,20.62,False,True
2023,9,10,8,DEF,SF,San Francisco 49ers,DEF,0.0,False,False
2023,9,11,0,QB,4984,Josh Allen,QB,24.72,False,True
2023,9,11,1,RB,8136,Rachaad White,RB,25.9,False,True
2023,9,11,2,RB,8143,Jerome Ford,RB,10.2,False,True
2023,9,11,3,WR,6786,CeeDee Lamb,WR,22.6,False,True
2023,9,11,4,WR,7525,DeVonta Smith,WR,12.6,False,True
2023,9,11,5,FLEX,7594,Chuba Hubbard,RB,8.7,False,True
2023,9,11,6,REC_FLEX,6826,Cole Kmet,TE,23.5,False,False
2023,9,11,7,SUPER_FLEX,2028,Derek Carr,QB,16.74,False,True
2023,9,11,8,DEF,ATL,Atlanta Falcons,DEF,11.0,False,True
2023,9,12,0,QB,6011,Gardner Minshew,QB,9.58,False,True
2023,9,12,1,RB,8154,Brian Robinson,RB,11.2,False,True
2023,9,12,2,RB,8132,Tyler Allgeier,RB,10.0,False,True
2023,9,12,3,WR,5859,A.J. Brown,WR,16.1,False,True
2023,9,12,4,WR,8126,Wan'Dale Robinson,WR,11.5,False,True
2023,9,12,5,FLEX,5987,Alexander Mattison,RB,16.3,False,False
2023,9,12,6,REC_FLEX,7553,Kyle Pitts,TE,9.6,False,True
2023,9,12,7,SUPER_FLEX,4017,Deshaun Watson,QB,18.96,False,False
2023,9,12,8,DEF,BAL,Baltimore Ravens,DEF,16.0,False,True
2023,10,1,0,QB,9758,C.J. Stroud,QB,19.04,False,True
2023,10,1,1,RB,7611,Rhamondre Stevenson,RB,11.7,False,True
2023,10,1,2,RB,9221,Jahmyr Gibbs,RB,24.7,False,True
2023,10,1,3,WR,8121,Romeo Doubs,WR,10.6,False,False
2023,10,1,4,WR,9502,Tank Dell,WR,15.9,False,True
2023,10,1,5,FLEX,6130,Devin Singletary,RB,22.6,False,False
2023,10,1,6,REC_FLEX,8146,Garrett Wilson,WR,13.8,False,True
2023,10,1,7,SUPER_FLEX,8162,Sam Howell,QB,24.18,False,True
2023,10,1,8,DEF,NO,New Orleans Saints,DEF,1.0,False,True
2023,10,2,0,QB,3294,Dak Prescott,QB,37.86,False,True
2023,10,2,1,RB,9509,Bijan Robinson,RB,17.1,False,True
2023,10,2,2,RB,8228,Jaylen Warren,RB,18.0,False,True
2023,10,2,3,WR,7564,Ja'Marr Chase,WR,20.9,False,True
2023,10,2,4,WR,8144,Chris Olave,WR,18.4,False,True
2023,10,2,5,FLEX,9753,Zach Charbonnet,RB,8.2,False,False
2023,10,2,6,REC_FLEX,5846,DK Metcalf,WR,13.3,False,True
2023,10,2,7,SUPER_FLEX,7527,Mac Jones,QB,7.3,False,True
2023,10,2,8,DEF,CHI,Chicago Bears,DEF,7.0,False,True
2023,10,3,0,QB,4892,Baker Mayfield,QB,18.32,False,True
2023,10,3,1,RB,8155,Breece Hall,RB,9.0,False,True
2023,10,3,2,RB,5850,Josh Jacobs,RB,11.7,False,True
2023,10,3,3,WR,1479,Keenan Allen,WR,35.0,False,True
2023,10,3,4,WR,2374,Tyler Lockett,WR,19.2,False,False
2023,10,3,5,FLEX,5248,Gus Edwards,RB,9.3,False,False
2023,10,3,6,REC_FLEX,5844,T.J. Hockenson,TE,30.4,False,True
2023,10,3,7,SUPER_FLEX,6770,Joe Burrow,QB,19.88,False,True
2023,10,3,8,DEF,DAL,Dallas Cowboys,DEF,8.0,False,True
2023,10,4,0,QB,2711,Taylor Heinicke,QB,9.6,False,True
2023,10,4,1,RB,4663,Austin Ekeler,RB,19.5,False,True
2023,10,4,2,RB,4137,James Conner,RB,7.3,False,True
2023,10,4,3,WR,2309,Amari Cooper,WR,12.8,False,True
2023,10,4,4,WR,4037,Chris Godwin,WR,7.4,False,True
2023,10,4,5,FLEX,8171,Kyle Philips,WR,7.6,False,False
2023,10,4,6,REC_FLEX,9754,Quentin Johnston,WR,11.4,False,True
2023,10,4,7,SUPER_FLEX,5001,Dalton Schultz,TE,11.1,False,True
2023,10,4,8,DEF,DET,Detroit Lions,DEF,-2.0,False,True
2023,10,5,0,QB,4881,Lamar Jackson,QB,13.02,False,True
2023,10,5,1,RB,6828,AJ Dillon,RB,8.6,False,False
2023,10,5,2,RB,7528,Najee Harris,RB,17.1,False,True
2023,10,5,3,WR,2449,Stefon Diggs,WR,4.9,False,True
2023,10,5,4,WR,5872,Deebo Samuel,WR,13.9,False,True
2023,10,5,5,FLEX,4217,George Kittle,TE,20.6,False,True
2023,10,5,6,REC_FLEX,2251,Logan Thomas,TE,9.0,False,False
2023,10,5,7,SUPER_FLEX,11256,Tyson Bagent,QB,7.68,False,True
2023,10,5,8,DEF,LV,Las Vegas Raiders,DEF,9.0,False,True
2023,10,6,0,QB,3163,Jared Goff,QB,21.12,False,True
2023,10,6,1,RB,8230,Ty Chandler,RB,10.5,False,False
2023,10,6,2,RB,4098,Kareem Hunt,RB,9.2,False,True
2023,10,6,3,WR,9756,Jordan Addison,WR,8.9,False,True
2023,10,6,4,WR,4983,DJ Moore,WR,8.4,False,True
2023,10,6,5,FLEX,6819,Michael Pittman,WR,12.4,False,True
2023,10,6,6,REC_FLEX,8110,Jake Ferguson,TE,12.6,False,True
2023,10,6,7,SUPER_FLEX,11292,Tommy DeVito,QB,13.54,False,True
2023,10,6,8,DEF,CLE,Cleveland Browns,DEF,15.0,False,True
2023,10,7,0,QB,1373,Geno Smith,QB,24.06,False,True
2023,10,7,1,RB,9508,Tyjae Spears,RB,8.0,False,False
2023,10,7,2,RB,4199,Aaron Jones,RB,7.4,False,True
2023,10,7,3,WR,6943,Gabe Davis,WR,8.6,False,True
2023,10,7,4,WR,7547,Amon-Ra St. Brown,WR,26.5,False,True
2023,10,7,5,FLEX,4111,D'Onta Foreman,RB,16.2,False,True
2023,10,7,6,REC_FLEX,8130,Trey McBride,TE,21.1,False,True
2023,10,7,7,SUPER_FLEX,4179,Joshua Dobbs,QB,25.12,False,True
2023,10,7,8,DEF,TEN,Tennessee Titans,DEF,6.0,False,True
2023,10,8,0,QB,6797,Justin Herbert,QB,28.42,False,True
2023,10,8,1,RB,9511,Keaton Mitchell,RB,13.1,False,False
2023,10,8,2,RB,5892,David Montgomery,RB,17.6,False,True
2023,10,8,3,WR,9501,DeMario Douglas,WR,11.4,False,True
2023,10,8,4,WR,9500,Josh Downs,WR,5.0,False,True
2023,10,8,5,FLEX,8138,James Cook,RB,11.0,False,True
2023,10,8,6,REC_FLEX,10236,Dalton Kincaid,TE,16.1,False,True
2023,10,8,7,SUPER_FLEX,8183,Brock Purdy,QB,23.84,False,True
2023,10,8,8,DEF,NYJ,New York Jets,DEF,10.0,False,True
2023,10,9,0,QB,8160,Kenny Pickett,QB,6.64,False,True
2023,10,9,1,RB,4035,Alvin Kamara,RB,15.0,False,True
2023,10,9,2,RB,6813,Jonathan Taylor,RB,14.0,False,True
2023,10,9,3,WR,9488,Jaxon Smith-Njigba,WR,7.3,False,False
2023,10,9,4,WR,2216,Mike Evans,WR,23.3,False,True
2023,10,9,5,FLEX,4018,Joe Mixon,RB,11.5,False,True
2023,10,9,6,REC_FLEX,5045,Courtland Sutton,WR,13.3,False,False
2023,10,9,7,SUPER_FLEX,6945,Antonio Gibson,RB,14.0,False,False
2023,10,9,8,DEF,PIT,Pittsburgh Steelers,DEF,8.0,False,True
2023,10,10,0,QB,1234,Russell Wilson,QB,18.72,False,True
2023,10,10,1,RB,7588,Javonte Williams,RB,19.0,False,True
2023,10,10,2,RB,8151,Kenneth Walker,RB,19.2,False,True
2023,10,10,3,WR,6803,Brandon Aiyuk,WR,13.0,False,True
2023,10,10,4,WR,2133,Davante Adams,WR,11.6,False,True
2023,10,10,5,FLEX,3225,Tyler Boyd,WR,15.7,False,True
2023,10,10,6,REC_FLEX,10859,Sam LaPorta,TE,8.0,False,True
2023,10,10,7,SUPER_FLEX,4381,Taysom Hill,TE,4.3,False,True
2023,10,10,8,DEF,SF,San Francisco 49ers,DEF,22.0,False,True
2023,10,11,0,QB,4984,Josh Allen,QB,14.38,False,True
2023,10,11,1,RB,8136,Rachaad White,RB,16.8,False,True
2023,10,11,2,RB,8143,Jerome Ford,RB,11.4,False,True
2023,10,11,3,WR,4950,Christian Kirk,WR,11.4,False,True
2023,10,11,4,WR,6786,CeeDee Lamb,WR,34.0,False,True
2023,10,11,5,FLEX,4234,Noah Brown,WR,20.7,False,False
2023,10,11,6,REC_FLEX,6826,Cole Kmet,TE,9.6,False,True
2023,10,11,7,SUPER_FLEX,6804,Jordan Love,QB,16.66,False,False
2023,10,11,8,DEF,TB,Tampa Bay Buccaneers,DEF,13.0,False,True
2023,10,12,0,QB,6011,Gardner Minshew,QB,5.66,False,True
2023,10,12,1,RB,4034,Christian McCaffrey,RB,17.2,False,True
2023,10,12,2,RB,8154,Brian Robinson,RB,24.7,False,True
2023,10,12,3,WR,8112,Drake London,WR,5.1,False,True
2023,10,12,4,WR,8134,Khalil Shakir,WR,2.9,False,True
2023,10,12,5,FLEX,4033,David Njoku,TE,11.8,False,False
2023,10,12,6,REC_FLEX,7553,Kyle Pitts,TE,6.0,False,True
2023,10,12,7,SUPER_FLEX,4017,Deshaun Watson,QB,16.22,False,True
2023,10,12,8,DEF,BAL,Baltimore Ravens,DEF,14.0,False,False
2023,11,1,0,QB,9758,C.J. Stroud,QB,15.34,False,True
2023,11,1,1,RB,6130,Devin Singletary,RB,18.8,False,True
2023,11,1,2,RB,9221,Jahmyr Gibbs,RB,18.5,False,True
2023,11,1,3,WR,4080,Zay Jones,WR,4.0,False,False
2023,11,1,4,WR,9997,Zay Flowers,WR,6.5,False,False
2023,11,1,5,FLEX,7601,Rondale Moore,WR,11.9,False,False
2023,11,1,6,REC_FLEX,1466,Travis Kelce,TE,15.4,False,True
2023,11,1,7,SUPER_FLEX,8162,Sam Howell,QB,17.74,False,True
2023,11,1,8,DEF,JAX,Jacksonville Jaguars,DEF,7.0,False,True
2023,11,2,0,QB,3294,Dak Prescott,QB,16.16,False,True
2023,11,2,1,RB,2749,Raheem Mostert,RB,9.8,False,True
2023,11,2,2,RB,8228,Jaylen Warren,RB,22.0,False,True
2023,11,2,3,WR,7564,Ja'Marr Chase,WR,8.2,False,True
2023,11,2,4,WR,5927,Terry McLaurin,WR,6.8,False,True
2023,11,2,5,FLEX,9753,Zach Charbonnet,RB,9.9,False,False
2023,11,2,6,REC_FLEX,5846,DK Metcalf,WR,17.9,False,True
2023,11,2,7,SUPER_FLEX,7538,Zach Wilson,QB,6.74,False,True
2023,11,2,8,DEF,PHI,Philadelphia Eagles,DEF,7.0,False,True
2023,11,3,0,QB,7523,Trevor Lawrence,QB,32.18,False,True
2023,11,3,1,RB,8155,Breece Hall,RB,15.8,False,True
2023,11,3,2,RB,8205,Isiah Pacheco,RB,9.6,False,False
2023,11,3,3,WR,1479,Keenan Allen,WR,22.6,False,True
2023,11,3,4,WR,1689,Adam Thielen,WR,11.4,False,True
2023,11,3,5,FLEX,5248,Gus Edwards,RB,20.0,False,False
2023,11,3,6,REC_FLEX,5844,T.J. Hockenson,TE,9.5,False,True
2023,11,3,7,SUPER_FLEX,4892,Baker Mayfield,QB,10.34,False,False
2023,11,3,8,DEF,DAL,Dallas Cowboys,DEF,22.0,False,True
2023,11,4,0,QB,4046,Patrick Mahomes,QB,16.88,False,True
2023,11,4,1,RB,4663,Austin Ekeler,RB,6.0,False,True
2023,11,4,2,RB,4137,James Conner,RB,7.3,False,True
2023,11,4,3,WR,9488,Jaxon Smith-Njigba,WR,5.5,False,False
2023,11,4,4,WR,4037,Chris Godwin,WR,6.9,False,True
2023,11,4,5,FLEX,9481,Luke Musgrave,TE,6.8,False,False
2023,11,4,6,REC_FLEX,5001,Dalton Schultz,TE,11.2,False,True
2023,11,4,7,SUPER_FLEX,11292,Tommy DeVito,QB,22.54,False,True
2023,11,4,8,DEF,DET,Detroit Lions,DEF,8.0,False,True
2023,11,5,0,QB,4881,Lamar Jackson,QB,23.96,False,True
2023,11,5,1,RB,3198,Derrick Henry,RB,4.9,False,True
2023,11,5,2,RB,6828,AJ Dillon,RB,8.1,False,False
2023,11,5,3,WR,8121,Romeo Doubs,WR,13.8,False,False
2023,11,5,4,WR,5872,Deebo Samuel,WR,7.7,False,True
2023,11,5,5,FLEX,4217,George Kittle,TE,22.9,False,True
2023,11,5,6,REC_FLEX,2251,Logan Thomas,TE,8.8,False,True
2023,11,5,7,SUPER_FLEX,6768,Tua Tagovailoa,QB,17.6,False,True
2023,11,5,8,DEF,MIA,Miami Dolphins,DEF,12.0,False,True
2023,11,6,0,QB,3163,Jared Goff,QB,13.74,False,True
2023,11,6,1,RB,7543,Travis Etienne,RB,7.4,False,True
2023,11,6,2,RB,8230,Ty Chandler,RB,13.0,False,False
2023,11,6,3,WR,9756,Jordan Addison,WR,5.9,False,True
2023,11,6,4,WR,4983,DJ Moore,WR,19.1,False,True
2023,11,6,5,FLEX,6783,Jerry Jeudy,WR,8.3,False,False
2023,11,6,6,REC_FLEX,8110,Jake Ferguson,TE,6.2,False,True
2023,11,6,7,SUPER_FLEX,7591,Justin Fields,QB,21.16,False,True
2023,11,6,8,DEF,CLE,Cleveland Browns,DEF,7.0,False,True
2023,11,7,0,QB,1373,Geno Smith,QB,13.22,False,True
2023,11,7,1,RB,4866,Saquon Barkley,RB,28.0,False,True
2023,11,7,2,RB,4111,D'Onta Foreman,RB,7.4,False,False
2023,11,7,3,WR,8148,Jameson Williams,WR,11.4,False,False
2023,11,7,4,WR,7547,Amon-Ra St. Brown,WR,17.7,False,True
2023,11,7,5,FLEX,5045,Courtland Sutton,WR,14.6,False,True
2023,11,7,6,REC_FLEX,8130,Trey McBride,TE,9.3,False,True
2023,11,7,7,SUPER_FLEX,4179,Joshua Dobbs,QB,16.94,False,True
2023,11,7,8,DEF,KC,Kansas City Chiefs,DEF,8.0,False,False
2023,11,8,0,QB,6797,Justin Herbert,QB,25.7,False,True
2023,11,8,1,RB,5967,Tony Pollard,RB,16.0,False,True
2023,11,8,2,RB,5892,David Montgomery,RB,16.8,False,True
2023,11,8,3,WR,7569,Nico Collins,WR,10.0,False,True
2023,11,8,4,WR,9493,Puka Nacua,WR,16.2,False,True
2023,11,8,5,FLEX,8138,James Cook,RB,17.7,False,False
2023,11,8,6,REC_FLEX,10236,Dalton Kincaid,TE,10.6,False,True
2023,11,8,7,SUPER_FLEX,8183,Brock Purdy,QB,26.72,False,True
2023,11,8,8,DEF,WAS,Washington Commanders,DEF,9.0,False,True
2023,11,9,0,QB,6904,Jalen Hurts,QB,18.9,False,True
2023,11,9,1,RB,4018,Joe Mixon,RB,18.5,False,True
2023,11,9,2,RB,5916,Darrell Henderson,RB,10.9,False,True
2023,11,9,3,WR,2216,Mike Evans,WR,12.8,False,True
2023,11,9,4,WR,1426,DeAndre Hopkins,WR,13.9,False,True
2023,11,9,5,FLEX,8167,Christian Watson,WR,9.2,False,True
2023,11,9,6,REC_FLEX,8137,George Pickens,WR,5.7,False,False
2023,11,9,7,SUPER_FLEX,9999,Will Levis,QB,12.52,False,True
2023,11,9,8,DEF,PIT,Pittsburgh Steelers,DEF,7.0,False,True
2023,11,10,0,QB,1234,Russell Wilson,QB,14.46,False,True
2023,11,10,1,RB,6790,D'Andre Swift,RB,18.2,False,True
2023,11,10,2,RB,7588,Javonte Williams,RB,6.3,False,True
2023,11,10,3,WR,3321,Tyreek Hill,WR,25.6,False,True
2023,11,10,4,WR,2133,Davante Adams,WR,17.7,False,True
2023,11,10,5,FLEX,6803,Brandon Aiyuk,WR,24.1,False,True
2023,11,10,6,REC_FLEX,4981,Calvin Ridley,WR,27.6,False,False
2023,11,10,7,SUPER_FLEX,421,Matthew Stafford,QB,9.7,False,False
2023,11,10,8,DEF,SF,San Francisco 49ers,DEF,10.0,False,True
2023,11,11,0,QB,4984,Josh Allen,QB,22.5,False,True
2023,11,11,1,RB,8136,Rachaad White,RB,14.8,False,True
2023,11,11,2,RB,8143,Jerome Ford,RB,10.9,False,True
2023,11,11,3,WR,7525,DeVonta Smith,WR,12.9,False,True
2023,11,11,4,WR,6786,CeeDee Lamb,WR,13.5,False,True
2023,11,11,5,FLEX,7594,Chuba Hubbard,RB,7.5,False,False
2023,11,11,6,REC_FLEX,7526,Jaylen Waddle,WR,7.5,False,True
2023,11,11,7,SUPER_FLEX,6804,Jordan Love,QB,20.88,False,True
2023,11,11,8,DEF,MIN,Minnesota Vikings,DEF,3.0,False,True
2023,11,12,0,QB,5849,Kyler Murray,QB,21.66,False,True
2023,11,12,1,RB,4034,Christian McCaffrey,RB,18.8,False,True
2023,11,12,2,RB,8154,Brian Robinson,RB,16.7,False,True
2023,11,12,3,WR,8134,Khalil Shakir,WR,19.0,False,True
2023,11,12,4,WR,9502,Tank Dell,WR,24.9,False,True
2023,11,12,5,FLEX,5987,Alexander Mattison,RB,6.5,False,True
2023,11,12,6,REC_FLEX,4033,David Njoku,TE,12.6,False,True
2023,11,12,7,SUPER_FLEX,7561,Elijah Mitchell,RB,2.4,False,False
2023,11,12,8,DEF,BAL,Baltimore Ravens,DEF,6.0,False,True
2023,12,1,0,QB,8162,Sam Howell,QB,17.3,False,True
2023,12,1,1,RB,7611,Rhamondre Stevenson,RB,19.2,False,True
2023,12,1,2,RB,9221,Jahmyr Gibbs,RB,9.3,False,True
2023,12,1,3,WR,9997,Zay Flowers,WR,20.7,False,False
2023,12,1,4,WR,5859,A.J. Brown,WR,12.2,False,True
2023,12,1,5,FLEX,6130,Devin Singletary,RB,10.2,False,True
2023,12,1,6,REC_FLEX,1466,Travis Kelce,TE,15.1,False,True
2023,12,1,7,SUPER_FLEX,9758,C.J. Stroud,QB,30.86,False,True
2023,12,1,8,DEF,NE,New England Patriots,DEF,13.0,False,True
2023,12,2,0,QB,3294,Dak Prescott,QB,32.24,False,True
2023,12,2,1,RB,2749,Raheem Mostert,RB,21.4,False,True
2023,12,2,2,RB,9753,Zach Charbonnet,RB,7.8,False,True
2023,12,2,3,WR,5848,Marquise Brown,WR,11.8,False,False
2023,12,2,4,WR,8144,Chris Olave,WR,14.9,False,True
2023,12,2,5,FLEX,9509,Bijan Robinson,RB,25.8,False,True
2023,12,2,6,REC_FLEX,7564,Ja'Marr Chase,WR,10.1,False,True
2023,12,2,7,SUPER_FLEX,2197,Brandin Cooks,WR,15.2,False,False
2023,12,2,8,DEF,TEN,Tennessee Titans,DEF,11.0,False,True
2023,12,3,0,QB,7523,Trevor Lawrence,QB,24.56,False,True
2023,12,3,1,RB,5850,Josh Jacobs,RB,20.5,False,False
2023,12,3,2,RB,8205,Isiah Pacheco,RB,23.4,False,True
2023,12,3,3,WR,1479,Keenan Allen,WR,15.6,False,True
2023,12,3,4,WR,5947,Jakobi Meyers,WR,17.1,False,False
2023,12,3,5,FLEX,4066,Evan Engram,TE,9.9,False,True
2023,12,3,6,REC_FLEX,5844,T.J. Hockenson,TE,16.0,False,True
2023,12,3,7,SUPER_FLEX,4892,Baker Mayfield,QB,13.36,False,True
2023,12,3,8,DEF,DAL,Dallas Cowboys,DEF,16.0,False,True
2023,12,4,0,QB,4046,Patrick Mahomes,QB,20.82,False,True
2023,12,4,1,RB,5892,David Montgomery,RB,15.1,False,True
2023,12,4,2,RB,4137,James Conner,RB,5.2,False,True
2023,12,4,3,WR,4037,Chris Godwin,WR,6.0,False,False
2023,12,4,4,WR,9500,Josh Downs,WR,6.8,False,True
2023,12,4,5,FLEX,4381,Taysom Hill,TE,8.1,False,True
2023,12,4,6,REC_FLEX,5970,Greg Dortch,WR,10.2,False,False
2023,12,4,7,SUPER_FLEX,11292,Tommy DeVito,QB,10.24,False,False
2023,12,4,8,DEF,DET,Detroit Lions,DEF,0.0,False,True
2023,12,5,0,QB,4881,Lamar Jackson,QB,14.98,False,True
2023,12,5,1,RB,3198,Derrick Henry,RB,20.1,False,True
2023,12,5,2,RB,7528,Najee Harris,RB,15.9,False,True
2023,12,5,3,WR,2449,Stefon Diggs,WR,16.4,False,True
2023,12,5,4,WR,5872,Deebo Samuel,WR,18.9,False,True
2023,12,5,5,FLEX,6828,AJ Dillon,RB,9.6,False,False
2023,12,5,6,REC_FLEX,7600,Pat Freiermuth,TE,21.0,False,False
2023,12,5,7,SUPER_FLEX,6768,Tua Tagovailoa,QB,7.82,False,True
2023,12,5,8,DEF,MIA,Miami Dolphins,DEF,22.0,False,True
2023,12,6,0,QB,3163,Jared Goff,QB,18.18,False,True
2023,12,6,1,RB,7543,Travis Etienne,RB,10.6,False,True
2023,12,6,2,RB,6845,Zack Moss,RB,8.0,False,False
2023,12,6,3,WR,6819,Michael Pittman,WR,15.7,False,True
2023,12,6,4,WR,4983,DJ Moore,WR,16.9,False,True
2023,12,6,5,FLEX,7021,Rico Dowdle,RB,9.1,False,False
2023,12,6,6,REC_FLEX,9756,Jordan Addison,WR,6.9,False,True
2023,12,6,7,SUPER_FLEX,10866,Aidan O'Connell,QB,13.92,False,False
2023,12,6,8,DEF,CLE,Cleveland Browns,DEF,4.0,False,True
2023,12,7,0,QB,8160,Kenny Pickett,QB,11.62,False,False
2023,12,7,1,RB,4866,Saquon Barkley,RB,5.7,False,True
2023,12,7,2,RB,7608,Khalil Herbert,RB,4.8,False,True
2023,12,7,3,WR,5045,Courtland Sutton,WR,7.6,False,True
2023,12,7,4,WR,7547,Amon-Ra St. Brown,WR,14.0,False,True
2023,12,7,5,FLEX,6943,Gabe Davis,WR,19.5,False,True
2023,12,7,6,REC_FLEX,8130,Trey McBride,TE,13.0,False,True
2023,12,7,7,SUPER_FLEX,7562,Tutu Atwell,WR,9.1,False,False
2023,12,7,8,DEF,KC,Kansas City Chiefs,DEF,2.0,False,True
2023,12,8,0,QB,10862,Dorian Thompson-Robinson,QB,11.46,False,False
2023,12,8,1,RB,8138,James Cook,RB,13.0,False,True
2023,12,8,2,RB,5967,Tony Pollard,RB,19.3,False,True
2023,12,8,3,WR,7569,Nico Collins,WR,19.9,False,True
2023,12,8,4,WR,10222,Jayden Reed,WR,13.0,False,False
2023,12,8,5,FLEX,9511,Keaton Mitchell,RB,9.9,False,False
2023,12,8,6,REC_FLEX,10236,Dalton Kincaid,TE,8.8,False,True
2023,12,8,7,SUPER_FLEX,6797,Justin Herbert,QB,13.38,False,True
2023,12,8,8,DEF,NYJ,New York Jets,DEF,13.0,False,False
2023,12,9,0,QB,6904,Jalen Hurts,QB,34.5,False,True
2023,12,9,1,RB,4035,Alvin Kamara,RB,13.9,False,True
2023,12,9,2,RB,6813,Jonathan Taylor,RB,21.1,False,True
2023,12,9,3,WR,2216,Mike Evans,WR,22.0,False,True
2023,12,9,4,WR,8119,Jahan Dotson,WR,7.7,False,False
2023,12,9,5,FLEX,8131,Isaiah Likely,TE,8.0,False,False
2023,12,9,6,REC_FLEX,8167,Christian Watson,WR,17.9,False,True
2023,12,9,7,SUPER_FLEX,9228,Bryce Young,QB,8.06,False,False
2023,12,9,8,DEF,PIT,Pittsburgh Steelers,DEF,11.0,False,True
2023,12,10,0,QB,1234,Russell Wilson,QB,16.76,False,True
2023,12,10,1,RB,6790,D'Andre Swift,RB,8.9,False,True
2023,12,10,2,RB,7588,Javonte Williams,RB,8.6,False,True
2023,12,10,3,WR,3321,Tyreek Hill,WR,20.9,False,True
2023,12,10,4,WR,4981,Calvin Ridley,WR,19.4,False,False
2023,12,10,5,FLEX,6803,Brandon Aiyuk,WR,12.0,False,True
2023,12,10,6,REC_FLEX,10859,Sam LaPorta,TE,17.7,False,True
2023,12,10,7,SUPER_FLEX,421,Matthew Stafford,QB,23.36,False,True
2023,12,10,8,DEF,SF,San Francisco 49ers,DEF,13.0,False,True
2023,12,11,0,QB,4984,Josh Allen,QB,39.66,False,True
2023,12,11,1,RB,7594,Chuba Hubbard,RB,17.7,False,False
2023,12,11,2,RB,8150,Kyren Williams,RB,35.4,False,True
2023,12,11,3,WR,7525,DeVonta Smith,WR,20.1,False,True
2023,12,11,4,WR,6786,CeeDee Lamb,WR,15.3,False,True
2023,12,11,5,FLEX,10229,Rashee Rice,WR,20.7,False,False
2023,12,11,6,REC_FLEX,7526,Jaylen Waddle,WR,15.4,False,True
2023,12,11,7,SUPER_FLEX,6804,Jordan Love,QB,26.62,False,True
2023,12,11,8,DEF,MIN,Minnesota Vikings,DEF,14.0,False,True
2023,12,12,0,QB,5849,Kyler Murray,QB,20.44,False,True
2023,12,12,1,RB,4034,Christian McCaffrey,RB,28.4,False,True
2023,12,12,2,RB,8154,Brian Robinson,RB,7.4,False,True
2023,12,12,3,WR,9502,Tank Dell,WR,14.7,False,True
2023,12,12,4,WR,8146,Garrett Wilson,WR,13.9,False,True
2023,12,12,5,FLEX,8112,Drake London,WR,11.6,False,False
2023,12,12,6,REC_FLEX,4033,David Njoku,TE,11.9,False,True
2023,12,12,7,SUPER_FLEX,6011,Gardner Minshew,QB,14.64,False,True
2023,12,12,8,DEF,DEN,Denver Broncos,DEF,18.0,False,True
2023,13,1,0,QB,8162,Sam Howell,QB,19.18,False,True
2023,13,1,1,RB,3164,Ezekiel Elliott,RB,11.2,False,False
2023,13,1,2,RB,8129,Dameon Pierce,RB,10.1,False,False
2023,13,1,3,WR,4039,Cooper Kupp,WR,12.9,False,True
2023,13,1,4,WR,5859,A.J. Brown,WR,15.4,False,True
2023,13,1,5,FLEX,5937,Diontae Johnson,WR,11.3,False,False
2023,13,1,6,REC_FLEX,1466,Travis Kelce,TE,12.1,False,True
2023,13,1,7,SUPER_FLEX,9758,C.J. Stroud,QB,16.06,False,True
2023,13,1,8,DEF,TB,Tampa Bay Buccaneers,DEF,8.0,False,True
2023,13,2,0,QB,3294,Dak Prescott,QB,28.26,False,True
2023,13,2,1,RB,9509,Bijan Robinson,RB,9.4,False,True
2023,13,2,2,RB,9753,Zach Charbonnet,RB,16.4,False,True
2023,13,2,3,WR,5846,DK Metcalf,WR,34.4,False,True
2023,13,2,4,WR,8144,Chris Olave,WR,14.4,False,True
2023,13,2,5,FLEX,2749,Raheem Mostert,RB,11.6,False,True
2023,13,2,6,REC_FLEX,7564,Ja'Marr Chase,WR,26.12,False,True
2023,13,2,7,SUPER_FLEX,2197,Brandin Cooks,WR,14.5,False,False
2023,13,2,8,DEF,JAX,Jacksonville Jaguars,DEF,3.0,False,True
2023,13,3,0,QB,7523,Trevor Lawrence,QB,25.12,False,True
2023,13,3,1,RB,8155,Breece Hall,RB,7.5,False,True
2023,13,3,2,RB,8205,Isiah Pacheco,RB,19.8,False,True
2023,13,3,3,WR,1479,Keenan Allen,WR,8.3,False,True
2023,13,3,4,WR,1689,Adam Thielen,WR,4.0,False,True
2023,13,3,5,FLEX,2374,Tyler Lockett,WR,7.2,False,True
2023,13,3,6,REC_FLEX,4066,Evan Engram,TE,23.2,False,True
2023,13,3,7,SUPER_FLEX,6111,Jake Browning,QB,26.16,False,False
2023,13,3,8,DEF,BUF,Buffalo Bills,DEF,0.0,False,False
2023,13,4,0,QB,6768,Tua Tagovailoa,QB,19.2,False,True
2023,13,4,1,RB,5892,David Montgomery,RB,12.0,False,True
2023,13,4,2,RB,7528,Najee Harris,RB,8.7,False,True
2023,13,4,3,WR,9493,Puka Nacua,WR,21.9,False,True
2023,13,4,4,WR,9488,Jaxon Smith-Njigba,WR,9.7,False,False
2023,13,4,5,FLEX,4082,Curtis Samuel,WR,8.5,False,True
2023,13,4,6,REC_FLEX,4381,Taysom Hill,TE,15.4,False,True
2023,13,4,7,SUPER_FLEX,8159,Desmond Ridder,QB,8.84,False,False
2023,13,4,8,DEF,LAC,Los Angeles Chargers,DEF,19.0,False,True
2023,13,5,0,QB,4046,Patrick Mahomes,QB,13.0,False,True
2023,13,5,1,RB,3198,Derrick Henry,RB,24.5,False,True
2023,13,5,2,RB,4137,James Conner,RB,22.5,False,True
2023,13,5,3,WR,5872,Deebo Samuel,WR,33.8,False,True
2023,13,5,4,WR,8121,Romeo Doubs,WR,9.2,False,False
2023,13,5,5,FLEX,6828,AJ Dillon,RB,9.2,False,False
2023,13,5,6,REC_FLEX,4217,George Kittle,TE,10.8,False,True
2023,13,5,7,SUPER_FLEX,19,Joe Flacco,QB,16.16,False,False
2023,13,5,8,DEF,ATL,Atlanta Falcons,DEF,21.0,False,True
2023,13,6,0,QB,3163,Jared Goff,QB,16.32,False,True
2023,13,6,1,RB,7543,Travis Etienne,RB,15.9,False,True
2023,13,6,2,RB,4098,Kareem Hunt,RB,5.3,False,True
2023,13,6,3,WR,6819,Michael Pittman,WR,22.0,False,True
2023,13,6,4,WR,6783,Jerry Jeudy,WR,6.6,False,True
2023,13,6,5,FLEX,7021,Rico Dowdle,RB,2.7,False,True
2023,13,6,6,REC_FLEX,8110,Jake Ferguson,TE,19.7,False,True
2023,13,6,7,SUPER_FLEX,6845,Zack Moss,RB,6.7,False,True
2023,13,6,8,DEF,CLE,Cleveland Browns,DEF,-1.0,False,True
2023,13,7,0,QB,1373,Geno Smith,QB,29.96,False,True
2023,13,7,1,RB,4018,Joe Mixon,RB,26.7,False,True
2023,13,7,2,RB,9508,Tyjae Spears,RB,10.8,False,False
2023,13,7,3,WR,5045,Courtland Sutton,WR,14.7,False,True
2023,13,7,4,WR,2216,Mike Evans,WR,25.7,False,True
2023,13,7,5,FLEX,1426,DeAndre Hopkins,WR,16.4,False,True
2023,13,7,6,REC_FLEX,8130,Trey McBride,TE,22.9,False,True
2023,13,7,7,SUPER_FLEX,9999,Will Levis,QB,11.46,False,False
2023,13,7,8,DEF,KC,Kansas City Chiefs,DEF,2.0,False,True
2023,13,8,0,QB,6797,Justin Herbert,QB,7.98,False,True
2023,13,8,1,RB,4663,Austin Ekeler,RB,3.7,False,True
2023,13,8,2,RB,5967,Tony Pollard,RB,15.8,False,True
2023,13,8,3,WR,7569,Nico Collins,WR,29.6,False,True
2023,13,8,4,WR,5927,Terry McLaurin,WR,0.0,False,True
2023,13,8,5,FLEX,9226,De'Von Achane,RB,23.8,False,True
2023,13,8,6,REC_FLEX,10222,Jayden Reed,WR,3.6,False,True
2023,13,8,7,SUPER_FLEX,8183,Brock Purdy,QB,29.46,False,True
2023,13,8,8,DEF,NYJ,New York Jets,DEF,10.0,False,True
2023,13,9,0,QB,6904,Jalen Hurts,QB,23.92,False,True
2023,13,9,1,RB,1476,Latavius Murray,RB,0.0,False,False
2023,13,9,2,RB,6945,Antonio Gibson,RB,9.2,False,True
2023,13,9,3,WR,8167,Christian Watson,WR,24.1,False,True
2023,13,9,4,WR,7547,Amon-Ra St. Brown,WR,11.9,False,True
2023,13,9,5,FLEX,8119,Jahan Dotson,WR,3.3,False,True
2023,13,9,6,REC_FLEX,8137,George Pickens,WR,10.6,False,True
2023,13,9,7,SUPER_FLEX,9228,Bryce Young,QB,7.12,False,True
2023,13,9,8,DEF,PIT,Pittsburgh Steelers,DEF,3.0,False,True
2023,13,10,0,QB,1234,Russell Wilson,QB,15.84,False,True
2023,13,10,1,RB,4029,Dalvin Cook,RB,3.1,False,False
2023,13,10,2,RB,4035,Alvin Kamara,RB,25.9,False,True
2023,13,10,3,WR,3321,Tyreek Hill,WR,29.8,False,True
2023,13,10,4,WR,4981,Calvin Ridley,WR,5.3,False,True
2023,13,10,5,FLEX,6803,Brandon Aiyuk,WR,13.1,False,True
2023,13,10,6,REC_FLEX,10859,Sam LaPorta,TE,29.0,False,True
2023,13,10,7,SUPER_FLEX,421,Matthew Stafford,QB,22.96,False,True
2023,13,10,8,DEF,SF,San Francisco 49ers,DEF,4.0,False,True
2023,13,11,0,QB,6804,Jordan Love,QB,23.68,False,True
2023,13,11,1,RB,8136,Rachaad White,RB,18.1,False,True
2023,13,11,2,RB,8150,Kyren Williams,RB,18.7,False,True
2023,13,11,3,WR,7525,DeVonta Smith,WR,20.1,False,True
2023,13,11,4,WR,6786,CeeDee Lamb,WR,26.6,False,True
2023,13,11,5,FLEX,7594,Chuba Hubbard,RB,22.4,False,False
2023,13,11,6,REC_FLEX,10229,Rashee Rice,WR,10.4,False,False
2023,13,11,7,SUPER_FLEX,8143,Jerome Ford,RB,12.7,False,False
2023,13,11,8,DEF,MIA,Miami Dolphins,DEF,13.0,False,True
2023,13,12,0,QB,5849,Kyler Murray,QB,11.8,False,True
2023,13,12,1,RB,4034,Christian McCaffrey,RB,20.8,False,True
2023,13,12,2,RB,8154,Brian Robinson,RB,5.3,False,True
2023,13,12,3,WR,8112,Drake London,WR,1.3,False,True
2023,13,12,4,WR,8146,Garrett Wilson,WR,6.5,False,True
2023,13,12,5,FLEX,7553,Kyle Pitts,TE,9.1,False,False
2023,13,12,6,REC_FLEX,4033,David Njoku,TE,3.7,False,True
2023,13,12,7,SUPER_FLEX,6011,Gardner Minshew,QB,18.68,False,True
2023,13,12,8,DEF,IND,Indianapolis Colts,DEF,20.0,False,True
2023,14,1,0,QB,9758,C.J. Stroud,QB,3.64,False,True
2023,14,1,1,RB,3164,Ezekiel Elliott,RB,23.5,False,True
2023,14,1,2,RB,9221,Jahmyr Gibbs,RB,15.7,False,True
2023,14,1,3,WR,4039,Cooper Kupp,WR,21.5,False,True
2023,14,1,4,WR,5937,Diontae Johnson,WR,13.2,False,True
2023,14,1,5,FLEX,9997,Zay Flowers,WR,17.0,False,True
2023,14,1,6,REC_FLEX,1466,Travis Kelce,TE,14.3,False,True
2023,14,1,7,SUPER_FLEX,6130,Devin Singletary,RB,12.5,False,False
2023,14,1,8,DEF,NO,New Orleans Saints,DEF,24.0,False,True
2023,14,2,0,QB,3294,Dak Prescott,QB,17.94,False,True
2023,14,2,1,RB,9509,Bijan Robinson,RB,17.3,False,True
2023,14,2,2,RB,4663,Austin Ekeler,RB,18.5,False,True
2023,14,2,3,WR,10222,Jayden Reed,WR,16.5,False,True
2023,14,2,4,WR,2197,Brandin Cooks,WR,4.7,False,True
2023,14,2,5,FLEX,2749,Raheem Mostert,RB,22.5,False,True
2023,14,2,6,REC_FLEX,5846,DK Metcalf,WR,12.2,False,True
2023,14,2,7,SUPER_FLEX,8228,Jaylen Warren,RB,6.0,False,False
2023,14,2,8,DEF,PHI,Philadelphia Eagles,DEF,11.0,False,False
2023,14,3,0,QB,6111,Jake Browning,QB,23.7,False,True
2023,14,3,1,RB,8155,Breece Hall,RB,22.6,False,True
2023,14,3,2,RB,5850,Josh Jacobs,RB,6.0,False,True
2023,14,3,3,WR,2374,Tyler Lockett,WR,11.9,False,False
2023,14,3,4,WR,1689,Adam Thielen,WR,9.9,False,False
2023,14,3,5,FLEX,4066,Evan Engram,TE,32.5,False,True
2023,14,3,6,REC_FLEX,5844,T.J. Hockenson,TE,10.3,False,True
2023,14,3,7,SUPER_FLEX,4892,Baker Mayfield,QB,20.06,False,True
2023,14,3,8,DEF,BUF,Buffalo Bills,DEF,7.0,False,False
2023,14,4,0,QB,11292,Tommy DeVito,QB,17.42,False,False
2023,14,4,1,RB,5892,David Montgomery,RB,10.0,False,True
2023,14,4,2,RB,9224,Chase Brown,RB,18.0,False,False
2023,14,4,3,WR,9493,Puka Nacua,WR,11.5,False,True
2023,14,4,4,WR,9754,Quentin Johnston,WR,10.6,False,False
2023,14,4,5,FLEX,4089,Gerald Everett,TE,8.9,False,True
2023,14,4,6,REC_FLEX,6826,Cole Kmet,TE,11.6,False,True
2023,14,4,7,SUPER_FLEX,8159,Desmond Ridder,QB,25.38,False,True
2023,14,4,8,DEF,DET,Detroit Lions,DEF,4.0,False,True
2023,14,5,0,QB,8157,Bailey Zappe,QB,20.9,False,False
2023,14,5,1,RB,3198,Derrick Henry,RB,17.6,False,True
2023,14,5,2,RB,6828,AJ Dillon,RB,8.8,False,True
2023,14,5,3,WR,2309,Amari Cooper,WR,9.2,False,True
2023,14,5,4,WR,5872,Deebo Samuel,WR,30.5,False,True
2023,14,5,5,FLEX,4217,George Kittle,TE,16.6,False,True
2023,14,5,6,REC_FLEX,7600,Pat Freiermuth,TE,6.8,False,False
2023,14,5,7,SUPER_FLEX,4881,Lamar Jackson,QB,31.64,False,True
2023,14,5,8,DEF,MIN,Minnesota Vikings,DEF,21.0,False,True
2023,14,6,0,QB,7591,Justin Fields,QB,24.72,False,True
2023,14,6,1,RB,7543,Travis Etienne,RB,15.2,False,True
2023,14,6,2,RB,7021,Rico Dowdle,RB,11.7,False,False
2023,14,6,3,WR,6819,Michael Pittman,WR,15.5,False,True
2023,14,6,4,WR,4983,DJ Moore,WR,23.8,False,True
2023,14,6,5,FLEX,4098,Kareem Hunt,RB,9.5,False,True
2023,14,6,6,REC_FLEX,8110,Jake Ferguson,TE,12.2,False,True
2023,14,6,7,SUPER_FLEX,2078,Odell Beckham,WR,17.7,False,False
2023,14,6,8,DEF,CLE,Cleveland Browns,DEF,13.0,False,True
2023,14,7,0,QB,9999,Will Levis,QB,16.58,False,True
2023,14,7,1,RB,4018,Joe Mixon,RB,20.0,False,True
2023,14,7,2,RB,7588,Javonte Williams,RB,16.6,False,True
2023,14,7,3,WR,5045,Courtland Sutton,WR,13.7,False,True
2023,14,7,4,WR,1426,DeAndre Hopkins,WR,21.9,False,True
2023,14,7,5,FLEX,9508,Tyjae Spears,RB,14.8,False,False
2023,14,7,6,REC_FLEX,6801,Tee Higgins,WR,8.2,False,True
2023,14,7,7,SUPER_FLEX,6820,Clyde Edwards-Helaire,RB,7.8,False,True
2023,14,7,8,DEF,NE,New England Patriots,DEF,5.0,False,True
2023,14,8,0,QB,7538,Zach Wilson,QB,19.24,False,False
2023,14,8,1,RB,8138,James Cook,RB,22.6,False,True
2023,14,8,2,RB,5967,Tony Pollard,RB,13.1,False,True
2023,14,8,3,WR,6794,Justin Jefferson,WR,3.7,False,True
2023,14,8,4,WR,8144,Chris Olave,WR,10.8,False,True
2023,14,8,5,FLEX,9226,De'Von Achane,RB,9.6,False,True
2023,14,8,6,REC_FLEX,10236,Dalton Kincaid,TE,7.1,False,True
2023,14,8,7,SUPER_FLEX,8183,Brock Purdy,QB,21.42,False,True
2023,14,8,8,DEF,NYJ,New York Jets,DEF,12.0,False,False
2023,14,9,0,QB,6904,Jalen Hurts,QB,8.88,False,True
2023,14,9,1,RB,4866,Saquon Barkley,RB,21.6,False,True
2023,14,9,2,RB,2161,Jerick McKinnon,RB,11.2,False,False
2023,14,9,3,WR,8137,George Pickens,WR,4.4,False,False
2023,14,9,4,WR,2133,Davante Adams,WR,8.8,False,True
2023,14,9,5,FLEX,4111,D'Onta Foreman,RB,8.2,False,False
2023,14,9,6,REC_FLEX,8131,Isaiah Likely,TE,19.3,False,False
2023,14,9,7,SUPER_FLEX,9228,Bryce Young,QB,7.48,False,False
2023,14,9,8,DEF,PIT,Pittsburgh Steelers,DEF,4.0,False,True
2023,14,10,0,QB,1234,Russell Wilson,QB,15.46,False,True
2023,14,10,1,RB,4035,Alvin Kamara,RB,12.0,False,True
2023,14,10,2,RB,8151,Kenneth Walker,RB,7.4,False,False
2023,14,10,3,WR,3321,Tyreek Hill,WR,8.1,False,True
2023,14,10,4,WR,6803,Brandon Aiyuk,WR,13.6,False,True
2023,14,10,5,FLEX,4147,Samaje Perine,RB,6.9,False,False
2023,14,10,6,REC_FLEX,4981,Calvin Ridley,WR,7.3,False,True
2023,14,10,7,SUPER_FLEX,421,Matthew Stafford,QB,23.66,False,True
2023,14,10,8,DEF,SF,San Francisco 49ers,DEF,9.0,False,True
2023,14,11,0,QB,4984,Josh Allen,QB,20.52,False,True
2023,14,11,1,RB,8136,Rachaad White,RB,20.5,False,True
2023,14,11,2,RB,8150,Kyren Williams,RB,12.8,False,True
2023,14,11,3,WR,10229,Rashee Rice,WR,14.7,False,True
2023,14,11,4,WR,6786,CeeDee Lamb,WR,16.1,False,True
2023,14,11,5,FLEX,8143,Jerome Ford,RB,10.7,False,False
2023,14,11,6,REC_FLEX,7526,Jaylen Waddle,WR,10.9,False,True
2023,14,11,7,SUPER_FLEX,2028,Derek Carr,QB,10.76,False,False
2023,14,11,8,DEF,DEN,Denver Broncos,DEF,16.0,False,False
2023,14,12,0,QB,6011,Gardner Minshew,QB,14.1,False,True
2023,14,12,1,RB,4034,Christian McCaffrey,RB,15.8,False,True
2023,14,12,2,RB,5987,Alexander Mattison,RB,6.6,False,True
2023,14,12,3,WR,8146,Garrett Wilson,WR,15.6,False,True
2023,14,12,4,WR,8112,Drake London,WR,24.2,False,True
2023,14,12,5,FLEX,7553,Kyle Pitts,TE,14.7,False,False
2023,14,12,6,REC_FLEX,4033,David Njoku,TE,27.1,False,True
2023,14,12,7,SUPER_FLEX,3976,Mitchell Trubisky,QB,20.6,False,False
2023,14,12,8,DEF,BAL,Baltimore Ravens,DEF,7.0,False,True
2023,15,1,0,QB,8162,Sam Howell,QB,8.28,False,True
2023,15,1,1,RB,6130,Devin Singletary,RB,19.0,False,True
2023,15,1,2,RB,9221,Jahmyr Gibbs,RB,23.8,False,True
2023,15,1,3,WR,4039,Cooper Kupp,WR,21.1,False,True
2023,15,1,4,WR,4080,Zay Jones,WR,8.4,False,False
2023,15,1,5,FLEX,5937,Diontae Johnson,WR,14.2,False,False
2023,15,1,6,REC_FLEX,5859,A.J. Brown,WR,8.1,False,True
2023,15,1,7,SUPER_FLEX,1737,Case Keenum,QB,11.26,False,False
2023,15,1,8,DEF,NO,New Orleans Saints,DEF,14.0,False,False
2023,15,2,0,QB,3294,Dak Prescott,QB,6.06,False,True
2023,15,2,1,RB,2749,Raheem Mostert,RB,17.3,False,True
2023,15,2,2,RB,8228,Jaylen Warren,RB,9.3,False,False
2023,15,2,3,WR,7564,Ja'Marr Chase,WR,8.4,False,True
2023,15,2,4,WR,5846,DK Metcalf,WR,10.3,False,True
2023,15,2,5,FLEX,9488,Jaxon Smith-Njigba,WR,12.8,False,False
2023,15,2,6,REC_FLEX,10222,Jayden Reed,WR,14.2,False,True
2023,15,2,7,SUPER_FLEX,4464,Nick Mullens,QB,17.12,False,False
2023,15,2,8,DEF,CHI,Chicago Bears,DEF,18.0,False,True
2023,15,3,0,QB,6111,Jake Browning,QB,18.96,False,True
2023,15,3,1,RB,8155,Breece Hall,RB,2.3,False,True
2023,15,3,2,RB,7045,Joshua Kelley,RB,1.3,False,False
2023,15,3,3,WR,1689,Adam Thielen,WR,6.3,False,True
2023,15,3,4,WR,5947,Jakobi Meyers,WR,14.68,False,False
2023,15,3,5,FLEX,4066,Evan Engram,TE,6.8,False,True
2023,15,3,6,REC_FLEX,5844,T.J. Hockenson,TE,12.3,False,True
2023,15,3,7,SUPER_FLEX,4892,Baker Mayfield,QB,29.04,False,False
2023,15,3,8,DEF,BUF,Buffalo Bills,DEF,9.0,False,False
2023,15,4,0,QB,6768,Tua Tagovailoa,QB,12.96,False,True
2023,15,4,1,RB,5892,David Montgomery,RB,9.2,False,True
2023,15,4,2,RB,8139,Zamir White,RB,16.0,False,False
2023,15,4,3,WR,4037,Chris Godwin,WR,20.5,False,False
2023,15,4,4,WR,9754,Quentin Johnston,WR,9.3,False,True
2023,15,4,5,FLEX,6826,Cole Kmet,TE,13.3,False,False
2023,15,4,6,REC_FLEX,5001,Dalton Schultz,TE,9.8,False,True
2023,15,4,7,SUPER_FLEX,11292,Tommy DeVito,QB,10.68,False,True
2023,15,4,8,DEF,LV,Las Vegas Raiders,DEF,29.0,False,True
2023,15,5,0,QB,19,Joe Flacco,QB,16.86,False,False
2023,15,5,1,RB,3198,Derrick Henry,RB,3.0,False,True
2023,15,5,2,RB,4137,James Conner,RB,16.4,False,True
2023,15,5,3,WR,2449,Stefon Diggs,WR,6.8,False,True
2023,15,5,4,WR,5872,Deebo Samuel,WR,19.9,False,True
2023,15,5,5,FLEX,4217,George Kittle,TE,7.4,False,True
2023,15,5,6,REC_FLEX,2309,Amari Cooper,WR,18.9,False,True
2023,15,5,7,SUPER_FLEX,4881,Lamar Jackson,QB,18.54,False,True
2023,15,5,8,DEF,CIN,Cincinnati Bengals,DEF,7.0,False,True
2023,15,6,0,QB,3163,Jared Goff,QB,31.12,False,True
2023,15,6,1,RB,8230,Ty Chandler,RB,23.2,False,True
2023,15,6,2,RB,6845,Zack Moss,RB,10.8,False,True
2023,15,6,3,WR,6819,Michael Pittman,WR,9.8,False,True
2023,15,6,4,WR,9756,Jordan Addison,WR,26.1,False,False
2023,15,6,5,FLEX,8110,Jake Ferguson,TE,10.4,False,False
2023,15,6,6,REC_FLEX,6783,Jerry Jeudy,WR,8.9,False,False
2023,15,6,7,SUPER_FLEX,10866,Aidan O'Connell,QB,25.92,False,False
2023,15,6,8,DEF,CLE,Cleveland Browns,DEF,13.0,False,True
2023,15,7,0,QB,9999,Will Levis,QB,14.46,False,True
2023,15,7,1,RB,4018,Joe Mixon,RB,13.6,False,True
2023,15,7,2,RB,6820,Clyde Edwards-Helaire,RB,18.1,False,False
2023,15,7,3,WR,5045,Courtland Sutton,WR,9.6,False,True
2023,15,7,4,WR,2216,Mike Evans,WR,13.7,False,True
2023,15,7,5,FLEX,5248,Gus Edwards,RB,13.4,False,False
2023,15,7,6,REC_FLEX,6801,Tee Higgins,WR,20.1,False,True
2023,15,7,7,SUPER_FLEX,8130,Trey McBride,TE,20.2,False,True
2023,15,7,8,DEF,LAR,Los Angeles Rams,DEF,6.0,False,False
2023,15,8,0,QB,8183,Brock Purdy,QB,25.68,False,True
2023,15,8,1,RB,8138,James Cook,RB,35.1,False,True
2023,15,8,2,RB,9511,Keaton Mitchell,RB,9.8,False,False
2023,15,8,3,WR,6794,Justin Jefferson,WR,11.9,False,True
2023,15,8,4,WR,7569,Nico Collins,WR,0.0,False,False
2023,15,8,5,FLEX,9226,De'Von Achane,RB,7.7,False,True
2023,15,8,6,REC_FLEX,7670,Joshua Palmer,WR,19.3,False,True
2023,15,8,7,SUPER_FLEX,6185,Easton Stick,QB,17.38,False,True
2023,15,8,8,DEF,KC,Kansas City Chiefs,DEF,8.0,False,True
2023,15,9,0,QB,9228,Bryce Young,QB,7.58,False,True
2023,15,9,1,RB,4866,Saquon Barkley,RB,4.7,False,True
2023,15,9,2,RB,4199,Aaron Jones,RB,8.9,False,True
2023,15,9,3,WR,7547,Amon-Ra St. Brown,WR,20.7,False,True
2023,15,9,4,WR,2133,Davante Adams,WR,20.1,False,True
2023,15,9,5,FLEX,5927,Terry McLaurin,WR,23.1,False,True
2023,15,9,6,REC_FLEX,8131,Isaiah Likely,TE,18.0,False,True
2023,15,9,7,SUPER_FLEX,6904,Jalen Hurts,QB,21.92,False,True
2023,15,9,8,DEF,PIT,Pittsburgh Steelers,DEF,4.0,False,True
2023,15,10,0,QB,1234,Russell Wilson,QB,17.52,False,True
2023,15,10,1,RB,4035,Alvin Kamara,RB,13.5,False,True
2023,15,10,2,RB,6790,D'Andre Swift,RB,8.5,False,True
2023,15,10,3,WR,6803,Brandon Aiyuk,WR,5.2,False,True
2023,15,10,4,WR,4981,Calvin Ridley,WR,6.4,False,True
2023,15,10,5,FLEX,8151,Kenneth Walker,RB,18.7,False,True
2023,15,10,6,REC_FLEX,10859,Sam LaPorta,TE,28.6,False,True
2023,15,10,7,SUPER_FLEX,421,Matthew Stafford,QB,18.52,False,True
2023,15,10,8,DEF,SF,San Francisco 49ers,DEF,15.0,False,True
2023,15,11,0,QB,2028,Derek Carr,QB,20.32,False,False
2023,15,11,1,RB,8136,Rachaad White,RB,20.9,False,True
2023,15,11,2,RB,8150,Kyren Williams,RB,22.0,False,True
2023,15,11,3,WR,4234,Noah Brown,WR,18.2,False,False
2023,15,11,4,WR,6786,CeeDee Lamb,WR,15.1,False,True
2023,15,11,5,FLEX,10229,Rashee Rice,WR,19.6,False,True
2023,15,11,6,REC_FLEX,7526,Jaylen Waddle,WR,24.2,False,True
2023,15,11,7,SUPER_FLEX,6804,Jordan Love,QB,17.46,False,True
2023,15,11,8,DEF,MIA,Miami Dolphins,DEF,26.0,False,True
2023,15,12,0,QB,5849,Kyler Murray,QB,13.34,False,True
2023,15,12,1,RB,4034,Christian McCaffrey,RB,39.2,False,True
2023,15,12,2,RB,8132,Tyler Allgeier,RB,5.6,False,True
2023,15,12,3,WR,8146,Garrett Wilson,WR,4.4,False,True
2023,15,12,4,WR,8112,Drake London,WR,3.4,False,True
2023,15,12,5,FLEX,7553,Kyle Pitts,TE,6.7,False,False
2023,15,12,6,REC_FLEX,4033,David Njoku,TE,26.4,False,True
2023,15,12,7,SUPER_FLEX,6011,Gardner Minshew,QB,20.6,False,True
2023,15,12,8,DEF,IND,Indianapolis Colts,DEF,15.0,False,True
2023,16,1,0,QB,2549,Trevor Siemian,QB,10.48,False,False
2023,16,1,1,RB,8129,Dameon Pierce,RB,8.1,False,False
2023,16,1,2,RB,9221,Jahmyr Gibbs,RB,22.0,False,True
2023,16,1,3,WR,4039,Cooper Kupp,WR,7.9,False,True
2023,16,1,4,WR,9997,Zay Flowers,WR,17.7,False,True
2023,16,1,5,FLEX,1466,Travis Kelce,TE,9.4,False,True
2023,16,1,6,REC_FLEX,5859,A.J. Brown,WR,11.0,False,True
2023,16,1,7,SUPER_FLEX,3164,Ezekiel Elliott,RB,16.5,False,True
2023,16,1,8,DEF,ATL,Atlanta Falcons,DEF,13.0,False,False
2023,16,2,0,QB,3294,Dak Prescott,QB,18.62,False,True
2023,16,2,1,RB,9509,Bijan Robinson,RB,15.7,False,True
2023,16,2,2,RB,4663,Austin Ekeler,RB,10.1,False,True
2023,16,2,3,WR,2197,Brandin Cooks,WR,9.3,False,True
2023,16,2,4,WR,5846,DK Metcalf,WR,13.6,False,True
2023,16,2,5,FLEX,2749,Raheem Mostert,RB,11.5,False,True
2023,16,2,6,REC_FLEX,9488,Jaxon Smith-Njigba,WR,9.1,False,False
2023,16,2,7,SUPER_FLEX,4464,Nick Mullens,QB,16.54,False,True
2023,16,2,8,DEF,PHI,Philadelphia Eagles,DEF,5.0,False,False
2023,16,3,0,QB,6111,Jake Browning,QB,13.4,False,True
2023,16,3,1,RB,8155,Breece Hall,RB,37.1,False,False
2023,16,3,2,RB,8205,Isiah Pacheco,RB,8.6,False,True
2023,16,3,3,WR,1689,Adam Thielen,WR,12.4,False,False
2023,16,3,4,WR,2374,Tyler Lockett,WR,12.1,False,True
2023,16,3,5,FLEX,4066,Evan Engram,TE,17.5,False,True
2023,16,3,6,REC_FLEX,5844,T.J. Hockenson,TE,9.8,False,True
2023,16,3,7,SUPER_FLEX,4892,Baker Mayfield,QB,19.82,False,True
2023,16,3,8,DEF,BUF,Buffalo Bills,DEF,5.0,False,False
2023,16,4,0,QB,6768,Tua Tagovailoa,QB,15.52,False,True
2023,16,4,1,RB,5892,David Montgomery,RB,13.9,False,True
2023,16,4,2,RB,8139,Zamir White,RB,14.5,False,False
2023,16,4,3,WR,9493,Puka Nacua,WR,28.5,False,True
2023,16,4,4,WR,4037,Chris Godwin,WR,10.9,False,False
2023,16,4,5,FLEX,8210,Chig Okonkwo,TE,18.3,False,False
2023,16,4,6,REC_FLEX,6826,Cole Kmet,TE,14.7,False,False
2023,16,4,7,SUPER_FLEX,6185,Easton Stick,QB,17.1,False,False
2023,16,4,8,DEF,LV,Las Vegas Raiders,DEF,22.0,False,True
2023,16,5,0,QB,4046,Patrick Mahomes,QB,16.7,False,True
2023,16,5,1,RB,3198,Derrick Henry,RB,20.88,False,True
2023,16,5,2,RB,4137,James Conner,RB,19.7,False,True
2023,16,5,3,WR,2309,Amari Cooper,WR,46.0,False,True
2023,16,5,4,WR,5872,Deebo Samuel,WR,7.4,False,True
2023,16,5,5,FLEX,5248,Gus Edwards,RB,13.5,False,False
2023,16,5,6,REC_FLEX,4217,George Kittle,TE,19.6,False,True
2023,16,5,7,SUPER_FLEX,4881,Lamar Jackson,QB,22.58,False,True
2023,16,5,8,DEF,WAS,Washington Commanders,DEF,3.0,False,True
2023,16,6,0,QB,3163,Jared Goff,QB,14.28,False,True
2023,16,6,1,RB,7543,Travis Etienne,RB,4.6,False,True
2023,16,6,2,RB,8230,Ty Chandler,RB,7.7,False,True
2023,16,6,3,WR,9486,Dontayvion Wicks,WR,9.9,False,False
2023,16,6,4,WR,6783,Jerry Jeudy,WR,5.9,False,False
2023,16,6,5,FLEX,4098,Kareem Hunt,RB,8.6,False,False
2023,16,6,6,REC_FLEX,8110,Jake Ferguson,TE,8.5,False,True
2023,16,6,7,SUPER_FLEX,7591,Justin Fields,QB,24.5,False,True
2023,16,6,8,DEF,CLE,Cleveland Browns,DEF,8.0,False,True
2023,16,7,0,QB,19,Joe Flacco,QB,24.82,False,True
2023,16,7,1,RB,9508,Tyjae Spears,RB,9.2,False,False
2023,16,7,2,RB,6813,Jonathan Taylor,RB,10.3,False,True
2023,16,7,3,WR,6801,Tee Higgins,WR,22.5,False,True
2023,16,7,4,WR,2216,Mike Evans,WR,24.1,False,True
2023,16,7,5,FLEX,7588,Javonte Williams,RB,9.4,False,True
2023,16,7,6,REC_FLEX,8130,Trey McBride,TE,9.1,False,True
2023,16,7,7,SUPER_FLEX,1373,Geno Smith,QB,17.28,False,True
2023,16,7,8,DEF,LAR,Los Angeles Rams,DEF,4.0,False,False
2023,16,8,0,QB,1049,Ryan Tannehill,QB,9.78,False,False
2023,16,8,1,RB,8138,James Cook,RB,5.0,False,True
2023,16,8,2,RB,5967,Tony Pollard,RB,4.8,False,True
2023,16,8,3,WR,6794,Justin Jefferson,WR,23.1,False,True
2023,16,8,4,WR,8144,Chris Olave,WR,18.8,False,True
2023,16,8,5,FLEX,7670,Joshua Palmer,WR,7.2,False,False
2023,16,8,6,REC_FLEX,7569,Nico Collins,WR,11.8,False,True
2023,16,8,7,SUPER_FLEX,9228,Bryce Young,QB,22.18,False,False
2023,16,8,8,DEF,NYJ,New York Jets,DEF,8.0,False,True
2023,16,9,0,QB,6904,Jalen Hurts,QB,23.44,False,True
2023,16,9,1,RB,4866,Saquon Barkley,RB,17.9,False,True
2023,16,9,2,RB,4199,Aaron Jones,RB,14.0,False,True
2023,16,9,3,WR,7547,Amon-Ra St. Brown,WR,22.6,False,True
2023,16,9,4,WR,8137,George Pickens,WR,33.5,False,False
2023,16,9,5,FLEX,6943,Gabe Davis,WR,21.0,False,False
2023,16,9,6,REC_FLEX,5022,Dallas Goedert,TE,14.1,False,True
2023,16,9,7,SUPER_FLEX,4972,Mason Rudolph,QB,20.0,False,False
2023,16,9,8,DEF,SEA,Seattle Seahawks,DEF,8.0,False,True
2023,16,10,0,QB,1234,Russell Wilson,QB,23.52,False,True
2023,16,10,1,RB,7567,Kenny Gainwell,RB,9.4,False,False
2023,16,10,2,RB,6790,D'Andre Swift,RB,15.2,False,True
2023,16,10,3,WR,3321,Tyreek Hill,WR,14.4,False,True
2023,16,10,4,WR,4981,Calvin Ridley,WR,22.8,False,True
2023,16,10,5,FLEX,3286,Demarcus Robinson,WR,17.2,False,False
2023,16,10,6,REC_FLEX,6803,Brandon Aiyuk,WR,14.3,False,False
2023,16,10,7,SUPER_FLEX,421,Matthew Stafford,QB,20.72,False,True
2023,16,10,8,DEF,SF,San Francisco 49ers,DEF,3.0,False,False
2023,16,11,0,QB,4984,Josh Allen,QB,24.98,False,True
2023,16,11,1,RB,8136,Rachaad White,RB,16.7,False,True
2023,16,11,2,RB,8150,Kyren Williams,RB,16.4,False,True
2023,16,11,3,WR,7525,DeVonta Smith,WR,15.9,False,True
2023,16,11,4,WR,6786,CeeDee Lamb,WR,22.2,False,True
2023,16,11,5,FLEX,7594,Chuba Hubbard,RB,11.6,False,False
2023,16,11,6,REC_FLEX,10229,Rashee Rice,WR,8.7,False,True
2023,16,11,7,SUPER_FLEX,2028,Derek Carr,QB,24.96,False,False
2023,16,11,8,DEF,MIA,Miami Dolphins,DEF,7.0,False,False
2023,16,12,0,QB,5849,Kyler Murray,QB,20.4,False,True
2023,16,12,1,RB,4034,Christian McCaffrey,RB,22.1,False,True
2023,16,12,2,RB,8132,Tyler Allgeier,RB,15.3,False,True
2023,16,12,3,WR,8146,Garrett Wilson,WR,11.3,False,True
2023,16,12,4,WR,8134,Khalil Shakir,WR,6.0,False,False
2023,16,12,5,FLEX,7553,Kyle Pitts,TE,13.9,False,True
2023,16,12,6,REC_FLEX,4033,David Njoku,TE,16.4,False,True
2023,16,12,7,SUPER_FLEX,6011,Gardner Minshew,QB,9.14,False,True
2023,16,12,8,DEF,BAL,Baltimore Ravens,DEF,15.0,False,False
2023,17,1,0,QB,9758,C.J. Stroud,QB,12.92,False,True
2023,17,1,1,RB,6130,Devin Singletary,RB,10.1,False,True
2023,17,1,2,RB,3164,Ezekiel Elliott,RB,11.0,False,True
2023,17,1,3,WR,4039,Cooper Kupp,WR,10.7,False,True
2023,17,1,4,WR,9997,Zay Flowers,WR,18.1,False,True
2023,17,1,5,FLEX,5937,Diontae Johnson,WR,9.6,False,False
2023,17,1,6,REC_FLEX,5859,A.J. Brown,WR,7.3,False,True
2023,17,1,7,SUPER_FLEX,2549,Trevor Siemian,QB,13.74,False,False
2023,17,1,8,DEF,HOU,Houston Texans,DEF,22.0,False,True
2023,17,2,0,QB,3294,Dak Prescott,QB,20.3,False,True
2023,17,2,1,RB,9509,Bijan Robinson,RB,10.1,False,True
2023,17,2,2,RB,8228,Jaylen Warren,RB,17.8,False,False
2023,17,2,3,WR,2197,Brandin Cooks,WR,14.5,False,True
2023,17,2,4,WR,5846,DK Metcalf,WR,13.1,False,True
2023,17,2,5,FLEX,9488,Jaxon Smith-Njigba,WR,7.7,False,False
2023,17,2,6,REC_FLEX,10222,Jayden Reed,WR,23.9,False,True
2023,17,2,7,SUPER_FLEX,827,Tyrod Taylor,QB,18.76,False,True
2023,17,2,8,DEF,PHI,Philadelphia Eagles,DEF,6.0,False,True
2023,17,3,0,QB,6111,Jake Browning,QB,21.08,False,True
2023,17,3,1,RB,8205,Isiah Pacheco,RB,26.0,False,True
2023,17,3,2,RB,8155,Breece Hall,RB,23.1,False,True
2023,17,3,3,WR,1689,Adam Thielen,WR,6.8,False,True
2023,17,3,4,WR,5947,Jakobi Meyers,WR,8.6,False,True
2023,17,3,5,FLEX,7608,Khalil Herbert,RB,19.9,False,False
2023,17,3,6,REC_FLEX,4066,Evan Engram,TE,12.0,False,True
2023,17,3,7,SUPER_FLEX,5995,Justice Hill,RB,19.7,False,False
2023,17,3,8,DEF,BUF,Buffalo Bills,DEF,18.0,False,True
2023,17,4,0,QB,6768,Tua Tagovailoa,QB,14.88,False,True
2023,17,4,1,RB,5892,David Montgomery,RB,12.5,False,True
2023,17,4,2,RB,8139,Zamir White,RB,13.1,False,True
2023,17,4,3,WR,9493,Puka Nacua,WR,16.2,False,True
2023,17,4,4,WR,10232,Michael Wilson,WR,13.5,False,False
2023,17,4,5,FLEX,8131,Isaiah Likely,TE,18.2,False,True
2023,17,4,6,REC_FLEX,4037,Chris Godwin,WR,15.6,False,False
2023,17,4,7,SUPER_FLEX,6185,Easton Stick,QB,11.9,False,True
2023,17,4,8,DEF,LV,Las Vegas Raiders,DEF,2.0,False,True
2023,17,5,0,QB,6136,Jarrett Stidham,QB,13.56,False,False
2023,17,5,1,RB,5248,Gus Edwards,RB,10.8,False,False
2023,17,5,2,RB,4137,James Conner,RB,25.8,False,True
2023,17,5,3,WR,2449,Stefon Diggs,WR,5.1,False,True
2023,17,5,4,WR,5872,Deebo Samuel,WR,15.7,False,True
2023,17,5,5,FLEX,4217,George Kittle,TE,5.9,False,True
2023,17,5,6,REC_FLEX,7600,Pat Freiermuth,TE,7.4,False,True
2023,17,5,7,SUPER_FLEX,4881,Lamar Jackson,QB,36.34,False,True
2023,17,5,8,DEF,WAS,Washington Commanders,DEF,1.0,False,True
2023,17,6,0,QB,10866,Aidan O'Connell,QB,20.26,False,False
2023,17,6,1,RB,7543,Travis Etienne,RB,24.8,False,True
2023,17,6,2,RB,8230,Ty Chandler,RB,7.9,False,True
2023,17,6,3,WR,6819,Michael Pittman,WR,7.1,False,True
2023,17,6,4,WR,4983,DJ Moore,WR,26.4,False,True
2023,17,6,5,FLEX,4098,Kareem Hunt,RB,9.1,False,False
2023,17,6,6,REC_FLEX,8110,Jake Ferguson,TE,7.3,False,True
2023,17,6,7,SUPER_FLEX,7591,Justin Fields,QB,25.22,False,True
2023,17,6,8,DEF,CLE,Cleveland Browns,DEF,15.0,False,True
2023,17,7,0,QB,19,Joe Flacco,QB,22.66,False,True
2023,17,7,1,RB,4018,Joe Mixon,RB,16.7,False,True
2023,17,7,2,RB,6813,Jonathan Taylor,RB,16.9,False,True
2023,17,7,3,WR,1426,DeAndre Hopkins,WR,10.7,False,False
2023,17,7,4,WR,2216,Mike Evans,WR,8.5,False,True
2023,17,7,5,FLEX,7588,Javonte Williams,RB,7.3,False,True
2023,17,7,6,REC_FLEX,8130,Trey McBride,TE,10.8,False,True
2023,17,7,7,SUPER_FLEX,1373,Geno Smith,QB,16.9,False,True
2023,17,7,8,DEF,LAR,Los Angeles Rams,DEF,8.0,False,True
2023,17,8,0,QB,8183,Brock Purdy,QB,17.6,False,True
2023,17,8,1,RB,9226,De'Von Achane,RB,21.7,False,True
2023,17,8,2,RB,10235,Roschon Johnson,RB,13.4,False,False
2023,17,8,3,WR,6794,Justin Jefferson,WR,8.4,False,True
2023,17,8,4,WR,9500,Josh Downs,WR,6.3,False,False
2023,17,8,5,FLEX,10236,Dalton Kincaid,TE,12.7,False,False
2023,17,8,6,REC_FLEX,7569,Nico Collins,WR,12.2,False,True
2023,17,8,7,SUPER_FLEX,4127,C.J. Beathard,QB,9.52,False,False
2023,17,8,8,DEF,NYJ,New York Jets,DEF,14.0,False,True
2023,17,9,0,QB,6904,Jalen Hurts,QB,19.18,False,True
2023,17,9,1,RB,7528,Najee Harris,RB,24.2,False,True
2023,17,9,2,RB,4199,Aaron Jones,RB,13.5,False,True
2023,17,9,3,WR,7547,Amon-Ra St. Brown,WR,19.1,False,True
2023,17,9,4,WR,2133,Davante Adams,WR,31.1,False,True
2023,17,9,5,FLEX,8137,George Pickens,WR,16.6,False,False
2023,17,9,6,REC_FLEX,5022,Dallas Goedert,TE,15.7,False,True
2023,17,9,7,SUPER_FLEX,2711,Taylor Heinicke,QB,15.12,False,True
2023,17,9,8,DEF,TB,Tampa Bay Buccaneers,DEF,1.0,False,True
2023,17,10,0,QB,421,Matthew Stafford,QB,12.58,False,True
2023,17,10,1,RB,8151,Kenneth Walker,RB,15.0,False,False
2023,17,10,2,RB,6790,D'Andre Swift,RB,7.1,False,True
2023,17,10,3,WR,3321,Tyreek Hill,WR,10.6,False,True
2023,17,10,4,WR,3286,Demarcus Robinson,WR,10.2,False,False
2023,17,10,5,FLEX,6803,Brandon Aiyuk,WR,20.9,False,True
2023,17,10,6,REC_FLEX,10859,Sam LaPorta,TE,15.4,False,True
2023,17,10,7,SUPER_FLEX,2505,Darren Waller,TE,10.1,False,True
2023,17,10,8,DEF,SF,San Francisco 49ers,DEF,9.0,False,True
2023,17,11,0,QB,4984,Josh Allen,QB,21.16,False,True
2023,17,11,1,RB,8143,Jerome Ford,RB,25.1,False,False
2023,17,11,2,RB,8150,Kyren Williams,RB,29.1,False,True
2023,17,11,3,WR,7525,DeVonta Smith,WR,4.5,False,True
2023,17,11,4,WR,6786,CeeDee Lamb,WR,33.7,False,True
2023,17,11,5,FLEX,7594,Chuba Hubbard,RB,9.1,False,True
2023,17,11,6,REC_FLEX,10229,Rashee Rice,WR,15.2,False,True
2023,17,11,7,SUPER_FLEX,6804,Jordan Love,QB,28.44,False,True
2023,17,11,8,DEF,DEN,Denver Broncos,DEF,10.0,False,False
2023,17,12,0,QB,5849,Kyler Murray,QB,23.68,False,True
2023,17,12,1,RB,4034,Christian McCaffrey,RB,11.1,False,True
2023,17,12,2,RB,8132,Tyler Allgeier,RB,15.3,False,False
2023,17,12,3,WR,7596,Elijah Moore,WR,14.6,False,False
2023,17,12,4,WR,8112,Drake London,WR,7.6,False,True
2023,17,12,5,FLEX,7561,Elijah Mitchell,RB,14.0,False,False
2023,17,12,6,REC_FLEX,4033,David Njoku,TE,17.4,False,True
2023,17,12,7,SUPER_FLEX,6011,Gardner Minshew,QB,13.26,False,True
2023,17,12,8,DEF,BAL,Baltimore Ravens,DEF,10.0,False,False
2024,1,1,0,QB,6768,Tua Tagovailoa,QB,18.62,False,True
2024,1,1,1,RB,9509,Bijan Robinson,RB,13.6,False,True
2024,1,1,2,RB,8138,James Cook,RB,11.8,False,True
2024,1,1,3,WR,5859,A.J. Brown,WR,20.4,False,True
2024,1,1,4,WR,11631,Brian Thomas,WR,12.7,False,False
2024,1,1,5,FLEX,9502,Tank Dell,WR,7.4,False,True
2024,1,1,6,REC_FLEX,7526,Jaylen Waddle,WR,13.7,False,True
2024,1,1,7,SUPER_FLEX,421,Matthew Stafford,QB,14.68,False,True
2024,1,1,8,DEF,CHI,Chicago Bears,DEF,25.0,False,True
2024,1,2,0,QB,6770,Joe Burrow,QB,8.06,False,True
2024,1,2,1,RB,9226,De'Von Achane,RB,19.5,False,True
2024,1,2,2,RB,8143,Jerome Ford,RB,15.9,False,True
2024,1,2,3,WR,7564,Ja'Marr Chase,WR,9.2,False,True
2024,1,2,4,WR,10229,Rashee Rice,WR,13.8,False,True
2024,1,2,5,FLEX,6806,J.K. Dobbins,RB,21.4,False,False
2024,1,2,6,REC_FLEX,11632,Malik Nabers,WR,9.1,False,True
2024,1,2,7,SUPER_FLEX,11566,Jayden Daniels,QB,28.16,False,True
2024,1,2,8,DEF,LAC,Los Angeles Chargers,DEF,15.0,False,False
2024,1,3,0,QB,6904,Jalen Hurts,QB,16.42,False,True
2024,1,3,1,RB,9221,Jahmyr Gibbs,RB,15.4,False,True
2024,1,3,2,RB,8136,Rachaad White,RB,13.6,False,True
2024,1,3,3,WR,7569,Nico Collins,WR,14.7,False,True
2024,1,3,4,WR,11635,Ladd McConkey,WR,12.4,False,False
2024,1,3,5,FLEX,11584,Bucky Irving,RB,8.6,False,False
2024,1,3,6,REC_FLEX,4217,George Kittle,TE,8.0,False,True
2024,1,3,7,SUPER_FLEX,8183,Brock Purdy,QB,10.34,False,True
2024,1,3,8,DEF,MIN,Minnesota Vikings,DEF,22.0,False,True
2024,1,4,0,QB,4892,Baker Mayfield,QB,29.66,False,True
2024,1,4,1,RB,8408,Jordan Mason,RB,21.7,False,False
2024,1,4,2,RB,8205,Isiah Pacheco,RB,14.8,False,True
2024,1,4,3,WR,6786,CeeDee Lamb,WR,11.1,False,True
2024,1,4,4,WR,2216,Mike Evans,WR,20.6,False,True
2024,1,4,5,FLEX,5892,David Montgomery,RB,15.8,False,True
2024,1,4,6,REC_FLEX,11637,Keon Coleman,WR,7.1,False,False
2024,1,4,7,SUPER_FLEX,5967,Tony Pollard,RB,16.9,False,False
2024,1,4,8,DEF,NYJ,New York Jets,DEF,2.0,False,True
2024,1,5,0,QB,4881,Lamar Jackson,QB,25.12,False,True
2024,1,5,1,RB,8150,Kyren Williams,RB,12.9,False,True
2024,1,5,2,RB,4199,Aaron Jones,RB,17.9,False,True
2024,1,5,3,WR,11624,Xavier Worthy,WR,19.8,False,False
2024,1,5,4,WR,8137,George Pickens,WR,10.5,False,True
2024,1,5,5,FLEX,6845,Zack Moss,RB,13.1,False,False
2024,1,5,6,REC_FLEX,2374,Tyler Lockett,WR,10.7,False,False
2024,1,5,7,SUPER_FLEX,2028,Derek Carr,QB,21.3,False,False
2024,1,5,8,DEF,WAS,Washington Commanders,DEF,-3.0,False,True
2024,1,6,0,QB,11560,Caleb Williams,QB,7.22,False,True
2024,1,6,1,RB,8154,Brian Robinson,RB,16.4,False,True
2024,1,6,2,RB,6790,D'Andre Swift,RB,5.0,False,True
2024,1,6,3,WR,9488,Jaxon Smith-Njigba,WR,2.9,False,False
2024,1,6,4,WR,6783,Jerry Jeudy,WR,10.0,False,False
2024,1,6,5,FLEX,7553,Kyle Pitts,TE,11.6,False,True
2024,1,6,6,REC_FLEX,4037,Chris Godwin,WR,18.3,False,True
2024,1,6,7,SUPER_FLEX,7523,Trevor Lawrence,QB,11.28,False,True
2024,1,6,8,DEF,PHI,Philadelphia Eagles,DEF,4.0,False,True
2024,1,7,0,QB,9229,Anthony Richardson,QB,26.08,False,True
2024,1,7,1,RB,5987,Alexander Mattison,RB,14.2,False,False
2024,1,7,2,RB,6130,Devin Singletary,RB,7.2,False,False
2024,1,7,3,WR,6794,Justin Jefferson,WR,13.9,False,True
2024,1,7,4,WR,4039,Cooper Kupp,WR,25.0,False,True
2024,1,7,5,FLEX,1466,Travis Kelce,TE,6.4,False,True
2024,1,7,6,REC_FLEX,10859,Sam LaPorta,TE,8.5,False,True
2024,1,7,7,SUPER_FLEX,4943,Sam Darnold,QB,14.62,False,False
2024,1,7,8,DEF,SEA,Seattle Seahawks,DEF,11.0,False,True
2024,1,8,0,QB,5849,Kyler Murray,QB,14.18,False,True
2024,1,8,1,RB,8155,Breece Hall,RB,15.8,False,True
2024,1,8,2,RB,4137,James Conner,RB,17.8,False,True
2024,1,8,3,WR,9493,Puka Nacua,WR,6.2,False,True
2024,1,8,4,WR,5970,Greg Dortch,WR,8.1,False,False
2024,1,8,5,FLEX,9224,Chase Brown,RB,3.8,False,False
2024,1,8,6,REC_FLEX,8130,Trey McBride,TE,8.0,False,True
2024,1,8,7,SUPER_FLEX,11563,Bo Nix,QB,11.02,False,False
2024,1,8,8,DEF,CLE,Cleveland Browns,DEF,3.0,False,True
2024,1,9,0,QB,4046,Patrick Mahomes,QB,14.64,False,True
2024,1,9,1,RB,4866,Saquon Barkley,RB,32.2,False,True
2024,1,9,2,RB,3198,Derrick Henry,RB,10.6,False,True
2024,1,9,3,WR,8676,Rashid Shaheed,WR,14.8,False,False
2024,1,9,4,WR,8134,Khalil Shakir,WR,11.7,False,False
2024,1,9,5,FLEX,11618,Jalen McMillan,WR,9.7,False,False
2024,1,9,6,REC_FLEX,8167,Christian Watson,WR,8.8,False,True
2024,1,9,7,SUPER_FLEX,4017,Deshaun Watson,QB,10.66,False,True
2024,1,9,8,DEF,PIT,Pittsburgh Steelers,DEF,12.0,False,True
2024,1,10,0,QB,3294,Dak Prescott,QB,11.46,False,True
2024,1,10,1,RB,4035,Alvin Kamara,RB,19.5,False,True
2024,1,10,2,RB,7611,Rhamondre Stevenson,RB,20.1,False,True
2024,1,10,3,WR,3321,Tyreek Hill,WR,22.5,False,True
2024,1,10,4,WR,5872,Deebo Samuel,WR,16.2,False,True
2024,1,10,5,FLEX,3164,Ezekiel Elliott,RB,11.9,False,False
2024,1,10,6,REC_FLEX,7525,DeVonta Smith,WR,11.9,False,True
2024,1,10,7,SUPER_FLEX,3163,Jared Goff,QB,11.38,False,True
2024,1,10,8,DEF,DAL,Dallas Cowboys,DEF,18.0,False,True
2024,1,11,0,QB,9758,C.J. Stroud,QB,18.66,False,True
2024,1,11,1,RB,5850,Josh Jacobs,RB,11.4,False,True
2024,1,11,2,RB,4018,Joe Mixon,RB,25.3,False,True
2024,1,11,3,WR,10222,Jayden Reed,WR,31.1,False,False
2024,1,11,4,WR,2449,Stefon Diggs,WR,18.9,False,True
2024,1,11,5,FLEX,9508,Tyjae Spears,RB,5.2,False,False
2024,1,11,6,REC_FLEX,9756,Jordan Addison,WR,5.0,False,False
2024,1,11,7,SUPER_FLEX,7591,Justin Fields,QB,11.94,False,False
2024,1,11,8,DEF,TB,Tampa Bay Buccaneers,DEF,5.0,False,True
2024,1,12,0,QB,1373,Geno Smith,QB,17.84,False,True
2024,1,12,1,RB,7543,Travis Etienne,RB,10.9,False,True
2024,1,12,2,RB,8151,Kenneth Walker,RB,17.9,False,True
2024,1,12,3,WR,8146,Garrett Wilson,WR,9.0,False,True
2024,1,12,4,WR,9997,Zay Flowers,WR,8.1,False,True
2024,1,12,5,FLEX,8148,Jameson Williams,WR,21.9,False,False
2024,1,12,6,REC_FLEX,11604,Brock Bowers,TE,11.8,False,False
2024,1,12,7,SUPER_FLEX,4984,Josh Allen,QB,31.18,False,True
2024,1,12,8,DEF,SF,San Francisco 49ers,DEF,7.0,False,True
2024,2,1,0,QB,421,Matthew Stafford,QB,6.64,False,True
2024,2,1,1,RB,9509,Bijan Robinson,RB,14.2,False,True
2024,2,1,2,RB,8138,James Cook,RB,28.0,False,True
2024,2,1,3,WR,7526,Jaylen Waddle,WR,6.5,False,True
2024,2,1,4,WR,11631,Brian Thomas,WR,10.4,False,True
2024,2,1,5,FLEX,8228,Jaylen Warren,RB,7.1,False,False
2024,2,1,6,REC_FLEX,4981,Calvin Ridley,WR,22.7,False,False
2024,2,1,7,SUPER_FLEX,3286,Demarcus Robinson,WR,6.0,False,False
2024,2,1,8,DEF,JAX,Jacksonville Jaguars,DEF,4.0,False,True
2024,2,2,0,QB,11566,Jayden Daniels,QB,13.44,False,True
2024,2,2,1,RB,9226,De'Von Achane,RB,26.0,False,True
2024,2,2,2,RB,8230,Ty Chandler,RB,8.2,False,False
2024,2,2,3,WR,10229,Rashee Rice,WR,16.0,False,True
2024,2,2,4,WR,5846,DK Metcalf,WR,23.9,False,True
2024,2,2,5,FLEX,6806,J.K. Dobbins,RB,19.6,False,True
2024,2,2,6,REC_FLEX,9754,Quentin Johnston,WR,19.6,False,False
2024,2,2,7,SUPER_FLEX,6770,Joe Burrow,QB,17.22,False,True
2024,2,2,8,DEF,LAC,Los Angeles Chargers,DEF,11.0,False,True
2024,2,3,0,QB,6904,Jalen Hurts,QB,23.82,False,True
2024,2,3,1,RB,9221,Jahmyr Gibbs,RB,14.1,False,True
2024,2,3,2,RB,5248,Gus Edwards,RB,5.9,False,False
2024,2,3,3,WR,7569,Nico Collins,WR,23.5,False,True
2024,2,3,4,WR,8126,Wan'Dale Robinson,WR,8.8,False,True
2024,2,3,5,FLEX,7588,Javonte Williams,RB,9.0,False,False
2024,2,3,6,REC_FLEX,4217,George Kittle,TE,20.6,False,True
2024,2,3,7,SUPER_FLEX,8183,Brock Purdy,QB,13.96,False,True
2024,2,3,8,DEF,BAL,Baltimore Ravens,DEF,8.0,False,True
2024,2,4,0,QB,4892,Baker Mayfield,QB,18.8,False,True
2024,2,4,1,RB,6813,Jonathan Taylor,RB,14.5,False,True
2024,2,4,2,RB,8205,Isiah Pacheco,RB,13.6,False,True
2024,2,4,3,WR,6786,CeeDee Lamb,WR,17.0,False,True
2024,2,4,4,WR,4037,Chris Godwin,WR,21.2,False,False
2024,2,4,5,FLEX,5892,David Montgomery,RB,15.0,False,True
2024,2,4,6,REC_FLEX,10236,Dalton Kincaid,TE,7.3,False,True
2024,2,4,7,SUPER_FLEX,11560,Caleb Williams,QB,7.36,False,True
2024,2,4,8,DEF,NYJ,New York Jets,DEF,12.0,False,True
2024,2,5,0,QB,4881,Lamar Jackson,QB,16.38,False,True
2024,2,5,1,RB,8150,Kyren Williams,RB,13.2,False,True
2024,2,5,2,RB,4199,Aaron Jones,RB,7.3,False,True
2024,2,5,3,WR,2133,Davante Adams,WR,21.5,False,True
2024,2,5,4,WR,6943,Gabe Davis,WR,5.8,False,False
2024,2,5,5,FLEX,6845,Zack Moss,RB,5.2,False,False
2024,2,5,6,REC_FLEX,5012,Mark Andrews,TE,9.1,False,True
2024,2,5,7,SUPER_FLEX,2028,Derek Carr,QB,21.82,False,True
2024,2,5,8,DEF,WAS,Washington Commanders,DEF,5.0,False,True
2024,2,6,0,QB,7523,Trevor Lawrence,QB,13.3,False,True
2024,2,6,1,RB,8408,Jordan Mason,RB,16.9,False,True
2024,2,6,2,RB,8154,Brian Robinson,RB,14.1,False,True
2024,2,6,3,WR,11628,Marvin Harrison,WR,27.0,False,True
2024,2,6,4,WR,8144,Chris Olave,WR,10.8,False,True
2024,2,6,5,FLEX,9488,Jaxon Smith-Njigba,WR,17.7,False,False
2024,2,6,6,REC_FLEX,6783,Jerry Jeudy,WR,9.8,False,True
2024,2,6,7,SUPER_FLEX,5870,Daniel Jones,QB,18.32,False,True
2024,2,6,8,DEF,PHI,Philadelphia Eagles,DEF,1.0,False,True
2024,2,7,0,QB,4943,Sam Darnold,QB,19.92,False,False
2024,2,7,1,RB,6130,Devin Singletary,RB,14.0,False,True
2024,2,7,2,RB,7594,Chuba Hubbard,RB,9.6,False,False
2024,2,7,3,WR,6794,Justin Jefferson,WR,21.3,False,True
2024,2,7,4,WR,4039,Cooper Kupp,WR,5.7,False,True
2024,2,7,5,FLEX,7021,Rico Dowdle,RB,7.9,False,False
2024,2,7,6,REC_FLEX,11625,Adonai Mitchell,WR,3.5,False,False
2024,2,7,7,SUPER_FLEX,1166,Kirk Cousins,QB,17.54,False,True
2024,2,7,8,DEF,SEA,Seattle Seahawks,DEF,7.0,False,True
2024,2,8,0,QB,5849,Kyler Murray,QB,28.54,False,True
2024,2,8,1,RB,8155,Breece Hall,RB,20.9,False,True
2024,2,8,2,RB,4137,James Conner,RB,18.9,False,True
2024,2,8,3,WR,11632,Malik Nabers,WR,23.7,False,True
2024,2,8,4,WR,8112,Drake London,WR,14.4,False,True
2024,2,8,5,FLEX,8676,Rashid Shaheed,WR,18.9,False,False
2024,2,8,6,REC_FLEX,8130,Trey McBride,TE,18.7,False,True
2024,2,8,7,SUPER_FLEX,7090,Darnell Mooney,WR,16.3,False,False
2024,2,8,8,DEF,IND,Indianapolis Colts,DEF,4.0,False,True
2024,2,9,0,QB,4046,Patrick Mahomes,QB,12.94,False,True
2024,2,9,1,RB,4866,Saquon Barkley,RB,15.6,False,True
2024,2,9,2,RB,3198,Derrick Henry,RB,16.1,False,True
2024,2,9,3,WR,6803,Brandon Aiyuk,WR,6.3,False,True
2024,2,9,4,WR,4983,DJ Moore,WR,8.3,False,True
2024,2,9,5,FLEX,11576,Braelon Allen,RB,18.6,False,False
2024,2,9,6,REC_FLEX,8134,Khalil Shakir,WR,8.1,False,True
2024,2,9,7,SUPER_FLEX,4017,Deshaun Watson,QB,15.44,False,True
2024,2,9,8,DEF,PIT,Pittsburgh Steelers,DEF,13.0,False,True
2024,2,10,0,QB,3294,Dak Prescott,QB,12.92,False,True
2024,2,10,1,RB,4035,Alvin Kamara,RB,43.0,False,True
2024,2,10,2,RB,7611,Rhamondre Stevenson,RB,16.0,False,True
2024,2,10,3,WR,7525,DeVonta Smith,WR,17.1,False,True
2024,2,10,4,WR,5872,Deebo Samuel,WR,14.0,False,True
2024,2,10,5,FLEX,9753,Zach Charbonnet,RB,15.4,False,True
2024,2,10,6,REC_FLEX,5022,Dallas Goedert,TE,6.8,False,False
2024,2,10,7,SUPER_FLEX,4663,Austin Ekeler,RB,10.0,False,False
2024,2,10,8,DEF,DAL,Dallas Cowboys,DEF,1.0,False,True
2024,2,11,0,QB,9758,C.J. Stroud,QB,14.3,False,True
2024,2,11,1,RB,5850,Josh Jacobs,RB,13.1,False,True
2024,2,11,2,RB,4018,Joe Mixon,RB,6.5,False,True
2024,2,11,3,WR,7547,Amon-Ra St. Brown,WR,17.4,False,True
2024,2,11,4,WR,2449,Stefon Diggs,WR,5.7,False,True
2024,2,11,5,FLEX,8132,Tyler Allgeier,RB,7.0,False,False
2024,2,11,6,REC_FLEX,10222,Jayden Reed,WR,5.6,False,True
2024,2,11,7,SUPER_FLEX,7591,Justin Fields,QB,11.38,False,False
2024,2,11,8,DEF,HOU,Houston Texans,DEF,15.0,False,True
2024,2,12,0,QB,1373,Geno Smith,QB,17.88,False,False
2024,2,12,1,RB,7543,Travis Etienne,RB,13.3,False,True
2024,2,12,2,RB,9225,Tank Bigsby,RB,0.0,False,True
2024,2,12,3,WR,8146,Garrett Wilson,WR,8.2,False,True
2024,2,12,4,WR,8148,Jameson Williams,WR,11.9,False,True
2024,2,12,5,FLEX,11604,Brock Bowers,TE,18.8,False,False
2024,2,12,6,REC_FLEX,9997,Zay Flowers,WR,18.6,False,True
2024,2,12,7,SUPER_FLEX,96,Aaron Rodgers,QB,15.14,False,True
2024,2,12,8,DEF,SF,San Francisco 49ers,DEF,10.0,False,True
2024,3,1,0,QB,421,Matthew Stafford,QB,12.84,False,True
2024,3,1,1,RB,9509,Bijan Robinson,RB,12.2,False,True
2024,3,1,2,RB,8138,James Cook,RB,16.7,False,True
2024,3,1,3,WR,9502,Tank Dell,WR,8.7,False,True
2024,3,1,4,WR,3286,Demarcus Robinson,WR,3.7,False,False
2024,3,1,5,FLEX,11631,Brian Thomas,WR,7.3,False,True
2024,3,1,6,REC_FLEX,7526,Jaylen Waddle,WR,4.6,False,False
2024,3,1,7,SUPER_FLEX,8206,Skylar Thompson,QB,4.28,False,True
2024,3,1,8,DEF,TB,Tampa Bay Buccaneers,DEF,3.0,False,True
2024,3,2,0,QB,6770,Joe Burrow,QB,25.36,False,True
2024,3,2,1,RB,11439,Jaleel McLaughlin,RB,7.9,False,False
2024,3,2,2,RB,8143,Jerome Ford,RB,8.5,False,True
2024,3,2,3,WR,10229,Rashee Rice,WR,23.1,False,True
2024,3,2,4,WR,7564,Ja'Marr Chase,WR,26.8,False,True
2024,3,2,5,FLEX,9224,Chase Brown,RB,7.9,False,False
2024,3,2,6,REC_FLEX,5846,DK Metcalf,WR,18.4,False,True
2024,3,2,7,SUPER_FLEX,11566,Jayden Daniels,QB,28.06,False,True
2024,3,2,8,DEF,LAC,Los Angeles Chargers,DEF,5.0,False,True
2024,3,3,0,QB,6904,Jalen Hurts,QB,10.94,False,True
2024,3,3,1,RB,9221,Jahmyr Gibbs,RB,16.3,False,True
2024,3,3,2,RB,8136,Rachaad White,RB,6.0,False,True
2024,3,3,3,WR,7569,Nico Collins,WR,10.6,False,True
2024,3,3,4,WR,7090,Darnell Mooney,WR,10.6,False,False
2024,3,3,5,FLEX,11584,Bucky Irving,RB,9.9,False,False
2024,3,3,6,REC_FLEX,8110,Jake Ferguson,TE,15.5,False,True
2024,3,3,7,SUPER_FLEX,8183,Brock Purdy,QB,25.78,False,True
2024,3,3,8,DEF,GB,Green Bay Packers,DEF,22.0,False,True
2024,3,4,0,QB,4892,Baker Mayfield,QB,8.52,False,True
2024,3,4,1,RB,6813,Jonathan Taylor,RB,26.0,False,True
2024,3,4,2,RB,5892,David Montgomery,RB,19.7,False,True
2024,3,4,3,WR,9754,Quentin Johnston,WR,11.4,False,False
2024,3,4,4,WR,4037,Chris Godwin,WR,14.3,False,True
2024,3,4,5,FLEX,6806,J.K. Dobbins,RB,6.9,False,True
2024,3,4,6,REC_FLEX,11637,Keon Coleman,WR,8.9,False,True
2024,3,4,7,SUPER_FLEX,11560,Caleb Williams,QB,17.32,False,True
2024,3,4,8,DEF,NYJ,New York Jets,DEF,17.0,False,True
2024,3,5,0,QB,4881,Lamar Jackson,QB,25.98,False,True
2024,3,5,1,RB,8150,Kyren Williams,RB,30.6,False,True
2024,3,5,2,RB,4199,Aaron Jones,RB,23.3,False,True
2024,3,5,3,WR,7049,Jauan Jennings,WR,41.0,False,False
2024,3,5,4,WR,8137,George Pickens,WR,8.2,False,True
2024,3,5,5,FLEX,6845,Zack Moss,RB,18.2,False,False
2024,3,5,6,REC_FLEX,2374,Tyler Lockett,WR,7.1,False,False
2024,3,5,7,SUPER_FLEX,8161,Malik Willis,QB,25.38,False,False
2024,3,5,8,DEF,LV,Las Vegas Raiders,DEF,-2.0,False,True
2024,3,6,0,QB,5870,Daniel Jones,QB,19.44,False,False
2024,3,6,1,RB,8408,Jordan Mason,RB,9.8,False,True
2024,3,6,2,RB,8154,Brian Robinson,RB,10.2,False,True
2024,3,6,3,WR,11628,Marvin Harrison,WR,14.9,False,True
2024,3,6,4,WR,8144,Chris Olave,WR,17.6,False,True
2024,3,6,5,FLEX,10236,Dalton Kincaid,TE,13.1,False,False
2024,3,6,6,REC_FLEX,8117,Jalen Tolbert,WR,11.7,False,False
2024,3,6,7,SUPER_FLEX,9999,Will Levis,QB,13.6,False,True
2024,3,6,8,DEF,CLE,Cleveland Browns,DEF,7.0,False,True
2024,3,7,0,QB,1166,Kirk Cousins,QB,11.1,False,False
2024,3,7,1,RB,6130,Devin Singletary,RB,16.8,False,True
2024,3,7,2,RB,7594,Chuba Hubbard,RB,25.4,False,False
2024,3,7,3,WR,6794,Justin Jefferson,WR,17.1,False,True
2024,3,7,4,WR,5937,Diontae Johnson,WR,22.2,False,True
2024,3,7,5,FLEX,5987,Alexander Mattison,RB,11.9,False,False
2024,3,7,6,REC_FLEX,8180,Jalen Nailor,WR,10.9,False,False
2024,3,7,7,SUPER_FLEX,4943,Sam Darnold,QB,23.24,False,True
2024,3,7,8,DEF,SEA,Seattle Seahawks,DEF,15.0,False,True
2024,3,8,0,QB,11563,Bo Nix,QB,19.34,False,False
2024,3,8,1,RB,8155,Breece Hall,RB,16.3,False,True
2024,3,8,2,RB,11582,Carson Steele,RB,7.9,False,False
2024,3,8,3,WR,11632,Malik Nabers,WR,24.2,False,True
2024,3,8,4,WR,8112,Drake London,WR,15.7,False,True
2024,3,8,5,FLEX,4147,Samaje Perine,RB,5.5,False,False
2024,3,8,6,REC_FLEX,8130,Trey McBride,TE,5.5,False,True
2024,3,8,7,SUPER_FLEX,829,Andy Dalton,QB,24.56,False,True
2024,3,8,8,DEF,BUF,Buffalo Bills,DEF,14.0,False,True
2024,3,9,0,QB,4046,Patrick Mahomes,QB,16.38,False,True
2024,3,9,1,RB,4866,Saquon Barkley,RB,31.6,False,True
2024,3,9,2,RB,3198,Derrick Henry,RB,29.9,False,True
2024,3,9,3,WR,5045,Courtland Sutton,WR,10.3,False,False
2024,3,9,4,WR,4983,DJ Moore,WR,11.2,False,True
2024,3,9,5,FLEX,7528,Najee Harris,RB,11.1,False,True
2024,3,9,6,REC_FLEX,8134,Khalil Shakir,WR,16.2,False,True
2024,3,9,7,SUPER_FLEX,4017,Deshaun Watson,QB,16.44,False,True
2024,3,9,8,DEF,PIT,Pittsburgh Steelers,DEF,10.0,False,True
2024,3,10,0,QB,3294,Dak Prescott,QB,29.86,False,True
2024,3,10,1,RB,4035,Alvin Kamara,RB,14.2,False,True
2024,3,10,2,RB,4663,Austin Ekeler,RB,12.7,False,False
2024,3,10,3,WR,4950,Christian Kirk,WR,11.9,False,False
2024,3,10,4,WR,7525,DeVonta Smith,WR,11.4,False,True
2024,3,10,5,FLEX,9753,Zach Charbonnet,RB,24.2,False,True
2024,3,10,6,REC_FLEX,5022,Dallas Goedert,TE,27.0,False,True
2024,3,10,7,SUPER_FLEX,3163,Jared Goff,QB,14.56,False,True
2024,3,10,8,DEF,DAL,Dallas Cowboys,DEF,-1.0,False,True
2024,3,11,0,QB,7591,Justin Fields,QB,18.4,False,False
2024,3,11,1,RB,5850,Josh Jacobs,RB,5.3,False,True
2024,3,11,2,RB,9508,Tyjae Spears,RB,8.1,False,True
2024,3,11,3,WR,7547,Amon-Ra St. Brown,WR,17.0,False,True
2024,3,11,4,WR,2449,Stefon Diggs,WR,14.92,False,True
2024,3,11,5,FLEX,5927,Terry McLaurin,WR,18.0,False,True
2024,3,11,6,REC_FLEX,11620,Rome Odunze,WR,20.4,False,False
2024,3,11,7,SUPER_FLEX,5185,Allen Lazard,WR,12.3,False,False
2024,3,11,8,DEF,CIN,Cincinnati Bengals,DEF,-1.0,False,True
2024,3,12,0,QB,4984,Josh Allen,QB,30.92,False,True
2024,3,12,1,RB,7543,Travis Etienne,RB,10.5,False,True
2024,3,12,2,RB,9225,Tank Bigsby,RB,0.9,False,True
2024,3,12,3,WR,8146,Garrett Wilson,WR,11.8,False,True
2024,3,12,4,WR,2309,Amari Cooper,WR,24.1,False,False
2024,3,12,5,FLEX,1426,DeAndre Hopkins,WR,16.3,False,False
2024,3,12,6,REC_FLEX,5947,Jakobi Meyers,WR,17.7,False,False
2024,3,12,7,SUPER_FLEX,96,Aaron Rodgers,QB,21.04,False,False
2024,3,12,8,DEF,SF,San Francisco 49ers,DEF,3.0,False,True
2024,4,1,0,QB,421,Matthew Stafford,QB,4.86,False,True
2024,4,1,1,RB,9509,Bijan Robinson,RB,9.4,False,True
2024,4,1,2,RB,8138,James Cook,RB,5.3,False,True
2024,4,1,3,WR,3286,Demarcus Robinson,WR,4.7,False,False
2024,4,1,4,WR,11631,Brian Thomas,WR,18.9,False,True
2024,4,1,5,FLEX,10232,Michael Wilson,WR,3.3,False,True
2024,4,1,6,REC_FLEX,8131,Isaiah Likely,TE,3.6,False,True
2024,4,1,7,SUPER_FLEX,7526,Jaylen Waddle,WR,5.6,False,True
2024,4,1,8,DEF,TEN,Tennessee Titans,DEF,10.0,False,True
2024,4,2,0,QB,6770,Joe Burrow,QB,16.28,False,True
2024,4,2,1,RB,9226,De'Von Achane,RB,4.4,False,True
2024,4,2,2,RB,8143,Jerome Ford,RB,12.0,False,True
2024,4,2,3,WR,7564,Ja'Marr Chase,WR,16.0,False,True
2024,4,2,4,WR,2216,Mike Evans,WR,19.4,False,True
2024,4,2,5,FLEX,9224,Chase Brown,RB,22.2,False,False
2024,4,2,6,REC_FLEX,5846,DK Metcalf,WR,11.9,False,True
2024,4,2,7,SUPER_FLEX,11566,Jayden Daniels,QB,24.02,False,True
2024,4,2,8,DEF,MIN,Minnesota Vikings,DEF,9.0,False,True
2024,4,3,0,QB,6904,Jalen Hurts,QB,16.32,False,True
2024,4,3,1,RB,9221,Jahmyr Gibbs,RB,19.8,False,True
2024,4,3,2,RB,11584,Bucky Irving,RB,12.0,False,False
2024,4,3,3,WR,7569,Nico Collins,WR,27.1,False,True
2024,4,3,4,WR,11635,Ladd McConkey,WR,15.2,False,False
2024,4,3,5,FLEX,4217,George Kittle,TE,14.5,False,True
2024,4,3,6,REC_FLEX,8110,Jake Ferguson,TE,11.9,False,True
2024,4,3,7,SUPER_FLEX,8183,Brock Purdy,QB,14.62,False,True
2024,4,3,8,DEF,GB,Green Bay Packers,DEF,7.0,False,False
2024,4,4,0,QB,4892,Baker Mayfield,QB,28.88,False,True
2024,4,4,1,RB,6813,Jonathan Taylor,RB,18.3,False,True
2024,4,4,2,RB,5892,David Montgomery,RB,14.5,False,True
2024,4,4,3,WR,6786,CeeDee Lamb,WR,20.1,False,True
2024,4,4,4,WR,4037,Chris Godwin,WR,9.9,False,True
2024,4,4,5,FLEX,10235,Roschon Johnson,RB,8.6,False,False
2024,4,4,6,REC_FLEX,11626,Xavier Legette,WR,16.6,False,False
2024,4,4,7,SUPER_FLEX,7083,Tyler Huntley,QB,11.84,False,False
2024,4,4,8,DEF,NYJ,New York Jets,DEF,7.0,False,True
2024,4,5,0,QB,4881,Lamar Jackson,QB,23.64,False,True
2024,4,5,1,RB,8150,Kyren Williams,RB,18.4,False,True
2024,4,5,2,RB,4199,Aaron Jones,RB,15.9,False,True
2024,4,5,3,WR,8137,George Pickens,WR,12.8,False,True
2024,4,5,4,WR,7049,Jauan Jennings,WR,10.3,False,True
2024,4,5,5,FLEX,6845,Zack Moss,RB,15.8,False,True
2024,4,5,6,REC_FLEX,11624,Xavier Worthy,WR,14.8,False,False
2024,4,5,7,SUPER_FLEX,6804,Jordan Love,QB,28.16,False,True
2024,4,5,8,DEF,HOU,Houston Texans,DEF,2.0,False,True
2024,4,6,0,QB,7523,Trevor Lawrence,QB,14.76,False,True
2024,4,6,1,RB,8408,Jordan Mason,RB,23.0,False,True
2024,4,6,2,RB,8154,Brian Robinson,RB,18.8,False,True
2024,4,6,3,WR,11628,Marvin Harrison,WR,13.0,False,True
2024,4,6,4,WR,6783,Jerry Jeudy,WR,10.2,False,False
2024,4,6,5,FLEX,8144,Chris Olave,WR,12.7,False,True
2024,4,6,6,REC_FLEX,10236,Dalton Kincaid,TE,9.7,False,True
2024,4,6,7,SUPER_FLEX,6790,D'Andre Swift,RB,26.0,False,False
2024,4,6,8,DEF,CLE,Cleveland Browns,DEF,12.0,False,True
2024,4,7,0,QB,4943,Sam Darnold,QB,20.5,False,True
2024,4,7,1,RB,7021,Rico Dowdle,RB,12.6,False,False
2024,4,7,2,RB,7594,Chuba Hubbard,RB,20.1,False,True
2024,4,7,3,WR,6794,Justin Jefferson,WR,17.5,False,True
2024,4,7,4,WR,5937,Diontae Johnson,WR,17.8,False,True
2024,4,7,5,FLEX,10859,Sam LaPorta,TE,9.3,False,True
2024,4,7,6,REC_FLEX,1466,Travis Kelce,TE,15.9,False,True
2024,4,7,7,SUPER_FLEX,7562,Tutu Atwell,WR,10.2,False,False
2024,4,7,8,DEF,MIA,Miami Dolphins,DEF,2.0,False,True
2024,4,8,0,QB,5849,Kyler Murray,QB,9.98,False,True
2024,4,8,1,RB,5967,Tony Pollard,RB,17.8,False,True
2024,4,8,2,RB,4137,James Conner,RB,17.8,False,True
2024,4,8,3,WR,11632,Malik Nabers,WR,17.1,False,True
2024,4,8,4,WR,8112,Drake London,WR,9.4,False,True
2024,4,8,5,FLEX,8676,Rashid Shaheed,WR,11.7,False,False
2024,4,8,6,REC_FLEX,4068,Mike Williams,WR,8.7,False,False
2024,4,8,7,SUPER_FLEX,829,Andy Dalton,QB,15.7,False,True
2024,4,8,8,DEF,CHI,Chicago Bears,DEF,9.0,False,True
2024,4,9,0,QB,4046,Patrick Mahomes,QB,13.0,False,True
2024,4,9,1,RB,4866,Saquon Barkley,RB,12.6,False,True
2024,4,9,2,RB,3198,Derrick Henry,RB,34.4,False,True
2024,4,9,3,WR,5045,Courtland Sutton,WR,13.5,False,False
2024,4,9,4,WR,4983,DJ Moore,WR,9.7,False,True
2024,4,9,5,FLEX,7528,Najee Harris,RB,8.8,False,True
2024,4,9,6,REC_FLEX,8134,Khalil Shakir,WR,8.2,False,True
2024,4,9,7,SUPER_FLEX,4017,Deshaun Watson,QB,12.24,False,True
2024,4,9,8,DEF,PIT,Pittsburgh Steelers,DEF,3.0,False,True
2024,4,10,0,QB,3294,Dak Prescott,QB,16.74,False,True
2024,4,10,1,RB,4035,Alvin Kamara,RB,21.4,False,True
2024,4,10,2,RB,9753,Zach Charbonnet,RB,7.9,False,True
2024,4,10,3,WR,9500,Josh Downs,WR,18.2,False,False
2024,4,10,4,WR,5872,Deebo Samuel,WR,8.7,False,True
2024,4,10,5,FLEX,4950,Christian Kirk,WR,15.6,False,False
2024,4,10,6,REC_FLEX,5022,Dallas Goedert,TE,13.2,False,True
2024,4,10,7,SUPER_FLEX,3163,Jared Goff,QB,26.68,False,True
2024,4,10,8,DEF,DAL,Dallas Cowboys,DEF,5.0,False,True
2024,4,11,0,QB,7591,Justin Fields,QB,31.98,False,True
2024,4,11,1,RB,5850,Josh Jacobs,RB,9.8,False,True
2024,4,11,2,RB,9508,Tyjae Spears,RB,10.9,False,True
2024,4,11,3,WR,7547,Amon-Ra St. Brown,WR,17.78,False,True
2024,4,11,4,WR,2449,Stefon Diggs,WR,16.0,False,True
2024,4,11,5,FLEX,9756,Jordan Addison,WR,21.4,False,False
2024,4,11,6,REC_FLEX,10222,Jayden Reed,WR,23.6,False,True
2024,4,11,7,SUPER_FLEX,9758,C.J. Stroud,QB,23.5,False,True
2024,4,11,8,DEF,NO,New Orleans Saints,DEF,5.0,False,True
2024,4,12,0,QB,96,Aaron Rodgers,QB,11.6,False,False
2024,4,12,1,RB,7543,Travis Etienne,RB,6.5,False,True
2024,4,12,2,RB,8151,Kenneth Walker,RB,31.6,False,True
2024,4,12,3,WR,5947,Jakobi Meyers,WR,7.4,False,False
2024,4,12,4,WR,2309,Amari Cooper,WR,5.5,False,True
2024,4,12,5,FLEX,8148,Jameson Williams,WR,15.0,False,False
2024,4,12,6,REC_FLEX,6819,Michael Pittman,WR,14.3,False,False
2024,4,12,7,SUPER_FLEX,1373,Geno Smith,QB,21.6,False,True
2024,4,12,8,DEF,SF,San Francisco 49ers,DEF,26.0,False,True
2024,5,1,0,QB,7083,Tyler Huntley,QB,6.46,False,True
2024,5,1,1,RB,9509,Bijan Robinson,RB,9.2,False,True
2024,5,1,2,RB,8138,James Cook,RB,16.9,False,True
2024,5,1,3,WR,7526,Jaylen Waddle,WR,6.6,False,True
2024,5,1,4,WR,11631,Brian Thomas,WR,20.7,False,True
2024,5,1,5,FLEX,11655,Tyrone Tracy,RB,13.5,False,True
2024,5,1,6,REC_FLEX,8131,Isaiah Likely,TE,16.3,False,False
2024,5,1,7,SUPER_FLEX,421,Matthew Stafford,QB,12.4,False,True
2024,5,1,8,DEF,LV,Las Vegas Raiders,DEF,2.0,False,True
2024,5,2,0,QB,6770,Joe Burrow,QB,33.78,False,True
2024,5,2,1,RB,9224,Chase Brown,RB,14.9,False,False
2024,5,2,2,RB,8143,Jerome Ford,RB,6.4,False,True
2024,5,2,3,WR,7564,Ja'Marr Chase,WR,36.3,False,True
2024,5,2,4,WR,2216,Mike Evans,WR,20.7,False,True
2024,5,2,5,FLEX,5846,DK Metcalf,WR,5.5,False,True
2024,5,2,6,REC_FLEX,6865,Colby Parkinson,TE,12.2,False,True
2024,5,2,7,SUPER_FLEX,11566,Jayden Daniels,QB,19.72,False,True
2024,5,2,8,DEF,MIN,Minnesota Vikings,DEF,17.0,False,True
2024,5,3,0,QB,8183,Brock Purdy,QB,13.06,False,True
2024,5,3,1,RB,7588,Javonte Williams,RB,13.6,False,False
2024,5,3,2,RB,8136,Rachaad White,RB,8.1,False,True
2024,5,3,3,WR,7569,Nico Collins,WR,14.8,False,True
2024,5,3,4,WR,2374,Tyler Lockett,WR,9.5,False,False
2024,5,3,5,FLEX,4217,George Kittle,TE,20.4,False,True
2024,5,3,6,REC_FLEX,8110,Jake Ferguson,TE,13.0,False,True
2024,5,3,7,SUPER_FLEX,7090,Darnell Mooney,WR,27.0,False,True
2024,5,3,8,DEF,GB,Green Bay Packers,DEF,14.0,False,True
2024,5,4,0,QB,19,Joe Flacco,QB,26.56,False,False
2024,5,4,1,RB,4098,Kareem Hunt,RB,18.2,False,True
2024,5,4,2,RB,10235,Roschon Johnson,RB,14.5,False,True
2024,5,4,3,WR,6786,CeeDee Lamb,WR,8.9,False,True
2024,5,4,4,WR,4037,Chris Godwin,WR,9.1,False,True
2024,5,4,5,FLEX,9486,Dontayvion Wicks,WR,3.0,False,True
2024,5,4,6,REC_FLEX,8111,Cade Otton,TE,7.4,False,True
2024,5,4,7,SUPER_FLEX,11560,Caleb Williams,QB,23.56,False,True
2024,5,4,8,DEF,NYJ,New York Jets,DEF,9.0,False,True
2024,5,5,0,QB,4881,Lamar Jackson,QB,33.42,False,True
2024,5,5,1,RB,8150,Kyren Williams,RB,15.0,False,True
2024,5,5,2,RB,4199,Aaron Jones,RB,5.8,False,True
2024,5,5,3,WR,11624,Xavier Worthy,WR,10.3,False,True
2024,5,5,4,WR,6801,Tee Higgins,WR,24.8,False,True
2024,5,5,5,FLEX,6845,Zack Moss,RB,6.7,False,True
2024,5,5,6,REC_FLEX,5012,Mark Andrews,TE,9.5,False,False
2024,5,5,7,SUPER_FLEX,6804,Jordan Love,QB,15.96,False,True
2024,5,5,8,DEF,SEA,Seattle Seahawks,DEF,12.0,False,True
2024,5,6,0,QB,7523,Trevor Lawrence,QB,21.24,False,True
2024,5,6,1,RB,6790,D'Andre Swift,RB,19.0,False,True
2024,5,6,2,RB,4137,James Conner,RB,13.0,False,True
2024,5,6,3,WR,11628,Marvin Harrison,WR,4.6,False,True
2024,5,6,4,WR,9488,Jaxon Smith-Njigba,WR,11.1,False,False
2024,5,6,5,FLEX,9484,Tucker Kraft,TE,24.8,False,False
2024,5,6,6,REC_FLEX,7553,Kyle Pitts,TE,15.8,False,False
2024,5,6,7,SUPER_FLEX,5870,Daniel Jones,QB,22.08,False,True
2024,5,6,8,DEF,DEN,Denver Broncos,DEF,16.0,False,True
2024,5,7,0,QB,1166,Kirk Cousins,QB,34.36,False,True
2024,5,7,1,RB,7593,Trey Sermon,RB,15.3,False,True
2024,5,7,2,RB,7594,Chuba Hubbard,RB,15.5,False,True
2024,5,7,3,WR,6794,Justin Jefferson,WR,12.2,False,True
2024,5,7,4,WR,7562,Tutu Atwell,WR,9.5,False,False
2024,5,7,5,FLEX,7021,Rico Dowdle,RB,18.4,False,True
2024,5,7,6,REC_FLEX,1466,Travis Kelce,TE,16.0,False,True
2024,5,7,7,SUPER_FLEX,2749,Raheem Mostert,RB,10.8,False,False
2024,5,7,8,DEF,MIA,Miami Dolphins,DEF,6.0,False,True
2024,5,8,0,QB,5849,Kyler Murray,QB,24.1,False,True
2024,5,8,1,RB,9225,Tank Bigsby,RB,25.4,False,False
2024,5,8,2,RB,8154,Brian Robinson,RB,13.8,False,True
2024,5,8,3,WR,11623,Jordan Whittington,WR,12.4,False,True
2024,5,8,4,WR,8112,Drake London,WR,27.4,False,True
2024,5,8,5,FLEX,8676,Rashid Shaheed,WR,16.6,False,True
2024,5,8,6,REC_FLEX,8130,Trey McBride,TE,11.3,False,True
2024,5,8,7,SUPER_FLEX,11563,Bo Nix,QB,23.14,False,False
2024,5,8,8,DEF,CHI,Chicago Bears,DEF,16.0,False,True
2024,5,9,0,QB,4046,Patrick Mahomes,QB,13.44,False,True
2024,5,9,1,RB,3198,Derrick Henry,RB,16.1,False,True
2024,5,9,2,RB,7528,Najee Harris,RB,8.7,False,True
2024,5,9,3,WR,6803,Brandon Aiyuk,WR,18.7,False,True
2024,5,9,4,WR,4983,DJ Moore,WR,25.0,False,True
2024,5,9,5,FLEX,6938,Cam Akers,RB,11.7,False,True
2024,5,9,6,REC_FLEX,11637,Keon Coleman,WR,11.4,False,True
2024,5,9,7,SUPER_FLEX,8117,Jalen Tolbert,WR,18.2,False,False
2024,5,9,8,DEF,PIT,Pittsburgh Steelers,DEF,13.0,False,True
2024,5,10,0,QB,3294,Dak Prescott,QB,16.38,False,True
2024,5,10,1,RB,4035,Alvin Kamara,RB,9.6,False,True
2024,5,10,2,RB,7611,Rhamondre Stevenson,RB,17.2,False,True
2024,5,10,3,WR,3321,Tyreek Hill,WR,9.9,False,True
2024,5,10,4,WR,8126,Wan'Dale Robinson,WR,13.0,False,True
2024,5,10,5,FLEX,4663,Austin Ekeler,RB,10.7,False,False
2024,5,10,6,REC_FLEX,4950,Christian Kirk,WR,10.8,False,True
2024,5,10,7,SUPER_FLEX,9500,Josh Downs,WR,11.4,False,True
2024,5,10,8,DEF,IND,Indianapolis Colts,DEF,2.0,False,True
2024,5,11,0,QB,7591,Justin Fields,QB,15.94,False,True
2024,5,11,1,RB,5850,Josh Jacobs,RB,15.9,False,True
2024,5,11,2,RB,11439,Jaleel McLaughlin,RB,10.0,False,True
2024,5,11,3,WR,10222,Jayden Reed,WR,11.7,False,True
2024,5,11,4,WR,2449,Stefon Diggs,WR,11.2,False,True
2024,5,11,5,FLEX,5927,Terry McLaurin,WR,11.4,False,True
2024,5,11,6,REC_FLEX,5185,Allen Lazard,WR,11.4,False,False
2024,5,11,7,SUPER_FLEX,9758,C.J. Stroud,QB,15.94,False,True
2024,5,11,8,DEF,NO,New Orleans Saints,DEF,5.0,False,True
2024,5,12,0,QB,4984,Josh Allen,QB,14.64,False,True
2024,5,12,1,RB,7543,Travis Etienne,RB,9.0,False,True
2024,5,12,2,RB,8151,Kenneth Walker,RB,11.1,False,True
2024,5,12,3,WR,8146,Garrett Wilson,WR,22.6,False,True
2024,5,12,4,WR,6819,Michael Pittman,WR,12.2,False,True
2024,5,12,5,FLEX,11604,Brock Bowers,TE,23.7,False,False
2024,5,12,6,REC_FLEX,9997,Zay Flowers,WR,15.5,False,True
2024,5,12,7,SUPER_FLEX,1373,Geno Smith,QB,22.56,False,True
2024,5,12,8,DEF,SF,San Francisco 49ers,DEF,12.0,False,False
2024,6,1,0,QB,9999,Will Levis,QB,7.3,False,True
2024,6,1,1,RB,9509,Bijan Robinson,RB,24.0,False,True
2024,6,1,2,RB,11655,Tyrone Tracy,RB,19.7,False,True
2024,6,1,3,WR,9502,Tank Dell,WR,15.2,False,True
2024,6,1,4,WR,5859,A.J. Brown,WR,20.6,False,True
2024,6,1,5,FLEX,11575,Ray Davis,RB,16.7,False,False
2024,6,1,6,REC_FLEX,3214,Hunter Henry,TE,13.1,False,False
2024,6,1,7,SUPER_FLEX,4033,David Njoku,TE,8.1,False,False
2024,6,1,8,DEF,TB,Tampa Bay Buccaneers,DEF,19.0,False,True
2024,6,2,0,QB,6770,Joe Burrow,QB,19.82,False,True
2024,6,2,1,RB,9224,Chase Brown,RB,13.4,False,True
2024,6,2,2,RB,3164,Ezekiel Elliott,RB,1.7,False,False
2024,6,2,3,WR,7564,Ja'Marr Chase,WR,9.7,False,True
2024,6,2,4,WR,5846,DK Metcalf,WR,6.3,False,True
2024,6,2,5,FLEX,8167,Christian Watson,WR,14.3,False,False
2024,6,2,6,REC_FLEX,4066,Evan Engram,TE,18.2,False,True
2024,6,2,7,SUPER_FLEX,11566,Jayden Daniels,QB,20.96,False,True
2024,6,2,8,DEF,LAC,Los Angeles Chargers,DEF,8.0,False,True
2024,6,3,0,QB,8183,Brock Purdy,QB,24.1,False,True
2024,6,3,1,RB,9221,Jahmyr Gibbs,RB,10.6,False,True
2024,6,3,2,RB,11584,Bucky Irving,RB,17.5,False,True
2024,6,3,3,WR,2374,Tyler Lockett,WR,14.5,False,True
2024,6,3,4,WR,11635,Ladd McConkey,WR,6.3,False,False
2024,6,3,5,FLEX,4217,George Kittle,TE,22.8,False,True
2024,6,3,6,REC_FLEX,1479,Keenan Allen,WR,18.6,False,False
2024,6,3,7,SUPER_FLEX,6904,Jalen Hurts,QB,21.86,False,True
2024,6,3,8,DEF,GB,Green Bay Packers,DEF,12.0,False,True
2024,6,4,0,QB,4892,Baker Mayfield,QB,25.9,False,True
2024,6,4,1,RB,5892,David Montgomery,RB,20.5,False,True
2024,6,4,2,RB,6806,J.K. Dobbins,RB,17.2,False,True
2024,6,4,3,WR,6786,CeeDee Lamb,WR,12.6,False,True
2024,6,4,4,WR,4037,Chris Godwin,WR,30.0,False,True
2024,6,4,5,FLEX,8111,Cade Otton,TE,9.5,False,False
2024,6,4,6,REC_FLEX,1426,DeAndre Hopkins,WR,7.4,False,False
2024,6,4,7,SUPER_FLEX,11560,Caleb Williams,QB,28.64,False,True
2024,6,4,8,DEF,NYJ,New York Jets,DEF,3.0,False,True
2024,6,5,0,QB,4881,Lamar Jackson,QB,18.92,False,True
2024,6,5,1,RB,7528,Najee Harris,RB,19.2,False,True
2024,6,5,2,RB,5995,Justice Hill,RB,0.9,False,False
2024,6,5,3,WR,6801,Tee Higgins,WR,11.2,False,True
2024,6,5,4,WR,8117,Jalen Tolbert,WR,6.3,False,True
2024,6,5,5,FLEX,5012,Mark Andrews,TE,15.6,False,False
2024,6,5,6,REC_FLEX,5045,Courtland Sutton,WR,13.3,False,True
2024,6,5,7,SUPER_FLEX,6804,Jordan Love,QB,25.62,False,True
2024,6,5,8,DEF,ATL,Atlanta Falcons,DEF,7.0,False,True
2024,6,6,0,QB,7523,Trevor Lawrence,QB,17.06,False,True
2024,6,6,1,RB,8408,Jordan Mason,RB,8.7,False,True
2024,6,6,2,RB,6790,D'Andre Swift,RB,19.9,False,True
2024,6,6,3,WR,9488,Jaxon Smith-Njigba,WR,7.8,False,False
2024,6,6,4,WR,6149,Darius Slayton,WR,8.7,False,True
2024,6,6,5,FLEX,7553,Kyle Pitts,TE,10.0,False,False
2024,6,6,6,REC_FLEX,10236,Dalton Kincaid,TE,11.1,False,False
2024,6,6,7,SUPER_FLEX,5870,Daniel Jones,QB,11.8,False,True
2024,6,6,8,DEF,DEN,Denver Broncos,DEF,4.0,False,True
2024,6,7,0,QB,1166,Kirk Cousins,QB,12.5,False,True
2024,6,7,1,RB,7021,Rico Dowdle,RB,8.0,False,True
2024,6,7,2,RB,7594,Chuba Hubbard,RB,12.8,False,True
2024,6,7,3,WR,8121,Romeo Doubs,WR,18.4,False,True
2024,6,7,4,WR,5937,Diontae Johnson,WR,16.8,False,True
2024,6,7,5,FLEX,7593,Trey Sermon,RB,2.9,False,True
2024,6,7,6,REC_FLEX,10859,Sam LaPorta,TE,12.2,False,True
2024,6,7,7,SUPER_FLEX,5987,Alexander Mattison,RB,15.0,False,True
2024,6,7,8,DEF,PHI,Philadelphia Eagles,DEF,6.0,False,True
2024,6,8,0,QB,11563,Bo Nix,QB,20.74,False,False
2024,6,8,1,RB,5967,Tony Pollard,RB,16.3,False,True
2024,6,8,2,RB,8155,Breece Hall,RB,19.4,False,True
2024,6,8,3,WR,8676,Rashid Shaheed,WR,7.8,False,True
2024,6,8,4,WR,8112,Drake London,WR,16.4,False,True
2024,6,8,5,FLEX,8126,Wan'Dale Robinson,WR,7.5,False,True
2024,6,8,6,REC_FLEX,8130,Trey McBride,TE,17.6,False,True
2024,6,8,7,SUPER_FLEX,829,Andy Dalton,QB,14.94,False,True
2024,6,8,8,DEF,CHI,Chicago Bears,DEF,11.0,False,True
2024,6,9,0,QB,4017,Deshaun Watson,QB,8.42,False,True
2024,6,9,1,RB,3198,Derrick Henry,RB,25.2,False,True
2024,6,9,2,RB,4866,Saquon Barkley,RB,6.4,False,True
2024,6,9,3,WR,8137,George Pickens,WR,6.8,False,True
2024,6,9,4,WR,11626,Xavier Legette,WR,9.8,False,False
2024,6,9,5,FLEX,11647,Kimani Vidal,RB,12.1,False,False
2024,6,9,6,REC_FLEX,5001,Dalton Schultz,TE,6.7,False,False
2024,6,9,7,SUPER_FLEX,11562,Spencer Rattler,QB,12.42,False,True
2024,6,9,8,DEF,PIT,Pittsburgh Steelers,DEF,15.0,False,True
2024,6,10,0,QB,11564,Drake Maye,QB,19.52,False,False
2024,6,10,1,RB,4035,Alvin Kamara,RB,14.9,False,True
2024,6,10,2,RB,6945,Antonio Gibson,RB,5.8,False,True
2024,6,10,3,WR,7525,DeVonta Smith,WR,13.9,False,True
2024,6,10,4,WR,5872,Deebo Samuel,WR,19.2,False,True
2024,6,10,5,FLEX,4663,Austin Ekeler,RB,8.8,False,True
2024,6,10,6,REC_FLEX,9500,Josh Downs,WR,16.0,False,True
2024,6,10,7,SUPER_FLEX,3163,Jared Goff,QB,25.1,False,True
2024,6,10,8,DEF,IND,Indianapolis Colts,DEF,4.0,False,True
2024,6,11,0,QB,7591,Justin Fields,QB,23.7,False,True
2024,6,11,1,RB,8132,Tyler Allgeier,RB,19.3,False,False
2024,6,11,2,RB,4018,Joe Mixon,RB,26.2,False,True
2024,6,11,3,WR,10222,Jayden Reed,WR,11.8,False,True
2024,6,11,4,WR,2449,Stefon Diggs,WR,16.7,False,True
2024,6,11,5,FLEX,5927,Terry McLaurin,WR,20.3,False,True
2024,6,11,6,REC_FLEX,5185,Allen Lazard,WR,20.4,False,False
2024,6,11,7,SUPER_FLEX,9758,C.J. Stroud,QB,18.38,False,True
2024,6,11,8,DEF,HOU,Houston Texans,DEF,15.0,False,True
2024,6,12,0,QB,96,Aaron Rodgers,QB,17.76,False,False
2024,6,12,1,RB,11435,Emanuel Wilson,RB,7.8,False,False
2024,6,12,2,RB,8151,Kenneth Walker,RB,16.9,False,True
2024,6,12,3,WR,8146,Garrett Wilson,WR,20.7,False,True
2024,6,12,4,WR,9997,Zay Flowers,WR,17.9,False,True
2024,6,12,5,FLEX,11604,Brock Bowers,TE,16.1,False,True
2024,6,12,6,REC_FLEX,8148,Jameson Williams,WR,16.2,False,True
2024,6,12,7,SUPER_FLEX,4984,Josh Allen,QB,24.4,False,True
2024,6,12,8,DEF,SF,San Francisco 49ers,DEF,8.0,False,False
2024,7,1,0,QB,10866,Aidan O'Connell,QB,2.08,False,True
2024,7,1,1,RB,9509,Bijan Robinson,RB,21.8,False,True
2024,7,1,2,RB,8138,James Cook,RB,9.2,False,True
2024,7,1,3,WR,11631,Brian Thomas,WR,19.6,False,True
2024,7,1,4,WR,5859,A.J. Brown,WR,17.4,False,True
2024,7,1,5,FLEX,11575,Ray Davis,RB,11.2,False,False
2024,7,1,6,REC_FLEX,3214,Hunter Henry,TE,17.2,False,True
2024,7,1,7,SUPER_FLEX,4033,David Njoku,TE,23.6,False,True
2024,7,1,8,DEF,CIN,Cincinnati Bengals,DEF,16.0,False,True
2024,7,2,0,QB,6770,Joe Burrow,QB,14.94,False,True
2024,7,2,1,RB,8228,Jaylen Warren,RB,6.9,False,False
2024,7,2,2,RB,9226,De'Von Achane,RB,9.5,False,True
2024,7,2,3,WR,7564,Ja'Marr Chase,WR,15.1,False,True
2024,7,2,4,WR,5846,DK Metcalf,WR,17.9,False,True
2024,7,2,5,FLEX,2216,Mike Evans,WR,9.0,False,True
2024,7,2,6,REC_FLEX,4066,Evan Engram,TE,8.5,False,True
2024,7,2,7,SUPER_FLEX,1234,Russell Wilson,QB,24.86,False,False
2024,7,2,8,DEF,MIN,Minnesota Vikings,DEF,14.0,False,True
2024,7,3,0,QB,8183,Brock Purdy,QB,17.18,False,True
2024,7,3,1,RB,9221,Jahmyr Gibbs,RB,30.0,False,True
2024,7,3,2,RB,8136,Rachaad White,RB,26.1,False,False
2024,7,3,3,WR,11635,Ladd McConkey,WR,7.1,False,True
2024,7,3,4,WR,7090,Darnell Mooney,WR,7.1,False,True
2024,7,3,5,FLEX,7588,Javonte Williams,RB,24.6,False,False
2024,7,3,6,REC_FLEX,4217,George Kittle,TE,15.2,False,True
2024,7,3,7,SUPER_FLEX,6904,Jalen Hurts,QB,22.76,False,True
2024,7,3,8,DEF,LAC,Los Angeles Chargers,DEF,4.0,False,True
2024,7,4,0,QB,4892,Baker Mayfield,QB,27.0,False,True
2024,7,4,1,RB,5892,David Montgomery,RB,6.5,False,True
2024,7,4,2,RB,6806,J.K. Dobbins,RB,8.1,False,True
2024,7,4,3,WR,4037,Chris Godwin,WR,10.0,False,True
2024,7,4,4,WR,8134,Khalil Shakir,WR,10.0,False,False
2024,7,4,5,FLEX,8207,Tyler Goodson,RB,11.1,False,True
2024,7,4,6,REC_FLEX,8111,Cade Otton,TE,18.0,False,True
2024,7,4,7,SUPER_FLEX,4098,Kareem Hunt,RB,21.3,False,True
2024,7,4,8,DEF,NYJ,New York Jets,DEF,-3.0,False,True
2024,7,5,0,QB,4881,Lamar Jackson,QB,34.44,False,True
2024,7,5,1,RB,8150,Kyren Williams,RB,19.6,False,True
2024,7,5,2,RB,4199,Aaron Jones,RB,19.1,False,True
2024,7,5,3,WR,2133,Davante Adams,WR,4.5,False,True
2024,7,5,4,WR,6801,Tee Higgins,WR,16.2,False,True
2024,7,5,5,FLEX,6845,Zack Moss,RB,5.5,False,False
2024,7,5,6,REC_FLEX,5012,Mark Andrews,TE,20.1,False,False
2024,7,5,7,SUPER_FLEX,6804,Jordan Love,QB,16.8,False,True
2024,7,5,8,DEF,LAR,Los Angeles Rams,DEF,18.0,False,True
2024,7,6,0,QB,7523,Trevor Lawrence,QB,15.02,False,True
2024,7,6,1,RB,8408,Jordan Mason,RB,7.9,False,True
2024,7,6,2,RB,4137,James Conner,RB,16.2,False,True
2024,7,6,3,WR,9488,Jaxon Smith-Njigba,WR,3.8,False,True
2024,7,6,4,WR,11748,Bub Means,WR,5.2,False,True
2024,7,6,5,FLEX,7553,Kyle Pitts,TE,13.5,False,True
2024,7,6,6,REC_FLEX,9484,Tucker Kraft,TE,12.3,False,False
2024,7,6,7,SUPER_FLEX,10236,Dalton Kincaid,TE,8.2,False,False
2024,7,6,8,DEF,DEN,Denver Broncos,DEF,22.0,False,True
2024,7,7,0,QB,9229,Anthony Richardson,QB,8.76,False,False
2024,7,7,1,RB,5987,Alexander Mattison,RB,13.8,False,False
2024,7,7,2,RB,7594,Chuba Hubbard,RB,11.2,False,True
2024,7,7,3,WR,6794,Justin Jefferson,WR,17.9,False,True
2024,7,7,4,WR,8121,Romeo Doubs,WR,13.4,False,True
2024,7,7,5,FLEX,4988,Nick Chubb,RB,9.7,False,False
2024,7,7,6,REC_FLEX,1466,Travis Kelce,TE,5.7,False,True
2024,7,7,7,SUPER_FLEX,4943,Sam Darnold,QB,16.26,False,True
2024,7,7,8,DEF,PHI,Philadelphia Eagles,DEF,16.0,False,True
2024,7,8,0,QB,11563,Bo Nix,QB,14.06,False,True
2024,7,8,1,RB,8155,Breece Hall,RB,23.1,False,True
2024,7,8,2,RB,9225,Tank Bigsby,RB,23.8,False,False
2024,7,8,3,WR,11632,Malik Nabers,WR,6.1,False,True
2024,7,8,4,WR,8112,Drake London,WR,15.3,False,True
2024,7,8,5,FLEX,8154,Brian Robinson,RB,13.1,False,True
2024,7,8,6,REC_FLEX,8130,Trey McBride,TE,10.1,False,True
2024,7,8,7,SUPER_FLEX,5849,Kyler Murray,QB,20.2,False,True
2024,7,8,8,DEF,NO,New Orleans Saints,DEF,3.0,False,True
2024,7,9,0,QB,4046,Patrick Mahomes,QB,12.06,False,True
2024,7,9,1,RB,3198,Derrick Henry,RB,24.7,False,True
2024,7,9,2,RB,4866,Saquon Barkley,RB,25.7,False,True
2024,7,9,3,WR,6803,Brandon Aiyuk,WR,3.3,False,True
2024,7,9,4,WR,8137,George Pickens,WR,19.6,False,True
2024,7,9,5,FLEX,10859,Sam LaPorta,TE,3.5,False,True
2024,7,9,6,REC_FLEX,5001,Dalton Schultz,TE,3.8,False,True
2024,7,9,7,SUPER_FLEX,7083,Tyler Huntley,QB,9.48,False,True
2024,7,9,8,DEF,PIT,Pittsburgh Steelers,DEF,9.0,False,True
2024,7,10,0,QB,11564,Drake Maye,QB,20.84,False,True
2024,7,10,1,RB,4035,Alvin Kamara,RB,5.4,False,True
2024,7,10,2,RB,7611,Rhamondre Stevenson,RB,3.5,False,True
2024,7,10,3,WR,3321,Tyreek Hill,WR,1.8,False,True
2024,7,10,4,WR,4950,Christian Kirk,WR,2.9,False,False
2024,7,10,5,FLEX,4663,Austin Ekeler,RB,3.0,False,False
2024,7,10,6,REC_FLEX,9500,Josh Downs,WR,0.8,False,True
2024,7,10,7,SUPER_FLEX,3163,Jared Goff,QB,18.8,False,True
2024,7,10,8,DEF,IND,Indianapolis Colts,DEF,12.0,False,True
2024,7,11,0,QB,6797,Justin Herbert,QB,14.76,False,True
2024,7,11,1,RB,5850,Josh Jacobs,RB,17.7,False,True
2024,7,11,2,RB,4018,Joe Mixon,RB,25.4,False,True
2024,7,11,3,WR,5185,Allen Lazard,WR,7.8,False,False
2024,7,11,4,WR,9756,Jordan Addison,WR,8.1,False,False
2024,7,11,5,FLEX,5927,Terry McLaurin,WR,12.8,False,True
2024,7,11,6,REC_FLEX,7547,Amon-Ra St. Brown,WR,21.2,False,True
2024,7,11,7,SUPER_FLEX,9758,C.J. Stroud,QB,5.34,False,True
2024,7,11,8,DEF,JAX,Jacksonville Jaguars,DEF,9.0,False,True
2024,7,12,0,QB,1373,Geno Smith,QB,17.78,False,True
2024,7,12,1,RB,7528,Najee Harris,RB,16.2,False,True
2024,7,12,2,RB,8151,Kenneth Walker,RB,22.3,False,True
2024,7,12,3,WR,8146,Garrett Wilson,WR,10.6,False,True
2024,7,12,4,WR,6819,Michael Pittman,WR,7.8,False,True
2024,7,12,5,FLEX,11604,Brock Bowers,TE,19.3,False,True
2024,7,12,6,REC_FLEX,2309,Amari Cooper,WR,14.6,False,False
2024,7,12,7,SUPER_FLEX,4984,Josh Allen,QB,21.02,False,True
2024,7,12,8,DEF,BUF,Buffalo Bills,DEF,13.0,False,True
2024,8,1,0,QB,6768,Tua Tagovailoa,QB,14.66,False,True
2024,8,1,1,RB,9509,Bijan Robinson,RB,20.1,False,True
2024,8,1,2,RB,8138,James Cook,RB,26.8,False,True
2024,8,1,3,WR,4981,Calvin Ridley,WR,17.6,False,False
2024,8,1,4,WR,11631,Brian Thomas,WR,13.5,False,True
2024,8,1,5,FLEX,11655,Tyrone Tracy,RB,22.0,False,False
2024,8,1,6,REC_FLEX,4033,David Njoku,TE,17.1,False,True
2024,8,1,7,SUPER_FLEX,4972,Mason Rudolph,QB,19.54,False,False
2024,8,1,8,DEF,HOU,Houston Texans,DEF,11.0,False,True
2024,8,2,0,QB,2306,Jameis Winston,QB,23.56,False,False
2024,8,2,1,RB,9224,Chase Brown,RB,10.4,False,True
2024,8,2,2,RB,9226,De'Von Achane,RB,23.7,False,True
2024,8,2,3,WR,7564,Ja'Marr Chase,WR,15.9,False,True
2024,8,2,4,WR,9493,Puka Nacua,WR,14.6,False,True
2024,8,2,5,FLEX,11637,Keon Coleman,WR,15.5,False,False
2024,8,2,6,REC_FLEX,4066,Evan Engram,TE,13.6,False,True
2024,8,2,7,SUPER_FLEX,11566,Jayden Daniels,QB,22.24,False,True
2024,8,2,8,DEF,MIN,Minnesota Vikings,DEF,1.0,False,True
2024,8,3,0,QB,8183,Brock Purdy,QB,26.0,False,True
2024,8,3,1,RB,9221,Jahmyr Gibbs,RB,19.8,False,True
2024,8,3,2,RB,8136,Rachaad White,RB,13.2,False,True
2024,8,3,3,WR,11635,Ladd McConkey,WR,26.1,False,False
2024,8,3,4,WR,7090,Darnell Mooney,WR,16.6,False,True
2024,8,3,5,FLEX,11584,Bucky Irving,RB,11.9,False,False
2024,8,3,6,REC_FLEX,4217,George Kittle,TE,24.8,False,True
2024,8,3,7,SUPER_FLEX,6904,Jalen Hurts,QB,35.14,False,True
2024,8,3,8,DEF,LAC,Los Angeles Chargers,DEF,12.0,False,True
2024,8,4,0,QB,4892,Baker Mayfield,QB,22.3,False,True
2024,8,4,1,RB,6813,Jonathan Taylor,RB,18.2,False,True
2024,8,4,2,RB,6806,J.K. Dobbins,RB,14.8,False,True
2024,8,4,3,WR,6786,CeeDee Lamb,WR,33.1,False,True
2024,8,4,4,WR,8134,Khalil Shakir,WR,15.4,False,True
2024,8,4,5,FLEX,4098,Kareem Hunt,RB,12.8,False,True
2024,8,4,6,REC_FLEX,8111,Cade Otton,TE,29.1,False,True
2024,8,4,7,SUPER_FLEX,5892,David Montgomery,RB,14.42,False,False
2024,8,4,8,DEF,NYJ,New York Jets,DEF,3.0,False,True
2024,8,5,0,QB,4881,Lamar Jackson,QB,24.16,False,True
2024,8,5,1,RB,8150,Kyren Williams,RB,20.1,False,True
2024,8,5,2,RB,4199,Aaron Jones,RB,10.5,False,True
2024,8,5,3,WR,6783,Jerry Jeudy,WR,10.4,False,False
2024,8,5,4,WR,9997,Zay Flowers,WR,15.0,False,True
2024,8,5,5,FLEX,11626,Xavier Legette,WR,11.4,False,False
2024,8,5,6,REC_FLEX,3214,Hunter Henry,TE,9.5,False,True
2024,8,5,7,SUPER_FLEX,5012,Mark Andrews,TE,14.6,False,False
2024,8,5,8,DEF,WAS,Washington Commanders,DEF,6.0,False,True
2024,8,6,0,QB,7523,Trevor Lawrence,QB,23.32,False,True
2024,8,6,1,RB,6790,D'Andre Swift,RB,18.9,False,True
2024,8,6,2,RB,4137,James Conner,RB,13.9,False,True
2024,8,6,3,WR,10444,Cedric Tillman,WR,25.4,False,False
2024,8,6,4,WR,8144,Chris Olave,WR,14.7,False,False
2024,8,6,5,FLEX,9484,Tucker Kraft,TE,16.8,False,False
2024,8,6,6,REC_FLEX,7553,Kyle Pitts,TE,25.1,False,True
2024,8,6,7,SUPER_FLEX,421,Matthew Stafford,QB,24.76,False,True
2024,8,6,8,DEF,DEN,Denver Broncos,DEF,7.0,False,True
2024,8,7,0,QB,4943,Sam Darnold,QB,18.2,False,True
2024,8,7,1,RB,2749,Raheem Mostert,RB,15.5,False,True
2024,8,7,2,RB,7594,Chuba Hubbard,RB,8.1,False,True
2024,8,7,3,WR,6794,Justin Jefferson,WR,15.5,False,True
2024,8,7,4,WR,4039,Cooper Kupp,WR,13.6,False,True
2024,8,7,5,FLEX,8121,Romeo Doubs,WR,8.7,False,True
2024,8,7,6,REC_FLEX,1466,Travis Kelce,TE,25.0,False,True
2024,8,7,7,SUPER_FLEX,1166,Kirk Cousins,QB,28.64,False,True
2024,8,7,8,DEF,BAL,Baltimore Ravens,DEF,4.0,False,True
2024,8,8,0,QB,11563,Bo Nix,QB,29.76,False,True
2024,8,8,1,RB,8155,Breece Hall,RB,9.4,False,True
2024,8,8,2,RB,9225,Tank Bigsby,RB,9.6,False,False
2024,8,8,3,WR,11632,Malik Nabers,WR,10.6,False,True
2024,8,8,4,WR,8126,Wan'Dale Robinson,WR,5.5,False,False
2024,8,8,5,FLEX,5967,Tony Pollard,RB,13.2,False,True
2024,8,8,6,REC_FLEX,8130,Trey McBride,TE,21.4,False,True
2024,8,8,7,SUPER_FLEX,5849,Kyler Murray,QB,22.18,False,True
2024,8,8,8,DEF,KC,Kansas City Chiefs,DEF,9.0,False,True
2024,8,9,0,QB,96,Aaron Rodgers,QB,17.32,False,True
2024,8,9,1,RB,3198,Derrick Henry,RB,14.2,False,True
2024,8,9,2,RB,4866,Saquon Barkley,RB,11.6,False,True
2024,8,9,3,WR,11628,Marvin Harrison,WR,20.1,False,True
2024,8,9,4,WR,8137,George Pickens,WR,9.4,False,True
2024,8,9,5,FLEX,11576,Braelon Allen,RB,9.2,False,False
2024,8,9,6,REC_FLEX,10859,Sam LaPorta,TE,16.8,False,True
2024,8,9,7,SUPER_FLEX,5870,Daniel Jones,QB,6.66,False,True
2024,8,9,8,DEF,SF,San Francisco 49ers,DEF,8.0,False,True
2024,8,10,0,QB,3294,Dak Prescott,QB,13.62,False,True
2024,8,10,1,RB,4035,Alvin Kamara,RB,15.2,False,True
2024,8,10,2,RB,7611,Rhamondre Stevenson,RB,22.0,False,True
2024,8,10,3,WR,3321,Tyreek Hill,WR,10.2,False,True
2024,8,10,4,WR,5872,Deebo Samuel,WR,10.6,False,True
2024,8,10,5,FLEX,9500,Josh Downs,WR,20.2,False,True
2024,8,10,6,REC_FLEX,7525,DeVonta Smith,WR,17.5,False,True
2024,8,10,7,SUPER_FLEX,3163,Jared Goff,QB,15.5,False,True
2024,8,10,8,DEF,NO,New Orleans Saints,DEF,6.0,False,True
2024,8,11,0,QB,6797,Justin Herbert,QB,24.06,False,True
2024,8,11,1,RB,5850,Josh Jacobs,RB,25.0,False,True
2024,8,11,2,RB,4018,Joe Mixon,RB,21.4,False,True
2024,8,11,3,WR,11620,Rome Odunze,WR,6.9,False,False
2024,8,11,4,WR,2449,Stefon Diggs,WR,10.2,False,True
2024,8,11,5,FLEX,5927,Terry McLaurin,WR,15.0,False,True
2024,8,11,6,REC_FLEX,7547,Amon-Ra St. Brown,WR,7.7,False,True
2024,8,11,7,SUPER_FLEX,9758,C.J. Stroud,QB,12.4,False,True
2024,8,11,8,DEF,DET,Detroit Lions,DEF,19.0,False,True
2024,8,12,0,QB,4984,Josh Allen,QB,19.82,False,True
2024,8,12,1,RB,7528,Najee Harris,RB,14.6,False,True
2024,8,12,2,RB,10235,Roschon Johnson,RB,6.6,False,False
2024,8,12,3,WR,8146,Garrett Wilson,WR,13.8,False,True
2024,8,12,4,WR,5045,Courtland Sutton,WR,13.12,False,False
2024,8,12,5,FLEX,5947,Jakobi Meyers,WR,14.2,False,False
2024,8,12,6,REC_FLEX,11604,Brock Bowers,TE,10.8,False,True
2024,8,12,7,SUPER_FLEX,4046,Patrick Mahomes,QB,18.18,False,True
2024,8,12,8,DEF,PIT,Pittsburgh Steelers,DEF,16.0,False,True
2024,9,1,0,QB,6797,Justin Herbert,QB,19.48,False,True
2024,9,1,1,RB,8155,Breece Hall,RB,9.5,False,True
2024,9,1,2,RB,11575,Ray Davis,RB,16.0,False,False
2024,9,1,3,WR,7526,Jaylen Waddle,WR,6.6,False,False
2024,9,1,4,WR,11631,Brian Thomas,WR,5.2,False,True
2024,9,1,5,FLEX,9224,Chase Brown,RB,24.2,False,True
2024,9,1,6,REC_FLEX,4033,David Njoku,TE,7.9,False,True
2024,9,1,7,SUPER_FLEX,6768,Tua Tagovailoa,QB,17.54,False,False
2024,9,1,8,DEF,HOU,Houston Texans,DEF,3.0,False,True
2024,9,2,0,QB,6770,Joe Burrow,QB,29.14,False,True
2024,9,2,1,RB,11655,Tyrone Tracy,RB,7.4,False,True
2024,9,2,2,RB,9226,De'Von Achane,RB,28.1,False,True
2024,9,2,3,WR,7564,Ja'Marr Chase,WR,7.8,False,True
2024,9,2,4,WR,8167,Christian Watson,WR,7.2,False,False
2024,9,2,5,FLEX,4981,Calvin Ridley,WR,9.8,False,True
2024,9,2,6,REC_FLEX,4066,Evan Engram,TE,11.5,False,True
2024,9,2,7,SUPER_FLEX,11566,Jayden Daniels,QB,19.86,False,True
2024,9,2,8,DEF,MIN,Minnesota Vikings,DEF,11.0,False,True
2024,9,3,0,QB,6904,Jalen Hurts,QB,29.9,False,True
2024,9,3,1,RB,9221,Jahmyr Gibbs,RB,14.1,False,True
2024,9,3,2,RB,8136,Rachaad White,RB,11.0,False,True
2024,9,3,3,WR,2374,Tyler Lockett,WR,13.8,False,True
2024,9,3,4,WR,7090,Darnell Mooney,WR,17.3,False,True
2024,9,3,5,FLEX,11635,Ladd McConkey,WR,8.9,False,True
2024,9,3,6,REC_FLEX,8110,Jake Ferguson,TE,14.1,False,True
2024,9,3,7,SUPER_FLEX,7588,Javonte Williams,RB,9.4,False,False
2024,9,3,8,DEF,LAC,Los Angeles Chargers,DEF,19.0,False,True
2024,9,4,0,QB,4892,Baker Mayfield,QB,18.0,False,True
2024,9,4,1,RB,6806,J.K. Dobbins,RB,23.5,False,False
2024,9,4,2,RB,5892,David Montgomery,RB,11.1,False,True
2024,9,4,3,WR,6786,CeeDee Lamb,WR,12.2,False,True
2024,9,4,4,WR,7670,Joshua Palmer,WR,13.3,False,False
2024,9,4,5,FLEX,4098,Kareem Hunt,RB,18.2,False,True
2024,9,4,6,REC_FLEX,8111,Cade Otton,TE,21.7,False,True
2024,9,4,7,SUPER_FLEX,9228,Bryce Young,QB,9.74,False,False
2024,9,4,8,DEF,NYJ,New York Jets,DEF,15.0,False,True
2024,9,5,0,QB,4881,Lamar Jackson,QB,23.6,False,True
2024,9,5,1,RB,8150,Kyren Williams,RB,10.0,False,True
2024,9,5,2,RB,4199,Aaron Jones,RB,10.2,False,True
2024,9,5,3,WR,2133,Davante Adams,WR,18.6,False,True
2024,9,5,4,WR,9997,Zay Flowers,WR,27.2,False,True
2024,9,5,5,FLEX,3214,Hunter Henry,TE,12.6,False,False
2024,9,5,6,REC_FLEX,11626,Xavier Legette,WR,11.9,False,False
2024,9,5,7,SUPER_FLEX,6804,Jordan Love,QB,10.92,False,True
2024,9,5,8,DEF,WAS,Washington Commanders,DEF,5.0,False,True
2024,9,6,0,QB,421,Matthew Stafford,QB,17.92,False,True
2024,9,6,1,RB,6790,D'Andre Swift,RB,11.2,False,True
2024,9,6,2,RB,4137,James Conner,RB,13.4,False,True
2024,9,6,3,WR,9488,Jaxon Smith-Njigba,WR,33.5,False,True
2024,9,6,4,WR,10444,Cedric Tillman,WR,16.5,False,False
2024,9,6,5,FLEX,10236,Dalton Kincaid,TE,7.2,False,False
2024,9,6,6,REC_FLEX,9484,Tucker Kraft,TE,7.6,False,False
2024,9,6,7,SUPER_FLEX,7523,Trevor Lawrence,QB,19.56,False,False
2024,9,6,8,DEF,DEN,Denver Broncos,DEF,-2.0,False,True
2024,9,7,0,QB,4943,Sam Darnold,QB,19.0,False,True
2024,9,7,1,RB,2749,Raheem Mostert,RB,7.8,False,False
2024,9,7,2,RB,7594,Chuba Hubbard,RB,20.2,False,True
2024,9,7,3,WR,6794,Justin Jefferson,WR,18.08,False,True
2024,9,7,4,WR,4039,Cooper Kupp,WR,15.9,False,True
2024,9,7,5,FLEX,7021,Rico Dowdle,RB,19.2,False,True
2024,9,7,6,REC_FLEX,1466,Travis Kelce,TE,22.0,False,True
2024,9,7,7,SUPER_FLEX,1166,Kirk Cousins,QB,17.78,False,True
2024,9,7,8,DEF,BAL,Baltimore Ravens,DEF,10.0,False,True
2024,9,8,0,QB,11563,Bo Nix,QB,17.22,False,True
2024,9,8,1,RB,9509,Bijan Robinson,RB,18.0,False,True
2024,9,8,2,RB,5967,Tony Pollard,RB,16.9,False,True
2024,9,8,3,WR,11632,Malik Nabers,WR,10.4,False,True
2024,9,8,4,WR,8112,Drake London,WR,9.7,False,True
2024,9,8,5,FLEX,4381,Taysom Hill,TE,16.0,False,True
2024,9,8,6,REC_FLEX,8130,Trey McBride,TE,12.7,False,True
2024,9,8,7,SUPER_FLEX,9501,DeMario Douglas,WR,7.0,False,False
2024,9,8,8,DEF,CHI,Chicago Bears,DEF,8.0,False,False
2024,9,9,0,QB,96,Aaron Rodgers,QB,20.34,False,True
2024,9,9,1,RB,3198,Derrick Henry,RB,25.8,False,True
2024,9,9,2,RB,4866,Saquon Barkley,RB,31.4,False,True
2024,9,9,3,WR,11628,Marvin Harrison,WR,2.4,False,True
2024,9,9,4,WR,1426,DeAndre Hopkins,WR,24.6,False,True
2024,9,9,5,FLEX,11646,Jalen Coker,WR,4.6,False,False
2024,9,9,6,REC_FLEX,10859,Sam LaPorta,TE,4.8,False,True
2024,9,9,7,SUPER_FLEX,5870,Daniel Jones,QB,24.36,False,True
2024,9,9,8,DEF,PHI,Philadelphia Eagles,DEF,9.0,False,True
2024,9,10,0,QB,3294,Dak Prescott,QB,12.32,False,True
2024,9,10,1,RB,4035,Alvin Kamara,RB,24.5,False,True
2024,9,10,2,RB,7611,Rhamondre Stevenson,RB,19.9,False,True
2024,9,10,3,WR,3321,Tyreek Hill,WR,10.0,False,True
2024,9,10,4,WR,9500,Josh Downs,WR,9.0,False,True
2024,9,10,5,FLEX,4663,Austin Ekeler,RB,15.8,False,False
2024,9,10,6,REC_FLEX,7525,DeVonta Smith,WR,16.7,False,True
2024,9,10,7,SUPER_FLEX,11564,Drake Maye,QB,15.74,False,False
2024,9,10,8,DEF,NO,New Orleans Saints,DEF,3.0,False,True
2024,9,11,0,QB,9758,C.J. Stroud,QB,11.54,False,True
2024,9,11,1,RB,5850,Josh Jacobs,RB,11.8,False,True
2024,9,11,2,RB,4018,Joe Mixon,RB,16.6,False,True
2024,9,11,3,WR,10222,Jayden Reed,WR,13.8,False,True
2024,9,11,4,WR,7547,Amon-Ra St. Brown,WR,15.1,False,True
2024,9,11,5,FLEX,9502,Tank Dell,WR,15.6,False,True
2024,9,11,6,REC_FLEX,5927,Terry McLaurin,WR,14.9,False,True
2024,9,11,7,SUPER_FLEX,9756,Jordan Addison,WR,13.6,False,False
2024,9,11,8,DEF,DET,Detroit Lions,DEF,9.0,False,True
2024,9,12,0,QB,1373,Geno Smith,QB,22.12,False,False
2024,9,12,1,RB,10235,Roschon Johnson,RB,3.1,False,True
2024,9,12,2,RB,8151,Kenneth Walker,RB,12.2,False,True
2024,9,12,3,WR,8146,Garrett Wilson,WR,25.5,False,True
2024,9,12,4,WR,5947,Jakobi Meyers,WR,14.5,False,True
2024,9,12,5,FLEX,5045,Courtland Sutton,WR,19.78,False,True
2024,9,12,6,REC_FLEX,11604,Brock Bowers,TE,15.5,False,True
2024,9,12,7,SUPER_FLEX,4046,Patrick Mahomes,QB,24.54,False,True
2024,9,12,8,DEF,BUF,Buffalo Bills,DEF,4.0,False,True
2024,10,1,0,QB,6797,Justin Herbert,QB,19.76,False,True
2024,10,1,1,RB,9224,Chase Brown,RB,17.9,False,True
2024,10,1,2,RB,8138,James Cook,RB,15.0,False,True
2024,10,1,3,WR,5859,A.J. Brown,WR,13.4,False,True
2024,10,1,4,WR,7526,Jaylen Waddle,WR,7.1,False,True
2024,10,1,5,FLEX,8155,Breece Hall,RB,10.3,False,True
2024,10,1,6,REC_FLEX,6826,Cole Kmet,TE,3.3,False,False
2024,10,1,7,SUPER_FLEX,9999,Will Levis,QB,19.1,False,False
2024,10,1,8,DEF,ATL,Atlanta Falcons,DEF,1.0,False,True
2024,10,2,0,QB,6770,Joe Burrow,QB,33.72,False,True
2024,10,2,1,RB,11655,Tyrone Tracy,RB,14.9,False,True
2024,10,2,2,RB,8228,Jaylen Warren,RB,8.5,False,False
2024,10,2,3,WR,7564,Ja'Marr Chase,WR,49.9,False,True
2024,10,2,4,WR,9493,Puka Nacua,WR,14.3,False,True
2024,10,2,5,FLEX,4981,Calvin Ridley,WR,22.9,False,True
2024,10,2,6,REC_FLEX,4066,Evan Engram,TE,10.0,False,True
2024,10,2,7,SUPER_FLEX,1234,Russell Wilson,QB,18.1,False,False
2024,10,2,8,DEF,MIN,Minnesota Vikings,DEF,13.0,False,True
2024,10,3,0,QB,6904,Jalen Hurts,QB,29.68,False,True
2024,10,3,1,RB,9221,Jahmyr Gibbs,RB,11.8,False,True
2024,10,3,2,RB,8136,Rachaad White,RB,16.0,False,True
2024,10,3,3,WR,9754,Quentin Johnston,WR,9.4,False,False
2024,10,3,4,WR,7090,Darnell Mooney,WR,12.1,False,True
2024,10,3,5,FLEX,11584,Bucky Irving,RB,16.2,False,False
2024,10,3,6,REC_FLEX,4217,George Kittle,TE,14.7,False,True
2024,10,3,7,SUPER_FLEX,8183,Brock Purdy,QB,23.82,False,True
2024,10,3,8,DEF,LAC,Los Angeles Chargers,DEF,9.0,False,True
2024,10,4,0,QB,4984,Josh Allen,QB,18.2,False,True
2024,10,4,1,RB,11589,Trey Benson,RB,9.7,False,False
2024,10,4,2,RB,5892,David Montgomery,RB,12.1,False,True
2024,10,4,3,WR,11638,Ricky Pearsall,WR,15.3,False,False
2024,10,4,4,WR,8134,Khalil Shakir,WR,8.8,False,True
2024,10,4,5,FLEX,4098,Kareem Hunt,RB,13.5,False,True
2024,10,4,6,REC_FLEX,4068,Mike Williams,WR,9.7,False,False
2024,10,4,7,SUPER_FLEX,9228,Bryce Young,QB,12.04,False,False
2024,10,4,8,DEF,NYJ,New York Jets,DEF,1.0,False,True
2024,10,5,0,QB,4881,Lamar Jackson,QB,32.9,False,True
2024,10,5,1,RB,8150,Kyren Williams,RB,8.7,False,True
2024,10,5,2,RB,4199,Aaron Jones,RB,11.1,False,True
2024,10,5,3,WR,2133,Davante Adams,WR,6.1,False,True
2024,10,5,4,WR,9997,Zay Flowers,WR,5.4,False,True
2024,10,5,5,FLEX,11626,Xavier Legette,WR,5.5,False,True
2024,10,5,6,REC_FLEX,5012,Mark Andrews,TE,18.8,False,False
2024,10,5,7,SUPER_FLEX,7543,Travis Etienne,RB,4.8,False,False
2024,10,5,8,DEF,WAS,Washington Commanders,DEF,7.0,False,True
2024,10,6,0,QB,2028,Derek Carr,QB,20.46,False,True
2024,10,6,1,RB,4034,Christian McCaffrey,RB,13.7,False,True
2024,10,6,2,RB,6790,D'Andre Swift,RB,7.0,False,True
2024,10,6,3,WR,4983,DJ Moore,WR,4.2,False,True
2024,10,6,4,WR,7049,Jauan Jennings,WR,12.8,False,True
2024,10,6,5,FLEX,4137,James Conner,RB,19.8,False,True
2024,10,6,6,REC_FLEX,7553,Kyle Pitts,TE,9.5,False,False
2024,10,6,7,SUPER_FLEX,421,Matthew Stafford,QB,9.72,False,True
2024,10,6,8,DEF,DEN,Denver Broncos,DEF,5.0,False,True
2024,10,7,0,QB,4943,Sam Darnold,QB,6.44,False,True
2024,10,7,1,RB,6130,Devin Singletary,RB,5.0,False,False
2024,10,7,2,RB,7594,Chuba Hubbard,RB,22.9,False,True
2024,10,7,3,WR,6794,Justin Jefferson,WR,7.3,False,True
2024,10,7,4,WR,4039,Cooper Kupp,WR,11.5,False,True
2024,10,7,5,FLEX,7021,Rico Dowdle,RB,7.1,False,True
2024,10,7,6,REC_FLEX,1466,Travis Kelce,TE,20.4,False,True
2024,10,7,7,SUPER_FLEX,1166,Kirk Cousins,QB,10.24,False,True
2024,10,7,8,DEF,BUF,Buffalo Bills,DEF,21.0,False,True
2024,10,8,0,QB,11563,Bo Nix,QB,16.1,False,True
2024,10,8,1,RB,9509,Bijan Robinson,RB,27.9,False,True
2024,10,8,2,RB,5967,Tony Pollard,RB,8.3,False,True
2024,10,8,3,WR,11632,Malik Nabers,WR,7.8,False,True
2024,10,8,4,WR,8112,Drake London,WR,13.7,False,True
2024,10,8,5,FLEX,8126,Wan'Dale Robinson,WR,7.6,False,False
2024,10,8,6,REC_FLEX,8130,Trey McBride,TE,11.1,False,True
2024,10,8,7,SUPER_FLEX,5849,Kyler Murray,QB,28.74,False,True
2024,10,8,8,DEF,CHI,Chicago Bears,DEF,4.0,False,True
2024,10,9,0,QB,5870,Daniel Jones,QB,12.2,False,True
2024,10,9,1,RB,3198,Derrick Henry,RB,13.6,False,True
2024,10,9,2,RB,4866,Saquon Barkley,RB,8.3,False,True
2024,10,9,3,WR,1426,DeAndre Hopkins,WR,7.6,False,True
2024,10,9,4,WR,11628,Marvin Harrison,WR,13.9,False,True
2024,10,9,5,FLEX,8137,George Pickens,WR,18.0,False,True
2024,10,9,6,REC_FLEX,4993,Mike Gesicki,TE,7.0,False,True
2024,10,9,7,SUPER_FLEX,10859,Sam LaPorta,TE,15.6,False,False
2024,10,9,8,DEF,PHI,Philadelphia Eagles,DEF,23.0,False,True
2024,10,10,0,QB,11564,Drake Maye,QB,11.76,False,True
2024,10,10,1,RB,4035,Alvin Kamara,RB,13.4,False,True
2024,10,10,2,RB,4663,Austin Ekeler,RB,17.6,False,False
2024,10,10,3,WR,3321,Tyreek Hill,WR,10.2,False,True
2024,10,10,4,WR,9500,Josh Downs,WR,10.7,False,False
2024,10,10,5,FLEX,5844,T.J. Hockenson,TE,15.2,False,True
2024,10,10,6,REC_FLEX,5872,Deebo Samuel,WR,10.1,False,True
2024,10,10,7,SUPER_FLEX,5022,Dallas Goedert,TE,10.5,False,False
2024,10,10,8,DEF,NO,New Orleans Saints,DEF,10.0,False,True
2024,10,11,0,QB,9758,C.J. Stroud,QB,9.78,False,True
2024,10,11,1,RB,8132,Tyler Allgeier,RB,5.9,False,True
2024,10,11,2,RB,4018,Joe Mixon,RB,16.0,False,True
2024,10,11,3,WR,9502,Tank Dell,WR,5.8,False,True
2024,10,11,4,WR,7547,Amon-Ra St. Brown,WR,15.0,False,True
2024,10,11,5,FLEX,9508,Tyjae Spears,RB,6.6,False,False
2024,10,11,6,REC_FLEX,5927,Terry McLaurin,WR,13.8,False,True
2024,10,11,7,SUPER_FLEX,7527,Mac Jones,QB,5.24,False,True
2024,10,11,8,DEF,DET,Detroit Lions,DEF,8.0,False,True
2024,10,12,0,QB,11560,Caleb Williams,QB,6.3,False,True
2024,10,12,1,RB,7528,Najee Harris,RB,11.3,False,True
2024,10,12,2,RB,6813,Jonathan Taylor,RB,13.2,False,True
2024,10,12,3,WR,8146,Garrett Wilson,WR,6.6,False,True
2024,10,12,4,WR,5045,Courtland Sutton,WR,16.0,False,True
2024,10,12,5,FLEX,8148,Jameson Williams,WR,6.8,False,True
2024,10,12,6,REC_FLEX,11618,Jalen McMillan,WR,0.0,False,True
2024,10,12,7,SUPER_FLEX,4046,Patrick Mahomes,QB,16.54,False,True
2024,10,12,8,DEF,NYG,New York Giants,DEF,5.0,False,True
2024,11,1,0,QB,6797,Justin Herbert,QB,24.38,False,True
2024,11,1,1,RB,8155,Breece Hall,RB,27.6,False,True
2024,11,1,2,RB,8138,James Cook,RB,17.2,False,True
2024,11,1,3,WR,11624,Xavier Worthy,WR,14.8,False,False
2024,11,1,4,WR,11631,Brian Thomas,WR,11.1,False,False
2024,11,1,5,FLEX,9224,Chase Brown,RB,16.8,False,True
2024,11,1,6,REC_FLEX,4033,David Njoku,TE,19.1,False,True
2024,11,1,7,SUPER_FLEX,6768,Tua Tagovailoa,QB,23.52,False,True
2024,11,1,8,DEF,ATL,Atlanta Falcons,DEF,-2.0,False,True
2024,11,2,0,QB,11566,Jayden Daniels,QB,13.44,False,True
2024,11,2,1,RB,8228,Jaylen Warren,RB,8.8,False,True
2024,11,2,2,RB,9226,De'Von Achane,RB,18.5,False,True
2024,11,2,3,WR,4981,Calvin Ridley,WR,7.8,False,True
2024,11,2,4,WR,9493,Puka Nacua,WR,21.8,False,True
2024,11,2,5,FLEX,5846,DK Metcalf,WR,10.5,False,True
2024,11,2,6,REC_FLEX,7564,Ja'Marr Chase,WR,23.0,False,True
2024,11,2,7,SUPER_FLEX,6770,Joe Burrow,QB,29.04,False,True
2024,11,2,8,DEF,MIN,Minnesota Vikings,DEF,11.0,False,True
2024,11,3,0,QB,6904,Jalen Hurts,QB,18.74,False,True
2024,11,3,1,RB,9221,Jahmyr Gibbs,RB,18.8,False,True
2024,11,3,2,RB,7588,Javonte Williams,RB,16.7,False,True
2024,11,3,3,WR,11635,Ladd McConkey,WR,15.3,False,True
2024,11,3,4,WR,9754,Quentin Johnston,WR,11.8,False,False
2024,11,3,5,FLEX,7569,Nico Collins,WR,7.4,False,True
2024,11,3,6,REC_FLEX,1479,Keenan Allen,WR,6.1,False,False
2024,11,3,7,SUPER_FLEX,8183,Brock Purdy,QB,18.36,False,True
2024,11,3,8,DEF,LAC,Los Angeles Chargers,DEF,3.0,False,True
2024,11,4,0,QB,4984,Josh Allen,QB,23.98,False,True
2024,11,4,1,RB,5892,David Montgomery,RB,23.0,False,True
2024,11,4,2,RB,6806,J.K. Dobbins,RB,18.4,False,True
2024,11,4,3,WR,6786,CeeDee Lamb,WR,14.6,False,True
2024,11,4,4,WR,8134,Khalil Shakir,WR,11.0,False,True
2024,11,4,5,FLEX,11638,Ricky Pearsall,WR,0.0,False,True
2024,11,4,6,REC_FLEX,8117,Jalen Tolbert,WR,3.1,False,False
2024,11,4,7,SUPER_FLEX,4098,Kareem Hunt,RB,6.0,False,True
2024,11,4,8,DEF,CHI,Chicago Bears,DEF,4.0,False,True
2024,11,5,0,QB,4574,Cooper Rush,QB,16.36,False,False
2024,11,5,1,RB,8150,Kyren Williams,RB,8.6,False,True
2024,11,5,2,RB,4199,Aaron Jones,RB,4.8,False,True
2024,11,5,3,WR,6783,Jerry Jeudy,WR,23.2,False,False
2024,11,5,4,WR,9997,Zay Flowers,WR,10.9,False,True
2024,11,5,5,FLEX,6801,Tee Higgins,WR,25.3,False,True
2024,11,5,6,REC_FLEX,3214,Hunter Henry,TE,12.3,False,False
2024,11,5,7,SUPER_FLEX,6804,Jordan Love,QB,20.24,False,True
2024,11,5,8,DEF,LAR,Los Angeles Rams,DEF,11.0,False,True
2024,11,6,0,QB,421,Matthew Stafford,QB,27.8,False,True
2024,11,6,1,RB,4034,Christian McCaffrey,RB,12.6,False,True
2024,11,6,2,RB,6790,D'Andre Swift,RB,15.4,False,True
2024,11,6,3,WR,10444,Cedric Tillman,WR,6.2,False,True
2024,11,6,4,WR,9488,Jaxon Smith-Njigba,WR,16.8,False,True
2024,11,6,5,FLEX,7049,Jauan Jennings,WR,20.1,False,True
2024,11,6,6,REC_FLEX,4983,DJ Moore,WR,10.2,False,False
2024,11,6,7,SUPER_FLEX,2028,Derek Carr,QB,18.72,False,True
2024,11,6,8,DEF,DEN,Denver Broncos,DEF,13.0,False,True
2024,11,7,0,QB,4943,Sam Darnold,QB,23.64,False,True
2024,11,7,1,RB,7021,Rico Dowdle,RB,4.4,False,True
2024,11,7,2,RB,4988,Nick Chubb,RB,5.0,False,True
2024,11,7,3,WR,6794,Justin Jefferson,WR,11.1,False,True
2024,11,7,4,WR,4039,Cooper Kupp,WR,25.6,False,True
2024,11,7,5,FLEX,5987,Alexander Mattison,RB,8.4,False,False
2024,11,7,6,REC_FLEX,1466,Travis Kelce,TE,2.8,False,True
2024,11,7,7,SUPER_FLEX,1166,Kirk Cousins,QB,4.92,False,True
2024,11,7,8,DEF,HOU,Houston Texans,DEF,21.0,False,True
2024,11,8,0,QB,11563,Bo Nix,QB,28.78,False,True
2024,11,8,1,RB,9509,Bijan Robinson,RB,8.3,False,True
2024,11,8,2,RB,8154,Brian Robinson,RB,13.7,False,True
2024,11,8,3,WR,8167,Christian Watson,WR,17.0,False,False
2024,11,8,4,WR,9501,DeMario Douglas,WR,7.9,False,True
2024,11,8,5,FLEX,4381,Taysom Hill,TE,41.52,False,False
2024,11,8,6,REC_FLEX,5010,Will Dissly,TE,18.0,False,True
2024,11,8,7,SUPER_FLEX,6011,Gardner Minshew,QB,17.98,False,True
2024,11,8,8,DEF,GB,Green Bay Packers,DEF,6.0,False,True
2024,11,9,0,QB,9229,Anthony Richardson,QB,28.08,False,True
2024,11,9,1,RB,3198,Derrick Henry,RB,10.5,False,True
2024,11,9,2,RB,4866,Saquon Barkley,RB,32.8,False,True
2024,11,9,3,WR,8137,George Pickens,WR,12.9,False,True
2024,11,9,4,WR,1426,DeAndre Hopkins,WR,4.4,False,True
2024,11,9,5,FLEX,1339,Zach Ertz,TE,18.7,False,True
2024,11,9,6,REC_FLEX,6819,Michael Pittman,WR,7.1,False,True
2024,11,9,7,SUPER_FLEX,96,Aaron Rodgers,QB,16.06,False,True
2024,11,9,8,DEF,MIA,Miami Dolphins,DEF,6.0,False,True
2024,11,10,0,QB,3163,Jared Goff,QB,34.58,False,True
2024,11,10,1,RB,4035,Alvin Kamara,RB,10.9,False,True
2024,11,10,2,RB,7611,Rhamondre Stevenson,RB,10.9,False,True
2024,11,10,3,WR,9500,Josh Downs,WR,16.9,False,True
2024,11,10,4,WR,3321,Tyreek Hill,WR,15.6,False,False
2024,11,10,5,FLEX,4663,Austin Ekeler,RB,13.6,False,False
2024,11,10,6,REC_FLEX,5022,Dallas Goedert,TE,11.1,False,False
2024,11,10,7,SUPER_FLEX,11564,Drake Maye,QB,17.98,False,True
2024,11,10,8,DEF,NO,New Orleans Saints,DEF,4.0,False,True
2024,11,11,0,QB,9758,C.J. Stroud,QB,10.88,False,True
2024,11,11,1,RB,5850,Josh Jacobs,RB,21.4,False,True
2024,11,11,2,RB,4018,Joe Mixon,RB,34.3,False,True
2024,11,11,3,WR,10222,Jayden Reed,WR,8.8,False,True
2024,11,11,4,WR,7547,Amon-Ra St. Brown,WR,33.2,False,True
2024,11,11,5,FLEX,11620,Rome Odunze,WR,9.5,False,False
2024,11,11,6,REC_FLEX,9756,Jordan Addison,WR,13.6,False,False
2024,11,11,7,SUPER_FLEX,2306,Jameis Winston,QB,26.6,False,True
2024,11,11,8,DEF,DET,Detroit Lions,DEF,10.0,False,True
2024,11,12,0,QB,11560,Caleb Williams,QB,16.24,False,False
2024,11,12,1,RB,8151,Kenneth Walker,RB,12.9,False,True
2024,11,12,2,RB,7528,Najee Harris,RB,11.3,False,False
2024,11,12,3,WR,5947,Jakobi Meyers,WR,6.8,False,False
2024,11,12,4,WR,5045,Courtland Sutton,WR,11.3,False,True
2024,11,12,5,FLEX,8148,Jameson Williams,WR,20.6,False,True
2024,11,12,6,REC_FLEX,11604,Brock Bowers,TE,31.3,False,True
2024,11,12,7,SUPER_FLEX,4046,Patrick Mahomes,QB,15.84,False,True
2024,11,12,8,DEF,PIT,Pittsburgh Steelers,DEF,11.0,False,False
2024,12,1,0,QB,6768,Tua Tagovailoa,QB,28.48,False,True
2024,12,1,1,RB,11579,Audric Estime,RB,1.5,False,True
2024,12,1,2,RB,2359,Ameer Abdullah,RB,15.0,False,True
2024,12,1,3,WR,11624,Xavier Worthy,WR,7.1,False,True
2024,12,1,4,WR,7526,Jaylen Waddle,WR,24.4,False,True
2024,12,1,5,FLEX,5859,A.J. Brown,WR,19.9,False,True
2024,12,1,6,REC_FLEX,4033,David Njoku,TE,3.9,False,True
2024,12,1,7,SUPER_FLEX,6797,Justin Herbert,QB,17.62,False,True
2024,12,1,8,DEF,PHI,Philadelphia Eagles,DEF,12.0,False,True
2024,12,2,0,QB,11566,Jayden Daniels,QB,30.4,False,True
2024,12,2,1,RB,11655,Tyrone Tracy,RB,7.0,False,True
2024,12,2,2,RB,9226,De'Von Achane,RB,19.1,False,True
2024,12,2,3,WR,9493,Puka Nacua,WR,16.2,False,True
2024,12,2,4,WR,4981,Calvin Ridley,WR,11.8,False,True
2024,12,2,5,FLEX,8228,Jaylen Warren,RB,13.9,False,False
2024,12,2,6,REC_FLEX,9484,Tucker Kraft,TE,10.6,False,True
2024,12,2,7,SUPER_FLEX,1234,Russell Wilson,QB,13.8,False,True
2024,12,2,8,DEF,TB,Tampa Bay Buccaneers,DEF,12.0,False,False
2024,12,3,0,QB,6904,Jalen Hurts,QB,15.06,False,True
2024,12,3,1,RB,9221,Jahmyr Gibbs,RB,23.4,False,True
2024,12,3,2,RB,8136,Rachaad White,RB,11.2,False,True
2024,12,3,3,WR,7569,Nico Collins,WR,17.7,False,True
2024,12,3,4,WR,11635,Ladd McConkey,WR,11.3,False,True
2024,12,3,5,FLEX,1479,Keenan Allen,WR,19.1,False,False
2024,12,3,6,REC_FLEX,4217,George Kittle,TE,20.2,False,True
2024,12,3,7,SUPER_FLEX,11584,Bucky Irving,RB,24.2,False,True
2024,12,3,8,DEF,LAC,Los Angeles Chargers,DEF,0.0,False,True
2024,12,4,0,QB,4892,Baker Mayfield,QB,18.66,False,True
2024,12,4,1,RB,5892,David Montgomery,RB,14.8,False,True
2024,12,4,2,RB,6806,J.K. Dobbins,RB,7.4,False,True
2024,12,4,3,WR,6786,CeeDee Lamb,WR,11.8,False,True
2024,12,4,4,WR,9754,Quentin Johnston,WR,0.0,False,True
2024,12,4,5,FLEX,11589,Trey Benson,RB,1.8,False,False
2024,12,4,6,REC_FLEX,8111,Cade Otton,TE,4.0,False,True
2024,12,4,7,SUPER_FLEX,9228,Bryce Young,QB,16.52,False,True
2024,12,4,8,DEF,CHI,Chicago Bears,DEF,5.0,False,True
2024,12,5,0,QB,4881,Lamar Jackson,QB,22.58,False,True
2024,12,5,1,RB,8150,Kyren Williams,RB,11.2,False,True
2024,12,5,2,RB,4199,Aaron Jones,RB,18.4,False,True
2024,12,5,3,WR,6783,Jerry Jeudy,WR,11.5,False,True
2024,12,5,4,WR,9997,Zay Flowers,WR,8.7,False,True
2024,12,5,5,FLEX,3214,Hunter Henry,TE,9.4,False,True
2024,12,5,6,REC_FLEX,5012,Mark Andrews,TE,15.6,False,True
2024,12,5,7,SUPER_FLEX,4574,Cooper Rush,QB,17.98,False,False
2024,12,5,8,DEF,LV,Las Vegas Raiders,DEF,0.0,False,True
2024,12,6,0,QB,421,Matthew Stafford,QB,19.22,False,True
2024,12,6,1,RB,6790,D'Andre Swift,RB,8.0,False,True
2024,12,6,2,RB,4137,James Conner,RB,7.4,False,True
2024,12,6,3,WR,4983,DJ Moore,WR,23.4,False,True
2024,12,6,4,WR,9488,Jaxon Smith-Njigba,WR,16.7,False,True
2024,12,6,5,FLEX,7049,Jauan Jennings,WR,6.5,False,False
2024,12,6,6,REC_FLEX,10871,Luke Schoonmaker,TE,14.5,False,True
2024,12,6,7,SUPER_FLEX,9999,Will Levis,QB,16.12,False,True
2024,12,6,8,DEF,DEN,Denver Broncos,DEF,11.0,False,True
2024,12,7,0,QB,4943,Sam Darnold,QB,21.1,False,True
2024,12,7,1,RB,7021,Rico Dowdle,RB,9.3,False,True
2024,12,7,2,RB,4988,Nick Chubb,RB,18.5,False,True
2024,12,7,3,WR,5846,DK Metcalf,WR,7.9,False,True
2024,12,7,4,WR,4039,Cooper Kupp,WR,16.0,False,True
2024,12,7,5,FLEX,2216,Mike Evans,WR,9.3,False,True
2024,12,7,6,REC_FLEX,1466,Travis Kelce,TE,12.2,False,True
2024,12,7,7,SUPER_FLEX,7594,Chuba Hubbard,RB,14.5,False,True
2024,12,7,8,DEF,HOU,Houston Texans,DEF,18.0,False,True
2024,12,8,0,QB,11563,Bo Nix,QB,19.42,False,True
2024,12,8,1,RB,8154,Brian Robinson,RB,2.9,False,True
2024,12,8,2,RB,5967,Tony Pollard,RB,20.4,False,True
2024,12,8,3,WR,11632,Malik Nabers,WR,9.4,False,True
2024,12,8,4,WR,9501,DeMario Douglas,WR,8.8,False,True
2024,12,8,5,FLEX,5010,Will Dissly,TE,8.7,False,True
2024,12,8,6,REC_FLEX,8130,Trey McBride,TE,25.3,False,True
2024,12,8,7,SUPER_FLEX,6011,Gardner Minshew,QB,11.7,False,False
2024,12,8,8,DEF,WAS,Washington Commanders,DEF,5.0,False,True
2024,12,9,0,QB,9229,Anthony Richardson,QB,12.98,False,True
2024,12,9,1,RB,3198,Derrick Henry,RB,14.0,False,True
2024,12,9,2,RB,4866,Saquon Barkley,RB,44.2,False,True
2024,12,9,3,WR,8137,George Pickens,WR,6.8,False,True
2024,12,9,4,WR,1426,DeAndre Hopkins,WR,12.0,False,True
2024,12,9,5,FLEX,1339,Zach Ertz,TE,15.8,False,False
2024,12,9,6,REC_FLEX,6819,Michael Pittman,WR,12.6,False,True
2024,12,9,7,SUPER_FLEX,3357,Brandon Allen,QB,8.46,False,True
2024,12,9,8,DEF,KC,Kansas City Chiefs,DEF,3.0,False,True
2024,12,10,0,QB,3163,Jared Goff,QB,10.76,False,True
2024,12,10,1,RB,4663,Austin Ekeler,RB,3.4,False,True
2024,12,10,2,RB,6945,Antonio Gibson,RB,5.0,False,False
2024,12,10,3,WR,9500,Josh Downs,WR,4.2,False,True
2024,12,10,4,WR,3321,Tyreek Hill,WR,7.3,False,True
2024,12,10,5,FLEX,5844,T.J. Hockenson,TE,18.4,False,False
2024,12,10,6,REC_FLEX,5022,Dallas Goedert,TE,5.9,False,True
2024,12,10,7,SUPER_FLEX,11564,Drake Maye,QB,13.48,False,True
2024,12,10,8,DEF,SF,San Francisco 49ers,DEF,-2.0,False,True
2024,12,11,0,QB,9758,C.J. Stroud,QB,15.68,False,True
2024,12,11,1,RB,5850,Josh Jacobs,RB,28.6,False,True
2024,12,11,2,RB,4018,Joe Mixon,RB,7.0,False,True
2024,12,11,3,WR,9756,Jordan Addison,WR,26.2,False,False
2024,12,11,4,WR,7547,Amon-Ra St. Brown,WR,9.2,False,True
2024,12,11,5,FLEX,9502,Tank Dell,WR,8.7,False,True
2024,12,11,6,REC_FLEX,5927,Terry McLaurin,WR,18.7,False,True
2024,12,11,7,SUPER_FLEX,2306,Jameis Winston,QB,13.46,False,True
2024,12,11,8,DEF,DET,Detroit Lions,DEF,8.0,False,True
2024,12,12,0,QB,11560,Caleb Williams,QB,26.9,False,False
2024,12,12,1,RB,7528,Najee Harris,RB,6.4,False,True
2024,12,12,2,RB,8151,Kenneth Walker,RB,11.3,False,True
2024,12,12,3,WR,8148,Jameson Williams,WR,9.3,False,True
2024,12,12,4,WR,5045,Courtland Sutton,WR,25.7,False,True
2024,12,12,5,FLEX,4144,Jonnu Smith,TE,23.7,False,False
2024,12,12,6,REC_FLEX,5947,Jakobi Meyers,WR,17.1,False,False
2024,12,12,7,SUPER_FLEX,4046,Patrick Mahomes,QB,28.76,False,True
2024,12,12,8,DEF,PIT,Pittsburgh Steelers,DEF,10.0,False,True
2024,13,1,0,QB,6768,Tua Tagovailoa,QB,25.2,False,True
2024,13,1,1,RB,9224,Chase Brown,RB,17.5,False,True
2024,13,1,2,RB,11575,Ray Davis,RB,13.2,False,False
2024,13,1,3,WR,5859,A.J. Brown,WR,9.1,False,True
2024,13,1,4,WR,7526,Jaylen Waddle,WR,9.3,False,True
2024,13,1,5,FLEX,8138,James Cook,RB,18.5,False,True
2024,13,1,6,REC_FLEX,4033,David Njoku,TE,26.2,False,True
2024,13,1,7,SUPER_FLEX,11631,Brian Thomas,WR,16.7,False,False
2024,13,1,8,DEF,PHI,Philadelphia Eagles,DEF,6.0,False,False
2024,13,2,0,QB,11566,Jayden Daniels,QB,27.64,False,True
2024,13,2,1,RB,11655,Tyrone Tracy,RB,13.5,False,True
2024,13,2,2,RB,9226,De'Von Achane,RB,17.0,False,True
2024,13,2,3,WR,6794,Justin Jefferson,WR,13.4,False,True
2024,13,2,4,WR,7564,Ja'Marr Chase,WR,17.6,False,True
2024,13,2,5,FLEX,4066,Evan Engram,TE,11.1,False,False
2024,13,2,6,REC_FLEX,9493,Puka Nacua,WR,14.8,False,True
2024,13,2,7,SUPER_FLEX,1234,Russell Wilson,QB,26.86,False,False
2024,13,2,8,DEF,MIN,Minnesota Vikings,DEF,6.0,False,True
2024,13,3,0,QB,6904,Jalen Hurts,QB,17.62,False,True
2024,13,3,1,RB,9221,Jahmyr Gibbs,RB,9.4,False,True
2024,13,3,2,RB,11584,Bucky Irving,RB,26.0,False,True
2024,13,3,3,WR,7569,Nico Collins,WR,15.9,False,True
2024,13,3,4,WR,11635,Ladd McConkey,WR,16.2,False,True
2024,13,3,5,FLEX,8136,Rachaad White,RB,8.3,False,False
2024,13,3,6,REC_FLEX,1479,Keenan Allen,WR,21.8,False,False
2024,13,3,7,SUPER_FLEX,8205,Isiah Pacheco,RB,5.4,False,False
2024,13,3,8,DEF,LAC,Los Angeles Chargers,DEF,20.0,False,True
2024,13,4,0,QB,4984,Josh Allen,QB,28.42,False,True
2024,13,4,1,RB,5892,David Montgomery,RB,13.9,False,True
2024,13,4,2,RB,7588,Javonte Williams,RB,6.9,False,False
2024,13,4,3,WR,7496,Nick Westbrook-Ikhine,WR,19.6,False,False
2024,13,4,4,WR,8134,Khalil Shakir,WR,5.0,False,True
2024,13,4,5,FLEX,6826,Cole Kmet,TE,5.6,False,True
2024,13,4,6,REC_FLEX,8111,Cade Otton,TE,6.0,False,True
2024,13,4,7,SUPER_FLEX,9228,Bryce Young,QB,23.62,False,False
2024,13,4,8,DEF,DAL,Dallas Cowboys,DEF,19.0,False,True
2024,13,5,0,QB,4881,Lamar Jackson,QB,25.38,False,True
2024,13,5,1,RB,8150,Kyren Williams,RB,17.8,False,True
2024,13,5,2,RB,11439,Jaleel McLaughlin,RB,8.9,False,False
2024,13,5,3,WR,2133,Davante Adams,WR,15.1,False,True
2024,13,5,4,WR,6801,Tee Higgins,WR,15.4,False,True
2024,13,5,5,FLEX,5012,Mark Andrews,TE,18.9,False,False
2024,13,5,6,REC_FLEX,6783,Jerry Jeudy,WR,36.0,False,True
2024,13,5,7,SUPER_FLEX,6804,Jordan Love,QB,18.96,False,True
2024,13,5,8,DEF,SEA,Seattle Seahawks,DEF,16.0,False,True
2024,13,6,0,QB,421,Matthew Stafford,QB,15.62,False,True
2024,13,6,1,RB,4034,Christian McCaffrey,RB,7.7,False,True
2024,13,6,2,RB,6790,D'Andre Swift,RB,8.4,False,True
2024,13,6,3,WR,4983,DJ Moore,WR,19.7,False,True
2024,13,6,4,WR,9488,Jaxon Smith-Njigba,WR,9.9,False,True
2024,13,6,5,FLEX,4137,James Conner,RB,9.6,False,True
2024,13,6,6,REC_FLEX,7049,Jauan Jennings,WR,7.1,False,True
2024,13,6,7,SUPER_FLEX,9999,Will Levis,QB,16.18,False,True
2024,13,6,8,DEF,DEN,Denver Broncos,DEF,20.0,False,True
2024,13,7,0,QB,4943,Sam Darnold,QB,19.6,False,True
2024,13,7,1,RB,4988,Nick Chubb,RB,11.5,False,False
2024,13,7,2,RB,7021,Rico Dowdle,RB,19.8,False,True
2024,13,7,3,WR,2216,Mike Evans,WR,21.8,False,True
2024,13,7,4,WR,1689,Adam Thielen,WR,19.9,False,False
2024,13,7,5,FLEX,5846,DK Metcalf,WR,8.6,False,True
2024,13,7,6,REC_FLEX,1466,Travis Kelce,TE,13.8,False,True
2024,13,7,7,SUPER_FLEX,5854,Drew Lock,QB,14.82,False,False
2024,13,7,8,DEF,HOU,Houston Texans,DEF,3.0,False,True
2024,13,8,0,QB,10866,Aidan O'Connell,QB,19.6,False,False
2024,13,8,1,RB,9509,Bijan Robinson,RB,22.5,False,True
2024,13,8,2,RB,8154,Brian Robinson,RB,17.4,False,True
2024,13,8,3,WR,11632,Malik Nabers,WR,11.3,False,True
2024,13,8,4,WR,8112,Drake London,WR,12.8,False,True
2024,13,8,5,FLEX,4381,Taysom Hill,TE,9.7,False,False
2024,13,8,6,REC_FLEX,8130,Trey McBride,TE,21.6,False,True
2024,13,8,7,SUPER_FLEX,5849,Kyler Murray,QB,15.2,False,True
2024,13,8,8,DEF,BUF,Buffalo Bills,DEF,13.0,False,False
2024,13,9,0,QB,9229,Anthony Richardson,QB,21.16,False,True
2024,13,9,1,RB,3198,Derrick Henry,RB,12.6,False,True
2024,13,9,2,RB,4866,Saquon Barkley,RB,18.7,False,True
2024,13,9,3,WR,8137,George Pickens,WR,14.9,False,True
2024,13,9,4,WR,11628,Marvin Harrison,WR,14.5,False,True
2024,13,9,5,FLEX,1339,Zach Ertz,TE,12.5,False,False
2024,13,9,6,REC_FLEX,10859,Sam LaPorta,TE,15.6,False,True
2024,13,9,7,SUPER_FLEX,96,Aaron Rodgers,QB,14.0,False,True
2024,13,9,8,DEF,KC,Kansas City Chiefs,DEF,7.0,False,True
2024,13,10,0,QB,3163,Jared Goff,QB,16.94,False,True
2024,13,10,1,RB,4035,Alvin Kamara,RB,13.9,False,True
2024,13,10,2,RB,9753,Zach Charbonnet,RB,11.1,False,False
2024,13,10,3,WR,3321,Tyreek Hill,WR,17.3,False,True
2024,13,10,4,WR,5872,Deebo Samuel,WR,2.0,False,True
2024,13,10,5,FLEX,6945,Antonio Gibson,RB,12.2,False,False
2024,13,10,6,REC_FLEX,5022,Dallas Goedert,TE,12.5,False,True
2024,13,10,7,SUPER_FLEX,11564,Drake Maye,QB,19.42,False,True
2024,13,10,8,DEF,SF,San Francisco 49ers,DEF,-4.0,False,True
2024,13,11,0,QB,9758,C.J. Stroud,QB,14.38,False,True
2024,13,11,1,RB,5850,Josh Jacobs,RB,19.7,False,True
2024,13,11,2,RB,4018,Joe Mixon,RB,19.9,False,True
2024,13,11,3,WR,5927,Terry McLaurin,WR,23.3,False,True
2024,13,11,4,WR,7547,Amon-Ra St. Brown,WR,9.8,False,True
2024,13,11,5,FLEX,5086,Marquez Valdes-Scantling,WR,10.6,False,False
2024,13,11,6,REC_FLEX,10222,Jayden Reed,WR,18.2,False,False
2024,13,11,7,SUPER_FLEX,2306,Jameis Winston,QB,32.98,False,True
2024,13,11,8,DEF,DET,Detroit Lions,DEF,6.0,False,True
2024,13,12,0,QB,4046,Patrick Mahomes,QB,16.64,False,True
2024,13,12,1,RB,7528,Najee Harris,RB,21.9,False,True
2024,13,12,2,RB,6813,Jonathan Taylor,RB,16.8,False,True
2024,13,12,3,WR,5947,Jakobi Meyers,WR,12.7,False,False
2024,13,12,4,WR,5045,Courtland Sutton,WR,13.2,False,True
2024,13,12,5,FLEX,4144,Jonnu Smith,TE,21.3,False,False
2024,13,12,6,REC_FLEX,11604,Brock Bowers,TE,30.2,False,True
2024,13,12,7,SUPER_FLEX,11560,Caleb Williams,QB,26.14,False,False
2024,13,12,8,DEF,PIT,Pittsburgh Steelers,DEF,17.0,False,False
2024,14,1,0,QB,6768,Tua Tagovailoa,QB,23.54,False,True
2024,14,1,1,RB,9224,Chase Brown,RB,21.3,False,True
2024,14,1,2,RB,8138,James Cook,RB,3.9,False,True
2024,14,1,3,WR,11624,Xavier Worthy,WR,7.1,False,False
2024,14,1,4,WR,11631,Brian Thomas,WR,12.6,False,True
2024,14,1,5,FLEX,7526,Jaylen Waddle,WR,16.4,False,True
2024,14,1,6,REC_FLEX,4033,David Njoku,TE,17.2,False,True
2024,14,1,7,SUPER_FLEX,6797,Justin Herbert,QB,13.72,False,True
2024,14,1,8,DEF,PHI,Philadelphia Eagles,DEF,4.0,False,True
2024,14,2,0,QB,1234,Russell Wilson,QB,16.02,False,True
2024,14,2,1,RB,11655,Tyrone Tracy,RB,16.8,False,True
2024,14,2,2,RB,9226,De'Von Achane,RB,15.9,False,True
2024,14,2,3,WR,6794,Justin Jefferson,WR,28.7,False,True
2024,14,2,4,WR,9493,Puka Nacua,WR,35.8,False,True
2024,14,2,5,FLEX,7564,Ja'Marr Chase,WR,38.1,False,True
2024,14,2,6,REC_FLEX,4981,Calvin Ridley,WR,9.4,False,True
2024,14,2,7,SUPER_FLEX,6770,Joe Burrow,QB,24.56,False,True
2024,14,2,8,DEF,TB,Tampa Bay Buccaneers,DEF,10.0,False,True
2024,14,3,0,QB,6904,Jalen Hurts,QB,24.22,False,True
2024,14,3,1,RB,9221,Jahmyr Gibbs,RB,16.3,False,True
2024,14,3,2,RB,8136,Rachaad White,RB,23.9,False,False
2024,14,3,3,WR,1479,Keenan Allen,WR,4.5,False,True
2024,14,3,4,WR,7090,Darnell Mooney,WR,17.2,False,True
2024,14,3,5,FLEX,8205,Isiah Pacheco,RB,7.1,False,False
2024,14,3,6,REC_FLEX,4217,George Kittle,TE,21.1,False,True
2024,14,3,7,SUPER_FLEX,8183,Brock Purdy,QB,22.1,False,True
2024,14,3,8,DEF,LAC,Los Angeles Chargers,DEF,4.0,False,True
2024,14,4,0,QB,4892,Baker Mayfield,QB,19.0,False,True
2024,14,4,1,RB,5892,David Montgomery,RB,16.9,False,True
2024,14,4,2,RB,11571,Isaiah Davis,RB,14.2,False,False
2024,14,4,3,WR,6786,CeeDee Lamb,WR,18.4,False,True
2024,14,4,4,WR,8134,Khalil Shakir,WR,19.1,False,True
2024,14,4,5,FLEX,8220,Sincere McCormick,RB,9.9,False,False
2024,14,4,6,REC_FLEX,8111,Cade Otton,TE,10.0,False,True
2024,14,4,7,SUPER_FLEX,4984,Josh Allen,QB,51.88,False,True
2024,14,4,8,DEF,ARI,Arizona Cardinals,DEF,-1.0,False,True
2024,14,5,0,QB,6804,Jordan Love,QB,14.54,False,True
2024,14,5,1,RB,8150,Kyren Williams,RB,22.7,False,True
2024,14,5,2,RB,4199,Aaron Jones,RB,15.4,False,True
2024,14,5,3,WR,2133,Davante Adams,WR,21.4,False,True
2024,14,5,4,WR,6783,Jerry Jeudy,WR,14.9,False,True
2024,14,5,5,FLEX,7543,Travis Etienne,RB,9.0,False,False
2024,14,5,6,REC_FLEX,11626,Xavier Legette,WR,4.9,False,True
2024,14,5,7,SUPER_FLEX,4574,Cooper Rush,QB,13.82,False,True
2024,14,5,8,DEF,MIA,Miami Dolphins,DEF,3.0,False,True
2024,14,6,0,QB,2028,Derek Carr,QB,11.96,False,True
2024,14,6,1,RB,4137,James Conner,RB,20.2,False,True
2024,14,6,2,RB,6790,D'Andre Swift,RB,4.5,False,True
2024,14,6,3,WR,4983,DJ Moore,WR,7.9,False,True
2024,14,6,4,WR,9488,Jaxon Smith-Njigba,WR,17.1,False,True
2024,14,6,5,FLEX,11576,Braelon Allen,RB,10.1,False,True
2024,14,6,6,REC_FLEX,7049,Jauan Jennings,WR,24.5,False,True
2024,14,6,7,SUPER_FLEX,421,Matthew Stafford,QB,20.8,False,False
2024,14,6,8,DEF,TEN,Tennessee Titans,DEF,9.0,False,True
2024,14,7,0,QB,4943,Sam Darnold,QB,34.58,False,True
2024,14,7,1,RB,11651,Isaac Guerendo,RB,25.8,False,True
2024,14,7,2,RB,7021,Rico Dowdle,RB,14.6,False,True
2024,14,7,3,WR,1689,Adam Thielen,WR,14.7,False,False
2024,14,7,4,WR,4039,Cooper Kupp,WR,17.7,False,True
2024,14,7,5,FLEX,7594,Chuba Hubbard,RB,18.7,False,False
2024,14,7,6,REC_FLEX,1466,Travis Kelce,TE,9.5,False,True
2024,14,7,7,SUPER_FLEX,1166,Kirk Cousins,QB,9.76,False,True
2024,14,7,8,DEF,NO,New Orleans Saints,DEF,10.0,False,True
2024,14,8,0,QB,5849,Kyler Murray,QB,17.96,False,True
2024,14,8,1,RB,9509,Bijan Robinson,RB,19.1,False,True
2024,14,8,2,RB,5967,Tony Pollard,RB,13.4,False,True
2024,14,8,3,WR,9754,Quentin Johnston,WR,13.3,False,False
2024,14,8,4,WR,11632,Malik Nabers,WR,12.4,False,True
2024,14,8,5,FLEX,8130,Trey McBride,TE,14.0,False,True
2024,14,8,6,REC_FLEX,9484,Tucker Kraft,TE,13.1,False,True
2024,14,8,7,SUPER_FLEX,9225,Tank Bigsby,RB,12.7,False,False
2024,14,8,8,DEF,DAL,Dallas Cowboys,DEF,5.0,False,False
2024,14,9,0,QB,96,Aaron Rodgers,QB,17.56,False,True
2024,14,9,1,RB,4866,Saquon Barkley,RB,14.4,False,True
2024,14,9,2,RB,11586,Blake Corum,RB,3.4,False,False
2024,14,9,3,WR,1426,DeAndre Hopkins,WR,11.2,False,True
2024,14,9,4,WR,11628,Marvin Harrison,WR,6.9,False,True
2024,14,9,5,FLEX,7600,Pat Freiermuth,TE,13.8,False,True
2024,14,9,6,REC_FLEX,10859,Sam LaPorta,TE,10.4,False,True
2024,14,9,7,SUPER_FLEX,9486,Dontayvion Wicks,WR,6.9,False,True
2024,14,9,8,DEF,KC,Kansas City Chiefs,DEF,4.0,False,True
2024,14,10,0,QB,3163,Jared Goff,QB,22.02,False,True
2024,14,10,1,RB,4035,Alvin Kamara,RB,10.4,False,True
2024,14,10,2,RB,9753,Zach Charbonnet,RB,34.8,False,True
2024,14,10,3,WR,3321,Tyreek Hill,WR,23.1,False,True
2024,14,10,4,WR,5872,Deebo Samuel,WR,4.5,False,True
2024,14,10,5,FLEX,7525,DeVonta Smith,WR,11.7,False,True
2024,14,10,6,REC_FLEX,5844,T.J. Hockenson,TE,8.5,False,True
2024,14,10,7,SUPER_FLEX,5854,Drew Lock,QB,14.98,False,True
2024,14,10,8,DEF,SF,San Francisco 49ers,DEF,13.0,False,True
2024,14,11,0,QB,2306,Jameis Winston,QB,15.28,False,True
2024,14,11,1,RB,5850,Josh Jacobs,RB,24.6,False,True
2024,14,11,2,RB,9508,Tyjae Spears,RB,2.8,False,True
2024,14,11,3,WR,9756,Jordan Addison,WR,35.3,False,True
2024,14,11,4,WR,7547,Amon-Ra St. Brown,WR,7.8,False,True
2024,14,11,5,FLEX,11620,Rome Odunze,WR,18.2,False,False
2024,14,11,6,REC_FLEX,5086,Marquez Valdes-Scantling,WR,7.1,False,True
2024,14,11,7,SUPER_FLEX,7527,Mac Jones,QB,5.1,False,True
2024,14,11,8,DEF,SEA,Seattle Seahawks,DEF,8.0,False,True
2024,14,12,0,QB,4046,Patrick Mahomes,QB,14.1,False,True
2024,14,12,1,RB,8132,Tyler Allgeier,RB,12.3,False,True
2024,14,12,2,RB,7528,Najee Harris,RB,11.3,False,True
2024,14,12,3,WR,8146,Garrett Wilson,WR,14.9,False,True
2024,14,12,4,WR,2309,Amari Cooper,WR,12.5,False,False
2024,14,12,5,FLEX,4144,Jonnu Smith,TE,13.4,False,True
2024,14,12,6,REC_FLEX,8148,Jameson Williams,WR,10.5,False,False
2024,14,12,7,SUPER_FLEX,11560,Caleb Williams,QB,14.06,False,False
2024,14,12,8,DEF,PIT,Pittsburgh Steelers,DEF,9.0,False,True
2024,15,1,0,QB,6797,Justin Herbert,QB,13.8,False,True
2024,15,1,1,RB,9224,Chase Brown,RB,24.8,False,True
2024,15,1,2,RB,8138,James Cook,RB,25.8,False,True
2024,15,1,3,WR,11631,Brian Thomas,WR,27.5,False,True
2024,15,1,4,WR,5859,A.J. Brown,WR,21.0,False,True
2024,15,1,5,FLEX,8155,Breece Hall,RB,12.1,False,False
2024,15,1,6,REC_FLEX,11624,Xavier Worthy,WR,16.6,False,False
2024,15,1,7,SUPER_FLEX,2359,Ameer Abdullah,RB,16.1,False,False
2024,15,1,8,DEF,PHI,Philadelphia Eagles,DEF,9.0,False,False
2024,15,2,0,QB,11566,Jayden Daniels,QB,23.64,False,True
2024,15,2,1,RB,6130,Devin Singletary,RB,11.6,False,False
2024,15,2,2,RB,9226,De'Von Achane,RB,11.1,False,True
2024,15,2,3,WR,6794,Justin Jefferson,WR,16.8,False,True
2024,15,2,4,WR,4981,Calvin Ridley,WR,7.5,False,True
2024,15,2,5,FLEX,7564,Ja'Marr Chase,WR,13.9,False,True
2024,15,2,6,REC_FLEX,9493,Puka Nacua,WR,14.3,False,True
2024,15,2,7,SUPER_FLEX,6770,Joe Burrow,QB,16.84,False,True
2024,15,2,8,DEF,TB,Tampa Bay Buccaneers,DEF,10.0,False,False
2024,15,3,0,QB,6904,Jalen Hurts,QB,28.1,False,True
2024,15,3,1,RB,9221,Jahmyr Gibbs,RB,25.9,False,True
2024,15,3,2,RB,11584,Bucky Irving,RB,12.3,False,True
2024,15,3,3,WR,11635,Ladd McConkey,WR,14.3,False,True
2024,15,3,4,WR,7569,Nico Collins,WR,15.7,False,True
2024,15,3,5,FLEX,1479,Keenan Allen,WR,17.2,False,False
2024,15,3,6,REC_FLEX,4217,George Kittle,TE,10.1,False,True
2024,15,3,7,SUPER_FLEX,8136,Rachaad White,RB,13.1,False,False
2024,15,3,8,DEF,GB,Green Bay Packers,DEF,15.0,False,True
2024,15,4,0,QB,4892,Baker Mayfield,QB,28.02,False,True
2024,15,4,1,RB,5892,David Montgomery,RB,5.5,False,True
2024,15,4,2,RB,8220,Sincere McCormick,RB,3.5,False,True
2024,15,4,3,WR,6786,CeeDee Lamb,WR,22.1,False,True
2024,15,4,4,WR,8134,Khalil Shakir,WR,12.9,False,True
2024,15,4,5,FLEX,11647,Kimani Vidal,RB,3.2,False,False
2024,15,4,6,REC_FLEX,8111,Cade Otton,TE,4.4,False,True
2024,15,4,7,SUPER_FLEX,4984,Josh Allen,QB,41.28,False,True
2024,15,4,8,DEF,ARI,Arizona Cardinals,DEF,6.0,False,True
2024,15,5,0,QB,4881,Lamar Jackson,QB,36.1,False,True
2024,15,5,1,RB,8150,Kyren Williams,RB,12.2,False,True
2024,15,5,2,RB,4199,Aaron Jones,RB,17.6,False,True
2024,15,5,3,WR,2133,Davante Adams,WR,38.3,False,True
2024,15,5,4,WR,6783,Jerry Jeudy,WR,16.3,False,True
2024,15,5,5,FLEX,7543,Travis Etienne,RB,10.5,False,False
2024,15,5,6,REC_FLEX,6801,Tee Higgins,WR,17.3,False,True
2024,15,5,7,SUPER_FLEX,4574,Cooper Rush,QB,19.06,False,False
2024,15,5,8,DEF,MIA,Miami Dolphins,DEF,8.0,False,True
2024,15,6,0,QB,421,Matthew Stafford,QB,8.2,False,True
2024,15,6,1,RB,4137,James Conner,RB,28.3,False,True
2024,15,6,2,RB,6790,D'Andre Swift,RB,9.4,False,True
2024,15,6,3,WR,4983,DJ Moore,WR,11.0,False,True
2024,15,6,4,WR,9488,Jaxon Smith-Njigba,WR,13.3,False,True
2024,15,6,5,FLEX,7553,Kyle Pitts,TE,6.8,False,True
2024,15,6,6,REC_FLEX,10236,Dalton Kincaid,TE,9.3,False,False
2024,15,6,7,SUPER_FLEX,8132,Tyler Allgeier,RB,4.3,False,False
2024,15,6,8,DEF,DEN,Denver Broncos,DEF,22.0,False,True
2024,15,7,0,QB,4943,Sam Darnold,QB,11.24,False,True
2024,15,7,1,RB,7594,Chuba Hubbard,RB,6.9,False,True
2024,15,7,2,RB,7021,Rico Dowdle,RB,14.9,False,True
2024,15,7,3,WR,2216,Mike Evans,WR,32.4,False,True
2024,15,7,4,WR,1689,Adam Thielen,WR,7.6,False,False
2024,15,7,5,FLEX,11651,Isaac Guerendo,RB,9.5,False,False
2024,15,7,6,REC_FLEX,1466,Travis Kelce,TE,6.7,False,True
2024,15,7,7,SUPER_FLEX,8121,Romeo Doubs,WR,17.5,False,False
2024,15,7,8,DEF,ATL,Atlanta Falcons,DEF,21.0,False,True
2024,15,8,0,QB,11563,Bo Nix,QB,13.5,False,True
2024,15,8,1,RB,9509,Bijan Robinson,RB,14.0,False,True
2024,15,8,2,RB,8154,Brian Robinson,RB,10.2,False,True
2024,15,8,3,WR,8112,Drake London,WR,12.8,False,True
2024,15,8,4,WR,11632,Malik Nabers,WR,19.2,False,True
2024,15,8,5,FLEX,9754,Quentin Johnston,WR,13.0,False,False
2024,15,8,6,REC_FLEX,8130,Trey McBride,TE,17.7,False,True
2024,15,8,7,SUPER_FLEX,8159,Desmond Ridder,QB,11.12,False,False
2024,15,8,8,DEF,DAL,Dallas Cowboys,DEF,17.0,False,True
2024,15,9,0,QB,9229,Anthony Richardson,QB,13.88,False,True
2024,15,9,1,RB,4866,Saquon Barkley,RB,8.4,False,True
2024,15,9,2,RB,3198,Derrick Henry,RB,6.7,False,True
2024,15,9,3,WR,6819,Michael Pittman,WR,6.8,False,True
2024,15,9,4,WR,1426,DeAndre Hopkins,WR,6.1,False,True
2024,15,9,5,FLEX,1339,Zach Ertz,TE,4.5,False,False
2024,15,9,6,REC_FLEX,10859,Sam LaPorta,TE,18.1,False,True
2024,15,9,7,SUPER_FLEX,96,Aaron Rodgers,QB,30.06,False,True
2024,15,9,8,DEF,KC,Kansas City Chiefs,DEF,23.0,False,True
2024,15,10,0,QB,3163,Jared Goff,QB,41.06,False,True
2024,15,10,1,RB,4035,Alvin Kamara,RB,15.0,False,True
2024,15,10,2,RB,7611,Rhamondre Stevenson,RB,9.0,False,True
2024,15,10,3,WR,7525,DeVonta Smith,WR,22.5,False,False
2024,15,10,4,WR,9500,Josh Downs,WR,4.7,False,True
2024,15,10,5,FLEX,9753,Zach Charbonnet,RB,13.1,False,False
2024,15,10,6,REC_FLEX,5844,T.J. Hockenson,TE,10.2,False,True
2024,15,10,7,SUPER_FLEX,11564,Drake Maye,QB,17.48,False,True
2024,15,10,8,DEF,SF,San Francisco 49ers,DEF,4.0,False,True
2024,15,11,0,QB,9758,C.J. Stroud,QB,11.64,False,True
2024,15,11,1,RB,5850,Josh Jacobs,RB,19.6,False,True
2024,15,11,2,RB,9508,Tyjae Spears,RB,24.2,False,False
2024,15,11,3,WR,9756,Jordan Addison,WR,9.8,False,True
2024,15,11,4,WR,7547,Amon-Ra St. Brown,WR,30.3,False,True
2024,15,11,5,FLEX,5995,Justice Hill,RB,15.3,False,False
2024,15,11,6,REC_FLEX,5927,Terry McLaurin,WR,22.8,False,True
2024,15,11,7,SUPER_FLEX,10222,Jayden Reed,WR,8.6,False,False
2024,15,11,8,DEF,WAS,Washington Commanders,DEF,6.0,False,True
2024,15,12,0,QB,4046,Patrick Mahomes,QB,15.76,False,True
2024,15,12,1,RB,6813,Jonathan Taylor,RB,9.6,False,True
2024,15,12,2,RB,7588,Javonte Williams,RB,3.3,False,False
2024,15,12,3,WR,5045,Courtland Sutton,WR,10.7,False,True
2024,15,12,4,WR,8146,Garrett Wilson,WR,13.1,False,True
2024,15,12,5,FLEX,4144,Jonnu Smith,TE,19.8,False,True
2024,15,12,6,REC_FLEX,8148,Jameson Williams,WR,11.2,False,False
2024,15,12,7,SUPER_FLEX,11560,Caleb Williams,QB,9.94,False,False
2024,15,12,8,DEF,PIT,Pittsburgh Steelers,DEF,8.0,False,True
2024,16,1,0,QB,6797,Justin Herbert,QB,22.16,False,True
2024,16,1,1,RB,8138,James Cook,RB,26.1,False,True
2024,16,1,2,RB,2359,Ameer Abdullah,RB,17.0,False,False
2024,16,1,3,WR,11631,Brian Thomas,WR,23.7,False,True
2024,16,1,4,WR,5859,A.J. Brown,WR,19.7,False,True
2024,16,1,5,FLEX,11624,Xavier Worthy,WR,17.0,False,False
2024,16,1,6,REC_FLEX,4033,David Njoku,TE,14.6,False,True
2024,16,1,7,SUPER_FLEX,6768,Tua Tagovailoa,QB,12.5,False,True
2024,16,1,8,DEF,BAL,Baltimore Ravens,DEF,16.0,False,False
2024,16,2,0,QB,11566,Jayden Daniels,QB,34.42,False,True
2024,16,2,1,RB,11655,Tyrone Tracy,RB,14.9,False,True
2024,16,2,2,RB,9226,De'Von Achane,RB,28.0,False,True
2024,16,2,3,WR,6794,Justin Jefferson,WR,31.4,False,True
2024,16,2,4,WR,4981,Calvin Ridley,WR,15.3,False,True
2024,16,2,5,FLEX,8228,Jaylen Warren,RB,11.7,False,False
2024,16,2,6,REC_FLEX,7564,Ja'Marr Chase,WR,19.4,False,True
2024,16,2,7,SUPER_FLEX,6770,Joe Burrow,QB,21.98,False,True
2024,16,2,8,DEF,MIN,Minnesota Vikings,DEF,6.0,False,True
2024,16,3,0,QB,8183,Brock Purdy,QB,21.12,False,True
2024,16,3,1,RB,9221,Jahmyr Gibbs,RB,23.4,False,True
2024,16,3,2,RB,11584,Bucky Irving,RB,16.7,False,True
2024,16,3,3,WR,11635,Ladd McConkey,WR,11.7,False,True
2024,16,3,4,WR,1479,Keenan Allen,WR,24.6,False,False
2024,16,3,5,FLEX,7090,Darnell Mooney,WR,10.7,False,False
2024,16,3,6,REC_FLEX,4217,George Kittle,TE,18.6,False,True
2024,16,3,7,SUPER_FLEX,4098,Kareem Hunt,RB,14.9,False,False
2024,16,3,8,DEF,GB,Green Bay Packers,DEF,19.0,False,True
2024,16,4,0,QB,4892,Baker Mayfield,QB,22.32,False,True
2024,16,4,1,RB,8143,Jerome Ford,RB,21.6,False,True
2024,16,4,2,RB,6039,Ty Johnson,RB,3.0,False,False
2024,16,4,3,WR,6786,CeeDee Lamb,WR,14.0,False,True
2024,16,4,4,WR,5096,Ray-Ray McCloud,WR,4.2,False,False
2024,16,4,5,FLEX,11618,Jalen McMillan,WR,14.2,False,True
2024,16,4,6,REC_FLEX,7600,Pat Freiermuth,TE,4.6,False,True
2024,16,4,7,SUPER_FLEX,9228,Bryce Young,QB,27.12,False,False
2024,16,4,8,DEF,CIN,Cincinnati Bengals,DEF,20.0,False,True
2024,16,5,0,QB,4881,Lamar Jackson,QB,20.48,False,True
2024,16,5,1,RB,8150,Kyren Williams,RB,19.4,False,True
2024,16,5,2,RB,4199,Aaron Jones,RB,10.8,False,True
2024,16,5,3,WR,2133,Davante Adams,WR,16.3,False,True
2024,16,5,4,WR,6801,Tee Higgins,WR,15.8,False,True
2024,16,5,5,FLEX,5012,Mark Andrews,TE,13.8,False,False
2024,16,5,6,REC_FLEX,3214,Hunter Henry,TE,13.9,False,False
2024,16,5,7,SUPER_FLEX,4574,Cooper Rush,QB,15.28,False,False
2024,16,5,8,DEF,MIA,Miami Dolphins,DEF,6.0,False,True
2024,16,6,0,QB,421,Matthew Stafford,QB,6.0,False,True
2024,16,6,1,RB,4137,James Conner,RB,24.6,False,True
2024,16,6,2,RB,6790,D'Andre Swift,RB,6.8,False,True
2024,16,6,3,WR,4983,DJ Moore,WR,10.5,False,True
2024,16,6,4,WR,9488,Jaxon Smith-Njigba,WR,20.0,False,True
2024,16,6,5,FLEX,8132,Tyler Allgeier,RB,3.6,False,False
2024,16,6,6,REC_FLEX,7049,Jauan Jennings,WR,7.1,False,True
2024,16,6,7,SUPER_FLEX,10236,Dalton Kincaid,TE,5.5,False,True
2024,16,6,8,DEF,DEN,Denver Broncos,DEF,4.0,False,True
2024,16,7,0,QB,4943,Sam Darnold,QB,22.94,False,True
2024,16,7,1,RB,7594,Chuba Hubbard,RB,30.5,False,True
2024,16,7,2,RB,7021,Rico Dowdle,RB,6.6,False,True
2024,16,7,3,WR,2216,Mike Evans,WR,9.4,False,True
2024,16,7,4,WR,5846,DK Metcalf,WR,13.2,False,False
2024,16,7,5,FLEX,1689,Adam Thielen,WR,12.8,False,True
2024,16,7,6,REC_FLEX,1466,Travis Kelce,TE,8.0,False,True
2024,16,7,7,SUPER_FLEX,5248,Gus Edwards,RB,19.6,False,False
2024,16,7,8,DEF,ATL,Atlanta Falcons,DEF,26.0,False,True
2024,16,8,0,QB,11563,Bo Nix,QB,21.02,False,True
2024,16,8,1,RB,9509,Bijan Robinson,RB,23.3,False,True
2024,16,8,2,RB,9225,Tank Bigsby,RB,9.6,False,False
2024,16,8,3,WR,8112,Drake London,WR,8.4,False,True
2024,16,8,4,WR,11632,Malik Nabers,WR,10.3,False,True
2024,16,8,5,FLEX,11834,Devaughn Vele,WR,9.1,False,False
2024,16,8,6,REC_FLEX,9484,Tucker Kraft,TE,9.5,False,False
2024,16,8,7,SUPER_FLEX,5849,Kyler Murray,QB,20.38,False,True
2024,16,8,8,DEF,BUF,Buffalo Bills,DEF,16.0,False,True
2024,16,9,0,QB,9229,Anthony Richardson,QB,20.24,False,True
2024,16,9,1,RB,4866,Saquon Barkley,RB,27.0,False,True
2024,16,9,2,RB,3198,Derrick Henry,RB,19.9,False,True
2024,16,9,3,WR,11628,Marvin Harrison,WR,5.9,False,True
2024,16,9,4,WR,1426,DeAndre Hopkins,WR,5.7,False,True
2024,16,9,5,FLEX,5848,Marquise Brown,WR,7.0,False,False
2024,16,9,6,REC_FLEX,10859,Sam LaPorta,TE,14.3,False,True
2024,16,9,7,SUPER_FLEX,96,Aaron Rodgers,QB,12.84,False,True
2024,16,9,8,DEF,IND,Indianapolis Colts,DEF,6.0,False,True
2024,16,10,0,QB,3163,Jared Goff,QB,25.34,False,True
2024,16,10,1,RB,6945,Antonio Gibson,RB,4.6,False,False
2024,16,10,2,RB,7611,Rhamondre Stevenson,RB,11.8,False,True
2024,16,10,3,WR,3321,Tyreek Hill,WR,10.4,False,True
2024,16,10,4,WR,7525,DeVonta Smith,WR,8.1,False,True
2024,16,10,5,FLEX,9500,Josh Downs,WR,13.6,False,True
2024,16,10,6,REC_FLEX,5872,Deebo Samuel,WR,21.6,False,False
2024,16,10,7,SUPER_FLEX,11564,Drake Maye,QB,17.44,False,False
2024,16,10,8,DEF,SF,San Francisco 49ers,DEF,-1.0,False,True
2024,16,11,0,QB,9758,C.J. Stroud,QB,16.06,False,True
2024,16,11,1,RB,5850,Josh Jacobs,RB,18.7,False,True
2024,16,11,2,RB,5987,Alexander Mattison,RB,13.6,False,False
2024,16,11,3,WR,9756,Jordan Addison,WR,12.0,False,True
2024,16,11,4,WR,7547,Amon-Ra St. Brown,WR,16.0,False,True
2024,16,11,5,FLEX,9502,Tank Dell,WR,18.8,False,True
2024,16,11,6,REC_FLEX,5927,Terry McLaurin,WR,14.5,False,True
2024,16,11,7,SUPER_FLEX,9508,Tyjae Spears,RB,20.1,False,False
2024,16,11,8,DEF,ARI,Arizona Cardinals,DEF,-1.0,False,True
2024,16,12,0,QB,4046,Patrick Mahomes,QB,23.7,False,True
2024,16,12,1,RB,6813,Jonathan Taylor,RB,39.8,False,True
2024,16,12,2,RB,8151,Kenneth Walker,RB,9.9,False,True
2024,16,12,3,WR,8148,Jameson Williams,WR,23.5,False,False
2024,16,12,4,WR,8146,Garrett Wilson,WR,8.4,False,True
2024,16,12,5,FLEX,4144,Jonnu Smith,TE,12.2,False,True
2024,16,12,6,REC_FLEX,11604,Brock Bowers,TE,20.9,False,True
2024,16,12,7,SUPER_FLEX,11560,Caleb Williams,QB,22.76,False,True
2024,16,12,8,DEF,DET,Detroit Lions,DEF,8.0,False,True
2024,17,1,0,QB,6797,Justin Herbert,QB,24.44,False,True
2024,17,1,1,RB,9224,Chase Brown,RB,11.1,False,True
2024,17,1,2,RB,2359,Ameer Abdullah,RB,16.2,False,True
2024,17,1,3,WR,11631,Brian Thomas,WR,20.4,False,True
2024,17,1,4,WR,5859,A.J. Brown,WR,11.1,False,True
2024,17,1,5,FLEX,8138,James Cook,RB,11.3,False,True
2024,17,1,6,REC_FLEX,9486,Dontayvion Wicks,WR,6.3,False,True
2024,17,1,7,SUPER_FLEX,11624,Xavier Worthy,WR,18.9,False,False
2024,17,1,8,DEF,PHI,Philadelphia Eagles,DEF,21.0,False,True
2024,17,2,0,QB,11566,Jayden Daniels,QB,31.78,False,True
2024,17,2,1,RB,11655,Tyrone Tracy,RB,8.3,False,True
2024,17,2,2,RB,8228,Jaylen Warren,RB,13.7,False,False
2024,17,2,3,WR,6794,Justin Jefferson,WR,13.2,False,True
2024,17,2,4,WR,4981,Calvin Ridley,WR,11.6,False,True
2024,17,2,5,FLEX,7564,Ja'Marr Chase,WR,14.7,False,True
2024,17,2,6,REC_FLEX,9493,Puka Nacua,WR,17.9,False,True
2024,17,2,7,SUPER_FLEX,6770,Joe Burrow,QB,36.98,False,True
2024,17,2,8,DEF,SEA,Seattle Seahawks,DEF,16.0,False,True
2024,17,3,0,QB,8183,Brock Purdy,QB,30.28,False,True
2024,17,3,1,RB,9221,Jahmyr Gibbs,RB,24.3,False,True
2024,17,3,2,RB,11584,Bucky Irving,RB,21.0,False,True
2024,17,3,3,WR,11635,Ladd McConkey,WR,25.4,False,True
2024,17,3,4,WR,7569,Nico Collins,WR,7.4,False,True
2024,17,3,5,FLEX,1479,Keenan Allen,WR,5.0,False,True
2024,17,3,6,REC_FLEX,4217,George Kittle,TE,19.2,False,True
2024,17,3,7,SUPER_FLEX,4098,Kareem Hunt,RB,8.0,False,False
2024,17,3,8,DEF,LAC,Los Angeles Chargers,DEF,10.0,False,True
2024,17,4,0,QB,4892,Baker Mayfield,QB,34.56,False,True
2024,17,4,1,RB,6806,J.K. Dobbins,RB,14.8,False,True
2024,17,4,2,RB,2749,Raheem Mostert,RB,2.9,False,False
2024,17,4,3,WR,9504,Kayshon Boutte,WR,4.8,False,False
2024,17,4,4,WR,11618,Jalen McMillan,WR,20.5,False,True
2024,17,4,5,FLEX,8210,Chig Okonkwo,TE,10.9,False,True
2024,17,4,6,REC_FLEX,7600,Pat Freiermuth,TE,11.0,False,True
2024,17,4,7,SUPER_FLEX,4984,Josh Allen,QB,22.98,False,True
2024,17,4,8,DEF,CIN,Cincinnati Bengals,DEF,6.0,False,True
2024,17,5,0,QB,4881,Lamar Jackson,QB,29.42,False,True
2024,17,5,1,RB,8150,Kyren Williams,RB,14.7,False,True
2024,17,5,2,RB,4199,Aaron Jones,RB,9.7,False,True
2024,17,5,3,WR,6801,Tee Higgins,WR,34.6,False,True
2024,17,5,4,WR,6783,Jerry Jeudy,WR,15.4,False,True
2024,17,5,5,FLEX,11439,Jaleel McLaughlin,RB,8.6,False,False
2024,17,5,6,REC_FLEX,5012,Mark Andrews,TE,14.8,False,False
2024,17,5,7,SUPER_FLEX,6804,Jordan Love,QB,14.0,False,True
2024,17,5,8,DEF,MIA,Miami Dolphins,DEF,13.0,False,True
2024,17,6,0,QB,421,Matthew Stafford,QB,9.16,False,True
2024,17,6,1,RB,10219,Chris Rodriguez,RB,9.3,False,False
2024,17,6,2,RB,6790,D'Andre Swift,RB,10.1,False,True
2024,17,6,3,WR,4983,DJ Moore,WR,9.2,False,True
2024,17,6,4,WR,9488,Jaxon Smith-Njigba,WR,4.7,False,True
2024,17,6,5,FLEX,7553,Kyle Pitts,TE,14.4,False,True
2024,17,6,6,REC_FLEX,7049,Jauan Jennings,WR,10.2,False,True
2024,17,6,7,SUPER_FLEX,10236,Dalton Kincaid,TE,4.4,False,False
2024,17,6,8,DEF,DEN,Denver Broncos,DEF,9.0,False,True
2024,17,7,0,QB,4943,Sam Darnold,QB,24.78,False,True
2024,17,7,1,RB,11651,Isaac Guerendo,RB,11.9,False,True
2024,17,7,2,RB,7021,Rico Dowdle,RB,9.3,False,True
2024,17,7,3,WR,2216,Mike Evans,WR,25.7,False,True
2024,17,7,4,WR,8121,Romeo Doubs,WR,11.3,False,False
2024,17,7,5,FLEX,1689,Adam Thielen,WR,25.5,False,True
2024,17,7,6,REC_FLEX,1466,Travis Kelce,TE,22.4,False,True
2024,17,7,7,SUPER_FLEX,11559,Michael Penix,QB,11.22,False,True
2024,17,7,8,DEF,NO,New Orleans Saints,DEF,3.0,False,True
2024,17,8,0,QB,11563,Bo Nix,QB,21.86,False,True
2024,17,8,1,RB,9509,Bijan Robinson,RB,23.3,False,True
2024,17,8,2,RB,8154,Brian Robinson,RB,7.9,False,True
2024,17,8,3,WR,8112,Drake London,WR,14.1,False,True
2024,17,8,4,WR,11632,Malik Nabers,WR,32.6,False,True
2024,17,8,5,FLEX,9484,Tucker Kraft,TE,7.3,False,True
2024,17,8,6,REC_FLEX,8130,Trey McBride,TE,30.3,False,True
2024,17,8,7,SUPER_FLEX,10866,Aidan O'Connell,QB,17.58,False,False
2024,17,8,8,DEF,BUF,Buffalo Bills,DEF,14.0,False,True
2024,17,9,0,QB,11562,Spencer Rattler,QB,13.32,False,False
2024,17,9,1,RB,4866,Saquon Barkley,RB,17.9,False,True
2024,17,9,2,RB,3198,Derrick Henry,RB,23.5,False,True
2024,17,9,3,WR,11628,Marvin Harrison,WR,12.6,False,True
2024,17,9,4,WR,5848,Marquise Brown,WR,6.6,False,False
2024,17,9,5,FLEX,6819,Michael Pittman,WR,21.4,False,True
2024,17,9,6,REC_FLEX,10859,Sam LaPorta,TE,18.4,False,True
2024,17,9,7,SUPER_FLEX,1339,Zach Ertz,TE,25.2,False,True
2024,17,9,8,DEF,TEN,Tennessee Titans,DEF,3.0,False,True
2024,17,10,0,QB,3163,Jared Goff,QB,25.82,False,True
2024,17,10,1,RB,9753,Zach Charbonnet,RB,9.1,False,True
2024,17,10,2,RB,6945,Antonio Gibson,RB,6.3,False,False
2024,17,10,3,WR,3321,Tyreek Hill,WR,15.0,False,True
2024,17,10,4,WR,7525,DeVonta Smith,WR,27.0,False,True
2024,17,10,5,FLEX,5872,Deebo Samuel,WR,8.6,False,False
2024,17,10,6,REC_FLEX,5844,T.J. Hockenson,TE,11.8,False,True
2024,17,10,7,SUPER_FLEX,5854,Drew Lock,QB,34.36,False,True
2024,17,10,8,DEF,SF,San Francisco 49ers,DEF,0.0,False,True
2024,17,11,0,QB,9758,C.J. Stroud,QB,6.1,False,True
2024,17,11,1,RB,5850,Josh Jacobs,RB,10.9,False,True
2024,17,11,2,RB,4018,Joe Mixon,RB,4.9,False,True
2024,17,11,3,WR,9756,Jordan Addison,WR,15.9,False,True
2024,17,11,4,WR,7547,Amon-Ra St. Brown,WR,16.0,False,True
2024,17,11,5,FLEX,9508,Tyjae Spears,RB,11.8,False,False
2024,17,11,6,REC_FLEX,11620,Rome Odunze,WR,2.0,False,False
2024,17,11,7,SUPER_FLEX,5987,Alexander Mattison,RB,4.3,False,False
2024,17,11,8,DEF,ARI,Arizona Cardinals,DEF,4.0,False,True
2024,17,12,0,QB,4046,Patrick Mahomes,QB,26.0,False,True
2024,17,12,1,RB,6813,Jonathan Taylor,RB,26.6,False,True
2024,17,12,2,RB,7528,Najee Harris,RB,9.1,False,False
2024,17,12,3,WR,5045,Courtland Sutton,WR,14.0,False,True
2024,17,12,4,WR,8146,Garrett Wilson,WR,14.1,False,True
2024,17,12,5,FLEX,8148,Jameson Williams,WR,22.0,False,False
2024,17,12,6,REC_FLEX,11604,Brock Bowers,TE,14.6,False,True
2024,17,12,7,SUPER_FLEX,5947,Jakobi Meyers,WR,14.6,False,False
2024,17,12,8,DEF,DET,Detroit Lions,DEF,7.0,False,True
2025,1,1,0,QB,1373,Geno Smith,QB,17.48,False,True
2025,1,1,1,RB,8138,James Cook,RB,18.7,False,True
2025,1,1,2,RB,9753,Zach Charbonnet,RB,10.7,False,False
2025,1,1,3,WR,4983,DJ Moore,WR,7.1,False,True
2025,1,1,4,WR,5947,Jakobi Meyers,WR,13.7,False,False
2025,1,1,5,FLEX,8130,Trey McBride,TE,12.1,False,True
2025,1,1,6,REC_FLEX,3214,Hunter Henry,TE,10.6,False,False
2025,1,1,7,SUPER_FLEX,4984,Josh Allen,QB,38.76,False,True
2025,1,1,8,DEF,WAS,Washington Commanders,DEF,10.0,False,True
2025,1,2,0,QB,11562,Spencer Rattler,QB,11.46,False,False
2025,1,2,1,RB,8228,Jaylen Warren,RB,12.9,False,True
2025,1,2,2,RB,4663,Austin Ekeler,RB,7.2,False,True
2025,1,2,3,WR,6786,CeeDee Lamb,WR,14.5,False,True
2025,1,2,4,WR,8112,Drake London,WR,9.5,False,True
2025,1,2,5,FLEX,11604,Brock Bowers,TE,15.3,False,True
2025,1,2,6,REC_FLEX,10236,Dalton Kincaid,TE,14.8,False,False
2025,1,2,7,SUPER_FLEX,11564,Drake Maye,QB,15.28,False,True
2025,1,2,8,DEF,NE,New England Patriots,DEF,7.0,False,True
2025,1,3,0,QB,4881,Lamar Jackson,QB,29.36,False,True
2025,1,3,1,RB,4199,Aaron Jones,RB,14.2,False,True
2025,1,3,2,RB,11655,Tyrone Tracy,RB,4.5,False,True
2025,1,3,3,WR,11635,Ladd McConkey,WR,10.4,False,True
2025,1,3,4,WR,2133,Davante Adams,WR,7.1,False,True
2025,1,3,5,FLEX,11576,Braelon Allen,RB,6.9,False,False
2025,1,3,6,REC_FLEX,5045,Courtland Sutton,WR,15.1,False,True
2025,1,3,7,SUPER_FLEX,4892,Baker Mayfield,QB,22.58,False,True
2025,1,3,8,DEF,LAC,Los Angeles Chargers,DEF,2.0,False,True
2025,1,4,0,QB,11559,Michael Penix,QB,24.02,False,True
2025,1,4,1,RB,3198,Derrick Henry,RB,28.7,False,True
2025,1,4,2,RB,5850,Josh Jacobs,RB,13.5,False,True
2025,1,4,3,WR,10444,Cedric Tillman,WR,13.7,False,False
2025,1,4,4,WR,12514,Emeka Egbuka,WR,21.6,False,True
2025,1,4,5,FLEX,4137,James Conner,RB,12.4,False,True
2025,1,4,6,REC_FLEX,4217,George Kittle,TE,12.5,False,True
2025,1,4,7,SUPER_FLEX,7588,Javonte Williams,RB,19.4,False,False
2025,1,4,8,DEF,PIT,Pittsburgh Steelers,DEF,3.0,False,True
2025,1,5,0,QB,3163,Jared Goff,QB,10.9,False,True
2025,1,5,1,RB,9224,Chase Brown,RB,12.1,False,True
2025,1,5,2,RB,12507,Omarion Hampton,RB,7.1,False,True
2025,1,5,3,WR,6794,Justin Jefferson,WR,12.8,False,True
2025,1,5,4,WR,1479,Keenan Allen,WR,16.3,False,False
2025,1,5,5,FLEX,6819,Michael Pittman,WR,17.0,False,False
2025,1,5,6,REC_FLEX,11638,Ricky Pearsall,WR,12.8,False,True
2025,1,5,7,SUPER_FLEX,11560,Caleb Williams,QB,24.2,False,True
2025,1,5,8,DEF,MIN,Minnesota Vikings,DEF,6.0,False,True
2025,1,6,0,QB,6797,Justin Herbert,QB,27.92,False,True
2025,1,6,1,RB,9221,Jahmyr Gibbs,RB,10.0,False,True
2025,1,6,2,RB,12527,Ashton Jeanty,RB,11.0,False,True
2025,1,6,3,WR,9488,Jaxon Smith-Njigba,WR,14.9,False,True
2025,1,6,4,WR,11628,Marvin Harrison,WR,15.6,False,True
2025,1,6,5,FLEX,7553,Kyle Pitts,TE,12.9,False,False
2025,1,6,6,REC_FLEX,12518,Tyler Warren,TE,14.9,False,True
2025,1,6,7,SUPER_FLEX,6804,Jordan Love,QB,15.92,False,True
2025,1,6,8,DEF,DEN,Denver Broncos,DEF,15.0,False,True
2025,1,7,0,QB,7591,Justin Fields,QB,29.52,False,True
2025,1,7,1,RB,4866,Saquon Barkley,RB,16.4,False,True
2025,1,7,2,RB,6790,D'Andre Swift,RB,8.0,False,True
2025,1,7,3,WR,8676,Rashid Shaheed,WR,6.3,False,False
2025,1,7,4,WR,5846,DK Metcalf,WR,10.3,False,True
2025,1,7,5,FLEX,4034,Christian McCaffrey,RB,18.7,False,True
2025,1,7,6,REC_FLEX,5872,Deebo Samuel,WR,19.1,False,False
2025,1,7,7,SUPER_FLEX,6806,J.K. Dobbins,RB,13.8,False,False
2025,1,7,8,DEF,ARI,Arizona Cardinals,DEF,6.0,False,True
2025,1,8,0,QB,11566,Jayden Daniels,QB,20.12,False,True
2025,1,8,1,RB,11584,Bucky Irving,RB,12.5,False,True
2025,1,8,2,RB,8408,Jordan Mason,RB,8.0,False,False
2025,1,8,3,WR,12526,Tetairoa McMillan,WR,9.3,False,True
2025,1,8,4,WR,7526,Jaylen Waddle,WR,5.0,False,True
2025,1,8,5,FLEX,12529,TreVeyon Henderson,RB,8.1,False,True
2025,1,8,6,REC_FLEX,9484,Tucker Kraft,TE,9.9,False,False
2025,1,8,7,SUPER_FLEX,5870,Daniel Jones,QB,29.48,False,False
2025,1,8,8,DEF,LAR,Los Angeles Rams,DEF,11.0,False,True
2025,1,9,0,QB,6904,Jalen Hurts,QB,24.28,False,True
2025,1,9,1,RB,12533,Jacory Croskey-Merritt,RB,14.2,False,False
2025,1,9,2,RB,12469,Dylan Sampson,RB,13.3,False,False
2025,1,9,3,WR,9493,Puka Nacua,WR,18.1,False,True
2025,1,9,4,WR,11620,Rome Odunze,WR,12.7,False,True
2025,1,9,5,FLEX,10859,Sam LaPorta,TE,13.9,False,True
2025,1,9,6,REC_FLEX,11637,Keon Coleman,WR,21.2,False,False
2025,1,9,7,SUPER_FLEX,8183,Brock Purdy,QB,16.78,False,True
2025,1,9,8,DEF,SF,San Francisco 49ers,DEF,9.0,False,True
2025,1,10,0,QB,11565,J.J. McCarthy,QB,22.22,False,True
2025,1,10,1,RB,9509,Bijan Robinson,RB,21.4,False,True
2025,1,10,2,RB,8150,Kyren Williams,RB,13.4,False,True
2025,1,10,3,WR,11631,Brian Thomas,WR,8.5,False,True
2025,1,10,4,WR,2216,Mike Evans,WR,7.6,False,True
2025,1,10,5,FLEX,7594,Chuba Hubbard,RB,16.4,False,True
2025,1,10,6,REC_FLEX,1466,Travis Kelce,TE,12.7,False,False
2025,1,10,7,SUPER_FLEX,421,Matthew Stafford,QB,13.6,False,False
2025,1,10,8,DEF,PHI,Philadelphia Eagles,DEF,4.0,False,True
2025,1,11,0,QB,96,Aaron Rodgers,QB,25.66,False,False
2025,1,11,1,RB,9226,De'Von Achane,RB,15.0,False,True
2025,1,11,2,RB,4035,Alvin Kamara,RB,12.7,False,True
2025,1,11,3,WR,8146,Garrett Wilson,WR,19.0,False,True
2025,1,11,4,WR,9997,Zay Flowers,WR,24.6,False,True
2025,1,11,5,FLEX,7543,Travis Etienne,RB,17.1,False,False
2025,1,11,6,REC_FLEX,8134,Khalil Shakir,WR,9.4,False,False
2025,1,11,7,SUPER_FLEX,4046,Patrick Mahomes,QB,26.02,False,True
2025,1,11,8,DEF,CIN,Cincinnati Bengals,DEF,8.0,False,True
2025,1,12,0,QB,9758,C.J. Stroud,QB,8.72,False,True
2025,1,12,1,RB,8155,Breece Hall,RB,15.5,False,True
2025,1,12,2,RB,5892,David Montgomery,RB,6.3,False,True
2025,1,12,3,WR,7547,Amon-Ra St. Brown,WR,6.5,False,True
2025,1,12,4,WR,8126,Wan'Dale Robinson,WR,8.5,False,False
2025,1,12,5,FLEX,10222,Jayden Reed,WR,12.0,False,False
2025,1,12,6,REC_FLEX,8210,Chig Okonkwo,TE,4.9,False,False
2025,1,12,7,SUPER_FLEX,5849,Kyler Murray,QB,18.32,False,True
2025,1,12,8,DEF,BUF,Buffalo Bills,DEF,0.0,False,True
2025,2,1,0,QB,19,Joe Flacco,QB,8.76,False,False
2025,2,1,1,RB,8138,James Cook,RB,26.0,False,True
2025,2,1,2,RB,8151,Kenneth Walker,RB,18.3,False,True
2025,2,1,3,WR,5947,Jakobi Meyers,WR,9.8,False,True
2025,2,1,4,WR,8137,George Pickens,WR,15.3,False,True
2025,2,1,5,FLEX,8130,Trey McBride,TE,13.8,False,True
2025,2,1,6,REC_FLEX,4983,DJ Moore,WR,7.1,False,False
2025,2,1,7,SUPER_FLEX,4984,Josh Allen,QB,11.82,False,True
2025,2,1,8,DEF,DAL,Dallas Cowboys,DEF,2.0,False,True
2025,2,2,0,QB,3294,Dak Prescott,QB,22.14,False,True
2025,2,2,1,RB,8228,Jaylen Warren,RB,15.4,False,True
2025,2,2,2,RB,12490,Bhayshul Tuten,RB,14.4,False,False
2025,2,2,3,WR,6786,CeeDee Lamb,WR,15.7,False,True
2025,2,2,4,WR,8144,Chris Olave,WR,8.4,False,False
2025,2,2,5,FLEX,11604,Brock Bowers,TE,8.8,False,True
2025,2,2,6,REC_FLEX,10236,Dalton Kincaid,TE,7.7,False,False
2025,2,2,7,SUPER_FLEX,11564,Drake Maye,QB,26.3,False,True
2025,2,2,8,DEF,NE,New England Patriots,DEF,15.0,False,True
2025,2,3,0,QB,4881,Lamar Jackson,QB,26.3,False,True
2025,2,3,1,RB,12481,Cam Skattebo,RB,12.9,False,False
2025,2,3,2,RB,11655,Tyrone Tracy,RB,7.1,False,True
2025,2,3,3,WR,11635,Ladd McConkey,WR,7.3,False,True
2025,2,3,4,WR,5927,Terry McLaurin,WR,7.3,False,True
2025,2,3,5,FLEX,2133,Davante Adams,WR,19.6,False,True
2025,2,3,6,REC_FLEX,4039,Cooper Kupp,WR,12.5,False,False
2025,2,3,7,SUPER_FLEX,4892,Baker Mayfield,QB,19.9,False,True
2025,2,3,8,DEF,LAC,Los Angeles Chargers,DEF,15.0,False,True
2025,2,4,0,QB,7523,Trevor Lawrence,QB,19.24,False,True
2025,2,4,1,RB,7588,Javonte Williams,RB,22.0,False,False
2025,2,4,2,RB,5850,Josh Jacobs,RB,14.4,False,True
2025,2,4,3,WR,7564,Ja'Marr Chase,WR,29.5,False,True
2025,2,4,4,WR,12514,Emeka Egbuka,WR,10.9,False,True
2025,2,4,5,FLEX,4137,James Conner,RB,11.7,False,True
2025,2,4,6,REC_FLEX,10444,Cedric Tillman,WR,9.2,False,False
2025,2,4,7,SUPER_FLEX,7670,Joshua Palmer,WR,5.7,False,False
2025,2,4,8,DEF,PIT,Pittsburgh Steelers,DEF,6.0,False,True
2025,2,5,0,QB,3163,Jared Goff,QB,33.96,False,True
2025,2,5,1,RB,11586,Blake Corum,RB,10.4,False,False
2025,2,5,2,RB,7611,Rhamondre Stevenson,RB,18.7,False,False
2025,2,5,3,WR,6794,Justin Jefferson,WR,9.6,False,True
2025,2,5,4,WR,11632,Malik Nabers,WR,33.2,False,True
2025,2,5,5,FLEX,1479,Keenan Allen,WR,14.6,False,True
2025,2,5,6,REC_FLEX,9500,Josh Downs,WR,8.1,False,False
2025,2,5,7,SUPER_FLEX,11560,Caleb Williams,QB,16.98,False,True
2025,2,5,8,DEF,MIN,Minnesota Vikings,DEF,5.0,False,True
2025,2,6,0,QB,6797,Justin Herbert,QB,18.78,False,True
2025,2,6,1,RB,9221,Jahmyr Gibbs,RB,17.9,False,True
2025,2,6,2,RB,11589,Trey Benson,RB,6.4,False,False
2025,2,6,3,WR,9488,Jaxon Smith-Njigba,WR,14.3,False,True
2025,2,6,4,WR,7049,Jauan Jennings,WR,17.4,False,False
2025,2,6,5,FLEX,7002,Juwan Johnson,TE,15.9,False,True
2025,2,6,6,REC_FLEX,12518,Tyler Warren,TE,11.9,False,True
2025,2,6,7,SUPER_FLEX,6804,Jordan Love,QB,20.88,False,True
2025,2,6,8,DEF,DEN,Denver Broncos,DEF,2.0,False,True
2025,2,7,0,QB,11563,Bo Nix,QB,20.24,False,True
2025,2,7,1,RB,4866,Saquon Barkley,RB,16.4,False,True
2025,2,7,2,RB,4034,Christian McCaffrey,RB,19.7,False,True
2025,2,7,3,WR,5872,Deebo Samuel,WR,13.9,False,True
2025,2,7,4,WR,8676,Rashid Shaheed,WR,13.2,False,False
2025,2,7,5,FLEX,6806,J.K. Dobbins,RB,15.0,False,False
2025,2,7,6,REC_FLEX,3321,Tyreek Hill,WR,13.9,False,True
2025,2,7,7,SUPER_FLEX,6768,Tua Tagovailoa,QB,18.6,False,False
2025,2,7,8,DEF,ARI,Arizona Cardinals,DEF,14.0,False,True
2025,2,8,0,QB,9228,Bryce Young,QB,21.32,False,False
2025,2,8,1,RB,11584,Bucky Irving,RB,15.1,False,True
2025,2,8,2,RB,5967,Tony Pollard,RB,9.2,False,True
2025,2,8,3,WR,6801,Tee Higgins,WR,13.1,False,True
2025,2,8,4,WR,7526,Jaylen Waddle,WR,15.3,False,False
2025,2,8,5,FLEX,9484,Tucker Kraft,TE,24.4,False,False
2025,2,8,6,REC_FLEX,8148,Jameson Williams,WR,17.8,False,True
2025,2,8,7,SUPER_FLEX,5870,Daniel Jones,QB,22.84,False,True
2025,2,8,8,DEF,LAR,Los Angeles Rams,DEF,8.0,False,True
2025,2,9,0,QB,6904,Jalen Hurts,QB,11.54,False,True
2025,2,9,1,RB,6813,Jonathan Taylor,RB,28.5,False,True
2025,2,9,2,RB,12469,Dylan Sampson,RB,9.4,False,False
2025,2,9,3,WR,9493,Puka Nacua,WR,23.6,False,True
2025,2,9,4,WR,11620,Rome Odunze,WR,28.3,False,True
2025,2,9,5,FLEX,9504,Kayshon Boutte,WR,8.1,False,False
2025,2,9,6,REC_FLEX,10859,Sam LaPorta,TE,5.6,False,True
2025,2,9,7,SUPER_FLEX,7527,Mac Jones,QB,21.76,False,True
2025,2,9,8,DEF,SF,San Francisco 49ers,DEF,6.0,False,True
2025,2,10,0,QB,421,Matthew Stafford,QB,17.32,False,False
2025,2,10,1,RB,9509,Bijan Robinson,RB,18.3,False,True
2025,2,10,2,RB,8132,Tyler Allgeier,RB,14.5,False,False
2025,2,10,3,WR,9754,Quentin Johnston,WR,14.4,False,False
2025,2,10,4,WR,12499,Elic Ayomanor,WR,13.6,False,False
2025,2,10,5,FLEX,7594,Chuba Hubbard,RB,16.2,False,True
2025,2,10,6,REC_FLEX,1466,Travis Kelce,TE,10.1,False,True
2025,2,10,7,SUPER_FLEX,1234,Russell Wilson,QB,30.3,False,True
2025,2,10,8,DEF,PHI,Philadelphia Eagles,DEF,6.0,False,True
2025,2,11,0,QB,4046,Patrick Mahomes,QB,22.08,False,True
2025,2,11,1,RB,9226,De'Von Achane,RB,22.2,False,True
2025,2,11,2,RB,4035,Alvin Kamara,RB,13.0,False,True
2025,2,11,3,WR,6783,Jerry Jeudy,WR,7.1,False,False
2025,2,11,4,WR,9997,Zay Flowers,WR,11.4,False,True
2025,2,11,5,FLEX,7543,Travis Etienne,RB,15.9,False,True
2025,2,11,6,REC_FLEX,7525,DeVonta Smith,WR,7.3,False,True
2025,2,11,7,SUPER_FLEX,8136,Rachaad White,RB,13.6,False,False
2025,2,11,8,DEF,BAL,Baltimore Ravens,DEF,16.0,False,True
2025,2,12,0,QB,4943,Sam Darnold,QB,15.8,False,False
2025,2,12,1,RB,8155,Breece Hall,RB,4.8,False,True
2025,2,12,2,RB,5892,David Montgomery,RB,12.6,False,True
2025,2,12,3,WR,7547,Amon-Ra St. Brown,WR,34.7,False,True
2025,2,12,4,WR,5848,Marquise Brown,WR,5.5,False,True
2025,2,12,5,FLEX,7569,Nico Collins,WR,12.7,False,True
2025,2,12,6,REC_FLEX,8126,Wan'Dale Robinson,WR,24.2,False,False
2025,2,12,7,SUPER_FLEX,9758,C.J. Stroud,QB,14.98,False,True
2025,2,12,8,DEF,BUF,Buffalo Bills,DEF,10.0,False,True
2025,3,1,0,QB,4984,Josh Allen,QB,23.02,False,True
2025,3,1,1,RB,8138,James Cook,RB,19.3,False,True
2025,3,1,2,RB,8151,Kenneth Walker,RB,17.5,False,True
2025,3,1,3,WR,5859,A.J. Brown,WR,19.9,False,True
2025,3,1,4,WR,8137,George Pickens,WR,15.3,False,True
2025,3,1,5,FLEX,4983,DJ Moore,WR,10.8,False,True
2025,3,1,6,REC_FLEX,8130,Trey McBride,TE,15.3,False,True
2025,3,1,7,SUPER_FLEX,1373,Geno Smith,QB,26.06,False,True
2025,3,1,8,DEF,IND,Indianapolis Colts,DEF,16.0,False,True
2025,3,2,0,QB,3294,Dak Prescott,QB,12.04,False,True
2025,3,2,1,RB,8228,Jaylen Warren,RB,10.6,False,True
2025,3,2,2,RB,4098,Kareem Hunt,RB,10.9,False,True
2025,3,2,3,WR,8144,Chris Olave,WR,10.7,False,False
2025,3,2,4,WR,8112,Drake London,WR,8.0,False,True
2025,3,2,5,FLEX,11604,Brock Bowers,TE,9.8,False,True
2025,3,2,6,REC_FLEX,10236,Dalton Kincaid,TE,17.6,False,True
2025,3,2,7,SUPER_FLEX,11564,Drake Maye,QB,19.22,False,True
2025,3,2,8,DEF,WAS,Washington Commanders,DEF,12.0,False,True
2025,3,3,0,QB,4881,Lamar Jackson,QB,27.02,False,True
2025,3,3,1,RB,5850,Josh Jacobs,RB,9.9,False,True
2025,3,3,2,RB,7567,Kenny Gainwell,RB,9.1,False,False
2025,3,3,3,WR,11635,Ladd McConkey,WR,6.1,False,True
2025,3,3,4,WR,2133,Davante Adams,WR,13.1,False,True
2025,3,3,5,FLEX,8110,Jake Ferguson,TE,21.2,False,True
2025,3,3,6,REC_FLEX,5045,Courtland Sutton,WR,20.8,False,True
2025,3,3,7,SUPER_FLEX,6797,Justin Herbert,QB,14.6,False,True
2025,3,3,8,DEF,GB,Green Bay Packers,DEF,9.0,False,True
2025,3,4,0,QB,4892,Baker Mayfield,QB,17.72,False,True
2025,3,4,1,RB,3198,Derrick Henry,RB,10.2,False,True
2025,3,4,2,RB,12495,Ollie Gordon,RB,9.8,False,False
2025,3,4,3,WR,7564,Ja'Marr Chase,WR,6.4,False,True
2025,3,4,4,WR,5927,Terry McLaurin,WR,8.9,False,True
2025,3,4,5,FLEX,12481,Cam Skattebo,RB,21.1,False,True
2025,3,4,6,REC_FLEX,12514,Emeka Egbuka,WR,11.5,False,True
2025,3,4,7,SUPER_FLEX,2307,Marcus Mariota,QB,20.28,False,True
2025,3,4,8,DEF,PIT,Pittsburgh Steelers,DEF,17.0,False,True
2025,3,5,0,QB,3163,Jared Goff,QB,12.68,False,True
2025,3,5,1,RB,11586,Blake Corum,RB,5.3,False,False
2025,3,5,2,RB,12507,Omarion Hampton,RB,21.9,False,True
2025,3,5,3,WR,11638,Ricky Pearsall,WR,15.7,False,True
2025,3,5,4,WR,6819,Michael Pittman,WR,16.3,False,False
2025,3,5,5,FLEX,1479,Keenan Allen,WR,16.0,False,True
2025,3,5,6,REC_FLEX,5844,T.J. Hockenson,TE,15.9,False,False
2025,3,5,7,SUPER_FLEX,11560,Caleb Williams,QB,29.12,False,True
2025,3,5,8,DEF,MIN,Minnesota Vikings,DEF,30.0,False,True
2025,3,6,0,QB,6804,Jordan Love,QB,11.12,False,True
2025,3,6,1,RB,9221,Jahmyr Gibbs,RB,24.4,False,True
2025,3,6,2,RB,12533,Jacory Croskey-Merritt,RB,9.6,False,False
2025,3,6,3,WR,9488,Jaxon Smith-Njigba,WR,18.1,False,True
2025,3,6,4,WR,11628,Marvin Harrison,WR,5.9,False,True
2025,3,6,5,FLEX,7553,Kyle Pitts,TE,7.9,False,False
2025,3,6,6,REC_FLEX,7002,Juwan Johnson,TE,11.1,False,True
2025,3,6,7,SUPER_FLEX,7523,Trevor Lawrence,QB,7.78,False,True
2025,3,6,8,DEF,DEN,Denver Broncos,DEF,9.0,False,True
2025,3,7,0,QB,11563,Bo Nix,QB,13.42,False,True
2025,3,7,1,RB,5967,Tony Pollard,RB,12.9,False,False
2025,3,7,2,RB,4034,Christian McCaffrey,RB,19.0,False,True
2025,3,7,3,WR,3321,Tyreek Hill,WR,13.4,False,True
2025,3,7,4,WR,5846,DK Metcalf,WR,10.7,False,True
2025,3,7,5,FLEX,6790,D'Andre Swift,RB,9.3,False,True
2025,3,7,6,REC_FLEX,12506,Harold Fannin,TE,5.5,False,False
2025,3,7,7,SUPER_FLEX,827,Tyrod Taylor,QB,16.68,False,False
2025,3,7,8,DEF,ATL,Atlanta Falcons,DEF,2.0,False,True
2025,3,8,0,QB,9228,Bryce Young,QB,11.64,False,True
2025,3,8,1,RB,11584,Bucky Irving,RB,11.9,False,True
2025,3,8,2,RB,8408,Jordan Mason,RB,23.6,False,True
2025,3,8,3,WR,8676,Rashid Shaheed,WR,6.2,False,False
2025,3,8,4,WR,12526,Tetairoa McMillan,WR,6.3,False,True
2025,3,8,5,FLEX,12512,Quinshon Judkins,RB,16.0,False,True
2025,3,8,6,REC_FLEX,9484,Tucker Kraft,TE,5.9,False,True
2025,3,8,7,SUPER_FLEX,5870,Daniel Jones,QB,15.82,False,True
2025,3,8,8,DEF,SEA,Seattle Seahawks,DEF,18.0,False,True
2025,3,9,0,QB,6904,Jalen Hurts,QB,29.04,False,True
2025,3,9,1,RB,6813,Jonathan Taylor,RB,31.3,False,True
2025,3,9,2,RB,6806,J.K. Dobbins,RB,14.8,False,True
2025,3,9,3,WR,9493,Puka Nacua,WR,17.3,False,True
2025,3,9,4,WR,11620,Rome Odunze,WR,13.7,False,True
2025,3,9,5,FLEX,7526,Jaylen Waddle,WR,12.4,False,False
2025,3,9,6,REC_FLEX,10859,Sam LaPorta,TE,7.3,False,True
2025,3,9,7,SUPER_FLEX,4033,David Njoku,TE,9.0,False,False
2025,3,9,8,DEF,KC,Kansas City Chiefs,DEF,15.0,False,True
2025,3,10,0,QB,421,Matthew Stafford,QB,13.84,False,True
2025,3,10,1,RB,9509,Bijan Robinson,RB,13.6,False,True
2025,3,10,2,RB,7594,Chuba Hubbard,RB,8.6,False,True
2025,3,10,3,WR,12499,Elic Ayomanor,WR,11.8,False,False
2025,3,10,4,WR,2216,Mike Evans,WR,11.3,False,True
2025,3,10,5,FLEX,8150,Kyren Williams,RB,18.2,False,True
2025,3,10,6,REC_FLEX,9754,Quentin Johnston,WR,11.9,False,False
2025,3,10,7,SUPER_FLEX,12501,Matthew Golden,WR,8.1,False,False
2025,3,10,8,DEF,PHI,Philadelphia Eagles,DEF,14.0,False,True
2025,3,11,0,QB,3161,Carson Wentz,QB,15.32,False,False
2025,3,11,1,RB,9226,De'Von Achane,RB,12.6,False,True
2025,3,11,2,RB,4035,Alvin Kamara,RB,6.1,False,True
2025,3,11,3,WR,8146,Garrett Wilson,WR,19.4,False,True
2025,3,11,4,WR,8134,Khalil Shakir,WR,12.5,False,False
2025,3,11,5,FLEX,7543,Travis Etienne,RB,11.6,False,True
2025,3,11,6,REC_FLEX,7525,DeVonta Smith,WR,16.0,False,True
2025,3,11,7,SUPER_FLEX,4046,Patrick Mahomes,QB,13.16,False,True
2025,3,11,8,DEF,TB,Tampa Bay Buccaneers,DEF,16.0,False,True
2025,3,12,0,QB,5849,Kyler Murray,QB,14.06,False,True
2025,3,12,1,RB,8155,Breece Hall,RB,7.2,False,True
2025,3,12,2,RB,5892,David Montgomery,RB,28.9,False,True
2025,3,12,3,WR,7547,Amon-Ra St. Brown,WR,17.2,False,True
2025,3,12,4,WR,7090,Darnell Mooney,WR,6.4,False,False
2025,3,12,5,FLEX,7569,Nico Collins,WR,18.4,False,True
2025,3,12,6,REC_FLEX,5848,Marquise Brown,WR,6.2,False,True
2025,3,12,7,SUPER_FLEX,4943,Sam Darnold,QB,16.72,False,False
2025,3,12,8,DEF,BUF,Buffalo Bills,DEF,2.0,False,True
2025,4,1,0,QB,4984,Josh Allen,QB,24.86,False,True
2025,4,1,1,RB,8138,James Cook,RB,21.0,False,True
2025,4,1,2,RB,8151,Kenneth Walker,RB,11.5,False,True
2025,4,1,3,WR,4983,DJ Moore,WR,5.8,False,False
2025,4,1,4,WR,8137,George Pickens,WR,29.4,False,True
2025,4,1,5,FLEX,9753,Zach Charbonnet,RB,11.4,False,False
2025,4,1,6,REC_FLEX,8130,Trey McBride,TE,12.2,False,True
2025,4,1,7,SUPER_FLEX,1373,Geno Smith,QB,9.78,False,True
2025,4,1,8,DEF,HOU,Houston Texans,DEF,15.0,False,True
2025,4,2,0,QB,11564,Drake Maye,QB,23.22,False,True
2025,4,2,1,RB,10219,Chris Rodriguez,RB,5.9,False,True
2025,4,2,2,RB,4098,Kareem Hunt,RB,5.2,False,True
2025,4,2,3,WR,2449,Stefon Diggs,WR,13.1,False,False
2025,4,2,4,WR,8112,Drake London,WR,21.0,False,True
2025,4,2,5,FLEX,11604,Brock Bowers,TE,9.6,False,True
2025,4,2,6,REC_FLEX,10236,Dalton Kincaid,TE,9.8,False,True
2025,4,2,7,SUPER_FLEX,3294,Dak Prescott,QB,30.96,False,True
2025,4,2,8,DEF,WAS,Washington Commanders,DEF,3.0,False,True
2025,4,3,0,QB,4881,Lamar Jackson,QB,10.68,False,True
2025,4,3,1,RB,5850,Josh Jacobs,RB,29.7,False,True
2025,4,3,2,RB,7567,Kenny Gainwell,RB,28.4,False,False
2025,4,3,3,WR,8148,Jameson Williams,WR,4.7,False,False
2025,4,3,4,WR,2133,Davante Adams,WR,13.6,False,True
2025,4,3,5,FLEX,8110,Jake Ferguson,TE,17.0,False,True
2025,4,3,6,REC_FLEX,5045,Courtland Sutton,WR,16.6,False,True
2025,4,3,7,SUPER_FLEX,6797,Justin Herbert,QB,12.52,False,True
2025,4,3,8,DEF,LAC,Los Angeles Chargers,DEF,7.0,False,True
2025,4,4,0,QB,4892,Baker Mayfield,QB,18.86,False,True
2025,4,4,1,RB,12474,Woody Marks,RB,25.9,False,False
2025,4,4,2,RB,7588,Javonte Williams,RB,17.5,False,True
2025,4,4,3,WR,7564,Ja'Marr Chase,WR,4.8,False,True
2025,4,4,4,WR,12514,Emeka Egbuka,WR,18.1,False,True
2025,4,4,5,FLEX,12481,Cam Skattebo,RB,12.0,False,True
2025,4,4,6,REC_FLEX,9480,Brenton Strange,TE,10.5,False,True
2025,4,4,7,SUPER_FLEX,11559,Michael Penix,QB,18.72,False,True
2025,4,4,8,DEF,PIT,Pittsburgh Steelers,DEF,11.0,False,True
2025,4,5,0,QB,3163,Jared Goff,QB,12.72,False,True
2025,4,5,1,RB,9224,Chase Brown,RB,8.6,False,True
2025,4,5,2,RB,12507,Omarion Hampton,RB,25.0,False,True
2025,4,5,3,WR,6794,Justin Jefferson,WR,17.6,False,True
2025,4,5,4,WR,6819,Michael Pittman,WR,12.6,False,False
2025,4,5,5,FLEX,5844,T.J. Hockenson,TE,7.9,False,False
2025,4,5,6,REC_FLEX,11638,Ricky Pearsall,WR,6.6,False,True
2025,4,5,7,SUPER_FLEX,12508,Jaxson Dart,QB,19.84,False,False
2025,4,5,8,DEF,MIN,Minnesota Vikings,DEF,5.0,False,True
2025,4,6,0,QB,7523,Trevor Lawrence,QB,11.66,False,True
2025,4,6,1,RB,9221,Jahmyr Gibbs,RB,16.7,False,True
2025,4,6,2,RB,12527,Ashton Jeanty,RB,32.5,False,True
2025,4,6,3,WR,9488,Jaxon Smith-Njigba,WR,11.0,False,True
2025,4,6,4,WR,7526,Jaylen Waddle,WR,6.3,False,True
2025,4,6,5,FLEX,7553,Kyle Pitts,TE,18.0,False,False
2025,4,6,6,REC_FLEX,12518,Tyler Warren,TE,18.3,False,True
2025,4,6,7,SUPER_FLEX,6804,Jordan Love,QB,26.28,False,True
2025,4,6,8,DEF,DEN,Denver Broncos,DEF,10.0,False,True
2025,4,7,0,QB,11563,Bo Nix,QB,25.74,False,True
2025,4,7,1,RB,4866,Saquon Barkley,RB,15.4,False,True
2025,4,7,2,RB,4034,Christian McCaffrey,RB,23.1,False,True
2025,4,7,3,WR,5872,Deebo Samuel,WR,17.1,False,True
2025,4,7,4,WR,5846,DK Metcalf,WR,21.1,False,True
2025,4,7,5,FLEX,6790,D'Andre Swift,RB,14.0,False,False
2025,4,7,6,REC_FLEX,8121,Romeo Doubs,WR,26.8,False,False
2025,4,7,7,SUPER_FLEX,7591,Justin Fields,QB,27.14,False,True
2025,4,7,8,DEF,DET,Detroit Lions,DEF,19.0,False,True
2025,4,8,0,QB,9228,Bryce Young,QB,10.3,False,True
2025,4,8,1,RB,11584,Bucky Irving,RB,23.0,False,True
2025,4,8,2,RB,12529,TreVeyon Henderson,RB,11.6,False,False
2025,4,8,3,WR,12526,Tetairoa McMillan,WR,8.2,False,True
2025,4,8,4,WR,9756,Jordan Addison,WR,13.4,False,False
2025,4,8,5,FLEX,12512,Quinshon Judkins,RB,19.5,False,True
2025,4,8,6,REC_FLEX,9484,Tucker Kraft,TE,10.6,False,True
2025,4,8,7,SUPER_FLEX,5870,Daniel Jones,QB,10.38,False,True
2025,4,8,8,DEF,SEA,Seattle Seahawks,DEF,11.0,False,True
2025,4,9,0,QB,6904,Jalen Hurts,QB,19.4,False,True
2025,4,9,1,RB,6813,Jonathan Taylor,RB,12.1,False,True
2025,4,9,2,RB,12489,RJ Harvey,RB,17.8,False,False
2025,4,9,3,WR,9493,Puka Nacua,WR,29.5,False,True
2025,4,9,4,WR,11620,Rome Odunze,WR,14.9,False,True
2025,4,9,5,FLEX,11628,Marvin Harrison,WR,15.6,False,True
2025,4,9,6,REC_FLEX,3214,Hunter Henry,TE,11.9,False,False
2025,4,9,7,SUPER_FLEX,8183,Brock Purdy,QB,17.66,False,True
2025,4,9,8,DEF,NE,New England Patriots,DEF,13.0,False,True
2025,4,10,0,QB,421,Matthew Stafford,QB,27.4,False,True
2025,4,10,1,RB,9509,Bijan Robinson,RB,26.1,False,True
2025,4,10,2,RB,8150,Kyren Williams,RB,8.9,False,True
2025,4,10,3,WR,12501,Matthew Golden,WR,8.8,False,False
2025,4,10,4,WR,9754,Quentin Johnston,WR,19.8,False,True
2025,4,10,5,FLEX,7594,Chuba Hubbard,RB,8.4,False,True
2025,4,10,6,REC_FLEX,1466,Travis Kelce,TE,9.8,False,True
2025,4,10,7,SUPER_FLEX,8132,Tyler Allgeier,RB,11.1,False,False
2025,4,10,8,DEF,PHI,Philadelphia Eagles,DEF,16.0,False,True
2025,4,11,0,QB,3161,Carson Wentz,QB,21.2,False,True
2025,4,11,1,RB,9226,De'Von Achane,RB,16.6,False,True
2025,4,11,2,RB,4035,Alvin Kamara,RB,9.2,False,True
2025,4,11,3,WR,8146,Garrett Wilson,WR,17.2,False,True
2025,4,11,4,WR,9997,Zay Flowers,WR,10.9,False,True
2025,4,11,5,FLEX,7543,Travis Etienne,RB,19.0,False,True
2025,4,11,6,REC_FLEX,8134,Khalil Shakir,WR,15.4,False,False
2025,4,11,7,SUPER_FLEX,4046,Patrick Mahomes,QB,27.3,False,True
2025,4,11,8,DEF,SF,San Francisco 49ers,DEF,0.0,False,True
2025,4,12,0,QB,5849,Kyler Murray,QB,16.1,False,True
2025,4,12,1,RB,8155,Breece Hall,RB,13.6,False,True
2025,4,12,2,RB,8205,Isiah Pacheco,RB,11.8,False,False
2025,4,12,3,WR,7547,Amon-Ra St. Brown,WR,22.5,False,True
2025,4,12,4,WR,11624,Xavier Worthy,WR,14.6,False,False
2025,4,12,5,FLEX,7569,Nico Collins,WR,9.9,False,True
2025,4,12,6,REC_FLEX,5848,Marquise Brown,WR,11.3,False,False
2025,4,12,7,SUPER_FLEX,9758,C.J. Stroud,QB,18.42,False,False
2025,4,12,8,DEF,BUF,Buffalo Bills,DEF,8.0,False,True
2025,5,1,0,QB,4984,Josh Allen,QB,19.42,False,True
2025,5,1,1,RB,9753,Zach Charbonnet,RB,11.3,False,False
2025,5,1,2,RB,8151,Kenneth Walker,RB,9.1,False,True
2025,5,1,3,WR,5859,A.J. Brown,WR,6.8,False,True
2025,5,1,4,WR,5947,Jakobi Meyers,WR,5.2,False,True
2025,5,1,5,FLEX,8137,George Pickens,WR,12.7,False,True
2025,5,1,6,REC_FLEX,8130,Trey McBride,TE,9.1,False,True
2025,5,1,7,SUPER_FLEX,1373,Geno Smith,QB,5.92,False,True
2025,5,1,8,DEF,ARI,Arizona Cardinals,DEF,7.0,False,True
2025,5,2,0,QB,11562,Spencer Rattler,QB,15.6,False,False
2025,5,2,1,RB,3198,Derrick Henry,RB,9.3,False,True
2025,5,2,2,RB,4098,Kareem Hunt,RB,18.2,False,True
2025,5,2,3,WR,8144,Chris Olave,WR,9.4,False,True
2025,5,2,4,WR,2449,Stefon Diggs,WR,19.6,False,True
2025,5,2,5,FLEX,5012,Mark Andrews,TE,4.2,False,False
2025,5,2,6,REC_FLEX,10236,Dalton Kincaid,TE,16.8,False,True
2025,5,2,7,SUPER_FLEX,3294,Dak Prescott,QB,28.28,False,True
2025,5,2,8,DEF,IND,Indianapolis Colts,DEF,18.0,False,True
2025,5,3,0,QB,6797,Justin Herbert,QB,14.64,False,True
2025,5,3,1,RB,5995,Justice Hill,RB,1.7,False,True
2025,5,3,2,RB,11655,Tyrone Tracy,RB,0.0,False,False
2025,5,3,3,WR,11635,Ladd McConkey,WR,12.4,False,True
2025,5,3,4,WR,2133,Davante Adams,WR,11.3,False,True
2025,5,3,5,FLEX,8110,Jake Ferguson,TE,23.9,False,True
2025,5,3,6,REC_FLEX,5045,Courtland Sutton,WR,13.9,False,True
2025,5,3,7,SUPER_FLEX,4039,Cooper Kupp,WR,8.9,False,False
2025,5,3,8,DEF,LAC,Los Angeles Chargers,DEF,3.0,False,True
2025,5,4,0,QB,4892,Baker Mayfield,QB,26.66,False,True
2025,5,4,1,RB,8138,James Cook,RB,4.9,False,True
2025,5,4,2,RB,7588,Javonte Williams,RB,26.4,False,True
2025,5,4,3,WR,7564,Ja'Marr Chase,WR,26.0,False,True
2025,5,4,4,WR,12514,Emeka Egbuka,WR,27.8,False,True
2025,5,4,5,FLEX,12481,Cam Skattebo,RB,11.4,False,True
2025,5,4,6,REC_FLEX,9480,Brenton Strange,TE,3.2,False,True
2025,5,4,7,SUPER_FLEX,12522,Cam Ward,QB,8.0,False,True
2025,5,4,8,DEF,CLE,Cleveland Browns,DEF,7.0,False,True
2025,5,5,0,QB,3163,Jared Goff,QB,20.12,False,True
2025,5,5,1,RB,7611,Rhamondre Stevenson,RB,13.7,False,False
2025,5,5,2,RB,12507,Omarion Hampton,RB,10.0,False,True
2025,5,5,3,WR,6794,Justin Jefferson,WR,15.8,False,True
2025,5,5,4,WR,6819,Michael Pittman,WR,12.4,False,True
2025,5,5,5,FLEX,2505,Darren Waller,TE,18.8,False,False
2025,5,5,6,REC_FLEX,5844,T.J. Hockenson,TE,9.8,False,False
2025,5,5,7,SUPER_FLEX,12508,Jaxson Dart,QB,15.58,False,True
2025,5,5,8,DEF,MIN,Minnesota Vikings,DEF,3.0,False,True
2025,5,6,0,QB,6111,Jake Browning,QB,19.14,False,True
2025,5,6,1,RB,9221,Jahmyr Gibbs,RB,15.7,False,True
2025,5,6,2,RB,12527,Ashton Jeanty,RB,13.4,False,True
2025,5,6,3,WR,9488,Jaxon Smith-Njigba,WR,23.2,False,True
2025,5,6,4,WR,7526,Jaylen Waddle,WR,20.0,False,True
2025,5,6,5,FLEX,12533,Jacory Croskey-Merritt,RB,26.0,False,False
2025,5,6,6,REC_FLEX,12518,Tyler Warren,TE,14.4,False,True
2025,5,6,7,SUPER_FLEX,7523,Trevor Lawrence,QB,26.24,False,True
2025,5,6,8,DEF,DEN,Denver Broncos,DEF,7.0,False,True
2025,5,7,0,QB,6768,Tua Tagovailoa,QB,22.74,False,False
2025,5,7,1,RB,4866,Saquon Barkley,RB,16.3,False,True
2025,5,7,2,RB,4034,Christian McCaffrey,RB,23.9,False,True
2025,5,7,3,WR,5872,Deebo Samuel,WR,19.6,False,True
2025,5,7,4,WR,4981,Calvin Ridley,WR,15.6,False,False
2025,5,7,5,FLEX,5967,Tony Pollard,RB,13.3,False,True
2025,5,7,6,REC_FLEX,5022,Dallas Goedert,TE,10.9,False,True
2025,5,7,7,SUPER_FLEX,7591,Justin Fields,QB,25.92,False,True
2025,5,7,8,DEF,DET,Detroit Lions,DEF,10.0,False,True
2025,5,8,0,QB,11566,Jayden Daniels,QB,17.14,False,True
2025,5,8,1,RB,8408,Jordan Mason,RB,11.1,False,True
2025,5,8,2,RB,12512,Quinshon Judkins,RB,13.3,False,True
2025,5,8,3,WR,12526,Tetairoa McMillan,WR,10.3,False,True
2025,5,8,4,WR,8676,Rashid Shaheed,WR,19.4,False,True
2025,5,8,5,FLEX,12506,Harold Fannin,TE,11.3,False,False
2025,5,8,6,REC_FLEX,9756,Jordan Addison,WR,12.6,False,False
2025,5,8,7,SUPER_FLEX,5870,Daniel Jones,QB,16.68,False,True
2025,5,8,8,DEF,SEA,Seattle Seahawks,DEF,-3.0,False,True
2025,5,9,0,QB,6904,Jalen Hurts,QB,19.5,False,True
2025,5,9,1,RB,6813,Jonathan Taylor,RB,30.1,False,True
2025,5,9,2,RB,6806,J.K. Dobbins,RB,14.9,False,True
2025,5,9,3,WR,9493,Puka Nacua,WR,19.5,False,True
2025,5,9,4,WR,11628,Marvin Harrison,WR,11.8,False,True
2025,5,9,5,FLEX,7021,Rico Dowdle,RB,30.9,False,True
2025,5,9,6,REC_FLEX,10859,Sam LaPorta,TE,20.2,False,True
2025,5,9,7,SUPER_FLEX,7527,Mac Jones,QB,22.18,False,True
2025,5,9,8,DEF,HOU,Houston Texans,DEF,11.0,False,True
2025,5,10,0,QB,421,Matthew Stafford,QB,25.56,False,True
2025,5,10,1,RB,11571,Isaiah Davis,RB,4.8,False,True
2025,5,10,2,RB,8150,Kyren Williams,RB,27.1,False,True
2025,5,10,3,WR,11631,Brian Thomas,WR,10.0,False,True
2025,5,10,4,WR,9754,Quentin Johnston,WR,4.9,False,True
2025,5,10,5,FLEX,1339,Zach Ertz,TE,0.0,False,True
2025,5,10,6,REC_FLEX,12499,Elic Ayomanor,WR,2.8,False,True
2025,5,10,7,SUPER_FLEX,1466,Travis Kelce,TE,19.1,False,True
2025,5,10,8,DEF,PHI,Philadelphia Eagles,DEF,2.0,False,True
2025,5,11,0,QB,12486,Dillon Gabriel,QB,16.1,False,False
2025,5,11,1,RB,9226,De'Von Achane,RB,13.6,False,True
2025,5,11,2,RB,8136,Rachaad White,RB,21.1,False,True
2025,5,11,3,WR,8146,Garrett Wilson,WR,16.1,False,True
2025,5,11,4,WR,9997,Zay Flowers,WR,9.7,False,True
2025,5,11,5,FLEX,8134,Khalil Shakir,WR,8.0,False,False
2025,5,11,6,REC_FLEX,7525,DeVonta Smith,WR,15.4,False,True
2025,5,11,7,SUPER_FLEX,4046,Patrick Mahomes,QB,26.72,False,True
2025,5,11,8,DEF,SF,San Francisco 49ers,DEF,8.0,False,True
2025,5,12,0,QB,9758,C.J. Stroud,QB,28.76,False,False
2025,5,12,1,RB,8155,Breece Hall,RB,15.5,False,True
2025,5,12,2,RB,5892,David Montgomery,RB,17.72,False,True
2025,5,12,3,WR,7547,Amon-Ra St. Brown,WR,14.0,False,True
2025,5,12,4,WR,11624,Xavier Worthy,WR,8.1,False,True
2025,5,12,5,FLEX,7607,Michael Carter,RB,15.8,False,False
2025,5,12,6,REC_FLEX,7569,Nico Collins,WR,14.0,False,True
2025,5,12,7,SUPER_FLEX,4943,Sam Darnold,QB,27.64,False,True
2025,5,12,8,DEF,NYG,New York Giants,DEF,1.0,False,True
2025,6,1,0,QB,1373,Geno Smith,QB,8.66,False,True
2025,6,1,1,RB,9753,Zach Charbonnet,RB,4.2,False,True
2025,6,1,2,RB,11575,Ray Davis,RB,8.9,False,False
2025,6,1,3,WR,5859,A.J. Brown,WR,11.0,False,True
2025,6,1,4,WR,8137,George Pickens,WR,27.3,False,True
2025,6,1,5,FLEX,8112,Drake London,WR,26.8,False,True
2025,6,1,6,REC_FLEX,8130,Trey McBride,TE,21.2,False,True
2025,6,1,7,SUPER_FLEX,4984,Josh Allen,QB,15.4,False,True
2025,6,1,8,DEF,NE,New England Patriots,DEF,5.0,False,True
2025,6,2,0,QB,11564,Drake Maye,QB,27.24,False,True
2025,6,2,1,RB,3198,Derrick Henry,RB,13.5,False,True
2025,6,2,2,RB,11647,Kimani Vidal,RB,21.3,False,True
2025,6,2,3,WR,8144,Chris Olave,WR,12.8,False,True
2025,6,2,4,WR,2449,Stefon Diggs,WR,4.3,False,True
2025,6,2,5,FLEX,8228,Jaylen Warren,RB,7.3,False,True
2025,6,2,6,REC_FLEX,5012,Mark Andrews,TE,6.6,False,False
2025,6,2,7,SUPER_FLEX,3294,Dak Prescott,QB,22.34,False,True
2025,6,2,8,DEF,IND,Indianapolis Colts,DEF,5.0,False,True
2025,6,3,0,QB,6797,Justin Herbert,QB,18.76,False,True
2025,6,3,1,RB,7567,Kenny Gainwell,RB,6.6,False,False
2025,6,3,2,RB,5850,Josh Jacobs,RB,29.5,False,True
2025,6,3,3,WR,11635,Ladd McConkey,WR,19.5,False,True
2025,6,3,4,WR,8148,Jameson Williams,WR,15.6,False,False
2025,6,3,5,FLEX,8110,Jake Ferguson,TE,12.3,False,True
2025,6,3,6,REC_FLEX,4039,Cooper Kupp,WR,11.0,False,False
2025,6,3,7,SUPER_FLEX,5995,Justice Hill,RB,6.9,False,False
2025,6,3,8,DEF,LAC,Los Angeles Chargers,DEF,8.0,False,True
2025,6,4,0,QB,4892,Baker Mayfield,QB,19.64,False,True
2025,6,4,1,RB,8138,James Cook,RB,8.7,False,True
2025,6,4,2,RB,7588,Javonte Williams,RB,5.9,False,True
2025,6,4,3,WR,7564,Ja'Marr Chase,WR,20.1,False,True
2025,6,4,4,WR,4983,DJ Moore,WR,6.7,False,True
2025,6,4,5,FLEX,12481,Cam Skattebo,RB,30.0,False,True
2025,6,4,6,REC_FLEX,11603,AJ Barner,TE,10.1,False,False
2025,6,4,7,SUPER_FLEX,11559,Michael Penix,QB,14.6,False,True
2025,6,4,8,DEF,PIT,Pittsburgh Steelers,DEF,12.0,False,True
2025,6,5,0,QB,12508,Jaxson Dart,QB,23.6,False,False
2025,6,5,1,RB,9224,Chase Brown,RB,7.9,False,True
2025,6,5,2,RB,8122,Zonovan Knight,RB,11.9,False,False
2025,6,5,3,WR,4454,Kendrick Bourne,WR,16.7,False,True
2025,6,5,4,WR,10213,Tre Tucker,WR,9.5,False,False
2025,6,5,5,FLEX,1479,Keenan Allen,WR,4.7,False,True
2025,6,5,6,REC_FLEX,2505,Darren Waller,TE,9.2,False,True
2025,6,5,7,SUPER_FLEX,11560,Caleb Williams,QB,19.88,False,True
2025,6,5,8,DEF,LV,Las Vegas Raiders,DEF,16.0,False,True
2025,6,6,0,QB,7523,Trevor Lawrence,QB,19.22,False,True
2025,6,6,1,RB,9221,Jahmyr Gibbs,RB,7.0,False,True
2025,6,6,2,RB,12527,Ashton Jeanty,RB,15.6,False,True
2025,6,6,3,WR,9488,Jaxon Smith-Njigba,WR,26.2,False,True
2025,6,6,4,WR,7526,Jaylen Waddle,WR,12.82,False,True
2025,6,6,5,FLEX,12533,Jacory Croskey-Merritt,RB,5.3,False,True
2025,6,6,6,REC_FLEX,12518,Tyler Warren,TE,18.3,False,True
2025,6,6,7,SUPER_FLEX,19,Joe Flacco,QB,18.76,False,False
2025,6,6,8,DEF,DEN,Denver Broncos,DEF,14.0,False,True
2025,6,7,0,QB,11563,Bo Nix,QB,13.36,False,True
2025,6,7,1,RB,4866,Saquon Barkley,RB,7.7,False,True
2025,6,7,2,RB,4034,Christian McCaffrey,RB,20.6,False,True
2025,6,7,3,WR,8121,Romeo Doubs,WR,8.0,False,True
2025,6,7,4,WR,5846,DK Metcalf,WR,17.5,False,True
2025,6,7,5,FLEX,6790,D'Andre Swift,RB,24.5,False,False
2025,6,7,6,REC_FLEX,5022,Dallas Goedert,TE,26.0,False,False
2025,6,7,7,SUPER_FLEX,6768,Tua Tagovailoa,QB,6.6,False,False
2025,6,7,8,DEF,GB,Green Bay Packers,DEF,2.0,False,True
2025,6,8,0,QB,11566,Jayden Daniels,QB,21.64,False,True
2025,6,8,1,RB,12529,TreVeyon Henderson,RB,4.1,False,True
2025,6,8,2,RB,12512,Quinshon Judkins,RB,3.6,False,True
2025,6,8,3,WR,12526,Tetairoa McMillan,WR,16.4,False,True
2025,6,8,4,WR,6801,Tee Higgins,WR,8.7,False,True
2025,6,8,5,FLEX,12506,Harold Fannin,TE,15.1,False,False
2025,6,8,6,REC_FLEX,9484,Tucker Kraft,TE,12.3,False,True
2025,6,8,7,SUPER_FLEX,5870,Daniel Jones,QB,22.48,False,True
2025,6,8,8,DEF,JAX,Jacksonville Jaguars,DEF,2.0,False,True
2025,6,9,0,QB,6904,Jalen Hurts,QB,20.62,False,True
2025,6,9,1,RB,6813,Jonathan Taylor,RB,21.7,False,True
2025,6,9,2,RB,7021,Rico Dowdle,RB,31.9,False,True
2025,6,9,3,WR,11628,Marvin Harrison,WR,4.2,False,True
2025,6,9,4,WR,11620,Rome Odunze,WR,4.2,False,True
2025,6,9,5,FLEX,10859,Sam LaPorta,TE,16.5,False,False
2025,6,9,6,REC_FLEX,3214,Hunter Henry,TE,5.7,False,False
2025,6,9,7,SUPER_FLEX,7527,Mac Jones,QB,11.18,False,True
2025,6,9,8,DEF,BUF,Buffalo Bills,DEF,5.0,False,True
2025,6,10,0,QB,421,Matthew Stafford,QB,9.34,False,True
2025,6,10,1,RB,9509,Bijan Robinson,RB,32.8,False,True
2025,6,10,2,RB,8150,Kyren Williams,RB,15.7,False,True
2025,6,10,3,WR,11631,Brian Thomas,WR,19.0,False,True
2025,6,10,4,WR,12501,Matthew Golden,WR,11.7,False,True
2025,6,10,5,FLEX,1339,Zach Ertz,TE,16.3,False,True
2025,6,10,6,REC_FLEX,1466,Travis Kelce,TE,13.8,False,True
2025,6,10,7,SUPER_FLEX,8132,Tyler Allgeier,RB,10.3,False,False
2025,6,10,8,DEF,PHI,Philadelphia Eagles,DEF,1.0,False,True
2025,6,11,0,QB,96,Aaron Rodgers,QB,17.5,False,False
2025,6,11,1,RB,9226,De'Von Achane,RB,29.0,False,True
2025,6,11,2,RB,8136,Rachaad White,RB,16.1,False,True
2025,6,11,3,WR,6783,Jerry Jeudy,WR,6.8,False,False
2025,6,11,4,WR,9997,Zay Flowers,WR,5.6,False,True
2025,6,11,5,FLEX,4035,Alvin Kamara,RB,10.1,False,False
2025,6,11,6,REC_FLEX,7525,DeVonta Smith,WR,6.9,False,True
2025,6,11,7,SUPER_FLEX,4046,Patrick Mahomes,QB,31.48,False,True
2025,6,11,8,DEF,LAR,Los Angeles Rams,DEF,21.0,False,True
2025,6,12,0,QB,4943,Sam Darnold,QB,20.0,False,True
2025,6,12,1,RB,8155,Breece Hall,RB,5.9,False,True
2025,6,12,2,RB,5892,David Montgomery,RB,7.1,False,True
2025,6,12,3,WR,7547,Amon-Ra St. Brown,WR,9.2,False,True
2025,6,12,4,WR,11624,Xavier Worthy,WR,9.6,False,True
2025,6,12,5,FLEX,7607,Michael Carter,RB,7.4,False,True
2025,6,12,6,REC_FLEX,8126,Wan'Dale Robinson,WR,17.4,False,False
2025,6,12,7,SUPER_FLEX,3257,Jacoby Brissett,QB,20.7,False,True
2025,6,12,8,DEF,TB,Tampa Bay Buccaneers,DEF,13.0,False,True
2025,7,1,0,QB,1373,Geno Smith,QB,2.78,False,True
2025,7,1,1,RB,12474,Woody Marks,RB,11.0,False,True
2025,7,1,2,RB,8151,Kenneth Walker,RB,6.6,False,True
2025,7,1,3,WR,5859,A.J. Brown,WR,26.1,False,True
2025,7,1,4,WR,8137,George Pickens,WR,10.2,False,True
2025,7,1,5,FLEX,9753,Zach Charbonnet,RB,18.5,False,False
2025,7,1,6,REC_FLEX,8130,Trey McBride,TE,29.4,False,True
2025,7,1,7,SUPER_FLEX,12485,Tez Johnson,WR,13.8,False,False
2025,7,1,8,DEF,NE,New England Patriots,DEF,21.0,False,True
2025,7,2,0,QB,11564,Drake Maye,QB,23.08,False,True
2025,7,2,1,RB,8228,Jaylen Warren,RB,17.8,False,True
2025,7,2,2,RB,11647,Kimani Vidal,RB,5.5,False,True
2025,7,2,3,WR,8144,Chris Olave,WR,24.3,False,True
2025,7,2,4,WR,2449,Stefon Diggs,WR,10.4,False,True
2025,7,2,5,FLEX,12490,Bhayshul Tuten,RB,2.2,False,False
2025,7,2,6,REC_FLEX,6786,CeeDee Lamb,WR,19.5,False,True
2025,7,2,7,SUPER_FLEX,3294,Dak Prescott,QB,23.26,False,True
2025,7,2,8,DEF,SEA,Seattle Seahawks,DEF,12.0,False,True
2025,7,3,0,QB,6797,Justin Herbert,QB,27.9,False,True
2025,7,3,1,RB,7567,Kenny Gainwell,RB,2.5,False,True
2025,7,3,2,RB,5850,Josh Jacobs,RB,18.3,False,True
2025,7,3,3,WR,11635,Ladd McConkey,WR,11.2,False,True
2025,7,3,4,WR,2133,Davante Adams,WR,24.0,False,True
2025,7,3,5,FLEX,8110,Jake Ferguson,TE,21.9,False,True
2025,7,3,6,REC_FLEX,5045,Courtland Sutton,WR,13.7,False,True
2025,7,3,7,SUPER_FLEX,11655,Tyrone Tracy,RB,10.6,False,False
2025,7,3,8,DEF,LAC,Los Angeles Chargers,DEF,-3.0,False,True
2025,7,4,0,QB,4892,Baker Mayfield,QB,11.12,False,True
2025,7,4,1,RB,7588,Javonte Williams,RB,18.3,False,True
2025,7,4,2,RB,12481,Cam Skattebo,RB,16.9,False,True
2025,7,4,3,WR,7564,Ja'Marr Chase,WR,30.1,False,True
2025,7,4,4,WR,12514,Emeka Egbuka,WR,7.8,False,True
2025,7,4,5,FLEX,4983,DJ Moore,WR,6.7,False,True
2025,7,4,6,REC_FLEX,11603,AJ Barner,TE,1.9,False,True
2025,7,4,7,SUPER_FLEX,11559,Michael Penix,QB,12.24,False,True
2025,7,4,8,DEF,PIT,Pittsburgh Steelers,DEF,1.0,False,True
2025,7,5,0,QB,3163,Jared Goff,QB,10.34,False,True
2025,7,5,1,RB,9224,Chase Brown,RB,11.0,False,True
2025,7,5,2,RB,8122,Zonovan Knight,RB,7.9,False,True
2025,7,5,3,WR,6794,Justin Jefferson,WR,10.4,False,True
2025,7,5,4,WR,6819,Michael Pittman,WR,17.3,False,False
2025,7,5,5,FLEX,7611,Rhamondre Stevenson,RB,15.8,False,False
2025,7,5,6,REC_FLEX,1479,Keenan Allen,WR,23.4,False,True
2025,7,5,7,SUPER_FLEX,12508,Jaxson Dart,QB,28.42,False,False
2025,7,5,8,DEF,MIN,Minnesota Vikings,DEF,4.0,False,True
2025,7,6,0,QB,19,Joe Flacco,QB,25.98,False,False
2025,7,6,1,RB,9221,Jahmyr Gibbs,RB,35.3,False,True
2025,7,6,2,RB,9508,Tyjae Spears,RB,5.5,False,False
2025,7,6,3,WR,9488,Jaxon Smith-Njigba,WR,22.3,False,True
2025,7,6,4,WR,12530,Travis Hunter,DB,20.1,False,False
2025,7,6,5,FLEX,7553,Kyle Pitts,TE,13.2,False,False
2025,7,6,6,REC_FLEX,12518,Tyler Warren,TE,16.9,False,True
2025,7,6,7,SUPER_FLEX,7523,Trevor Lawrence,QB,17.64,False,True
2025,7,6,8,DEF,DEN,Denver Broncos,DEF,5.0,False,True
2025,7,7,0,QB,11563,Bo Nix,QB,39.96,False,True
2025,7,7,1,RB,5967,Tony Pollard,RB,9.1,False,False
2025,7,7,2,RB,4034,Christian McCaffrey,RB,35.6,False,True
2025,7,7,3,WR,8121,Romeo Doubs,WR,10.2,False,True
2025,7,7,4,WR,5846,DK Metcalf,WR,6.5,False,True
2025,7,7,5,FLEX,6790,D'Andre Swift,RB,20.3,False,True
2025,7,7,6,REC_FLEX,5022,Dallas Goedert,TE,4.8,False,True
2025,7,7,7,SUPER_FLEX,11627,Troy Franklin,WR,11.4,False,False
2025,7,7,8,DEF,GB,Green Bay Packers,DEF,10.0,False,True
2025,7,8,0,QB,11566,Jayden Daniels,QB,17.74,False,True
2025,7,8,1,RB,8408,Jordan Mason,RB,11.7,False,True
2025,7,8,2,RB,12512,Quinshon Judkins,RB,26.4,False,True
2025,7,8,3,WR,6801,Tee Higgins,WR,18.6,False,False
2025,7,8,4,WR,10229,Rashee Rice,WR,19.7,False,True
2025,7,8,5,FLEX,9756,Jordan Addison,WR,17.3,False,False
2025,7,8,6,REC_FLEX,9484,Tucker Kraft,TE,16.8,False,True
2025,7,8,7,SUPER_FLEX,5870,Daniel Jones,QB,22.22,False,True
2025,7,8,8,DEF,LAR,Los Angeles Rams,DEF,15.0,False,True
2025,7,9,0,QB,6904,Jalen Hurts,QB,24.04,False,True
2025,7,9,1,RB,6813,Jonathan Taylor,RB,32.7,False,True
2025,7,9,2,RB,6806,J.K. Dobbins,RB,8.5,False,True
2025,7,9,3,WR,11620,Rome Odunze,WR,4.1,False,True
2025,7,9,4,WR,11628,Marvin Harrison,WR,6.8,False,True
2025,7,9,5,FLEX,7021,Rico Dowdle,RB,10.1,False,False
2025,7,9,6,REC_FLEX,12493,Oronde Gadsden,TE,29.4,False,True
2025,7,9,7,SUPER_FLEX,12489,RJ Harvey,RB,6.7,False,False
2025,7,9,8,DEF,HOU,Houston Texans,DEF,18.0,False,True
2025,7,10,0,QB,421,Matthew Stafford,QB,27.38,False,True
2025,7,10,1,RB,9509,Bijan Robinson,RB,18.2,False,True
2025,7,10,2,RB,8150,Kyren Williams,RB,7.5,False,True
2025,7,10,3,WR,12501,Matthew Golden,WR,5.7,False,False
2025,7,10,4,WR,9754,Quentin Johnston,WR,10.0,False,True
2025,7,10,5,FLEX,1339,Zach Ertz,TE,12.7,False,True
2025,7,10,6,REC_FLEX,1466,Travis Kelce,TE,8.4,False,False
2025,7,10,7,SUPER_FLEX,7594,Chuba Hubbard,RB,6.5,False,False
2025,7,10,8,DEF,PHI,Philadelphia Eagles,DEF,12.0,False,True
2025,7,11,0,QB,96,Aaron Rodgers,QB,22.56,False,True
2025,7,11,1,RB,9226,De'Von Achane,RB,11.3,False,True
2025,7,11,2,RB,8136,Rachaad White,RB,6.4,False,True
2025,7,11,3,WR,3200,Sterling Shepard,WR,4.0,False,True
2025,7,11,4,WR,6783,Jerry Jeudy,WR,2.7,False,True
2025,7,11,5,FLEX,7543,Travis Etienne,RB,6.0,False,True
2025,7,11,6,REC_FLEX,7525,DeVonta Smith,WR,28.8,False,True
2025,7,11,7,SUPER_FLEX,4046,Patrick Mahomes,QB,26.24,False,True
2025,7,11,8,DEF,KC,Kansas City Chiefs,DEF,14.0,False,True
2025,7,12,0,QB,4943,Sam Darnold,QB,8.62,False,True
2025,7,12,1,RB,8155,Breece Hall,RB,6.2,False,True
2025,7,12,2,RB,8205,Isiah Pacheco,RB,11.9,False,False
2025,7,12,3,WR,7547,Amon-Ra St. Brown,WR,17.6,False,True
2025,7,12,4,WR,8126,Wan'Dale Robinson,WR,12.5,False,False
2025,7,12,5,FLEX,7090,Darnell Mooney,WR,8.3,False,False
2025,7,12,6,REC_FLEX,11624,Xavier Worthy,WR,6.3,False,True
2025,7,12,7,SUPER_FLEX,9758,C.J. Stroud,QB,13.66,False,True
2025,7,12,8,DEF,CLE,Cleveland Browns,DEF,27.0,False,True
2025,8,1,0,QB,4984,Josh Allen,QB,23.22,False,True
2025,8,1,1,RB,12474,Woody Marks,RB,13.1,False,True
2025,8,1,2,RB,12534,Kyle Monangai,RB,2.4,False,True
2025,8,1,3,WR,8137,George Pickens,WR,11.3,False,True
2025,8,1,4,WR,11646,Jalen Coker,WR,5.1,False,True
2025,8,1,5,FLEX,5859,A.J. Brown,WR,0.0,False,False
2025,8,1,6,REC_FLEX,12498,Mason Taylor,TE,14.4,False,True
2025,8,1,7,SUPER_FLEX,11571,Isaiah Davis,RB,15.4,False,True
2025,8,1,8,DEF,NE,New England Patriots,DEF,13.0,False,True
2025,8,2,0,QB,11564,Drake Maye,QB,26.28,False,True
2025,8,2,1,RB,8228,Jaylen Warren,RB,8.3,False,True
2025,8,2,2,RB,11647,Kimani Vidal,RB,19.2,False,True
2025,8,2,3,WR,8144,Chris Olave,WR,10.0,False,True
2025,8,2,4,WR,6786,CeeDee Lamb,WR,11.1,False,True
2025,8,2,5,FLEX,3198,Derrick Henry,RB,19.1,False,True
2025,8,2,6,REC_FLEX,2449,Stefon Diggs,WR,8.9,False,False
2025,8,2,7,SUPER_FLEX,4098,Kareem Hunt,RB,16.7,False,False
2025,8,2,8,DEF,HOU,Houston Texans,DEF,6.0,False,True
2025,8,3,0,QB,6797,Justin Herbert,QB,25.28,False,True
2025,8,3,1,RB,4199,Aaron Jones,RB,4.0,False,False
2025,8,3,2,RB,5850,Josh Jacobs,RB,12.0,False,True
2025,8,3,3,WR,11635,Ladd McConkey,WR,17.8,False,True
2025,8,3,4,WR,5045,Courtland Sutton,WR,8.7,False,True
2025,8,3,5,FLEX,11655,Tyrone Tracy,RB,6.3,False,True
2025,8,3,6,REC_FLEX,8110,Jake Ferguson,TE,0.0,False,True
2025,8,3,7,SUPER_FLEX,7083,Tyler Huntley,QB,16.74,False,True
2025,8,3,8,DEF,LAC,Los Angeles Chargers,DEF,12.0,False,True
2025,8,4,0,QB,12522,Cam Ward,QB,12.76,False,False
2025,8,4,1,RB,7588,Javonte Williams,RB,17.4,False,True
2025,8,4,2,RB,12481,Cam Skattebo,RB,9.5,False,True
2025,8,4,3,WR,7564,Ja'Marr Chase,WR,15.1,False,True
2025,8,4,4,WR,12514,Emeka Egbuka,WR,5.0,False,True
2025,8,4,5,FLEX,4983,DJ Moore,WR,9.6,False,True
2025,8,4,6,REC_FLEX,5927,Terry McLaurin,WR,12.9,False,False
2025,8,4,7,SUPER_FLEX,8138,James Cook,RB,33.6,False,False
2025,8,4,8,DEF,PIT,Pittsburgh Steelers,DEF,-4.0,False,True
2025,8,5,0,QB,12508,Jaxson Dart,QB,19.42,False,True
2025,8,5,1,RB,9224,Chase Brown,RB,24.0,False,True
2025,8,5,2,RB,7611,Rhamondre Stevenson,RB,5.4,False,True
2025,8,5,3,WR,6794,Justin Jefferson,WR,10.9,False,True
2025,8,5,4,WR,12485,Tez Johnson,WR,6.8,False,True
2025,8,5,5,FLEX,1479,Keenan Allen,WR,6.4,False,True
2025,8,5,6,REC_FLEX,6819,Michael Pittman,WR,19.5,False,True
2025,8,5,7,SUPER_FLEX,11560,Caleb Williams,QB,11.8,False,True
2025,8,5,8,DEF,MIN,Minnesota Vikings,DEF,0.0,False,True
2025,8,6,0,QB,19,Joe Flacco,QB,24.32,False,True
2025,8,6,1,RB,12533,Jacory Croskey-Merritt,RB,2.5,False,True
2025,8,6,2,RB,9508,Tyjae Spears,RB,15.7,False,True
2025,8,6,3,WR,7049,Jauan Jennings,WR,6.5,False,True
2025,8,6,4,WR,7526,Jaylen Waddle,WR,18.4,False,True
2025,8,6,5,FLEX,7553,Kyle Pitts,TE,14.9,False,True
2025,8,6,6,REC_FLEX,12518,Tyler Warren,TE,9.3,False,True
2025,8,6,7,SUPER_FLEX,6804,Jordan Love,QB,28.3,False,True
2025,8,6,8,DEF,DEN,Denver Broncos,DEF,6.0,False,True
2025,8,7,0,QB,11563,Bo Nix,QB,23.78,False,True
2025,8,7,1,RB,4866,Saquon Barkley,RB,31.4,False,True
2025,8,7,2,RB,4034,Christian McCaffrey,RB,8.3,False,True
2025,8,7,3,WR,11627,Troy Franklin,WR,23.9,False,False
2025,8,7,4,WR,5846,DK Metcalf,WR,14.0,False,True
2025,8,7,5,FLEX,6790,D'Andre Swift,RB,14.1,False,True
2025,8,7,6,REC_FLEX,5022,Dallas Goedert,TE,17.8,False,True
2025,8,7,7,SUPER_FLEX,6768,Tua Tagovailoa,QB,24.2,False,False
2025,8,7,8,DEF,TB,Tampa Bay Buccaneers,DEF,28.0,False,True
2025,8,8,0,QB,5870,Daniel Jones,QB,23.18,False,True
2025,8,8,1,RB,12512,Quinshon Judkins,RB,3.2,False,True
2025,8,8,2,RB,12529,TreVeyon Henderson,RB,5.5,False,False
2025,8,8,3,WR,12526,Tetairoa McMillan,WR,13.4,False,True
2025,8,8,4,WR,10229,Rashee Rice,WR,21.0,False,True
2025,8,8,5,FLEX,12506,Harold Fannin,TE,18.4,False,False
2025,8,8,6,REC_FLEX,4217,George Kittle,TE,14.3,False,True
2025,8,8,7,SUPER_FLEX,9484,Tucker Kraft,TE,33.3,False,True
2025,8,8,8,DEF,IND,Indianapolis Colts,DEF,9.0,False,True
2025,8,9,0,QB,6904,Jalen Hurts,QB,25.36,False,True
2025,8,9,1,RB,6813,Jonathan Taylor,RB,36.4,False,True
2025,8,9,2,RB,6806,J.K. Dobbins,RB,13.1,False,True
2025,8,9,3,WR,11620,Rome Odunze,WR,14.9,False,True
2025,8,9,4,WR,12540,Chimere Dike,WR,12.9,False,False
2025,8,9,5,FLEX,7002,Juwan Johnson,TE,10.3,False,True
2025,8,9,6,REC_FLEX,12493,Oronde Gadsden,TE,18.7,False,True
2025,8,9,7,SUPER_FLEX,12489,RJ Harvey,RB,23.6,False,False
2025,8,9,8,DEF,ATL,Atlanta Falcons,DEF,1.0,False,True
2025,8,10,0,QB,11565,J.J. McCarthy,QB,0.0,False,True
2025,8,10,1,RB,9509,Bijan Robinson,RB,4.3,False,True
2025,8,10,2,RB,7594,Chuba Hubbard,RB,9.4,False,True
2025,8,10,3,WR,12499,Elic Ayomanor,WR,7.2,False,True
2025,8,10,4,WR,12501,Matthew Golden,WR,1.9,False,False
2025,8,10,5,FLEX,1339,Zach Ertz,TE,5.6,False,True
2025,8,10,6,REC_FLEX,1466,Travis Kelce,TE,21.9,False,True
2025,8,10,7,SUPER_FLEX,8132,Tyler Allgeier,RB,8.4,False,True
2025,8,10,8,DEF,PHI,Philadelphia Eagles,DEF,6.0,False,True
2025,8,11,0,QB,96,Aaron Rodgers,QB,16.76,False,True
2025,8,11,1,RB,9226,De'Von Achane,RB,17.6,False,True
2025,8,11,2,RB,8136,Rachaad White,RB,7.1,False,True
2025,8,11,3,WR,9997,Zay Flowers,WR,10.6,False,True
2025,8,11,4,WR,8134,Khalil Shakir,WR,17.8,False,True
2025,8,11,5,FLEX,4035,Alvin Kamara,RB,5.5,False,True
2025,8,11,6,REC_FLEX,7525,DeVonta Smith,WR,11.4,False,True
2025,8,11,7,SUPER_FLEX,4046,Patrick Mahomes,QB,22.96,False,True
2025,8,11,8,DEF,BUF,Buffalo Bills,DEF,17.0,False,True
2025,8,12,0,QB,9758,C.J. Stroud,QB,21.72,False,True
2025,8,12,1,RB,8155,Breece Hall,RB,31.86,False,True
2025,8,12,2,RB,8205,Isiah Pacheco,RB,5.8,False,True
2025,8,12,3,WR,8126,Wan'Dale Robinson,WR,6.3,False,True
2025,8,12,4,WR,11624,Xavier Worthy,WR,7.8,False,True
2025,8,12,5,FLEX,8111,Cade Otton,TE,8.0,False,True
2025,8,12,6,REC_FLEX,8676,Rashid Shaheed,WR,10.0,False,True
2025,8,12,7,SUPER_FLEX,5001,Dalton Schultz,TE,4.4,False,True
2025,8,12,8,DEF,CLE,Cleveland Browns,DEF,9.0,False,True
2025,9,1,0,QB,4984,Josh Allen,QB,28.82,False,True
2025,9,1,1,RB,12534,Kyle Monangai,RB,21.3,False,True
2025,9,1,2,RB,8151,Kenneth Walker,RB,7.1,False,True
2025,9,1,3,WR,8112,Drake London,WR,34.3,False,True
2025,9,1,4,WR,8137,George Pickens,WR,10.9,False,True
2025,9,1,5,FLEX,9753,Zach Charbonnet,RB,5.1,False,False
2025,9,1,6,REC_FLEX,8130,Trey McBride,TE,16.5,False,True
2025,9,1,7,SUPER_FLEX,1373,Geno Smith,QB,26.26,False,True
2025,9,1,8,DEF,NE,New England Patriots,DEF,2.0,False,True
2025,9,2,0,QB,11564,Drake Maye,QB,16.36,False,True
2025,9,2,1,RB,3198,Derrick Henry,RB,12.6,False,True
2025,9,2,2,RB,8228,Jaylen Warren,RB,15.9,False,True
2025,9,2,3,WR,6786,CeeDee Lamb,WR,12.0,False,True
2025,9,2,4,WR,2449,Stefon Diggs,WR,11.3,False,False
2025,9,2,5,FLEX,10236,Dalton Kincaid,TE,22.1,False,False
2025,9,2,6,REC_FLEX,11604,Brock Bowers,TE,43.3,False,True
2025,9,2,7,SUPER_FLEX,5012,Mark Andrews,TE,16.6,False,False
2025,9,2,8,DEF,HOU,Houston Texans,DEF,7.0,False,True
2025,9,3,0,QB,6797,Justin Herbert,QB,27.7,False,True
2025,9,3,1,RB,4199,Aaron Jones,RB,10.8,False,False
2025,9,3,2,RB,5850,Josh Jacobs,RB,18.0,False,True
2025,9,3,3,WR,8148,Jameson Williams,WR,14.6,False,False
2025,9,3,4,WR,5045,Courtland Sutton,WR,9.5,False,True
2025,9,3,5,FLEX,8110,Jake Ferguson,TE,8.0,False,True
2025,9,3,6,REC_FLEX,2133,Davante Adams,WR,20.5,False,True
2025,9,3,7,SUPER_FLEX,4881,Lamar Jackson,QB,25.56,False,True
2025,9,3,8,DEF,LAC,Los Angeles Chargers,DEF,6.0,False,True
2025,9,4,0,QB,11559,Michael Penix,QB,22.74,False,True
2025,9,4,1,RB,8138,James Cook,RB,13.0,False,True
2025,9,4,2,RB,7588,Javonte Williams,RB,6.8,False,True
2025,9,4,3,WR,7564,Ja'Marr Chase,WR,14.1,False,True
2025,9,4,4,WR,9500,Josh Downs,WR,12.7,False,True
2025,9,4,5,FLEX,4983,DJ Moore,WR,20.98,False,False
2025,9,4,6,REC_FLEX,7002,Juwan Johnson,TE,12.1,False,True
2025,9,4,7,SUPER_FLEX,11597,Theo Johnson,TE,11.7,False,False
2025,9,4,8,DEF,CHI,Chicago Bears,DEF,5.0,False,True
2025,9,5,0,QB,12508,Jaxson Dart,QB,27.24,False,True
2025,9,5,1,RB,9224,Chase Brown,RB,15.2,False,True
2025,9,5,2,RB,8122,Zonovan Knight,RB,5.7,False,True
2025,9,5,3,WR,6794,Justin Jefferson,WR,13.7,False,True
2025,9,5,4,WR,10213,Tre Tucker,WR,5.3,False,True
2025,9,5,5,FLEX,1479,Keenan Allen,WR,5.1,False,True
2025,9,5,6,REC_FLEX,6819,Michael Pittman,WR,16.0,False,True
2025,9,5,7,SUPER_FLEX,11560,Caleb Williams,QB,37.7,False,False
2025,9,5,8,DEF,MIN,Minnesota Vikings,DEF,9.0,False,True
2025,9,6,0,QB,7523,Trevor Lawrence,QB,21.2,False,False
2025,9,6,1,RB,9508,Tyjae Spears,RB,7.7,False,False
2025,9,6,2,RB,12527,Ashton Jeanty,RB,17.4,False,True
2025,9,6,3,WR,9488,Jaxon Smith-Njigba,WR,18.0,False,True
2025,9,6,4,WR,7526,Jaylen Waddle,WR,11.2,False,True
2025,9,6,5,FLEX,7553,Kyle Pitts,TE,7.8,False,True
2025,9,6,6,REC_FLEX,7049,Jauan Jennings,WR,12.1,False,False
2025,9,6,7,SUPER_FLEX,19,Joe Flacco,QB,30.7,False,True
2025,9,6,8,DEF,DEN,Denver Broncos,DEF,5.0,False,True
2025,9,7,0,QB,11563,Bo Nix,QB,18.52,False,True
2025,9,7,1,RB,5967,Tony Pollard,RB,7.3,False,True
2025,9,7,2,RB,4034,Christian McCaffrey,RB,31.8,False,True
2025,9,7,3,WR,5872,Deebo Samuel,WR,6.9,False,True
2025,9,7,4,WR,5846,DK Metcalf,WR,1.6,False,True
2025,9,7,5,FLEX,8121,Romeo Doubs,WR,12.6,False,True
2025,9,7,6,REC_FLEX,11627,Troy Franklin,WR,6.3,False,True
2025,9,7,7,SUPER_FLEX,6768,Tua Tagovailoa,QB,8.54,False,True
2025,9,7,8,DEF,BUF,Buffalo Bills,DEF,6.0,False,False
2025,9,8,0,QB,5870,Daniel Jones,QB,14.08,False,True
2025,9,8,1,RB,12529,TreVeyon Henderson,RB,10.7,False,True
2025,9,8,2,RB,8408,Jordan Mason,RB,4.2,False,True
2025,9,8,3,WR,10229,Rashee Rice,WR,16.6,False,True
2025,9,8,4,WR,6801,Tee Higgins,WR,29.6,False,False
2025,9,8,5,FLEX,9756,Jordan Addison,WR,7.4,False,False
2025,9,8,6,REC_FLEX,4217,George Kittle,TE,6.9,False,True
2025,9,8,7,SUPER_FLEX,11566,Jayden Daniels,QB,15.22,False,True
2025,9,8,8,DEF,LAR,Los Angeles Rams,DEF,11.0,False,True
2025,9,9,0,QB,3257,Jacoby Brissett,QB,24.84,False,True
2025,9,9,1,RB,12489,RJ Harvey,RB,14.1,False,False
2025,9,9,2,RB,7021,Rico Dowdle,RB,27.1,False,False
2025,9,9,3,WR,9493,Puka Nacua,WR,19.3,False,True
2025,9,9,4,WR,11628,Marvin Harrison,WR,19.1,False,True
2025,9,9,5,FLEX,12493,Oronde Gadsden,TE,11.8,False,False
2025,9,9,6,REC_FLEX,10859,Sam LaPorta,TE,21.7,False,True
2025,9,9,7,SUPER_FLEX,7527,Mac Jones,QB,15.8,False,True
2025,9,9,8,DEF,PIT,Pittsburgh Steelers,DEF,17.0,False,True
2025,9,10,0,QB,421,Matthew Stafford,QB,26.84,False,True
2025,9,10,1,RB,9509,Bijan Robinson,RB,13.6,False,True
2025,9,10,2,RB,8150,Kyren Williams,RB,17.4,False,True
2025,9,10,3,WR,11631,Brian Thomas,WR,7.0,False,True
2025,9,10,4,WR,9754,Quentin Johnston,WR,13.3,False,True
2025,9,10,5,FLEX,1339,Zach Ertz,TE,8.6,False,True
2025,9,10,6,REC_FLEX,1466,Travis Kelce,TE,12.6,False,True
2025,9,10,7,SUPER_FLEX,11565,J.J. McCarthy,QB,18.92,False,True
2025,9,10,8,DEF,SF,San Francisco 49ers,DEF,2.0,False,True
2025,9,11,0,QB,96,Aaron Rodgers,QB,12.12,False,True
2025,9,11,1,RB,9226,De'Von Achane,RB,13.6,False,True
2025,9,11,2,RB,7543,Travis Etienne,RB,14.0,False,True
2025,9,11,3,WR,9997,Zay Flowers,WR,8.9,False,True
2025,9,11,4,WR,8134,Khalil Shakir,WR,7.8,False,True
2025,9,11,5,FLEX,6130,Devin Singletary,RB,6.1,False,False
2025,9,11,6,REC_FLEX,8167,Christian Watson,WR,6.8,False,False
2025,9,11,7,SUPER_FLEX,4046,Patrick Mahomes,QB,10.5,False,True
2025,9,11,8,DEF,DET,Detroit Lions,DEF,7.0,False,True
2025,9,12,0,QB,4943,Sam Darnold,QB,27.2,False,True
2025,9,12,1,RB,5892,David Montgomery,RB,10.0,False,True
2025,9,12,2,RB,8154,Brian Robinson,RB,11.3,False,False
2025,9,12,3,WR,7547,Amon-Ra St. Brown,WR,14.2,False,True
2025,9,12,4,WR,7569,Nico Collins,WR,11.0,False,True
2025,9,12,5,FLEX,8126,Wan'Dale Robinson,WR,9.1,False,True
2025,9,12,6,REC_FLEX,8676,Rashid Shaheed,WR,9.3,False,True
2025,9,12,7,SUPER_FLEX,11624,Xavier Worthy,WR,4.5,False,False
2025,9,12,8,DEF,JAX,Jacksonville Jaguars,DEF,4.0,False,True
2025,10,1,0,QB,4984,Josh Allen,QB,19.34,False,True
2025,10,1,1,RB,12534,Kyle Monangai,RB,8.8,False,True
2025,10,1,2,RB,12474,Woody Marks,RB,15.1,False,True
2025,10,1,3,WR,8112,Drake London,WR,21.4,False,True
2025,10,1,4,WR,5947,Jakobi Meyers,WR,5.6,False,False
2025,10,1,5,FLEX,8151,Kenneth Walker,RB,7.5,False,True
2025,10,1,6,REC_FLEX,8130,Trey McBride,TE,27.7,False,True
2025,10,1,7,SUPER_FLEX,9753,Zach Charbonnet,RB,14.3,False,False
2025,10,1,8,DEF,BAL,Baltimore Ravens,DEF,12.0,False,True
2025,10,2,0,QB,11564,Drake Maye,QB,18.1,False,True
2025,10,2,1,RB,3198,Derrick Henry,RB,9.9,False,True
2025,10,2,2,RB,8228,Jaylen Warren,RB,10.1,False,True
2025,10,2,3,WR,2449,Stefon Diggs,WR,13.1,False,True
2025,10,2,4,WR,8144,Chris Olave,WR,18.9,False,True
2025,10,2,5,FLEX,11647,Kimani Vidal,RB,17.3,False,True
2025,10,2,6,REC_FLEX,5012,Mark Andrews,TE,10.4,False,False
2025,10,2,7,SUPER_FLEX,7527,Mac Jones,QB,23.06,False,True
2025,10,2,8,DEF,HOU,Houston Texans,DEF,14.0,False,True
2025,10,3,0,QB,6797,Justin Herbert,QB,14.7,False,True
2025,10,3,1,RB,4199,Aaron Jones,RB,14.4,False,False
2025,10,3,2,RB,5850,Josh Jacobs,RB,17.2,False,True
2025,10,3,3,WR,11635,Ladd McConkey,WR,18.7,False,True
2025,10,3,4,WR,4039,Cooper Kupp,WR,8.4,False,False
2025,10,3,5,FLEX,8148,Jameson Williams,WR,20.9,False,True
2025,10,3,6,REC_FLEX,2133,Davante Adams,WR,16.7,False,True
2025,10,3,7,SUPER_FLEX,4881,Lamar Jackson,QB,16.64,False,True
2025,10,3,8,DEF,LAC,Los Angeles Chargers,DEF,15.0,False,True
2025,10,4,0,QB,4892,Baker Mayfield,QB,22.92,False,True
2025,10,4,1,RB,8138,James Cook,RB,8.2,False,True
2025,10,4,2,RB,11199,Emari Demercado,RB,11.9,False,True
2025,10,4,3,WR,12514,Emeka Egbuka,WR,20.5,False,True
2025,10,4,4,WR,9500,Josh Downs,WR,0.8,False,False
2025,10,4,5,FLEX,11597,Theo Johnson,TE,14.5,False,False
2025,10,4,6,REC_FLEX,7002,Juwan Johnson,TE,19.2,False,True
2025,10,4,7,SUPER_FLEX,11559,Michael Penix,QB,10.98,False,True
2025,10,4,8,DEF,SEA,Seattle Seahawks,DEF,24.0,False,True
2025,10,5,0,QB,12508,Jaxson Dart,QB,26.28,False,True
2025,10,5,1,RB,7021,Rico Dowdle,RB,13.8,False,True
2025,10,5,2,RB,8122,Zonovan Knight,RB,3.8,False,True
2025,10,5,3,WR,11628,Marvin Harrison,WR,12.8,False,True
2025,10,5,4,WR,12485,Tez Johnson,WR,18.2,False,True
2025,10,5,5,FLEX,10213,Tre Tucker,WR,4.5,False,False
2025,10,5,6,REC_FLEX,6819,Michael Pittman,WR,2.9,False,True
2025,10,5,7,SUPER_FLEX,3163,Jared Goff,QB,24.8,False,True
2025,10,5,8,DEF,MIN,Minnesota Vikings,DEF,2.0,False,True
2025,10,6,0,QB,6804,Jordan Love,QB,7.84,False,True
2025,10,6,1,RB,9221,Jahmyr Gibbs,RB,36.7,False,True
2025,10,6,2,RB,12527,Ashton Jeanty,RB,13.8,False,True
2025,10,6,3,WR,9488,Jaxon Smith-Njigba,WR,17.8,False,True
2025,10,6,4,WR,7526,Jaylen Waddle,WR,16.9,False,True
2025,10,6,5,FLEX,7049,Jauan Jennings,WR,14.1,False,False
2025,10,6,6,REC_FLEX,12518,Tyler Warren,TE,17.9,False,True
2025,10,6,7,SUPER_FLEX,7523,Trevor Lawrence,QB,9.82,False,True
2025,10,6,8,DEF,DEN,Denver Broncos,DEF,15.0,False,True
2025,10,7,0,QB,6768,Tua Tagovailoa,QB,10.82,False,False
2025,10,7,1,RB,4866,Saquon Barkley,RB,11.6,False,True
2025,10,7,2,RB,4034,Christian McCaffrey,RB,13.6,False,True
2025,10,7,3,WR,5872,Deebo Samuel,WR,10.9,False,True
2025,10,7,4,WR,11627,Troy Franklin,WR,12.5,False,False
2025,10,7,5,FLEX,6790,D'Andre Swift,RB,12.3,False,True
2025,10,7,6,REC_FLEX,5022,Dallas Goedert,TE,8.3,False,True
2025,10,7,7,SUPER_FLEX,12517,Colston Loveland,TE,9.5,False,False
2025,10,7,8,DEF,BUF,Buffalo Bills,DEF,3.0,False,True
2025,10,8,0,QB,5870,Daniel Jones,QB,15.5,False,True
2025,10,8,1,RB,12529,TreVeyon Henderson,RB,27.5,False,True
2025,10,8,2,RB,12512,Quinshon Judkins,RB,9.5,False,True
2025,10,8,3,WR,9756,Jordan Addison,WR,5.0,False,True
2025,10,8,4,WR,12526,Tetairoa McMillan,WR,8.5,False,True
2025,10,8,5,FLEX,12506,Harold Fannin,TE,8.4,False,True
2025,10,8,6,REC_FLEX,4217,George Kittle,TE,23.4,False,True
2025,10,8,7,SUPER_FLEX,2307,Marcus Mariota,QB,18.72,False,False
2025,10,8,8,DEF,LAR,Los Angeles Rams,DEF,8.0,False,False
2025,10,9,0,QB,3257,Jacoby Brissett,QB,19.42,False,False
2025,10,9,1,RB,6813,Jonathan Taylor,RB,48.1,False,True
2025,10,9,2,RB,6806,J.K. Dobbins,RB,8.9,False,True
2025,10,9,3,WR,9493,Puka Nacua,WR,14.9,False,True
2025,10,9,4,WR,6794,Justin Jefferson,WR,5.7,False,True
2025,10,9,5,FLEX,11620,Rome Odunze,WR,17.6,False,True
2025,10,9,6,REC_FLEX,10859,Sam LaPorta,TE,10.3,False,False
2025,10,9,7,SUPER_FLEX,11560,Caleb Williams,QB,25.1,False,True
2025,10,9,8,DEF,PIT,Pittsburgh Steelers,DEF,5.0,False,True
2025,10,10,0,QB,421,Matthew Stafford,QB,26.9,False,True
2025,10,10,1,RB,9509,Bijan Robinson,RB,9.8,False,True
2025,10,10,2,RB,8150,Kyren Williams,RB,21.4,False,True
2025,10,10,3,WR,8142,Alec Pierce,WR,16.4,False,True
2025,10,10,4,WR,9487,Parker Washington,WR,16.4,False,True
2025,10,10,5,FLEX,8132,Tyler Allgeier,RB,17.7,False,False
2025,10,10,6,REC_FLEX,1339,Zach Ertz,TE,9.4,False,True
2025,10,10,7,SUPER_FLEX,11565,J.J. McCarthy,QB,14.72,False,True
2025,10,10,8,DEF,PHI,Philadelphia Eagles,DEF,13.0,False,True
2025,10,11,0,QB,12486,Dillon Gabriel,QB,20.08,False,True
2025,10,11,1,RB,9226,De'Von Achane,RB,37.5,False,True
2025,10,11,2,RB,7543,Travis Etienne,RB,14.7,False,True
2025,10,11,3,WR,9997,Zay Flowers,WR,10.1,False,True
2025,10,11,4,WR,8134,Khalil Shakir,WR,9.3,False,False
2025,10,11,5,FLEX,4035,Alvin Kamara,RB,13.0,False,False
2025,10,11,6,REC_FLEX,7525,DeVonta Smith,WR,14.9,False,True
2025,10,11,7,SUPER_FLEX,6130,Devin Singletary,RB,8.8,False,False
2025,10,11,8,DEF,DET,Detroit Lions,DEF,2.0,False,True
2025,10,12,0,QB,7585,Davis Mills,QB,27.68,False,True
2025,10,12,1,RB,5892,David Montgomery,RB,9.6,False,True
2025,10,12,2,RB,8155,Breece Hall,RB,19.0,False,True
2025,10,12,3,WR,7547,Amon-Ra St. Brown,WR,14.3,False,True
2025,10,12,4,WR,7569,Nico Collins,WR,19.1,False,True
2025,10,12,5,FLEX,8126,Wan'Dale Robinson,WR,9.2,False,True
2025,10,12,6,REC_FLEX,8111,Cade Otton,TE,17.2,False,True
2025,10,12,7,SUPER_FLEX,8154,Brian Robinson,RB,11.0,False,False
2025,10,12,8,DEF,CLE,Cleveland Browns,DEF,5.0,False,True
2025,11,1,0,QB,4984,Josh Allen,QB,42.68,False,True
2025,11,1,1,RB,12534,Kyle Monangai,RB,10.2,False,True
2025,11,1,2,RB,8151,Kenneth Walker,RB,18.6,False,False
2025,11,1,3,WR,8112,Drake London,WR,15.4,False,True
2025,11,1,4,WR,11646,Jalen Coker,WR,9.2,False,False
2025,11,1,5,FLEX,8137,George Pickens,WR,24.9,False,True
2025,11,1,6,REC_FLEX,8130,Trey McBride,TE,27.5,False,True
2025,11,1,7,SUPER_FLEX,3257,Jacoby Brissett,QB,21.88,False,True
2025,11,1,8,DEF,BAL,Baltimore Ravens,DEF,10.0,False,False
2025,11,2,0,QB,11564,Drake Maye,QB,15.44,False,True
2025,11,2,1,RB,3198,Derrick Henry,RB,19.2,False,True
2025,11,2,2,RB,12490,Bhayshul Tuten,RB,13.4,False,False
2025,11,2,3,WR,2449,Stefon Diggs,WR,15.0,False,True
2025,11,2,4,WR,6786,CeeDee Lamb,WR,15.1,False,True
2025,11,2,5,FLEX,5012,Mark Andrews,TE,15.7,False,False
2025,11,2,6,REC_FLEX,11604,Brock Bowers,TE,14.2,False,True
2025,11,2,7,SUPER_FLEX,3294,Dak Prescott,QB,24.32,False,True
2025,11,2,8,DEF,HOU,Houston Texans,DEF,9.0,False,True
2025,11,3,0,QB,4881,Lamar Jackson,QB,4.72,False,True
2025,11,3,1,RB,4199,Aaron Jones,RB,9.6,False,True
2025,11,3,2,RB,11655,Tyrone Tracy,RB,15.9,False,False
2025,11,3,3,WR,8148,Jameson Williams,WR,17.7,False,False
2025,11,3,4,WR,5045,Courtland Sutton,WR,7.9,False,True
2025,11,3,5,FLEX,7567,Kenny Gainwell,RB,26.0,False,False
2025,11,3,6,REC_FLEX,8110,Jake Ferguson,TE,11.6,False,True
2025,11,3,7,SUPER_FLEX,5844,T.J. Hockenson,TE,6.9,False,False
2025,11,3,8,DEF,LAC,Los Angeles Chargers,DEF,0.0,False,True
2025,11,4,0,QB,4892,Baker Mayfield,QB,16.82,False,True
2025,11,4,1,RB,8138,James Cook,RB,18.9,False,True
2025,11,4,2,RB,7588,Javonte Williams,RB,9.8,False,True
2025,11,4,3,WR,7564,Ja'Marr Chase,WR,4.5,False,True
2025,11,4,4,WR,12514,Emeka Egbuka,WR,6.5,False,True
2025,11,4,5,FLEX,10219,Chris Rodriguez,RB,9.0,False,True
2025,11,4,6,REC_FLEX,11597,Theo Johnson,TE,6.6,False,True
2025,11,4,7,SUPER_FLEX,9506,Sean Tucker,RB,33.0,False,False
2025,11,4,8,DEF,SEA,Seattle Seahawks,DEF,3.0,False,True
2025,11,5,0,QB,3163,Jared Goff,QB,12.1,False,True
2025,11,5,1,RB,7021,Rico Dowdle,RB,12.5,False,True
2025,11,5,2,RB,9224,Chase Brown,RB,15.7,False,True
2025,11,5,3,WR,10213,Tre Tucker,WR,12.7,False,True
2025,11,5,4,WR,12485,Tez Johnson,WR,1.1,False,True
2025,11,5,5,FLEX,8122,Zonovan Knight,RB,12.5,False,True
2025,11,5,6,REC_FLEX,1479,Keenan Allen,WR,7.3,False,False
2025,11,5,7,SUPER_FLEX,8183,Brock Purdy,QB,19.3,False,True
2025,11,5,8,DEF,TB,Tampa Bay Buccaneers,DEF,3.0,False,True
2025,11,6,0,QB,6804,Jordan Love,QB,17.66,False,True
2025,11,6,1,RB,9221,Jahmyr Gibbs,RB,17.1,False,True
2025,11,6,2,RB,12527,Ashton Jeanty,RB,6.4,False,True
2025,11,6,3,WR,9488,Jaxon Smith-Njigba,WR,16.1,False,True
2025,11,6,4,WR,7526,Jaylen Waddle,WR,6.7,False,True
2025,11,6,5,FLEX,9508,Tyjae Spears,RB,5.9,False,False
2025,11,6,6,REC_FLEX,7049,Jauan Jennings,WR,7.4,False,False
2025,11,6,7,SUPER_FLEX,7523,Trevor Lawrence,QB,15.02,False,False
2025,11,6,8,DEF,DEN,Denver Broncos,DEF,9.0,False,True
2025,11,7,0,QB,11563,Bo Nix,QB,12.6,False,True
2025,11,7,1,RB,4866,Saquon Barkley,RB,9.5,False,True
2025,11,7,2,RB,4034,Christian McCaffrey,RB,32.6,False,True
2025,11,7,3,WR,5872,Deebo Samuel,WR,17.2,False,True
2025,11,7,4,WR,5846,DK Metcalf,WR,7.4,False,True
2025,11,7,5,FLEX,6790,D'Andre Swift,RB,9.0,False,True
2025,11,7,6,REC_FLEX,11627,Troy Franklin,WR,10.4,False,False
2025,11,7,7,SUPER_FLEX,7591,Justin Fields,QB,19.34,False,False
2025,11,7,8,DEF,KC,Kansas City Chiefs,DEF,2.0,False,True
2025,11,8,0,QB,2307,Marcus Mariota,QB,15.42,False,True
2025,11,8,1,RB,12529,TreVeyon Henderson,RB,29.8,False,True
2025,11,8,2,RB,8408,Jordan Mason,RB,10.5,False,False
2025,11,8,3,WR,9756,Jordan Addison,WR,9.0,False,False
2025,11,8,4,WR,12526,Tetairoa McMillan,WR,29.0,False,True
2025,11,8,5,FLEX,6801,Tee Higgins,WR,13.8,False,True
2025,11,8,6,REC_FLEX,4217,George Kittle,TE,24.7,False,True
2025,11,8,7,SUPER_FLEX,9228,Bryce Young,QB,31.82,False,True
2025,11,8,8,DEF,LAR,Los Angeles Rams,DEF,9.0,False,True
2025,11,9,0,QB,6904,Jalen Hurts,QB,14.5,False,True
2025,11,9,1,RB,12489,RJ Harvey,RB,6.5,False,True
2025,11,9,2,RB,9753,Zach Charbonnet,RB,5.7,False,True
2025,11,9,3,WR,9493,Puka Nacua,WR,10.8,False,True
2025,11,9,4,WR,6794,Justin Jefferson,WR,8.6,False,True
2025,11,9,5,FLEX,11620,Rome Odunze,WR,5.1,False,True
2025,11,9,6,REC_FLEX,12493,Oronde Gadsden,TE,6.1,False,True
2025,11,9,7,SUPER_FLEX,12522,Cam Ward,QB,13.06,False,False
2025,11,9,8,DEF,PIT,Pittsburgh Steelers,DEF,22.0,False,True
2025,11,10,0,QB,421,Matthew Stafford,QB,13.2,False,True
2025,11,10,1,RB,9509,Bijan Robinson,RB,28.3,False,True
2025,11,10,2,RB,8150,Kyren Williams,RB,16.1,False,True
2025,11,10,3,WR,9487,Parker Washington,WR,3.0,False,True
2025,11,10,4,WR,12501,Matthew Golden,WR,2.9,False,False
2025,11,10,5,FLEX,1466,Travis Kelce,TE,24.1,False,True
2025,11,10,6,REC_FLEX,1339,Zach Ertz,TE,8.2,False,True
2025,11,10,7,SUPER_FLEX,8132,Tyler Allgeier,RB,8.6,False,False
2025,11,10,8,DEF,PHI,Philadelphia Eagles,DEF,13.0,False,True
2025,11,11,0,QB,96,Aaron Rodgers,QB,9.44,False,True
2025,11,11,1,RB,9226,De'Von Achane,RB,19.0,False,True
2025,11,11,2,RB,7543,Travis Etienne,RB,19.3,False,True
2025,11,11,3,WR,9997,Zay Flowers,WR,9.8,False,True
2025,11,11,4,WR,8167,Christian Watson,WR,18.6,False,False
2025,11,11,5,FLEX,6130,Devin Singletary,RB,17.2,False,False
2025,11,11,6,REC_FLEX,7525,DeVonta Smith,WR,1.3,False,True
2025,11,11,7,SUPER_FLEX,4046,Patrick Mahomes,QB,13.34,False,True
2025,11,11,8,DEF,GB,Green Bay Packers,DEF,8.0,False,True
2025,11,12,0,QB,4943,Sam Darnold,QB,4.26,False,True
2025,11,12,1,RB,5892,David Montgomery,RB,4.2,False,True
2025,11,12,2,RB,8155,Breece Hall,RB,7.4,False,True
2025,11,12,3,WR,7547,Amon-Ra St. Brown,WR,5.2,False,True
2025,11,12,4,WR,7569,Nico Collins,WR,19.7,False,True
2025,11,12,5,FLEX,8126,Wan'Dale Robinson,WR,5.6,False,True
2025,11,12,6,REC_FLEX,8111,Cade Otton,TE,4.8,False,True
2025,11,12,7,SUPER_FLEX,7585,Davis Mills,QB,16.36,False,False
2025,11,12,8,DEF,CLE,Cleveland Browns,DEF,16.0,False,False
2025,12,1,0,QB,3257,Jacoby Brissett,QB,18.68,False,True
2025,12,1,1,RB,8151,Kenneth Walker,RB,11.6,False,True
2025,12,1,2,RB,12534,Kyle Monangai,RB,10.8,False,False
2025,12,1,3,WR,8137,George Pickens,WR,25.1,False,True
2025,12,1,4,WR,5859,A.J. Brown,WR,21.0,False,True
2025,12,1,5,FLEX,3214,Hunter Henry,TE,24.5,False,True
2025,12,1,6,REC_FLEX,8130,Trey McBride,TE,16.9,False,True
2025,12,1,7,SUPER_FLEX,10232,Michael Wilson,WR,16.8,False,False
2025,12,1,8,DEF,BAL,Baltimore Ravens,DEF,13.0,False,True
2025,12,2,0,QB,11564,Drake Maye,QB,15.96,False,True
2025,12,2,1,RB,3198,Derrick Henry,RB,21.8,False,True
2025,12,2,2,RB,8228,Jaylen Warren,RB,12.8,False,True
2025,12,2,3,WR,8144,Chris Olave,WR,11.5,False,True
2025,12,2,4,WR,6786,CeeDee Lamb,WR,9.5,False,True
2025,12,2,5,FLEX,4098,Kareem Hunt,RB,18.5,False,False
2025,12,2,6,REC_FLEX,11604,Brock Bowers,TE,11.5,False,True
2025,12,2,7,SUPER_FLEX,3294,Dak Prescott,QB,27.06,False,True
2025,12,2,8,DEF,HOU,Houston Texans,DEF,17.0,False,False
2025,12,3,0,QB,4881,Lamar Jackson,QB,7.22,False,True
2025,12,3,1,RB,4199,Aaron Jones,RB,7.2,False,True
2025,12,3,2,RB,11435,Emanuel Wilson,RB,25.5,False,True
2025,12,3,3,WR,2133,Davante Adams,WR,20.7,False,True
2025,12,3,4,WR,4037,Chris Godwin,WR,1.9,False,True
2025,12,3,5,FLEX,7567,Kenny Gainwell,RB,15.2,False,True
2025,12,3,6,REC_FLEX,8110,Jake Ferguson,TE,11.1,False,True
2025,12,3,7,SUPER_FLEX,11655,Tyrone Tracy,RB,14.5,False,False
2025,12,3,8,DEF,BUF,Buffalo Bills,DEF,6.0,False,True
2025,12,4,0,QB,12524,Shedeur Sanders,QB,10.26,False,True
2025,12,4,1,RB,8138,James Cook,RB,20.4,False,True
2025,12,4,2,RB,7588,Javonte Williams,RB,11.1,False,True
2025,12,4,3,WR,5970,Greg Dortch,WR,13.8,False,False
2025,12,4,4,WR,10226,Andrei Iosivas,WR,8.6,False,True
2025,12,4,5,FLEX,7607,Michael Carter,RB,7.3,False,False
2025,12,4,6,REC_FLEX,11597,Theo Johnson,TE,10.7,False,True
2025,12,4,7,SUPER_FLEX,7002,Juwan Johnson,TE,10.6,False,False
2025,12,4,8,DEF,SEA,Seattle Seahawks,DEF,6.0,False,True
2025,12,5,0,QB,3163,Jared Goff,QB,17.16,False,False
2025,12,5,1,RB,7021,Rico Dowdle,RB,9.4,False,True
2025,12,5,2,RB,9224,Chase Brown,RB,14.0,False,True
2025,12,5,3,WR,6819,Michael Pittman,WR,11.2,False,True
2025,12,5,4,WR,10213,Tre Tucker,WR,4.3,False,False
2025,12,5,5,FLEX,8122,Zonovan Knight,RB,11.2,False,True
2025,12,5,6,REC_FLEX,12485,Tez Johnson,WR,10.8,False,True
2025,12,5,7,SUPER_FLEX,12545,Tyler Shough,QB,7.92,False,True
2025,12,5,8,DEF,NO,New Orleans Saints,DEF,11.0,False,True
2025,12,6,0,QB,7523,Trevor Lawrence,QB,17.14,False,False
2025,12,6,1,RB,9221,Jahmyr Gibbs,RB,49.9,False,True
2025,12,6,2,RB,12527,Ashton Jeanty,RB,20.8,False,True
2025,12,6,3,WR,9488,Jaxon Smith-Njigba,WR,33.1,False,True
2025,12,6,4,WR,7049,Jauan Jennings,WR,12.6,False,True
2025,12,6,5,FLEX,9480,Brenton Strange,TE,14.3,False,False
2025,12,6,6,REC_FLEX,12518,Tyler Warren,TE,9.5,False,True
2025,12,6,7,SUPER_FLEX,19,Joe Flacco,QB,9.62,False,True
2025,12,6,8,DEF,JAX,Jacksonville Jaguars,DEF,10.0,False,True
2025,12,7,0,QB,827,Tyrod Taylor,QB,12.78,False,True
2025,12,7,1,RB,4866,Saquon Barkley,RB,8.9,False,True
2025,12,7,2,RB,4034,Christian McCaffrey,RB,23.7,False,True
2025,12,7,3,WR,8121,Romeo Doubs,WR,3.3,False,True
2025,12,7,4,WR,5846,DK Metcalf,WR,11.9,False,True
2025,12,7,5,FLEX,12517,Colston Loveland,TE,14.9,False,False
2025,12,7,6,REC_FLEX,5022,Dallas Goedert,TE,4.0,False,True
2025,12,7,7,SUPER_FLEX,2306,Jameis Winston,QB,31.74,False,True
2025,12,7,8,DEF,LV,Las Vegas Raiders,DEF,5.0,False,True
2025,12,8,0,QB,5870,Daniel Jones,QB,16.84,False,True
2025,12,8,1,RB,12529,TreVeyon Henderson,RB,9.6,False,True
2025,12,8,2,RB,12512,Quinshon Judkins,RB,16.7,False,True
2025,12,8,3,WR,10229,Rashee Rice,WR,20.1,False,True
2025,12,8,4,WR,12526,Tetairoa McMillan,WR,10.5,False,True
2025,12,8,5,FLEX,12506,Harold Fannin,TE,8.4,False,False
2025,12,8,6,REC_FLEX,4217,George Kittle,TE,13.8,False,True
2025,12,8,7,SUPER_FLEX,9228,Bryce Young,QB,8.26,False,True
2025,12,8,8,DEF,LAR,Los Angeles Rams,DEF,22.0,False,True
2025,12,9,0,QB,6904,Jalen Hurts,QB,30.86,False,True
2025,12,9,1,RB,6813,Jonathan Taylor,RB,7.6,False,True
2025,12,9,2,RB,9753,Zach Charbonnet,RB,9.5,False,True
2025,12,9,3,WR,9493,Puka Nacua,WR,13.2,False,True
2025,12,9,4,WR,6794,Justin Jefferson,WR,6.8,False,True
2025,12,9,5,FLEX,11620,Rome Odunze,WR,6.8,False,True
2025,12,9,6,REC_FLEX,7090,Darnell Mooney,WR,14.9,False,True
2025,12,9,7,SUPER_FLEX,12522,Cam Ward,QB,23.94,False,False
2025,12,9,8,DEF,PIT,Pittsburgh Steelers,DEF,10.0,False,True
2025,12,10,0,QB,421,Matthew Stafford,QB,22.92,False,True
2025,12,10,1,RB,9509,Bijan Robinson,RB,13.7,False,True
2025,12,10,2,RB,8150,Kyren Williams,RB,5.3,False,True
2025,12,10,3,WR,9487,Parker Washington,WR,15.6,False,True
2025,12,10,4,WR,11626,Xavier Legette,WR,3.7,False,True
2025,12,10,5,FLEX,8132,Tyler Allgeier,RB,5.4,False,False
2025,12,10,6,REC_FLEX,1466,Travis Kelce,TE,8.4,False,True
2025,12,10,7,SUPER_FLEX,7594,Chuba Hubbard,RB,6.3,False,False
2025,12,10,8,DEF,PHI,Philadelphia Eagles,DEF,7.0,False,True
2025,12,11,0,QB,1166,Kirk Cousins,QB,14.46,False,True
2025,12,11,1,RB,6130,Devin Singletary,RB,4.7,False,True
2025,12,11,2,RB,7543,Travis Etienne,RB,19.1,False,True
2025,12,11,3,WR,9997,Zay Flowers,WR,9.4,False,True
2025,12,11,4,WR,8167,Christian Watson,WR,7.4,False,True
2025,12,11,5,FLEX,8134,Khalil Shakir,WR,13.0,False,False
2025,12,11,6,REC_FLEX,7525,DeVonta Smith,WR,11.9,False,True
2025,12,11,7,SUPER_FLEX,4046,Patrick Mahomes,QB,17.08,False,True
2025,12,11,8,DEF,GB,Green Bay Packers,DEF,18.0,False,True
2025,12,12,0,QB,4943,Sam Darnold,QB,17.66,False,True
2025,12,12,1,RB,5892,David Montgomery,RB,5.2,False,True
2025,12,12,2,RB,8155,Breece Hall,RB,11.9,False,True
2025,12,12,3,WR,7547,Amon-Ra St. Brown,WR,25.4,False,True
2025,12,12,4,WR,5947,Jakobi Meyers,WR,13.0,False,False
2025,12,12,5,FLEX,8126,Wan'Dale Robinson,WR,26.1,False,True
2025,12,12,6,REC_FLEX,11624,Xavier Worthy,WR,7.9,False,True
2025,12,12,7,SUPER_FLEX,7585,Davis Mills,QB,14.52,False,True
2025,12,12,8,DEF,CLE,Cleveland Browns,DEF,18.0,False,True
2025,13,1,0,QB,3257,Jacoby Brissett,QB,19.64,False,True
2025,13,1,1,RB,8151,Kenneth Walker,RB,8.9,False,True
2025,13,1,2,RB,12534,Kyle Monangai,RB,19.0,False,False
2025,13,1,3,WR,8137,George Pickens,WR,13.8,False,True
2025,13,1,4,WR,5859,A.J. Brown,WR,30.2,False,True
2025,13,1,5,FLEX,3214,Hunter Henry,TE,11.3,False,False
2025,13,1,6,REC_FLEX,8130,Trey McBride,TE,22.2,False,True
2025,13,1,7,SUPER_FLEX,4984,Josh Allen,QB,16.72,False,True
2025,13,1,8,DEF,MIA,Miami Dolphins,DEF,10.0,False,True
2025,13,2,0,QB,11564,Drake Maye,QB,20.48,False,True
2025,13,2,1,RB,3198,Derrick Henry,RB,16.9,False,True
2025,13,2,2,RB,11586,Blake Corum,RB,14.1,False,False
2025,13,2,3,WR,5927,Terry McLaurin,WR,19.1,False,False
2025,13,2,4,WR,6786,CeeDee Lamb,WR,20.7,False,True
2025,13,2,5,FLEX,11647,Kimani Vidal,RB,20.2,False,False
2025,13,2,6,REC_FLEX,11604,Brock Bowers,TE,22.3,False,True
2025,13,2,7,SUPER_FLEX,3294,Dak Prescott,QB,20.6,False,True
2025,13,2,8,DEF,HOU,Houston Texans,DEF,4.0,False,True
2025,13,3,0,QB,6797,Justin Herbert,QB,12.84,False,True
2025,13,3,1,RB,7567,Kenny Gainwell,RB,5.5,False,True
2025,13,3,2,RB,5850,Josh Jacobs,RB,9.6,False,True
2025,13,3,3,WR,2133,Davante Adams,WR,19.8,False,True
2025,13,3,4,WR,11635,Ladd McConkey,WR,11.9,False,True
2025,13,3,5,FLEX,5045,Courtland Sutton,WR,14.7,False,True
2025,13,3,6,REC_FLEX,8148,Jameson Williams,WR,23.4,False,False
2025,13,3,7,SUPER_FLEX,4037,Chris Godwin,WR,9.3,False,False
2025,13,3,8,DEF,BUF,Buffalo Bills,DEF,16.0,False,False
2025,13,4,0,QB,4892,Baker Mayfield,QB,14.46,False,True
2025,13,4,1,RB,8138,James Cook,RB,17.2,False,True
2025,13,4,2,RB,7588,Javonte Williams,RB,15.5,False,True
2025,13,4,3,WR,7564,Ja'Marr Chase,WR,14.5,False,True
2025,13,4,4,WR,12514,Emeka Egbuka,WR,6.2,False,True
2025,13,4,5,FLEX,11597,Theo Johnson,TE,5.9,False,True
2025,13,4,6,REC_FLEX,7002,Juwan Johnson,TE,8.9,False,True
2025,13,4,7,SUPER_FLEX,12524,Shedeur Sanders,QB,10.56,False,False
2025,13,4,8,DEF,SEA,Seattle Seahawks,DEF,31.0,False,True
2025,13,5,0,QB,8183,Brock Purdy,QB,17.12,False,True
2025,13,5,1,RB,7021,Rico Dowdle,RB,8.9,False,True
2025,13,5,2,RB,9224,Chase Brown,RB,14.8,False,True
2025,13,5,3,WR,11628,Marvin Harrison,WR,9.9,False,True
2025,13,5,4,WR,1479,Keenan Allen,WR,5.0,False,False
2025,13,5,5,FLEX,8122,Zonovan Knight,RB,15.3,False,True
2025,13,5,6,REC_FLEX,2505,Darren Waller,TE,6.7,False,False
2025,13,5,7,SUPER_FLEX,3163,Jared Goff,QB,20.64,False,False
2025,13,5,8,DEF,NO,New Orleans Saints,DEF,7.0,False,True
2025,13,6,0,QB,6804,Jordan Love,QB,25.76,False,True
2025,13,6,1,RB,9221,Jahmyr Gibbs,RB,10.1,False,True
2025,13,6,2,RB,12527,Ashton Jeanty,RB,9.1,False,True
2025,13,6,3,WR,7049,Jauan Jennings,WR,11.9,False,False
2025,13,6,4,WR,7526,Jaylen Waddle,WR,5.5,False,True
2025,13,6,5,FLEX,9480,Brenton Strange,TE,13.5,False,True
2025,13,6,6,REC_FLEX,7553,Kyle Pitts,TE,15.2,False,False
2025,13,6,7,SUPER_FLEX,7523,Trevor Lawrence,QB,21.66,False,True
2025,13,6,8,DEF,JAX,Jacksonville Jaguars,DEF,17.0,False,True
2025,13,7,0,QB,11563,Bo Nix,QB,16.44,False,True
2025,13,7,1,RB,4866,Saquon Barkley,RB,5.6,False,True
2025,13,7,2,RB,4034,Christian McCaffrey,RB,15.4,False,True
2025,13,7,3,WR,5872,Deebo Samuel,WR,8.6,False,False
2025,13,7,4,WR,5846,DK Metcalf,WR,4.7,False,True
2025,13,7,5,FLEX,6790,D'Andre Swift,RB,20.3,False,True
2025,13,7,6,REC_FLEX,12517,Colston Loveland,TE,5.8,False,False
2025,13,7,7,SUPER_FLEX,827,Tyrod Taylor,QB,21.28,False,False
2025,13,7,8,DEF,SF,San Francisco 49ers,DEF,15.0,False,True
2025,13,8,0,QB,9228,Bryce Young,QB,22.54,False,False
2025,13,8,1,RB,11584,Bucky Irving,RB,15.1,False,True
2025,13,8,2,RB,12512,Quinshon Judkins,RB,14.4,False,True
2025,13,8,3,WR,10229,Rashee Rice,WR,25.4,False,True
2025,13,8,4,WR,12526,Tetairoa McMillan,WR,10.8,False,True
2025,13,8,5,FLEX,12506,Harold Fannin,TE,11.3,False,False
2025,13,8,6,REC_FLEX,4217,George Kittle,TE,10.7,False,True
2025,13,8,7,SUPER_FLEX,2307,Marcus Mariota,QB,23.26,False,True
2025,13,8,8,DEF,IND,Indianapolis Colts,DEF,7.0,False,False
2025,13,9,0,QB,6904,Jalen Hurts,QB,16.3,False,True
2025,13,9,1,RB,6813,Jonathan Taylor,RB,13.6,False,True
2025,13,9,2,RB,12489,RJ Harvey,RB,19.7,False,True
2025,13,9,3,WR,9493,Puka Nacua,WR,10.2,False,True
2025,13,9,4,WR,7090,Darnell Mooney,WR,3.5,False,False
2025,13,9,5,FLEX,9753,Zach Charbonnet,RB,11.2,False,False
2025,13,9,6,REC_FLEX,12493,Oronde Gadsden,TE,3.7,False,True
2025,13,9,7,SUPER_FLEX,10219,Chris Rodriguez,RB,10.1,False,False
2025,13,9,8,DEF,PIT,Pittsburgh Steelers,DEF,5.0,False,True
2025,13,10,0,QB,421,Matthew Stafford,QB,11.62,False,True
2025,13,10,1,RB,9509,Bijan Robinson,RB,27.8,False,True
2025,13,10,2,RB,8150,Kyren Williams,RB,13.2,False,True
2025,13,10,3,WR,9754,Quentin Johnston,WR,9.8,False,True
2025,13,10,4,WR,8142,Alec Pierce,WR,15.8,False,True
2025,13,10,5,FLEX,1466,Travis Kelce,TE,15.5,False,True
2025,13,10,6,REC_FLEX,1339,Zach Ertz,TE,20.6,False,False
2025,13,10,7,SUPER_FLEX,7594,Chuba Hubbard,RB,19.4,False,False
2025,13,10,8,DEF,PHI,Philadelphia Eagles,DEF,6.0,False,True
2025,13,11,0,QB,6770,Joe Burrow,QB,19.24,False,True
2025,13,11,1,RB,9226,De'Von Achane,RB,19.4,False,True
2025,13,11,2,RB,12476,Devin Neal,RB,8.4,False,False
2025,13,11,3,WR,9504,Kayshon Boutte,WR,11.5,False,False
2025,13,11,4,WR,7525,DeVonta Smith,WR,7.3,False,True
2025,13,11,5,FLEX,6130,Devin Singletary,RB,17.7,False,False
2025,13,11,6,REC_FLEX,8167,Christian Watson,WR,16.3,False,True
2025,13,11,7,SUPER_FLEX,4046,Patrick Mahomes,QB,29.44,False,True
2025,13,11,8,DEF,GB,Green Bay Packers,DEF,5.0,False,True
2025,13,12,0,QB,9758,C.J. Stroud,QB,9.04,False,True
2025,13,12,1,RB,5892,David Montgomery,RB,11.8,False,True
2025,13,12,2,RB,8155,Breece Hall,RB,14.6,False,True
2025,13,12,3,WR,5947,Jakobi Meyers,WR,18.3,False,False
2025,13,12,4,WR,7569,Nico Collins,WR,19.0,False,True
2025,13,12,5,FLEX,8126,Wan'Dale Robinson,WR,6.9,False,True
2025,13,12,6,REC_FLEX,11624,Xavier Worthy,WR,9.4,False,False
2025,13,12,7,SUPER_FLEX,8205,Isiah Pacheco,RB,4.3,False,False
2025,13,12,8,DEF,CLE,Cleveland Browns,DEF,1.0,False,True
2025,14,1,0,QB,4984,Josh Allen,QB,37.84,False,True
2025,14,1,1,RB,12534,Kyle Monangai,RB,8.2,False,False
2025,14,1,2,RB,12474,Woody Marks,RB,14.6,False,True
2025,14,1,3,WR,12519,Luther Burden,WR,9.0,False,False
2025,14,1,4,WR,5859,A.J. Brown,WR,13.0,False,True
2025,14,1,5,FLEX,10232,Michael Wilson,WR,31.7,False,True
2025,14,1,6,REC_FLEX,8130,Trey McBride,TE,10.8,False,True
2025,14,1,7,SUPER_FLEX,3257,Jacoby Brissett,QB,19.04,False,True
2025,14,1,8,DEF,KC,Kansas City Chiefs,DEF,4.0,False,True
2025,14,2,0,QB,3294,Dak Prescott,QB,18.44,False,True
2025,14,2,1,RB,3198,Derrick Henry,RB,10.7,False,True
2025,14,2,2,RB,8228,Jaylen Warren,RB,13.7,False,True
2025,14,2,3,WR,6786,CeeDee Lamb,WR,15.1,False,True
2025,14,2,4,WR,5927,Terry McLaurin,WR,5.6,False,True
2025,14,2,5,FLEX,11586,Blake Corum,RB,25.6,False,False
2025,14,2,6,REC_FLEX,11604,Brock Bowers,TE,14.6,False,True
2025,14,2,7,SUPER_FLEX,11647,Kimani Vidal,RB,10.9,False,False
2025,14,2,8,DEF,HOU,Houston Texans,DEF,14.0,False,True
2025,14,3,0,QB,4881,Lamar Jackson,QB,21.06,False,True
2025,14,3,1,RB,7567,Kenny Gainwell,RB,13.2,False,True
2025,14,3,2,RB,5850,Josh Jacobs,RB,16.2,False,True
2025,14,3,3,WR,4037,Chris Godwin,WR,8.0,False,False
2025,14,3,4,WR,5045,Courtland Sutton,WR,9.2,False,True
2025,14,3,5,FLEX,8148,Jameson Williams,WR,13.8,False,True
2025,14,3,6,REC_FLEX,8110,Jake Ferguson,TE,10.8,False,True
2025,14,3,7,SUPER_FLEX,6797,Justin Herbert,QB,12.16,False,True
2025,14,3,8,DEF,LAC,Los Angeles Chargers,DEF,13.0,False,True
2025,14,4,0,QB,4892,Baker Mayfield,QB,11.08,False,True
2025,14,4,1,RB,8138,James Cook,RB,10.1,False,True
2025,14,4,2,RB,7588,Javonte Williams,RB,13.7,False,True
2025,14,4,3,WR,7564,Ja'Marr Chase,WR,7.7,False,True
2025,14,4,4,WR,12535,Isaac TeSlaa,WR,9.0,False,True
2025,14,4,5,FLEX,5967,Tony Pollard,RB,28.1,False,False
2025,14,4,6,REC_FLEX,10236,Dalton Kincaid,TE,14.1,False,False
2025,14,4,7,SUPER_FLEX,12524,Shedeur Sanders,QB,33.46,False,True
2025,14,4,8,DEF,SEA,Seattle Seahawks,DEF,20.0,False,True
2025,14,5,0,QB,3163,Jared Goff,QB,16.16,False,True
2025,14,5,1,RB,8122,Zonovan Knight,RB,4.9,False,True
2025,14,5,2,RB,9224,Chase Brown,RB,17.0,False,True
2025,14,5,3,WR,6819,Michael Pittman,WR,12.4,False,True
2025,14,5,4,WR,1479,Keenan Allen,WR,3.7,False,False
2025,14,5,5,FLEX,12507,Omarion Hampton,RB,13.7,False,True
2025,14,5,6,REC_FLEX,2505,Darren Waller,TE,2.7,False,True
2025,14,5,7,SUPER_FLEX,12545,Tyler Shough,QB,21.26,False,True
2025,14,5,8,DEF,TB,Tampa Bay Buccaneers,DEF,6.0,False,True
2025,14,6,0,QB,6804,Jordan Love,QB,19.26,False,True
2025,14,6,1,RB,9221,Jahmyr Gibbs,RB,33.5,False,True
2025,14,6,2,RB,9508,Tyjae Spears,RB,5.7,False,False
2025,14,6,3,WR,9488,Jaxon Smith-Njigba,WR,24.6,False,True
2025,14,6,4,WR,7526,Jaylen Waddle,WR,15.6,False,True
2025,14,6,5,FLEX,7553,Kyle Pitts,TE,15.0,False,True
2025,14,6,6,REC_FLEX,9480,Brenton Strange,TE,5.7,False,False
2025,14,6,7,SUPER_FLEX,7523,Trevor Lawrence,QB,19.36,False,True
2025,14,6,8,DEF,DEN,Denver Broncos,DEF,13.0,False,True
2025,14,7,0,QB,11563,Bo Nix,QB,15.98,False,True
2025,14,7,1,RB,4866,Saquon Barkley,RB,18.2,False,True
2025,14,7,2,RB,6790,D'Andre Swift,RB,9.7,False,True
2025,14,7,3,WR,5872,Deebo Samuel,WR,4.7,False,True
2025,14,7,4,WR,5846,DK Metcalf,WR,18.3,False,True
2025,14,7,5,FLEX,12517,Colston Loveland,TE,12.9,False,False
2025,14,7,6,REC_FLEX,5022,Dallas Goedert,TE,15.8,False,False
2025,14,7,7,SUPER_FLEX,6768,Tua Tagovailoa,QB,9.08,False,False
2025,14,7,8,DEF,BAL,Baltimore Ravens,DEF,0.0,False,True
2025,14,8,0,QB,5870,Daniel Jones,QB,0.8,False,True
2025,14,8,1,RB,11584,Bucky Irving,RB,15.1,False,True
2025,14,8,2,RB,12512,Quinshon Judkins,RB,8.9,False,True
2025,14,8,3,WR,10229,Rashee Rice,WR,5.4,False,True
2025,14,8,4,WR,6801,Tee Higgins,WR,24.2,False,True
2025,14,8,5,FLEX,11834,Devaughn Vele,WR,5.5,False,False
2025,14,8,6,REC_FLEX,12506,Harold Fannin,TE,25.4,False,True
2025,14,8,7,SUPER_FLEX,11566,Jayden Daniels,QB,2.72,False,True
2025,14,8,8,DEF,LAR,Los Angeles Rams,DEF,7.0,False,True
2025,14,9,0,QB,12522,Cam Ward,QB,11.08,False,False
2025,14,9,1,RB,6813,Jonathan Taylor,RB,11.4,False,True
2025,14,9,2,RB,12489,RJ Harvey,RB,19.0,False,True
2025,14,9,3,WR,9493,Puka Nacua,WR,32.2,False,True
2025,14,9,4,WR,6794,Justin Jefferson,WR,2.1,False,True
2025,14,9,5,FLEX,8408,Jordan Mason,RB,11.2,False,False
2025,14,9,6,REC_FLEX,12498,Mason Taylor,TE,10.1,False,True
2025,14,9,7,SUPER_FLEX,11560,Caleb Williams,QB,14.94,False,True
2025,14,9,8,DEF,PIT,Pittsburgh Steelers,DEF,5.0,False,True
2025,14,10,0,QB,421,Matthew Stafford,QB,23.24,False,True
2025,14,10,1,RB,9509,Bijan Robinson,RB,8.4,False,True
2025,14,10,2,RB,8150,Kyren Williams,RB,16.7,False,True
2025,14,10,3,WR,11631,Brian Thomas,WR,10.2,False,True
2025,14,10,4,WR,8142,Alec Pierce,WR,10.5,False,True
2025,14,10,5,FLEX,8132,Tyler Allgeier,RB,7.7,False,False
2025,14,10,6,REC_FLEX,1339,Zach Ertz,TE,2.1,False,True
2025,14,10,7,SUPER_FLEX,11565,J.J. McCarthy,QB,20.42,False,True
2025,14,10,8,DEF,PHI,Philadelphia Eagles,DEF,13.0,False,True
2025,14,11,0,QB,6770,Joe Burrow,QB,23.36,False,True
2025,14,11,1,RB,9226,De'Von Achane,RB,17.0,False,True
2025,14,11,2,RB,7543,Travis Etienne,RB,20.7,False,True
2025,14,11,3,WR,9997,Zay Flowers,WR,16.6,False,True
2025,14,11,4,WR,8134,Khalil Shakir,WR,8.6,False,False
2025,14,11,5,FLEX,12476,Devin Neal,RB,14.9,False,True
2025,14,11,6,REC_FLEX,8167,Christian Watson,WR,22.9,False,True
2025,14,11,7,SUPER_FLEX,96,Aaron Rodgers,QB,20.96,False,False
2025,14,11,8,DEF,WAS,Washington Commanders,DEF,3.0,False,True
2025,14,12,0,QB,4943,Sam Darnold,QB,22.26,False,True
2025,14,12,1,RB,5892,David Montgomery,RB,13.8,False,True
2025,14,12,2,RB,8155,Breece Hall,RB,4.3,False,True
2025,14,12,3,WR,8676,Rashid Shaheed,WR,14.7,False,False
2025,14,12,4,WR,7569,Nico Collins,WR,14.1,False,True
2025,14,12,5,FLEX,5947,Jakobi Meyers,WR,12.8,False,True
2025,14,12,6,REC_FLEX,7547,Amon-Ra St. Brown,WR,12.2,False,False
2025,14,12,7,SUPER_FLEX,9758,C.J. Stroud,QB,12.62,False,True
2025,14,12,8,DEF,CLE,Cleveland Browns,DEF,2.0,False,True
2025,15,1,0,QB,4984,Josh Allen,QB,24.52,False,True
2025,15,1,1,RB,12534,Kyle Monangai,RB,3.3,False,False
2025,15,1,2,RB,12474,Woody Marks,RB,10.3,False,True
2025,15,1,3,WR,10232,Michael Wilson,WR,13.9,False,True
2025,15,1,4,WR,5859,A.J. Brown,WR,11.1,False,True
2025,15,1,5,FLEX,8137,George Pickens,WR,4.8,False,True
2025,15,1,6,REC_FLEX,8130,Trey McBride,TE,37.4,False,True
2025,15,1,7,SUPER_FLEX,3257,Jacoby Brissett,QB,20.56,False,True
2025,15,1,8,DEF,CHI,Chicago Bears,DEF,19.0,False,True
2025,15,2,0,QB,3294,Dak Prescott,QB,11.96,False,True
2025,15,2,1,RB,3198,Derrick Henry,RB,10.0,False,True
2025,15,2,2,RB,11586,Blake Corum,RB,13.1,False,False
2025,15,2,3,WR,6786,CeeDee Lamb,WR,14.1,False,True
2025,15,2,4,WR,8144,Chris Olave,WR,17.5,False,True
2025,15,2,5,FLEX,5927,Terry McLaurin,WR,14.4,False,True
2025,15,2,6,REC_FLEX,11604,Brock Bowers,TE,8.8,False,True
2025,15,2,7,SUPER_FLEX,11564,Drake Maye,QB,20.5,False,True
2025,15,2,8,DEF,HOU,Houston Texans,DEF,9.0,False,True
2025,15,3,0,QB,4881,Lamar Jackson,QB,14.6,False,True
2025,15,3,1,RB,7567,Kenny Gainwell,RB,16.1,False,True
2025,15,3,2,RB,5850,Josh Jacobs,RB,22.2,False,True
2025,15,3,3,WR,8148,Jameson Williams,WR,22.9,False,False
2025,15,3,4,WR,5045,Courtland Sutton,WR,20.8,False,True
2025,15,3,5,FLEX,11655,Tyrone Tracy,RB,23.2,False,False
2025,15,3,6,REC_FLEX,4037,Chris Godwin,WR,12.0,False,False
2025,15,3,7,SUPER_FLEX,6797,Justin Herbert,QB,10.4,False,True
2025,15,3,8,DEF,LAC,Los Angeles Chargers,DEF,13.0,False,True
2025,15,4,0,QB,4892,Baker Mayfield,QB,19.18,False,True
2025,15,4,1,RB,8138,James Cook,RB,30.1,False,True
2025,15,4,2,RB,7588,Javonte Williams,RB,15.1,False,True
2025,15,4,3,WR,7564,Ja'Marr Chase,WR,18.2,False,True
2025,15,4,4,WR,12514,Emeka Egbuka,WR,8.4,False,True
2025,15,4,5,FLEX,11597,Theo Johnson,TE,10.2,False,False
2025,15,4,6,REC_FLEX,5001,Dalton Schultz,TE,21.6,False,False
2025,15,4,7,SUPER_FLEX,5967,Tony Pollard,RB,17.7,False,False
2025,15,4,8,DEF,SEA,Seattle Seahawks,DEF,4.0,False,True
2025,15,5,0,QB,3163,Jared Goff,QB,25.52,False,False
2025,15,5,1,RB,12507,Omarion Hampton,RB,7.0,False,True
2025,15,5,2,RB,9224,Chase Brown,RB,12.5,False,True
2025,15,5,3,WR,11638,Ricky Pearsall,WR,12.6,False,False
2025,15,5,4,WR,1479,Keenan Allen,WR,6.1,False,False
2025,15,5,5,FLEX,7021,Rico Dowdle,RB,11.9,False,True
2025,15,5,6,REC_FLEX,2505,Darren Waller,TE,25.6,False,True
2025,15,5,7,SUPER_FLEX,8183,Brock Purdy,QB,26.2,False,True
2025,15,5,8,DEF,TB,Tampa Bay Buccaneers,DEF,2.0,False,True
2025,15,6,0,QB,6804,Jordan Love,QB,13.94,False,True
2025,15,6,1,RB,9221,Jahmyr Gibbs,RB,7.8,False,True
2025,15,6,2,RB,12527,Ashton Jeanty,RB,6.2,False,True
2025,15,6,3,WR,9488,Jaxon Smith-Njigba,WR,14.8,False,True
2025,15,6,4,WR,7049,Jauan Jennings,WR,17.2,False,True
2025,15,6,5,FLEX,12533,Jacory Croskey-Merritt,RB,15.6,False,False
2025,15,6,6,REC_FLEX,7553,Kyle Pitts,TE,45.6,False,False
2025,15,6,7,SUPER_FLEX,7523,Trevor Lawrence,QB,44.3,False,True
2025,15,6,8,DEF,DEN,Denver Broncos,DEF,9.0,False,False
2025,15,7,0,QB,11563,Bo Nix,QB,29.08,False,True
2025,15,7,1,RB,4866,Saquon Barkley,RB,16.2,False,True
2025,15,7,2,RB,6790,D'Andre Swift,RB,22.1,False,True
2025,15,7,3,WR,11627,Troy Franklin,WR,17.8,False,True
2025,15,7,4,WR,11625,Adonai Mitchell,WR,14.4,False,True
2025,15,7,5,FLEX,4034,Christian McCaffrey,RB,15.2,False,False
2025,15,7,6,REC_FLEX,5022,Dallas Goedert,TE,25.0,False,False
2025,15,7,7,SUPER_FLEX,6768,Tua Tagovailoa,QB,16.22,False,False
2025,15,7,8,DEF,BAL,Baltimore Ravens,DEF,25.0,False,False
2025,15,8,0,QB,9228,Bryce Young,QB,15.42,False,True
2025,15,8,1,RB,11584,Bucky Irving,RB,7.6,False,True
2025,15,8,2,RB,12529,TreVeyon Henderson,RB,29.1,False,True
2025,15,8,3,WR,10229,Rashee Rice,WR,8.6,False,True
2025,15,8,4,WR,12526,Tetairoa McMillan,WR,3.5,False,True
2025,15,8,5,FLEX,12506,Harold Fannin,TE,12.0,False,False
2025,15,8,6,REC_FLEX,4217,George Kittle,TE,22.8,False,True
2025,15,8,7,SUPER_FLEX,2307,Marcus Mariota,QB,14.74,False,True
2025,15,8,8,DEF,JAX,Jacksonville Jaguars,DEF,12.0,False,True
2025,15,9,0,QB,6904,Jalen Hurts,QB,22.9,False,True
2025,15,9,1,RB,6813,Jonathan Taylor,RB,11.6,False,True
2025,15,9,2,RB,12489,RJ Harvey,RB,10.5,False,True
2025,15,9,3,WR,9493,Puka Nacua,WR,23.4,False,True
2025,15,9,4,WR,6794,Justin Jefferson,WR,3.2,False,True
2025,15,9,5,FLEX,7611,Rhamondre Stevenson,RB,9.2,False,False
2025,15,9,6,REC_FLEX,12493,Oronde Gadsden,TE,10.1,False,True
2025,15,9,7,SUPER_FLEX,1166,Kirk Cousins,QB,26.92,False,False
2025,15,9,8,DEF,PIT,Pittsburgh Steelers,DEF,7.0,False,True
2025,15,10,0,QB,421,Matthew Stafford,QB,20.92,False,True
2025,15,10,1,RB,9509,Bijan Robinson,RB,25.5,False,True
2025,15,10,2,RB,8150,Kyren Williams,RB,21.3,False,True
2025,15,10,3,WR,11631,Brian Thomas,WR,15.1,False,True
2025,15,10,4,WR,2216,Mike Evans,WR,16.2,False,False
2025,15,10,5,FLEX,1466,Travis Kelce,TE,14.0,False,True
2025,15,10,6,REC_FLEX,12501,Matthew Golden,WR,7.0,False,False
2025,15,10,7,SUPER_FLEX,11565,J.J. McCarthy,QB,23.5,False,True
2025,15,10,8,DEF,PHI,Philadelphia Eagles,DEF,17.0,False,True
2025,15,11,0,QB,96,Aaron Rodgers,QB,16.96,False,False
2025,15,11,1,RB,9226,De'Von Achane,RB,15.7,False,True
2025,15,11,2,RB,7543,Travis Etienne,RB,30.0,False,True
2025,15,11,3,WR,9997,Zay Flowers,WR,14.3,False,True
2025,15,11,4,WR,4983,DJ Moore,WR,20.9,False,False
2025,15,11,5,FLEX,12476,Devin Neal,RB,9.7,False,False
2025,15,11,6,REC_FLEX,8134,Khalil Shakir,WR,9.0,False,False
2025,15,11,7,SUPER_FLEX,4046,Patrick Mahomes,QB,13.06,False,True
2025,15,11,8,DEF,CAR,Carolina Panthers,DEF,7.0,False,True
2025,15,12,0,QB,4943,Sam Darnold,QB,11.34,False,True
2025,15,12,1,RB,5892,David Montgomery,RB,9.2,False,True
2025,15,12,2,RB,11571,Isaiah Davis,RB,13.0,False,False
2025,15,12,3,WR,8126,Wan'Dale Robinson,WR,13.9,False,True
2025,15,12,4,WR,7569,Nico Collins,WR,22.0,False,True
2025,15,12,5,FLEX,5947,Jakobi Meyers,WR,9.6,False,True
2025,15,12,6,REC_FLEX,7547,Amon-Ra St. Brown,WR,34.9,False,True
2025,15,12,7,SUPER_FLEX,9758,C.J. Stroud,QB,23.4,False,True
2025,15,12,8,DEF,CLE,Cleveland Browns,DEF,3.0,False,True
2025,16,1,0,QB,1373,Geno Smith,QB,14.04,False,False
2025,16,1,1,RB,8151,Kenneth Walker,RB,23.9,False,False
2025,16,1,2,RB,12534,Kyle Monangai,RB,10.8,False,True
2025,16,1,3,WR,8137,George Pickens,WR,22.5,False,True
2025,16,1,4,WR,5859,A.J. Brown,WR,14.0,False,True
2025,16,1,5,FLEX,3214,Hunter Henry,TE,15.5,False,False
2025,16,1,6,REC_FLEX,10232,Michael Wilson,WR,12.2,False,False
2025,16,1,7,SUPER_FLEX,3257,Jacoby Brissett,QB,10.62,False,True
2025,16,1,8,DEF,KC,Kansas City Chiefs,DEF,4.0,False,True
2025,16,2,0,QB,3294,Dak Prescott,QB,19.16,False,True
2025,16,2,1,RB,3198,Derrick Henry,RB,22.8,False,True
2025,16,2,2,RB,8228,Jaylen Warren,RB,28.1,False,True
2025,16,2,3,WR,2449,Stefon Diggs,WR,18.3,False,False
2025,16,2,4,WR,8144,Chris Olave,WR,31.8,False,True
2025,16,2,5,FLEX,11586,Blake Corum,RB,12.6,False,False
2025,16,2,6,REC_FLEX,11604,Brock Bowers,TE,14.3,False,True
2025,16,2,7,SUPER_FLEX,11564,Drake Maye,QB,23.7,False,True
2025,16,2,8,DEF,HOU,Houston Texans,DEF,11.0,False,True
2025,16,3,0,QB,6797,Justin Herbert,QB,30.2,False,True
2025,16,3,1,RB,11655,Tyrone Tracy,RB,8.8,False,True
2025,16,3,2,RB,4199,Aaron Jones,RB,10.3,False,False
2025,16,3,3,WR,11635,Ladd McConkey,WR,12.3,False,True
2025,16,3,4,WR,5045,Courtland Sutton,WR,17.6,False,True
2025,16,3,5,FLEX,7567,Kenny Gainwell,RB,21.3,False,False
2025,16,3,6,REC_FLEX,8148,Jameson Williams,WR,9.5,False,True
2025,16,3,7,SUPER_FLEX,11435,Emanuel Wilson,RB,8.2,False,False
2025,16,3,8,DEF,BUF,Buffalo Bills,DEF,9.0,False,True
2025,16,4,0,QB,4892,Baker Mayfield,QB,12.7,False,True
2025,16,4,1,RB,8138,James Cook,RB,25.9,False,True
2025,16,4,2,RB,5967,Tony Pollard,RB,10.2,False,False
2025,16,4,3,WR,7564,Ja'Marr Chase,WR,15.4,False,True
2025,16,4,4,WR,12514,Emeka Egbuka,WR,4.5,False,True
2025,16,4,5,FLEX,7002,Juwan Johnson,TE,16.9,False,True
2025,16,4,6,REC_FLEX,5001,Dalton Schultz,TE,14.5,False,False
2025,16,4,7,SUPER_FLEX,331,Philip Rivers,QB,17.08,False,True
2025,16,4,8,DEF,SEA,Seattle Seahawks,DEF,3.0,False,True
2025,16,5,0,QB,3163,Jared Goff,QB,26.46,False,False
2025,16,5,1,RB,12507,Omarion Hampton,RB,16.0,False,True
2025,16,5,2,RB,9224,Chase Brown,RB,30.9,False,True
2025,16,5,3,WR,6819,Michael Pittman,WR,5.2,False,True
2025,16,5,4,WR,1479,Keenan Allen,WR,6.9,False,False
2025,16,5,5,FLEX,7021,Rico Dowdle,RB,6.3,False,True
2025,16,5,6,REC_FLEX,2505,Darren Waller,TE,7.0,False,True
2025,16,5,7,SUPER_FLEX,8183,Brock Purdy,QB,30.9,False,True
2025,16,5,8,DEF,TB,Tampa Bay Buccaneers,DEF,2.0,False,True
2025,16,6,0,QB,7523,Trevor Lawrence,QB,31.16,False,True
2025,16,6,1,RB,9221,Jahmyr Gibbs,RB,17.8,False,True
2025,16,6,2,RB,12527,Ashton Jeanty,RB,31.3,False,True
2025,16,6,3,WR,9488,Jaxon Smith-Njigba,WR,19.6,False,True
2025,16,6,4,WR,7049,Jauan Jennings,WR,15.6,False,True
2025,16,6,5,FLEX,9480,Brenton Strange,TE,14.9,False,False
2025,16,6,6,REC_FLEX,7553,Kyle Pitts,TE,18.7,False,True
2025,16,6,7,SUPER_FLEX,9508,Tyjae Spears,RB,19.0,False,False
2025,16,6,8,DEF,NO,New Orleans Saints,DEF,21.0,False,True
2025,16,7,0,QB,11563,Bo Nix,QB,15.18,False,True
2025,16,7,1,RB,4866,Saquon Barkley,RB,21.2,False,True
2025,16,7,2,RB,6790,D'Andre Swift,RB,8.0,False,True
2025,16,7,3,WR,11627,Troy Franklin,WR,8.6,False,False
2025,16,7,4,WR,5846,DK Metcalf,WR,6.2,False,True
2025,16,7,5,FLEX,4034,Christian McCaffrey,RB,29.6,False,True
2025,16,7,6,REC_FLEX,5022,Dallas Goedert,TE,12.2,False,True
2025,16,7,7,SUPER_FLEX,12500,Quinn Ewers,QB,6.9,False,True
2025,16,7,8,DEF,SF,San Francisco 49ers,DEF,13.0,False,True
2025,16,8,0,QB,9228,Bryce Young,QB,17.64,False,True
2025,16,8,1,RB,11584,Bucky Irving,RB,7.1,False,True
2025,16,8,2,RB,12512,Quinshon Judkins,RB,7.6,False,True
2025,16,8,3,WR,6801,Tee Higgins,WR,12.8,False,True
2025,16,8,4,WR,12526,Tetairoa McMillan,WR,16.3,False,True
2025,16,8,5,FLEX,12506,Harold Fannin,TE,19.5,False,False
2025,16,8,6,REC_FLEX,4217,George Kittle,TE,24.5,False,True
2025,16,8,7,SUPER_FLEX,12540,Chimere Dike,WR,11.5,False,False
2025,16,8,8,DEF,MIN,Minnesota Vikings,DEF,13.0,False,True
2025,16,9,0,QB,6904,Jalen Hurts,QB,19.4,False,True
2025,16,9,1,RB,6813,Jonathan Taylor,RB,15.4,False,True
2025,16,9,2,RB,12489,RJ Harvey,RB,20.1,False,True
2025,16,9,3,WR,9493,Puka Nacua,WR,40.5,False,True
2025,16,9,4,WR,6794,Justin Jefferson,WR,11.5,False,True
2025,16,9,5,FLEX,7611,Rhamondre Stevenson,RB,16.8,False,False
2025,16,9,6,REC_FLEX,12493,Oronde Gadsden,TE,1.7,False,True
2025,16,9,7,SUPER_FLEX,11560,Caleb Williams,QB,21.0,False,True
2025,16,9,8,DEF,PIT,Pittsburgh Steelers,DEF,6.0,False,True
2025,16,10,0,QB,421,Matthew Stafford,QB,30.88,False,True
2025,16,10,1,RB,9509,Bijan Robinson,RB,26.3,False,True
2025,16,10,2,RB,8150,Kyren Williams,RB,10.0,False,True
2025,16,10,3,WR,9487,Parker Washington,WR,23.5,False,False
2025,16,10,4,WR,2216,Mike Evans,WR,11.6,False,True
2025,16,10,5,FLEX,9754,Quentin Johnston,WR,18.4,False,False
2025,16,10,6,REC_FLEX,8142,Alec Pierce,WR,22.6,False,False
2025,16,10,7,SUPER_FLEX,11565,J.J. McCarthy,QB,8.32,False,True
2025,16,10,8,DEF,PHI,Philadelphia Eagles,DEF,5.0,False,True
2025,16,11,0,QB,6770,Joe Burrow,QB,28.96,False,True
2025,16,11,1,RB,9226,De'Von Achane,RB,16.5,False,True
2025,16,11,2,RB,7543,Travis Etienne,RB,14.6,False,True
2025,16,11,3,WR,9997,Zay Flowers,WR,17.7,False,True
2025,16,11,4,WR,7525,DeVonta Smith,WR,13.2,False,True
2025,16,11,5,FLEX,4983,DJ Moore,WR,19.4,False,True
2025,16,11,6,REC_FLEX,8134,Khalil Shakir,WR,5.4,False,False
2025,16,11,7,SUPER_FLEX,96,Aaron Rodgers,QB,15.54,False,True
2025,16,11,8,DEF,ATL,Atlanta Falcons,DEF,5.0,False,True
2025,16,12,0,QB,4943,Sam Darnold,QB,19.5,False,True
2025,16,12,1,RB,8205,Isiah Pacheco,RB,10.5,False,False
2025,16,12,2,RB,8155,Breece Hall,RB,7.3,False,True
2025,16,12,3,WR,8676,Rashid Shaheed,WR,9.1,False,False
2025,16,12,4,WR,7569,Nico Collins,WR,7.9,False,True
2025,16,12,5,FLEX,11571,Isaiah Davis,RB,8.0,False,False
2025,16,12,6,REC_FLEX,7547,Amon-Ra St. Brown,WR,7.4,False,True
2025,16,12,7,SUPER_FLEX,9758,C.J. Stroud,QB,11.48,False,True
2025,16,12,8,DEF,CLE,Cleveland Browns,DEF,4.0,False,True
2025,17,1,0,QB,3257,Jacoby Brissett,QB,16.48,False,True
2025,17,1,1,RB,8151,Kenneth Walker,RB,6.7,False,True
2025,17,1,2,RB,12474,Woody Marks,RB,8.0,False,False
2025,17,1,3,WR,12484,Jayden Higgins,WR,15.8,False,False
2025,17,1,4,WR,10232,Michael Wilson,WR,17.4,False,False
2025,17,1,5,FLEX,3214,Hunter Henry,TE,13.9,False,False
2025,17,1,6,REC_FLEX,8130,Trey McBride,TE,23.6,False,True
2025,17,1,7,SUPER_FLEX,4984,Josh Allen,QB,23.18,False,True
2025,17,1,8,DEF,GB,Green Bay Packers,DEF,-3.0,False,True
2025,17,2,0,QB,3294,Dak Prescott,QB,22.68,False,True
2025,17,2,1,RB,3198,Derrick Henry,RB,45.6,False,True
2025,17,2,2,RB,8228,Jaylen Warren,RB,6.4,False,True
2025,17,2,3,WR,5927,Terry McLaurin,WR,8.8,False,True
2025,17,2,4,WR,2449,Stefon Diggs,WR,19.1,False,True
2025,17,2,5,FLEX,6865,Colby Parkinson,TE,11.3,False,False
2025,17,2,6,REC_FLEX,8144,Chris Olave,WR,21.9,False,True
2025,17,2,7,SUPER_FLEX,11564,Drake Maye,QB,32.44,False,True
2025,17,2,8,DEF,HOU,Houston Texans,DEF,8.0,False,True
2025,17,3,0,QB,6797,Justin Herbert,QB,15.14,False,True
2025,17,3,1,RB,11655,Tyrone Tracy,RB,6.2,False,True
2025,17,3,2,RB,7567,Kenny Gainwell,RB,5.3,False,False
2025,17,3,3,WR,4037,Chris Godwin,WR,20.3,False,False
2025,17,3,4,WR,5045,Courtland Sutton,WR,6.0,False,True
2025,17,3,5,FLEX,8148,Jameson Williams,WR,4.7,False,True
2025,17,3,6,REC_FLEX,8110,Jake Ferguson,TE,7.6,False,True
2025,17,3,7,SUPER_FLEX,4199,Aaron Jones,RB,13.8,False,False
2025,17,3,8,DEF,BUF,Buffalo Bills,DEF,5.0,False,True
2025,17,4,0,QB,4892,Baker Mayfield,QB,17.44,False,True
2025,17,4,1,RB,8138,James Cook,RB,8.2,False,True
2025,17,4,2,RB,7588,Javonte Williams,RB,11.4,False,True
2025,17,4,3,WR,7564,Ja'Marr Chase,WR,21.5,False,True
2025,17,4,4,WR,9756,Jordan Addison,WR,12.5,False,False
2025,17,4,5,FLEX,5967,Tony Pollard,RB,10.5,False,True
2025,17,4,6,REC_FLEX,7002,Juwan Johnson,TE,13.5,False,True
2025,17,4,7,SUPER_FLEX,12524,Shedeur Sanders,QB,9.44,False,False
2025,17,4,8,DEF,SEA,Seattle Seahawks,DEF,13.0,False,True
2025,17,5,0,QB,12508,Jaxson Dart,QB,25.08,False,True
2025,17,5,1,RB,12507,Omarion Hampton,RB,16.0,False,True
2025,17,5,2,RB,9224,Chase Brown,RB,27.6,False,True
2025,17,5,3,WR,6819,Michael Pittman,WR,2.6,False,True
2025,17,5,4,WR,6783,Jerry Jeudy,WR,7.9,False,False
2025,17,5,5,FLEX,7021,Rico Dowdle,RB,7.8,False,True
2025,17,5,6,REC_FLEX,11638,Ricky Pearsall,WR,11.0,False,False
2025,17,5,7,SUPER_FLEX,8183,Brock Purdy,QB,36.92,False,True
2025,17,5,8,DEF,TB,Tampa Bay Buccaneers,DEF,3.0,False,True
2025,17,6,0,QB,8161,Malik Willis,QB,31.52,False,True
2025,17,6,1,RB,12527,Ashton Jeanty,RB,8.3,False,True
2025,17,6,2,RB,12533,Jacory Croskey-Merritt,RB,22.5,False,True
2025,17,6,3,WR,9488,Jaxon Smith-Njigba,WR,11.7,False,True
2025,17,6,4,WR,7049,Jauan Jennings,WR,11.2,False,True
2025,17,6,5,FLEX,8698,Jake Tonges,TE,19.0,False,False
2025,17,6,6,REC_FLEX,9482,Michael Mayer,TE,17.9,False,False
2025,17,6,7,SUPER_FLEX,7523,Trevor Lawrence,QB,23.12,False,True
2025,17,6,8,DEF,DEN,Denver Broncos,DEF,6.0,False,True
2025,17,7,0,QB,11563,Bo Nix,QB,19.48,False,True
2025,17,7,1,RB,4034,Christian McCaffrey,RB,26.1,False,True
2025,17,7,2,RB,6790,D'Andre Swift,RB,20.9,False,True
2025,17,7,3,WR,5872,Deebo Samuel,WR,10.3,False,True
2025,17,7,4,WR,11627,Troy Franklin,WR,3.7,False,True
2025,17,7,5,FLEX,5022,Dallas Goedert,TE,9.8,False,False
2025,17,7,6,REC_FLEX,12517,Colston Loveland,TE,21.4,False,True
2025,17,7,7,SUPER_FLEX,12500,Quinn Ewers,QB,15.28,False,True
2025,17,7,8,DEF,DET,Detroit Lions,DEF,7.0,False,True
2025,17,8,0,QB,9228,Bryce Young,QB,8.86,False,True
2025,17,8,1,RB,11584,Bucky Irving,RB,5.8,False,True
2025,17,8,2,RB,12529,TreVeyon Henderson,RB,8.2,False,True
2025,17,8,3,WR,6801,Tee Higgins,WR,7.9,False,True
2025,17,8,4,WR,12540,Chimere Dike,WR,8.2,False,False
2025,17,8,5,FLEX,12506,Harold Fannin,TE,11.0,False,True
2025,17,8,6,REC_FLEX,11603,AJ Barner,TE,13.3,False,True
2025,17,8,7,SUPER_FLEX,8413,Chris Oladokun,QB,7.74,False,False
2025,17,8,8,DEF,MIN,Minnesota Vikings,DEF,21.0,False,False
2025,17,9,0,QB,12522,Cam Ward,QB,17.04,False,False
2025,17,9,1,RB,9753,Zach Charbonnet,RB,25.2,False,False
2025,17,9,2,RB,12489,RJ Harvey,RB,16.1,False,True
2025,17,9,3,WR,9493,Puka Nacua,WR,13.2,False,True
2025,17,9,4,WR,6794,Justin Jefferson,WR,5.0,False,True
2025,17,9,5,FLEX,7611,Rhamondre Stevenson,RB,24.7,False,False
2025,17,9,6,REC_FLEX,12493,Oronde Gadsden,TE,12.2,False,True
2025,17,9,7,SUPER_FLEX,11560,Caleb Williams,QB,23.0,False,True
2025,17,9,8,DEF,PIT,Pittsburgh Steelers,DEF,11.0,False,True
2025,17,10,0,QB,421,Matthew Stafford,QB,12.76,False,True
2025,17,10,1,RB,9509,Bijan Robinson,RB,37.4,False,True
2025,17,10,2,RB,8150,Kyren Williams,RB,14.5,False,True
2025,17,10,3,WR,11631,Brian Thomas,WR,5.9,False,True
2025,17,10,4,WR,2216,Mike Evans,WR,10.6,False,True
2025,17,10,5,FLEX,9754,Quentin Johnston,WR,12.3,False,True
2025,17,10,6,REC_FLEX,1466,Travis Kelce,TE,8.6,False,True
2025,17,10,7,SUPER_FLEX,9487,Parker Washington,WR,15.0,False,False
2025,17,10,8,DEF,PHI,Philadelphia Eagles,DEF,14.0,False,True
2025,17,11,0,QB,6770,Joe Burrow,QB,20.4,False,True
2025,17,11,1,RB,9226,De'Von Achane,RB,12.7,False,True
2025,17,11,2,RB,7543,Travis Etienne,RB,10.2,False,True
2025,17,11,3,WR,9997,Zay Flowers,WR,11.0,False,True
2025,17,11,4,WR,8134,Khalil Shakir,WR,6.5,False,False
2025,17,11,5,FLEX,6130,Devin Singletary,RB,15.0,False,False
2025,17,11,6,REC_FLEX,8167,Christian Watson,WR,19.8,False,True
2025,17,11,7,SUPER_FLEX,96,Aaron Rodgers,QB,7.32,False,True
2025,17,11,8,DEF,ATL,Atlanta Falcons,DEF,18.0,False,True
2025,17,12,0,QB,4943,Sam Darnold,QB,6.08,False,True
2025,17,12,1,RB,5892,David Montgomery,RB,5.0,False,True
2025,17,12,2,RB,8155,Breece Hall,RB,19.9,False,True
2025,17,12,3,WR,8126,Wan'Dale Robinson,WR,16.8,False,True
2025,17,12,4,WR,7569,Nico Collins,WR,7.2,False,True
2025,17,12,5,FLEX,8111,Cade Otton,TE,7.3,False,False
2025,17,12,6,REC_FLEX,7547,Amon-Ra St. Brown,WR,10.8,False,True
2025,17,12,7,SUPER_FLEX,9758,C.J. Stroud,QB,13.76,False,True
2025,17,12,8,DEF,CLE,Cleveland Browns,DEF,12.0,False,True
2026,1,1,0,QB,11564,Drake Maye,QB,9.82,False,True
2026,1,1,1,RB,8151,Kenneth Walker,RB,32.6,False,True
2026,1,1,2,RB,6790,D'Andre Swift,RB,31.9,False,True
2026,1,1,3,WR,12514,Emeka Egbuka,WR,8.8,False,True
2026,1,1,4,WR,8144,Chris Olave,WR,23.2,False,True
2026,1,1,5,FLEX,12533,Jacory Croskey-Merritt,RB,12.1,False,False
2026,1,1,6,REC_FLEX,8131,Isaiah Likely,TE,27.8,False,True
2026,1,1,7,SUPER_FLEX,12545,Tyler Shough,QB,23.2,False,True
2026,1,1,8,K,12711,Tyler Loop,K,14.0,False,True
2026,1,1,9,DEF,JAX,Jacksonville Jaguars,DEF,14.0,False,True
2026,1,2,0,QB,4984,Josh Allen,QB,35.66,False,True
2026,1,2,1,RB,3198,Derrick Henry,RB,34.8,False,True
2026,1,2,2,RB,8155,Breece Hall,RB,18.8,False,True
2026,1,2,3,WR,13296,Caleb Douglas,WR,11.9,False,False
2026,1,2,4,WR,10232,Michael Wilson,WR,8.1,False,True
2026,1,2,5,FLEX,7588,Javonte Williams,RB,21.7,False,True
2026,1,2,6,REC_FLEX,9484,Tucker Kraft,TE,9.5,False,True
2026,1,2,7,SUPER_FLEX,9758,C.J. Stroud,QB,16.46,False,True
2026,1,2,8,K,6083,Matt Gay,K,10.0,False,True
2026,1,2,9,DEF,GB,Green Bay Packers,DEF,1.0,False,True
2026,1,3,0,QB,11566,Jayden Daniels,QB,17.66,False,True
2026,1,3,1,RB,12481,Cam Skattebo,RB,14.1,False,True
2026,1,3,2,RB,12490,Bhayshul Tuten,RB,9.3,False,True
2026,1,3,3,WR,11631,Brian Thomas,WR,5.5,False,True
2026,1,3,4,WR,12526,Tetairoa McMillan,WR,8.0,False,True
2026,1,3,5,FLEX,13286,Jadarian Price,RB,6.8,False,False
2026,1,3,6,REC_FLEX,1466,Travis Kelce,TE,10.1,False,True
2026,1,3,7,SUPER_FLEX,6904,Jalen Hurts,QB,24.72,False,True
2026,1,3,8,K,11539,Jake Bates,K,7.0,False,True
2026,1,3,9,DEF,HOU,Houston Texans,DEF,-1.0,False,True
2026,1,4,0,QB,4892,Baker Mayfield,QB,11.64,False,True
2026,1,4,1,RB,9221,Jahmyr Gibbs,RB,31.1,False,True
2026,1,4,2,RB,5892,David Montgomery,RB,27.4,False,True
2026,1,4,3,WR,6819,Michael Pittman,WR,7.3,False,False
2026,1,4,4,WR,6801,Tee Higgins,WR,7.4,False,True
2026,1,4,5,FLEX,8130,Trey McBride,TE,24.5,False,True
2026,1,4,6,REC_FLEX,12483,Jack Bech,WR,9.8,False,False
2026,1,4,7,SUPER_FLEX,9486,Dontayvion Wicks,WR,14.3,False,False
2026,1,4,8,K,12015,Harrison Mevis,K,1.0,False,True
2026,1,4,9,DEF,PIT,Pittsburgh Steelers,DEF,18.0,False,True
2026,1,5,0,QB,6770,Joe Burrow,QB,14.16,False,True
2026,1,5,1,RB,12512,Quinshon Judkins,RB,6.0,False,True
2026,1,5,2,RB,12489,RJ Harvey,RB,6.1,False,True
2026,1,5,3,WR,7547,Amon-Ra St. Brown,WR,23.7,False,True
2026,1,5,4,WR,12501,Matthew Golden,WR,12.5,False,False
2026,1,5,5,FLEX,5022,Dallas Goedert,TE,23.7,False,True
2026,1,5,6,REC_FLEX,13285,Malachi Fields,WR,3.5,False,False
2026,1,5,7,SUPER_FLEX,12508,Jaxson Dart,QB,26.6,False,True
2026,1,5,8,K,8259,Cameron Dicker,K,2.0,False,True
2026,1,5,9,DEF,PHI,Philadelphia Eagles,DEF,3.0,False,True
2026,1,6,0,QB,7523,Trevor Lawrence,QB,26.1,False,True
2026,1,6,1,RB,4034,Christian McCaffrey,RB,11.3,False,True
2026,1,6,2,RB,12527,Ashton Jeanty,RB,29.7,False,True
2026,1,6,3,WR,8167,Christian Watson,WR,29.7,False,True
2026,1,6,4,WR,9997,Zay Flowers,WR,23.5,False,True
2026,1,6,5,FLEX,8408,Jordan Mason,RB,11.9,False,False
2026,1,6,6,REC_FLEX,2449,Stefon Diggs,WR,13.5,False,False
2026,1,6,7,SUPER_FLEX,3163,Jared Goff,QB,16.44,False,True
2026,1,6,8,K,11533,Brandon Aubrey,K,1.0,False,True
2026,1,6,9,DEF,DEN,Denver Broncos,DEF,4.0,False,True
2026,1,7,0,QB,3294,Dak Prescott,QB,14.4,False,True
2026,1,7,1,RB,11583,Jonathon Brooks,RB,6.7,False,False
2026,1,7,2,RB,7543,Travis Etienne,RB,11.3,False,True
2026,1,7,3,WR,9493,Puka Nacua,WR,9.9,False,True
2026,1,7,4,WR,2216,Mike Evans,WR,13.9,False,True
2026,1,7,5,FLEX,11646,Jalen Coker,WR,29.8,False,False
2026,1,7,6,REC_FLEX,6786,CeeDee Lamb,WR,12.9,False,True
2026,1,7,7,SUPER_FLEX,1166,Kirk Cousins,QB,13.8,False,False
2026,1,7,8,K,7839,Evan McPherson,K,19.0,False,True
2026,1,7,9,DEF,LAC,Los Angeles Chargers,DEF,1.0,False,True
2026,1,8,0,QB,8183,Brock Purdy,QB,21.1,False,True
2026,1,8,1,RB,12534,Kyle Monangai,RB,19.4,False,False
2026,1,8,2,RB,4866,Saquon Barkley,RB,8.5,False,True
2026,1,8,3,WR,10229,Rashee Rice,WR,8.9,False,True
2026,1,8,4,WR,11635,Ladd McConkey,WR,16.7,False,True
2026,1,8,5,FLEX,10236,Dalton Kincaid,TE,18.0,False,False
2026,1,8,6,REC_FLEX,7002,Juwan Johnson,TE,14.4,False,True
2026,1,8,7,SUPER_FLEX,8161,Malik Willis,QB,16.7,False,True
2026,1,8,8,K,12185,Spencer Shrader,K,6.0,False,True
2026,1,8,9,DEF,KC,Kansas City Chiefs,DEF,13.0,False,True
2026,1,9,0,QB,11560,Caleb Williams,QB,37.26,False,True
2026,1,9,1,RB,7611,Rhamondre Stevenson,RB,12.0,False,True
2026,1,9,2,RB,8228,Jaylen Warren,RB,7.8,False,True
2026,1,9,3,WR,9488,Jaxon Smith-Njigba,WR,22.2,False,True
2026,1,9,4,WR,4983,DJ Moore,WR,18.5,False,False
2026,1,9,5,FLEX,9487,Parker Washington,WR,16.8,False,True
2026,1,9,6,REC_FLEX,12518,Tyler Warren,TE,10.3,False,True
2026,1,9,7,SUPER_FLEX,4046,Patrick Mahomes,QB,21.66,False,True
2026,1,9,8,K,11786,Cam Little,K,12.0,False,True
2026,1,9,9,DEF,LAR,Los Angeles Rams,DEF,2.0,False,True
2026,1,10,0,QB,5870,Daniel Jones,QB,9.04,False,True
2026,1,10,1,RB,6813,Jonathan Taylor,RB,23.6,False,True
2026,1,10,2,RB,12507,Omarion Hampton,RB,8.3,False,True
2026,1,10,3,WR,7569,Nico Collins,WR,17.7,False,True
2026,1,10,4,WR,8142,Alec Pierce,WR,8.1,False,False
2026,1,10,5,FLEX,8150,Kyren Williams,RB,14.0,False,True
2026,1,10,6,REC_FLEX,12519,Luther Burden,WR,7.0,False,True
2026,1,10,7,SUPER_FLEX,5872,Deebo Samuel,WR,15.0,False,False
2026,1,10,8,K,3451,Ka'imi Fairbairn,K,9.0,False,True
2026,1,10,9,DEF,MIN,Minnesota Vikings,DEF,10.0,False,True
2026,1,11,0,QB,4881,Lamar Jackson,QB,24.96,False,True
2026,1,11,1,RB,9226,De'Von Achane,RB,8.6,False,True
2026,1,11,2,RB,7594,Chuba Hubbard,RB,22.2,False,True
2026,1,11,3,WR,11628,Marvin Harrison,WR,3.8,False,False
2026,1,11,4,WR,2133,Davante Adams,WR,4.1,False,True
2026,1,11,5,FLEX,13287,Jeremiyah Love,RB,12.0,False,True
2026,1,11,6,REC_FLEX,5846,DK Metcalf,WR,6.0,False,True
2026,1,11,7,SUPER_FLEX,3257,Jacoby Brissett,QB,16.48,False,False
2026,1,11,8,K,4227,Harrison Butker,K,7.0,False,True
2026,1,11,9,DEF,DET,Detroit Lions,DEF,10.0,False,True
2026,1,12,0,QB,9228,Bryce Young,QB,31.44,False,True
2026,1,12,1,RB,9509,Bijan Robinson,RB,27.3,False,True
2026,1,12,2,RB,9224,Chase Brown,RB,16.3,False,True
2026,1,12,3,WR,6794,Justin Jefferson,WR,27.2,False,True
2026,1,12,4,WR,5947,Jakobi Meyers,WR,11.2,False,False
2026,1,12,5,FLEX,11584,Bucky Irving,RB,16.8,False,True
2026,1,12,6,REC_FLEX,13330,Kenyon Sadiq,TE,11.4,False,False
2026,1,12,7,SUPER_FLEX,6804,Jordan Love,QB,19.48,False,True
2026,1,12,8,K,2747,Jason Myers,K,7.0,False,True
2026,1,12,9,DEF,SEA,Seattle Seahawks,DEF,13.0,False,True
2026,2,1,0,QB,12545,Tyler Shough,QB,22.38,False,True
2026,2,1,1,RB,13345,Jonah Coleman,RB,13.3,False,False
2026,2,1,2,RB,6790,D'Andre Swift,RB,10.4,False,True
2026,2,1,3,WR,12514,Emeka Egbuka,WR,8.8,False,True
2026,2,1,4,WR,8144,Chris Olave,WR,18.6,False,True
2026,2,1,5,FLEX,8151,Kenneth Walker,RB,20.8,False,True
2026,2,1,6,REC_FLEX,10859,Sam LaPorta,TE,17.2,False,True
2026,2,1,7,SUPER_FLEX,8131,Isaiah Likely,TE,8.3,False,False
2026,2,1,8,K,12711,Tyler Loop,K,6.0,False,True
2026,2,1,9,DEF,SF,San Francisco 49ers,DEF,9.0,False,True
2026,2,2,0,QB,4984,Josh Allen,QB,40.82,False,True
2026,2,2,1,RB,3198,Derrick Henry,RB,16.2,False,True
2026,2,2,2,RB,4199,Aaron Jones,RB,10.5,False,False
2026,2,2,3,WR,8148,Jameson Williams,WR,4.3,False,True
2026,2,2,4,WR,8134,Khalil Shakir,WR,5.3,False,True
2026,2,2,5,FLEX,8155,Breece Hall,RB,11.7,False,True
2026,2,2,6,REC_FLEX,9500,Josh Downs,WR,10.7,False,False
2026,2,2,7,SUPER_FLEX,9758,C.J. Stroud,QB,17.02,False,True
2026,2,2,8,K,6083,Matt Gay,K,8.0,False,True
2026,2,2,9,DEF,GB,Green Bay Packers,DEF,6.0,False,True
2026,2,3,0,QB,11566,Jayden Daniels,QB,14.74,False,True
2026,2,3,1,RB,12481,Cam Skattebo,RB,7.5,False,True
2026,2,3,2,RB,12490,Bhayshul Tuten,RB,13.2,False,True
2026,2,3,3,WR,7564,Ja'Marr Chase,WR,23.0,False,True
2026,2,3,4,WR,12526,Tetairoa McMillan,WR,12.6,False,True
2026,2,3,5,FLEX,11834,Devaughn Vele,WR,8.9,False,False
2026,2,3,6,REC_FLEX,1466,Travis Kelce,TE,25.1,False,True
2026,2,3,7,SUPER_FLEX,6904,Jalen Hurts,QB,16.16,False,True
2026,2,3,8,K,11539,Jake Bates,K,7.0,False,True
2026,2,3,9,DEF,HOU,Houston Texans,DEF,6.0,False,True
2026,2,4,0,QB,4892,Baker Mayfield,QB,12.18,False,True
2026,2,4,1,RB,9221,Jahmyr Gibbs,RB,20.3,False,True
2026,2,4,2,RB,5892,David Montgomery,RB,3.4,False,True
2026,2,4,3,WR,6801,Tee Higgins,WR,12.0,False,True
2026,2,4,4,WR,9486,Dontayvion Wicks,WR,9.9,False,True
2026,2,4,5,FLEX,4217,George Kittle,TE,18.0,False,False
2026,2,4,6,REC_FLEX,8130,Trey McBride,TE,18.1,False,True
2026,2,4,7,SUPER_FLEX,11563,Bo Nix,QB,14.12,False,True
2026,2,4,8,K,13545,Trey Smack,K,8.0,False,True
2026,2,4,9,DEF,TB,Tampa Bay Buccaneers,DEF,3.0,False,True
2026,2,5,0,QB,6770,Joe Burrow,QB,16.18,False,True
2026,2,5,1,RB,12512,Quinshon Judkins,RB,7.3,False,True
2026,2,5,2,RB,12529,TreVeyon Henderson,RB,13.6,False,True
2026,2,5,3,WR,7547,Amon-Ra St. Brown,WR,30.7,False,True
2026,2,5,4,WR,12501,Matthew Golden,WR,7.8,False,True
2026,2,5,5,FLEX,4035,Alvin Kamara,RB,4.7,False,False
2026,2,5,6,REC_FLEX,13285,Malachi Fields,WR,4.0,False,False
2026,2,5,7,SUPER_FLEX,12522,Cam Ward,QB,20.02,False,False
2026,2,5,8,K,8259,Cameron Dicker,K,2.0,False,True
2026,2,5,9,DEF,PHI,Philadelphia Eagles,DEF,3.0,False,True
2026,2,6,0,QB,3163,Jared Goff,QB,29.78,False,True
2026,2,6,1,RB,4034,Christian McCaffrey,RB,20.6,False,True
2026,2,6,2,RB,12527,Ashton Jeanty,RB,8.3,False,True
2026,2,6,3,WR,8167,Christian Watson,WR,12.1,False,True
2026,2,6,4,WR,2449,Stefon Diggs,WR,19.2,False,True
2026,2,6,5,FLEX,8121,Romeo Doubs,WR,11.1,False,False
2026,2,6,6,REC_FLEX,5012,Mark Andrews,TE,10.9,False,True
2026,2,6,7,SUPER_FLEX,7523,Trevor Lawrence,QB,6.16,False,True
2026,2,6,8,K,11533,Brandon Aubrey,K,16.0,False,True
2026,2,6,9,DEF,DEN,Denver Broncos,DEF,8.0,False,True
2026,2,7,0,QB,3294,Dak Prescott,QB,29.76,False,True
2026,2,7,1,RB,11581,MarShawn Lloyd,RB,7.6,False,True
2026,2,7,2,RB,7543,Travis Etienne,RB,6.1,False,True
2026,2,7,3,WR,11646,Jalen Coker,WR,10.6,False,True
2026,2,7,4,WR,2216,Mike Evans,WR,6.9,False,True
2026,2,7,5,FLEX,5967,Tony Pollard,RB,7.0,False,False
2026,2,7,6,REC_FLEX,6786,CeeDee Lamb,WR,31.3,False,True
2026,2,7,7,SUPER_FLEX,1373,Geno Smith,QB,15.58,False,True
2026,2,7,8,K,7839,Evan McPherson,K,12.0,False,True
2026,2,7,9,DEF,LAC,Los Angeles Chargers,DEF,5.0,False,True
2026,2,8,0,QB,8183,Brock Purdy,QB,28.48,False,True
2026,2,8,1,RB,8138,James Cook,RB,20.4,False,True
2026,2,8,2,RB,8136,Rachaad White,RB,11.3,False,False
2026,2,8,3,WR,10229,Rashee Rice,WR,10.3,False,True
2026,2,8,4,WR,5927,Terry McLaurin,WR,6.0,False,False
2026,2,8,5,FLEX,7002,Juwan Johnson,TE,10.6,False,True
2026,2,8,6,REC_FLEX,10236,Dalton Kincaid,TE,22.5,False,True
2026,2,8,7,SUPER_FLEX,5854,Drew Lock,QB,21.4,False,False
2026,2,8,8,K,12185,Spencer Shrader,K,14.0,False,True
2026,2,8,9,DEF,KC,Kansas City Chiefs,DEF,1.0,False,True
2026,2,9,0,QB,11560,Caleb Williams,QB,7.72,False,True
2026,2,9,1,RB,8228,Jaylen Warren,RB,8.7,False,False
2026,2,9,2,RB,11586,Blake Corum,RB,9.7,False,True
2026,2,9,3,WR,9488,Jaxon Smith-Njigba,WR,38.0,False,True
2026,2,9,4,WR,8137,George Pickens,WR,7.0,False,True
2026,2,9,5,FLEX,12518,Tyler Warren,TE,14.4,False,False
2026,2,9,6,REC_FLEX,9487,Parker Washington,WR,13.3,False,True
2026,2,9,7,SUPER_FLEX,4046,Patrick Mahomes,QB,28.98,False,True
2026,2,9,8,K,11786,Cam Little,K,8.0,False,True
2026,2,9,9,DEF,CAR,Carolina Panthers,DEF,26.0,False,True
2026,2,10,0,QB,421,Matthew Stafford,QB,26.98,False,True
2026,2,10,1,RB,6813,Jonathan Taylor,RB,27.2,False,True
2026,2,10,2,RB,12507,Omarion Hampton,RB,16.5,False,True
2026,2,10,3,WR,12519,Luther Burden,WR,4.7,False,True
2026,2,10,4,WR,7525,DeVonta Smith,WR,22.7,False,True
2026,2,10,5,FLEX,8150,Kyren Williams,RB,14.7,False,True
2026,2,10,6,REC_FLEX,5872,Deebo Samuel,WR,5.0,False,True
2026,2,10,7,SUPER_FLEX,5870,Daniel Jones,QB,11.4,False,True
2026,2,10,8,K,3451,Ka'imi Fairbairn,K,7.0,False,True
2026,2,10,9,DEF,MIN,Minnesota Vikings,DEF,18.0,False,True
2026,2,11,0,QB,4881,Lamar Jackson,QB,14.8,False,True
2026,2,11,1,RB,9226,De'Von Achane,RB,10.8,False,True
2026,2,11,2,RB,7594,Chuba Hubbard,RB,13.4,False,True
2026,2,11,3,WR,7526,Jaylen Waddle,WR,17.8,False,True
2026,2,11,4,WR,2133,Davante Adams,WR,35.5,False,True
2026,2,11,5,FLEX,9508,Tyjae Spears,RB,8.0,False,False
2026,2,11,6,REC_FLEX,10213,Tre Tucker,WR,20.4,False,False
2026,2,11,7,SUPER_FLEX,6797,Justin Herbert,QB,7.88,False,True
2026,2,11,8,K,4227,Harrison Butker,K,17.0,False,True
2026,2,11,9,DEF,DET,Detroit Lions,DEF,-2.0,False,True
2026,2,12,0,QB,9228,Bryce Young,QB,24.08,False,True
2026,2,12,1,RB,11584,Bucky Irving,RB,11.0,False,True
2026,2,12,2,RB,9224,Chase Brown,RB,9.7,False,True
2026,2,12,3,WR,6794,Justin Jefferson,WR,7.0,False,True
2026,2,12,4,WR,8146,Garrett Wilson,WR,14.2,False,True
2026,2,12,5,FLEX,9509,Bijan Robinson,RB,9.6,False,True
2026,2,12,6,REC_FLEX,12506,Harold Fannin,TE,10.4,False,False
2026,2,12,7,SUPER_FLEX,6804,Jordan Love,QB,13.8,False,True
2026,2,12,8,K,2747,Jason Myers,K,7.0,False,True
2026,2,12,9,DEF,SEA,Seattle Seahawks,DEF,8.0,False,True
2026,3,1,0,QB,12545,Tyler Shough,QB,23.8,False,True
2026,3,1,1,RB,8151,Kenneth Walker,RB,20.3,False,True
2026,3,1,2,RB,6790,D'Andre Swift,RB,9.8,False,True
2026,3,1,3,WR,8112,Drake London,WR,23.9,False,True
2026,3,1,4,WR,8144,Chris Olave,WR,15.2,False,True
2026,3,1,5,FLEX,12474,Woody Marks,RB,8.6,False,False
2026,3,1,6,REC_FLEX,10859,Sam LaPorta,TE,7.4,False,True
2026,3,1,7,SUPER_FLEX,12514,Emeka Egbuka,WR,8.7,False,False
2026,3,1,8,K,12711,Tyler Loop,K,12.0,False,True
2026,3,1,9,DEF,SF,San Francisco 49ers,DEF,1.0,False,True
2026,3,2,0,QB,4984,Josh Allen,QB,16.96,False,True
2026,3,2,1,RB,3198,Derrick Henry,RB,21.4,False,True
2026,3,2,2,RB,8155,Breece Hall,RB,7.0,False,True
2026,3,2,3,WR,10232,Michael Wilson,WR,20.4,False,False
2026,3,2,4,WR,9500,Josh Downs,WR,10.2,False,True
2026,3,2,5,FLEX,7588,Javonte Williams,RB,17.3,False,False
2026,3,2,6,REC_FLEX,11604,Brock Bowers,TE,27.6,False,True
2026,3,2,7,SUPER_FLEX,9758,C.J. Stroud,QB,11.68,False,True
2026,3,2,8,K,6083,Matt Gay,K,12.0,False,True
2026,3,2,9,DEF,GB,Green Bay Packers,DEF,-2.0,False,True
2026,3,3,0,QB,6904,Jalen Hurts,QB,12.62,False,True
2026,3,3,1,RB,12481,Cam Skattebo,RB,11.5,False,True
2026,3,3,2,RB,12490,Bhayshul Tuten,RB,16.0,False,True
2026,3,3,3,WR,7564,Ja'Marr Chase,WR,20.3,False,True
2026,3,3,4,WR,12509,Tre' Harris,WR,10.6,False,False
2026,3,3,5,FLEX,9482,Michael Mayer,TE,12.2,False,False
2026,3,3,6,REC_FLEX,1466,Travis Kelce,TE,13.9,False,True
2026,3,3,7,SUPER_FLEX,2307,Marcus Mariota,QB,20.42,False,True
2026,3,3,8,K,11539,Jake Bates,K,7.0,False,True
2026,3,3,9,DEF,HOU,Houston Texans,DEF,11.0,False,True
2026,3,4,0,QB,4892,Baker Mayfield,QB,11.28,False,True
2026,3,4,1,RB,9221,Jahmyr Gibbs,RB,37.9,False,True
2026,3,4,2,RB,9511,Keaton Mitchell,RB,12.2,False,False
2026,3,4,3,WR,6801,Tee Higgins,WR,18.0,False,True
2026,3,4,4,WR,9486,Dontayvion Wicks,WR,4.2,False,True
2026,3,4,5,FLEX,4217,George Kittle,TE,26.2,False,True
2026,3,4,6,REC_FLEX,8130,Trey McBride,TE,16.5,False,True
2026,3,4,7,SUPER_FLEX,11563,Bo Nix,QB,24.14,False,True
2026,3,4,8,K,13545,Trey Smack,K,2.0,False,True
2026,3,4,9,DEF,PHI,Philadelphia Eagles,DEF,1.0,False,True
2026,3,5,0,QB,6770,Joe Burrow,QB,22.58,False,True
2026,3,5,1,RB,12512,Quinshon Judkins,RB,8.9,False,True
2026,3,5,2,RB,12489,RJ Harvey,RB,7.7,False,False
2026,3,5,3,WR,7547,Amon-Ra St. Brown,WR,9.9,False,True
2026,3,5,4,WR,13346,Denzel Boston,WR,7.1,False,True
2026,3,5,5,FLEX,12501,Matthew Golden,WR,18.5,False,True
2026,3,5,6,REC_FLEX,12517,Colston Loveland,TE,7.1,False,False
2026,3,5,7,SUPER_FLEX,4017,Deshaun Watson,QB,20.26,False,False
2026,3,5,8,K,8259,Cameron Dicker,K,10.0,False,True
2026,3,5,9,DEF,CIN,Cincinnati Bengals,DEF,3.0,False,True
2026,3,6,0,QB,3163,Jared Goff,QB,19.36,False,True
2026,3,6,1,RB,4034,Christian McCaffrey,RB,19.6,False,True
2026,3,6,2,RB,13305,Mike Washington,RB,11.4,False,False
2026,3,6,3,WR,8167,Christian Watson,WR,19.1,False,True
2026,3,6,4,WR,12492,Pat Bryant,WR,13.4,False,False
2026,3,6,5,FLEX,4199,Aaron Jones,RB,11.7,False,True
2026,3,6,6,REC_FLEX,9997,Zay Flowers,WR,12.9,False,False
2026,3,6,7,SUPER_FLEX,7523,Trevor Lawrence,QB,19.78,False,True
2026,3,6,8,K,11533,Brandon Aubrey,K,11.0,False,True
2026,3,6,9,DEF,DEN,Denver Broncos,DEF,14.0,False,True
2026,3,7,0,QB,3294,Dak Prescott,QB,18.94,False,True
2026,3,7,1,RB,5967,Tony Pollard,RB,11.6,False,True
2026,3,7,2,RB,7543,Travis Etienne,RB,8.0,False,True
2026,3,7,3,WR,11646,Jalen Coker,WR,2.8,False,True
2026,3,7,4,WR,2216,Mike Evans,WR,10.9,False,True
2026,3,7,5,FLEX,11624,Xavier Worthy,WR,3.0,False,True
2026,3,7,6,REC_FLEX,6786,CeeDee Lamb,WR,16.7,False,True
2026,3,7,7,SUPER_FLEX,1373,Geno Smith,QB,26.04,False,False
2026,3,7,8,K,7839,Evan McPherson,K,11.0,False,True
2026,3,7,9,DEF,NYG,New York Giants,DEF,9.0,False,True
2026,3,8,0,QB,8183,Brock Purdy,QB,31.28,False,True
2026,3,8,1,RB,8138,James Cook,RB,19.4,False,True
2026,3,8,2,RB,8136,Rachaad White,RB,10.6,False,False
2026,3,8,3,WR,10229,Rashee Rice,WR,12.3,False,True
2026,3,8,4,WR,11635,Ladd McConkey,WR,8.6,False,True
2026,3,8,5,FLEX,7002,Juwan Johnson,TE,23.3,False,True
2026,3,8,6,REC_FLEX,5927,Terry McLaurin,WR,16.7,False,False
2026,3,8,7,SUPER_FLEX,4943,Sam Darnold,QB,27.66,False,False
2026,3,8,8,K,12185,Spencer Shrader,K,17.0,False,True
2026,3,8,9,DEF,KC,Kansas City Chiefs,DEF,11.0,False,True
2026,3,9,0,QB,4046,Patrick Mahomes,QB,15.94,False,True
2026,3,9,1,RB,8228,Jaylen Warren,RB,19.1,False,True
2026,3,9,2,RB,7611,Rhamondre Stevenson,RB,5.3,False,True
2026,3,9,3,WR,9488,Jaxon Smith-Njigba,WR,30.36,False,True
2026,3,9,4,WR,8137,George Pickens,WR,11.7,False,True
2026,3,9,5,FLEX,12518,Tyler Warren,TE,14.7,False,True
2026,3,9,6,REC_FLEX,9487,Parker Washington,WR,11.5,False,True
2026,3,9,7,SUPER_FLEX,96,Aaron Rodgers,QB,22.68,False,False
2026,3,9,8,K,11786,Cam Little,K,5.0,False,True
2026,3,9,9,DEF,CAR,Carolina Panthers,DEF,5.0,False,True
2026,3,10,0,QB,421,Matthew Stafford,QB,20.9,False,True
2026,3,10,1,RB,6813,Jonathan Taylor,RB,8.2,False,True
2026,3,10,2,RB,8150,Kyren Williams,RB,18.8,False,True
2026,3,10,3,WR,5872,Deebo Samuel,WR,15.4,False,True
2026,3,10,4,WR,7525,DeVonta Smith,WR,9.5,False,True
2026,3,10,5,FLEX,8126,Wan'Dale Robinson,WR,15.2,False,False
2026,3,10,6,REC_FLEX,12519,Luther Burden,WR,16.3,False,False
2026,3,10,7,SUPER_FLEX,1166,Kirk Cousins,QB,22.22,False,True
2026,3,10,8,K,3451,Ka'imi Fairbairn,K,5.0,False,True
2026,3,10,9,DEF,MIN,Minnesota Vikings,DEF,19.0,False,True
2026,3,11,0,QB,4881,Lamar Jackson,QB,20.44,False,True
2026,3,11,1,RB,13287,Jeremiyah Love,RB,19.4,False,True
2026,3,11,2,RB,7594,Chuba Hubbard,RB,13.0,False,True
2026,3,11,3,WR,9756,Jordan Addison,WR,17.5,False,False
2026,3,11,4,WR,2133,Davante Adams,WR,17.2,False,True
2026,3,11,5,FLEX,5846,DK Metcalf,WR,10.6,False,False
2026,3,11,6,REC_FLEX,10213,Tre Tucker,WR,6.3,False,True
2026,3,11,7,SUPER_FLEX,3257,Jacoby Brissett,QB,25.6,False,False
2026,3,11,8,K,4227,Harrison Butker,K,6.0,False,True
2026,3,11,9,DEF,DET,Detroit Lions,DEF,7.0,False,True
2026,3,12,0,QB,6804,Jordan Love,QB,18.48,False,True
2026,3,12,1,RB,9509,Bijan Robinson,RB,34.3,False,True
2026,3,12,2,RB,8154,Brian Robinson,RB,11.0,False,False
2026,3,12,3,WR,5947,Jakobi Meyers,WR,15.9,False,False
2026,3,12,4,WR,8146,Garrett Wilson,WR,21.7,False,True
2026,3,12,5,FLEX,13330,Kenyon Sadiq,TE,23.5,False,False
2026,3,12,6,REC_FLEX,12506,Harold Fannin,TE,24.1,False,True
2026,3,12,7,SUPER_FLEX,9228,Bryce Young,QB,13.64,False,True
2026,3,12,8,K,2747,Jason Myers,K,9.0,False,True
2026,3,12,9,DEF,SEA,Seattle Seahawks,DEF,2.0,False,True
2026,4,1,0,QB,11564,Drake Maye,QB,26.16,False,True
2026,4,1,1,RB,8151,Kenneth Walker,RB,30.4,False,True
2026,4,1,2,RB,12474,Woody Marks,RB,8.2,False,False
2026,4,1,3,WR,8112,Drake London,WR,12.1,False,True
2026,4,1,4,WR,8144,Chris Olave,WR,15.6,False,True
2026,4,1,5,FLEX,8131,Isaiah Likely,TE,13.6,False,False
2026,4,1,6,REC_FLEX,10859,Sam LaPorta,TE,22.4,False,True
2026,4,1,7,SUPER_FLEX,12545,Tyler Shough,QB,15.94,False,True
2026,4,1,8,K,12711,Tyler Loop,K,8.0,False,True
2026,4,1,9,DEF,BAL,Baltimore Ravens,DEF,7.0,False,True
2026,4,2,0,QB,4984,Josh Allen,QB,18.52,False,True
2026,4,2,1,RB,3198,Derrick Henry,RB,14.9,False,True
2026,4,2,2,RB,7588,Javonte Williams,RB,28.8,False,True
2026,4,2,3,WR,10232,Michael Wilson,WR,13.0,False,True
2026,4,2,4,WR,8148,Jameson Williams,WR,13.2,False,False
2026,4,2,5,FLEX,9484,Tucker Kraft,TE,16.5,False,True
2026,4,2,6,REC_FLEX,11604,Brock Bowers,TE,20.6,False,True
2026,4,2,7,SUPER_FLEX,9758,C.J. Stroud,QB,23.08,False,True
2026,4,2,8,K,6083,Matt Gay,K,16.0,False,True
2026,4,2,9,DEF,GB,Green Bay Packers,DEF,9.0,False,True
2026,4,3,0,QB,6904,Jalen Hurts,QB,13.52,False,True
2026,4,3,1,RB,7567,Kenny Gainwell,RB,9.7,False,False
2026,4,3,2,RB,12490,Bhayshul Tuten,RB,10.1,False,True
2026,4,3,3,WR,11631,Brian Thomas,WR,8.7,False,False
2026,4,3,4,WR,12526,Tetairoa McMillan,WR,38.2,False,True
2026,4,3,5,FLEX,12495,Ollie Gordon,RB,17.0,False,True
2026,4,3,6,REC_FLEX,9482,Michael Mayer,TE,16.2,False,False
2026,4,3,7,SUPER_FLEX,11256,Tyson Bagent,QB,8.82,False,False
2026,4,3,8,K,11539,Jake Bates,K,18.0,False,True
2026,4,3,9,DEF,HOU,Houston Texans,DEF,4.0,False,True
2026,4,4,0,QB,11563,Bo Nix,QB,13.56,False,True
2026,4,4,1,RB,9221,Jahmyr Gibbs,RB,15.7,False,True
2026,4,4,2,RB,11435,Emanuel Wilson,RB,25.5,False,False
2026,4,4,3,WR,6801,Tee Higgins,WR,21.2,False,True
2026,4,4,4,WR,11834,Devaughn Vele,WR,14.4,False,True
2026,4,4,5,FLEX,4217,George Kittle,TE,17.0,False,True
2026,4,4,6,REC_FLEX,8130,Trey McBride,TE,10.1,False,True
2026,4,4,7,SUPER_FLEX,2306,Jameis Winston,QB,18.0,False,True
2026,4,4,8,K,11792,Will Reichard,K,19.0,False,True
2026,4,4,9,DEF,LV,Las Vegas Raiders,DEF,2.0,False,True
2026,4,5,0,QB,6770,Joe Burrow,QB,23.72,False,True
2026,4,5,1,RB,12512,Quinshon Judkins,RB,18.6,False,True
2026,4,5,2,RB,4035,Alvin Kamara,RB,20.3,False,False
2026,4,5,3,WR,7547,Amon-Ra St. Brown,WR,11.5,False,True
2026,4,5,4,WR,13346,Denzel Boston,WR,10.9,False,True
2026,4,5,5,FLEX,12489,RJ Harvey,RB,14.3,False,False
2026,4,5,6,REC_FLEX,12517,Colston Loveland,TE,11.7,False,True
2026,4,5,7,SUPER_FLEX,12522,Cam Ward,QB,15.58,False,False
2026,4,5,8,K,4227,Harrison Butker,K,6.0,False,True
2026,4,5,9,DEF,CIN,Cincinnati Bengals,DEF,4.0,False,True
2026,4,6,0,QB,3163,Jared Goff,QB,20.48,False,True
2026,4,6,1,RB,4034,Christian McCaffrey,RB,14.5,False,True
2026,4,6,2,RB,12527,Ashton Jeanty,RB,15.6,False,True
2026,4,6,3,WR,13279,Carnell Tate,WR,17.0,False,False
2026,4,6,4,WR,11632,Malik Nabers,WR,20.2,False,True
2026,4,6,5,FLEX,4199,Aaron Jones,RB,14.8,False,True
2026,4,6,6,REC_FLEX,9997,Zay Flowers,WR,21.8,False,True
2026,4,6,7,SUPER_FLEX,7523,Trevor Lawrence,QB,13.08,False,True
2026,4,6,8,K,11533,Brandon Aubrey,K,12.0,False,True
2026,4,6,9,DEF,DEN,Denver Broncos,DEF,4.0,False,True
2026,4,7,0,QB,3294,Dak Prescott,QB,18.1,False,True
2026,4,7,1,RB,5967,Tony Pollard,RB,12.0,False,True
2026,4,7,2,RB,11576,Braelon Allen,RB,7.7,False,True
2026,4,7,3,WR,6786,CeeDee Lamb,WR,32.8,False,True
2026,4,7,4,WR,9493,Puka Nacua,WR,23.2,False,True
2026,4,7,5,FLEX,12504,Kaleb Johnson,RB,2.2,False,False
2026,4,7,6,REC_FLEX,2216,Mike Evans,WR,10.1,False,True
2026,4,7,7,SUPER_FLEX,5849,Kyler Murray,QB,11.48,False,True
2026,4,7,8,K,7839,Evan McPherson,K,5.0,False,True
2026,4,7,9,DEF,CLE,Cleveland Browns,DEF,9.0,False,True
2026,4,8,0,QB,8183,Brock Purdy,QB,19.62,False,True
2026,4,8,1,RB,8138,James Cook,RB,15.3,False,True
2026,4,8,2,RB,12534,Kyle Monangai,RB,27.5,False,False
2026,4,8,3,WR,13298,KC Concepcion,WR,8.9,False,False
2026,4,8,4,WR,11635,Ladd McConkey,WR,0.0,False,True
2026,4,8,5,FLEX,7002,Juwan Johnson,TE,11.9,False,True
2026,4,8,6,REC_FLEX,10236,Dalton Kincaid,TE,1.7,False,True
2026,4,8,7,SUPER_FLEX,4943,Sam Darnold,QB,13.32,False,True
2026,4,8,8,K,12185,Spencer Shrader,K,16.0,False,True
2026,4,8,9,DEF,KC,Kansas City Chiefs,DEF,5.0,False,True
2026,4,9,0,QB,4046,Patrick Mahomes,QB,17.0,False,True
2026,4,9,1,RB,8228,Jaylen Warren,RB,14.1,False,True
2026,4,9,2,RB,7611,Rhamondre Stevenson,RB,16.9,False,True
2026,4,9,3,WR,9488,Jaxon Smith-Njigba,WR,10.1,False,True
2026,4,9,4,WR,8137,George Pickens,WR,8.5,False,True
2026,4,9,5,FLEX,11586,Blake Corum,RB,2.6,False,False
2026,4,9,6,REC_FLEX,12518,Tyler Warren,TE,9.1,False,True
2026,4,9,7,SUPER_FLEX,96,Aaron Rodgers,QB,21.96,False,False
2026,4,9,8,K,11786,Cam Little,K,14.0,False,True
2026,4,9,9,DEF,LAR,Los Angeles Rams,DEF,8.0,False,True
2026,4,10,0,QB,421,Matthew Stafford,QB,9.68,False,True
2026,4,10,1,RB,6813,Jonathan Taylor,RB,22.2,False,True
2026,4,10,2,RB,8150,Kyren Williams,RB,31.7,False,True
2026,4,10,3,WR,7569,Nico Collins,WR,27.3,False,True
2026,4,10,4,WR,5872,Deebo Samuel,WR,15.5,False,True
2026,4,10,5,FLEX,12507,Omarion Hampton,RB,12.3,False,False
2026,4,10,6,REC_FLEX,3271,Tyler Higbee,TE,11.7,False,False
2026,4,10,7,SUPER_FLEX,1166,Kirk Cousins,QB,22.6,False,False
2026,4,10,8,K,6650,Chase McLaughlin,K,2.0,False,True
2026,4,10,9,DEF,MIN,Minnesota Vikings,DEF,8.0,False,True
2026,4,11,0,QB,4881,Lamar Jackson,QB,18.88,False,True
2026,4,11,1,RB,10219,Chris Rodriguez,RB,9.5,False,False
2026,4,11,2,RB,7594,Chuba Hubbard,RB,25.4,False,True
2026,4,11,3,WR,7526,Jaylen Waddle,WR,12.0,False,True
2026,4,11,4,WR,5846,DK Metcalf,WR,14.0,False,False
2026,4,11,5,FLEX,9756,Jordan Addison,WR,7.1,False,True
2026,4,11,6,REC_FLEX,11628,Marvin Harrison,WR,7.7,False,False
2026,4,11,7,SUPER_FLEX,3257,Jacoby Brissett,QB,10.44,False,False
2026,4,11,8,K,8259,Cameron Dicker,K,12.0,False,True
2026,4,11,9,DEF,DET,Detroit Lions,DEF,2.0,False,True
2026,4,12,0,QB,6804,Jordan Love,QB,13.08,False,True
2026,4,12,1,RB,8154,Brian Robinson,RB,25.2,False,False
2026,4,12,2,RB,9224,Chase Brown,RB,13.6,False,True
2026,4,12,3,WR,11610,Malik Washington,WR,9.5,False,True
2026,4,12,4,WR,11620,Rome Odunze,WR,12.4,False,False
2026,4,12,5,FLEX,9509,Bijan Robinson,RB,27.2,False,True
2026,4,12,6,REC_FLEX,12506,Harold Fannin,TE,11.7,False,True
2026,4,12,7,SUPER_FLEX,9228,Bryce Young,QB,21.46,False,True
2026,4,12,8,K,2747,Jason Myers,K,5.0,False,True
2026,4,12,9,DEF,SEA,Seattle Seahawks,DEF,11.0,False,True
