season,transaction_id,week,is_preseason,type,roster_id,player_id,player_name,waiver_bid,starts,start_points
2020,607080964367134720,1,True,free_agent,9,6803,Brandon Aiyuk,,0,0.0
2020,607138762702540800,1,True,free_agent,4,2161,Jerick McKinnon,,0,0.0
2020,607259794750894080,1,True,free_agent,8,6068,Devine Ozigbo,,0,0.0
2020,607582636344414208,1,True,free_agent,8,1244,Josh Gordon,,0,0.0
2020,607582984173838336,1,True,free_agent,8,5889,Bryce Love,,0,0.0
2020,607613334493151232,1,True,free_agent,10,2588,Malcolm Brown,,1,4.7
2020,607671568474103808,1,True,free_agent,4,391,Ryan Succop,,2,12.0
2020,607986480144515072,1,True,free_agent,1,6068,Devine Ozigbo,,0,0.0
2020,608074578689875968,1,True,free_agent,9,3976,Mitchell Trubisky,,3,52.1
2020,608523548515979264,1,True,free_agent,4,5009,Chris Herndon,,0,0.0
2020,608835884002975744,1,True,free_agent,1,6955,James Robinson,,9,145.9
2020,609100490663346176,1,True,free_agent,8,3664,J.D. McKissic,,0,0.0
2020,609101386315030528,1,True,free_agent,1,NO,New Orleans Saints,,2,21.0
2020,609166344084078592,1,True,free_agent,7,5549,Darrel Williams,,0,0.0
2020,609168206908686336,1,True,free_agent,3,6148,Preston Williams,,0,0.0
2020,609194643615178752,1,True,waiver,10,5131,Justin Jackson,1,4,35.6
2020,609241681639825408,1,True,free_agent,6,LAC,Los Angeles Chargers,,1,12.0
2020,609446385846132736,1,False,free_agent,7,IND,Indianapolis Colts,,1,4.0
2020,609829207463239680,1,False,free_agent,2,6528,Joey Slye,,0,0.0
2020,610605957088641024,1,False,free_agent,2,5122,Boston Scott,,1,6.4
2020,610897436600389632,1,False,free_agent,8,3423,Robbie Chosen,,1,13.4
2020,610898025900093440,1,False,free_agent,2,4195,Jake Elliott,,1,5.0
2020,610898885472436224,1,False,free_agent,4,6290,Scotty Miller,,2,12.6
2020,610900690096951296,1,False,free_agent,5,TEN,Tennessee Titans,,2,10.0
2020,611288409306148864,1,False,waiver,6,WAS,Washington Commanders,3,2,6.0
2020,611571551455748096,1,False,waiver,2,5086,Marquez Valdes-Scantling,0,0,0.0
2020,611571647719231488,1,False,waiver,2,2331,Breshad Perriman,0,0,0.0
2020,611575496278360064,1,False,waiver,2,5967,Tony Pollard,4,0,0.0
2020,611577386806390784,1,False,waiver,2,1149,Alshon Jeffery,1,0,0.0
2020,611582450409222144,1,False,waiver,9,5022,Dallas Goedert,12,2,6.2
2020,611592838081253376,1,False,waiver,7,5347,Nyheim Miller-Hines,26,1,0.9
2020,611593271931650048,1,False,waiver,7,LAR,Los Angeles Rams,0,1,8.0
2020,611618813389176832,1,False,waiver,6,5000,Chase Edmonds,7,1,3.4
2020,611721862178820096,1,False,waiver,10,4036,Corey Davis,25,3,52.5
2020,611809010605223936,1,False,waiver,5,184,Adrian Peterson,2,2,18.6
2020,611835099348049920,1,False,waiver,4,7045,Joshua Kelley,24,4,19.1
2020,611961738513969152,2,False,free_agent,3,5110,Russell Gage,,1,3.6
2020,611970910978654208,2,False,waiver,8,6148,Preston Williams,0,0,0.0
2020,611990553189519360,2,False,free_agent,2,CHI,Chicago Bears,,1,13.0
2020,612083944732573696,2,False,free_agent,12,232,Frank Gore,,8,49.3
2020,612090340119248896,2,False,waiver,1,5890,Damien Harris,3,1,7.1
2020,612304967243489280,2,False,free_agent,2,4985,Rashaad Penny,,0,0.0
2020,612305175897505792,2,False,free_agent,2,59,Mason Crosby,,3,33.0
2020,612322077445283840,2,False,free_agent,3,5980,Myles Gaskin,,0,0.0
2020,612566264124080128,2,False,free_agent,1,4195,Jake Elliott,,0,0.0
2020,612566372928552960,2,False,waiver,1,4233,Zane Gonzalez,2,5,37.0
2020,612709757022744576,2,False,free_agent,3,2251,Logan Thomas,,0,0.0
2020,612789639756996608,2,False,free_agent,8,4144,Jonnu Smith,,1,22.4
2020,612988486865223680,2,False,free_agent,4,4055,O.J. Howard,,0,0.0
2020,613007764662337536,2,False,free_agent,6,5880,Parris Campbell,,1,0.7
2020,613364807407591424,2,False,free_agent,11,5136,Josh Adams,,0,0.0
2020,613446969234677760,2,False,free_agent,2,147,DeSean Jackson,,0,0.0
2020,613820278786596864,2,False,waiver,3,788,Dion Lewis,9,0,0.0
2020,613896199174561792,2,False,waiver,10,4622,Keelan Cole,25,2,23.6
2020,614120284592611328,2,False,waiver,2,2161,Jerick McKinnon,30,1,15.2
2020,614121706696581120,2,False,waiver,2,IND,Indianapolis Colts,1,1,26.0
2020,614136202819371008,2,False,waiver,3,4993,Mike Gesicki,6,1,8.0
2020,614214901543550976,2,False,waiver,7,2431,Mike Davis,22,6,88.9
2020,614227624302059520,2,False,waiver,2,4150,Wayne Gallman,0,0,0.0
2020,614257250579623936,2,False,waiver,8,5980,Myles Gaskin,2,1,7.7
2020,614260279592689664,2,False,waiver,8,TB,Tampa Bay Buccaneers,0,3,33.0
2020,614291642282749952,2,False,waiver,9,2168,Devonta Freeman,35,0,0.0
2020,614297856626503680,2,False,waiver,4,6797,Justin Herbert,33,9,201.22
2020,614319405500792832,2,False,waiver,4,4054,Mo Alie-Cox,2,0,0.0
2020,614319502276001792,2,False,waiver,4,6001,Drew Sample,1,0,0.0
2020,614321237274988544,2,False,waiver,4,5230,Michael Badgley,0,3,16.0
2020,614333595380715520,2,False,waiver,6,5916,Darrell Henderson,10,6,67.7
2020,614333705732861952,2,False,waiver,6,7062,Rodrigo Blankenship,1,1,12.0
2020,614444300830334976,3,False,free_agent,7,CLE,Cleveland Browns,,1,19.0
2020,614452045780447232,3,False,free_agent,1,6798,Jalen Reagor,,0,0.0
2020,614477826044792832,3,False,free_agent,6,3362,Jeff Driskel,,0,0.0
2020,614485119947845632,3,False,free_agent,6,5086,Marquez Valdes-Scantling,,0,0.0
2020,614485315247218688,3,False,waiver,6,3423,Robbie Chosen,21,10,105.2
2020,614498144230682624,3,False,free_agent,1,LAC,Los Angeles Chargers,,1,4.0
2020,614518693778522112,3,False,free_agent,3,5001,Dalton Schultz,,2,16.3
2020,614519134033608704,3,False,free_agent,10,ARI,Arizona Cardinals,,1,4.0
2020,614580870749167616,3,False,free_agent,1,6805,KJ Hamler,,0,0.0
2020,614597595263746048,3,False,free_agent,5,PHI,Philadelphia Eagles,,2,27.0
2020,614831300720828416,3,False,free_agent,7,5026,Tre'Quan Smith,,0,0.0
2020,614832011651158016,3,False,waiver,4,LAR,Los Angeles Rams,3,5,47.0
2020,615016723749474304,3,False,waiver,2,331,Philip Rivers,11,1,12.68
2020,615017382628511744,3,False,free_agent,4,6819,Michael Pittman,,0,0.0
2020,615250891028672512,3,False,free_agent,3,538,Emmanuel Sanders,,0,0.0
2020,615252548659511296,3,False,free_agent,2,536,Antonio Brown,,0,0.0
2020,615253772700053504,3,False,waiver,2,5967,Tony Pollard,1,0,0.0
2020,615255362647429120,3,False,free_agent,9,3202,Austin Hooper,,0,0.0
2020,615256499987488768,3,False,free_agent,4,5185,Allen Lazard,,0,0.0
2020,615274777799639040,3,False,free_agent,8,5009,Chris Herndon,,1,3.6
2020,615962682230853632,3,False,waiver,2,5068,Kerryon Johnson,1,0,0.0
2020,616166305778696192,3,False,waiver,9,827,Tyrod Taylor,2,0,0.0
2020,616368593004752896,3,False,waiver,3,1029,Nick Foles,21,0,0.0
2020,616371450063929344,3,False,waiver,3,SEA,Seattle Seahawks,3,1,6.0
2020,616694223223263232,3,False,waiver,10,6803,Brandon Aiyuk,5,3,37.6
2020,616703918004604928,3,False,waiver,8,5170,Phillip Lindsay,22,1,0.2
2020,616740089275441152,3,False,waiver,9,6037,Brett Rypien,2,0,0.0
2020,616849913740861440,3,False,waiver,1,2257,Carlos Hyde,22,0,0.0
2020,616852178107187200,3,False,waiver,7,2747,Jason Myers,0,2,12.0
2020,616871888844578816,3,False,waiver,6,110,Stephen Gostkowski,3,0,0.0
2020,616872018658271232,3,False,waiver,6,1387,Rex Burkhead,8,0,0.0
2020,616884977270865920,3,False,waiver,2,6794,Justin Jefferson,0,6,108.2
2020,616885374819594240,3,False,waiver,2,DEN,Denver Broncos,1,1,6.0
2020,616894275833147392,3,False,waiver,5,1817,Sammy Watkins,5,1,4.3
2020,616988257158279168,4,False,free_agent,1,NYJ,New York Jets,,1,8.0
2020,616991749448998912,4,False,waiver,6,IND,Indianapolis Colts,1,3,24.0
2020,616992302145011712,4,False,free_agent,6,5013,Anthony Miller,,0,0.0
2020,617031780284850176,4,False,free_agent,9,5032,Jordan Akins,,1,6.1
2020,617045705785192448,4,False,free_agent,3,5955,Hunter Renfrow,,1,8.2
2020,617056021264838656,4,False,free_agent,9,2118,Eric Ebron,,0,0.0
2020,617081229652602880,4,False,free_agent,3,6744,Greg Ward,,0,0.0
2020,617150578530779136,4,False,free_agent,9,6814,Laviska Shenault,,0,0.0
2020,617202863264849920,4,False,free_agent,11,1476,Latavius Murray,,3,16.5
2020,617202992986284032,4,False,free_agent,11,1502,Chris Thompson,,1,3.0
2020,617283765995122688,4,False,free_agent,4,616,Jimmy Graham,,0,0.0
2020,617469213447094272,4,False,free_agent,3,4464,Nick Mullens,,0,0.0
2020,617485278252199936,4,False,free_agent,9,6528,Joey Slye,,8,65.0
2020,617485953732247552,4,False,free_agent,2,2118,Eric Ebron,,0,0.0
2020,617486435351638016,4,False,free_agent,2,4187,Brian Hill,,0,0.0
2020,617488516435226624,4,False,free_agent,6,1099,Randy Bullock,,1,17.0
2020,617490264554053632,4,False,waiver,6,6744,Greg Ward,1,0,0.0
2020,617516130646454272,4,False,free_agent,4,5284,Jeff Wilson,,1,2.4
2020,617516366026616832,4,False,free_agent,9,6845,Zack Moss,,0,0.0
2020,617542140628824064,4,False,waiver,3,5110,Russell Gage,0,0,0.0
2020,617543586443161600,4,False,free_agent,10,6012,Travis Homer,,0,0.0
2020,617543951917981696,4,False,waiver,10,538,Emmanuel Sanders,3,0,0.0
2020,617544980373962752,4,False,free_agent,4,4950,Christian Kirk,,1,21.6
2020,617546008305512448,4,False,free_agent,3,1144,Cole Beasley,,2,14.1
2020,617549913382957056,4,False,waiver,7,5086,Marquez Valdes-Scantling,2,0,0.0
2020,617614870686281728,4,False,free_agent,3,3868,Jalen Richard,,0,0.0
2020,617768904097337344,4,False,waiver,7,ARI,Arizona Cardinals,0,2,9.0
2020,617792783448657920,4,False,free_agent,2,KC,Kansas City Chiefs,,0,0.0
2020,617834658796765184,4,False,free_agent,9,5878,N'Keal Harry,,0,0.0
2020,617855507188744192,4,False,waiver,2,5967,Tony Pollard,1,0,0.0
2020,618147245698686976,4,False,free_agent,3,5915,Andy Isabella,,0,0.0
2020,618150767420850176,4,False,free_agent,9,4464,Nick Mullens,,1,8.0
2020,618175994422968320,4,False,free_agent,1,1386,Giovani Bernard,,0,0.0
2020,618519035415703552,4,False,free_agent,5,5695,Brandon Powell,,0,0.0
2020,618881877058600960,4,False,free_agent,2,4187,Brian Hill,,0,0.0
2020,619160457067962368,4,False,waiver,11,650,Nick Folk,0,0,0.0
2020,619195972139962368,4,False,waiver,2,2588,Malcolm Brown,0,0,0.0
2020,619196590724304896,4,False,waiver,2,6694,D'Ernest Johnson,25,0,0.0
2020,619229143262900224,4,False,waiver,9,3976,Mitchell Trubisky,0,0,0.0
2020,619235190857904128,4,False,waiver,3,4602,Robert Tonyan,0,4,19.6
2020,619364742229741568,4,False,waiver,1,6845,Zack Moss,27,1,20.1
2020,619366849515159552,4,False,waiver,1,CLE,Cleveland Browns,1,1,14.0
2020,619492478411685888,5,False,free_agent,6,4351,Tim Patrick,,0,0.0
2020,619503642403229696,5,False,free_agent,9,827,Tyrod Taylor,,0,0.0
2020,619528090363723776,5,False,waiver,2,KC,Kansas City Chiefs,0,1,-1.0
2020,619555619761905664,5,False,free_agent,6,5127,Kyle Allen,,0,0.0
2020,619561279396323328,5,False,free_agent,6,7062,Rodrigo Blankenship,,4,25.0
2020,619604081366863872,5,False,free_agent,4,6290,Scotty Miller,,1,0.0
2020,619604274569121792,5,False,free_agent,4,4068,Mike Williams,,0,0.0
2020,619608185350721536,5,False,free_agent,9,19,Joe Flacco,,0,0.0
2020,619615156539842560,5,False,free_agent,9,3202,Austin Hooper,,2,15.9
2020,619616175571169280,5,False,free_agent,9,6814,Laviska Shenault,,0,0.0
2020,619717629271154688,5,False,waiver,5,DEN,Denver Broncos,0,0,0.0
2020,620026529799282688,5,False,free_agent,9,19,Joe Flacco,,0,0.0
2020,620044898887872512,5,False,waiver,9,2588,Malcolm Brown,0,0,0.0
2020,620049149802389504,5,False,waiver,9,5854,Drew Lock,9,1,20.82
2020,620090765892370432,5,False,free_agent,3,5955,Hunter Renfrow,,0,0.0
2020,620304395325771776,5,False,waiver,3,5878,N'Keal Harry,0,0,0.0
2020,621006045002752000,5,False,free_agent,9,HOU,Houston Texans,,0,0.0
2020,621011489809059840,5,False,free_agent,2,2673,Damiere Byrd,,0,0.0
2020,621015847074349056,5,False,free_agent,5,TEN,Tennessee Titans,,0,0.0
2020,621017628630163456,5,False,free_agent,5,NO,New Orleans Saints,,1,3.0
2020,621026218145304576,5,False,free_agent,3,3634,Kalif Raymond,,0,0.0
2020,621055881739825152,5,False,free_agent,10,2118,Eric Ebron,,0,0.0
2020,621060107056447488,5,False,free_agent,12,19,Joe Flacco,,3,20.24
2020,621098614407786496,5,False,free_agent,2,899,Dan Bailey,,1,11.0
2020,621110804074545152,5,False,waiver,5,6886,Chase Claypool,35,4,35.9
2020,621119046129221632,5,False,free_agent,3,2257,Carlos Hyde,,0,0.0
2020,621137430749425664,5,False,waiver,10,4993,Mike Gesicki,1,1,0.0
2020,621178577316282368,5,False,free_agent,11,7042,Tyler Bass,,6,72.0
2020,621437443257737216,5,False,waiver,2,WAS,Washington Commanders,0,1,4.0
2020,621940377418559488,5,False,waiver,4,3200,Sterling Shepard,0,1,8.7
2020,621940530732945408,5,False,waiver,4,6059,Travis Fulgham,13,3,27.9
2020,621942108151951360,5,False,waiver,4,4666,Younghoe Koo,0,7,92.0
2020,621971868265549824,5,False,waiver,6,829,Andy Dalton,27,1,3.6
2020,622061022928257024,5,False,waiver,1,MIA,Miami Dolphins,5,1,15.0
2020,622138111287201792,5,False,waiver,2,59,Mason Crosby,0,2,9.0
2020,622142739529703424,5,False,waiver,2,5967,Tony Pollard,0,0,0.0
2020,622272937579331584,5,False,waiver,10,5119,Jason Sanders,2,1,6.0
2020,622418126994223104,6,False,free_agent,6,616,Jimmy Graham,,0,0.0
2020,622420345395183616,6,False,free_agent,10,6908,La'Mical Perine,,1,4.6
2020,622422724165341184,6,False,free_agent,7,NYG,New York Giants,,1,15.0
2020,622423014897717248,6,False,free_agent,7,1945,Chris Boswell,,4,28.0
2020,622443364188487680,6,False,free_agent,9,5032,Jordan Akins,,0,0.0
2020,622443510917853184,6,False,free_agent,9,CAR,Carolina Panthers,,1,2.0
2020,622467143375609856,6,False,free_agent,2,4149,Jamaal Williams,,0,0.0
2020,622479198023413760,6,False,free_agent,3,3664,J.D. McKissic,,0,0.0
2020,622480271345790976,6,False,free_agent,5,DET,Detroit Lions,,1,8.0
2020,622566173204107264,6,False,free_agent,4,5917,Mecole Hardman,,1,0.0
2020,622580834242768896,6,False,free_agent,5,1793,Trey Burton,,1,19.9
2020,622582261153361920,6,False,free_agent,7,2251,Logan Thomas,,0,0.0
2020,622583424569397248,6,False,waiver,7,6694,D'Ernest Johnson,0,0,0.0
2020,622763409804472320,6,False,free_agent,8,CHI,Chicago Bears,,5,47.0
2020,622776571119378432,6,False,waiver,4,830,A.J. Green,1,1,2.9
2020,622856841726115840,6,False,waiver,3,184,Adrian Peterson,2,1,12.3
2020,622889758573572096,6,False,free_agent,8,6798,Jalen Reagor,,0,0.0
2020,622903999900770304,6,False,free_agent,1,367,Jared Cook,,0,0.0
2020,622924638816649216,6,False,waiver,9,4973,Hayden Hurst,5,1,7.9
2020,622980016304652288,6,False,waiver,2,5967,Tony Pollard,0,0,0.0
2020,623257381500944384,6,False,free_agent,8,2118,Eric Ebron,,0,0.0
2020,623373655396667392,6,False,free_agent,9,1067,Marvin Jones,,0,0.0
2020,623409298357182464,6,False,waiver,6,4351,Tim Patrick,3,1,10.9
2020,623581798794067968,6,False,free_agent,3,4219,Jeremy McNichols,,0,0.0
2020,623718162139279360,6,False,free_agent,6,BUF,Buffalo Bills,,2,20.0
2020,623890518224470016,6,False,waiver,11,2822,Adam Humphries,10,0,0.0
2020,624110665304567808,6,False,waiver,9,TB,Tampa Bay Buccaneers,2,2,14.0
2020,624134570635235328,6,False,waiver,7,6996,JaMycal Hasty,3,1,2.3
2020,624252889845534720,6,False,waiver,2,5122,Boston Scott,2,2,25.6
2020,624253085438545920,6,False,waiver,2,1387,Rex Burkhead,0,0,0.0
2020,624258650822774784,6,False,waiver,10,2251,Logan Thomas,0,0,0.0
2020,624258712281903104,6,False,waiver,10,3678,Wil Lutz,0,7,59.0
2020,624325433663500288,6,False,waiver,3,1099,Randy Bullock,0,2,17.0
2020,624390271399997440,6,False,waiver,1,PHI,Philadelphia Eagles,4,2,33.0
2020,624530227892166656,6,False,waiver,9,4149,Jamaal Williams,0,0,0.0
2020,624576337960583168,7,False,free_agent,6,503,Graham Gano,,1,3.0
2020,624587999732117504,7,False,free_agent,1,KC,Kansas City Chiefs,,0,0.0
2020,624588215818481664,7,False,free_agent,1,2146,Richard Rodgers,,0,0.0
2020,624603599221137408,7,False,free_agent,4,LAC,Los Angeles Chargers,,0,0.0
2020,624608477842616320,7,False,free_agent,7,KC,Kansas City Chiefs,,3,38.0
2020,624617179991572480,7,False,free_agent,2,CLE,Cleveland Browns,,1,8.0
2020,624618936591265792,7,False,waiver,10,NYG,New York Giants,0,1,5.0
2020,624623125023252480,7,False,free_agent,1,17,Matt Prater,,5,44.0
2020,624635393899343872,7,False,free_agent,2,344,Julian Edelman,,0,0.0
2020,624636058885230592,7,False,free_agent,2,515,Rob Gronkowski,,0,0.0
2020,624639985408118784,7,False,free_agent,2,2306,Jameis Winston,,0,0.0
2020,624640888420790272,7,False,free_agent,2,536,Antonio Brown,,2,19.9
2020,624672921121566720,7,False,free_agent,9,4195,Jake Elliott,,0,0.0
2020,624758481311850496,7,False,free_agent,3,SF,San Francisco 49ers,,1,19.0
2020,624761212827176960,7,False,free_agent,9,3805,Jon Brown,,0,0.0
2020,624808962184777728,7,False,free_agent,5,CIN,Cincinnati Bengals,,1,-2.0
2020,624809106422738944,7,False,free_agent,5,1433,Brandon McManus,,0,0.0
2020,624809400414085120,7,False,free_agent,5,391,Ryan Succop,,1,9.0
2020,625035579825934336,7,False,free_agent,8,574,Dez Bryant,,0,0.0
2020,625136849144332288,7,False,free_agent,9,1266,Greg Zuerlein,,0,0.0
2020,625147428999467008,7,False,free_agent,2,5967,Tony Pollard,,0,0.0
2020,625149555247378432,7,False,free_agent,9,5001,Dalton Schultz,,1,3.2
2020,625518844626182144,7,False,free_agent,10,1386,Giovani Bernard,,4,53.6
2020,625560159141322752,7,False,free_agent,9,344,Julian Edelman,,0,0.0
2020,625780199828586496,7,False,free_agent,11,616,Jimmy Graham,,1,5.6
2020,625859062088704000,7,False,free_agent,10,1592,Darren Fells,,1,0.0
2020,626201036730044416,7,False,waiver,11,344,Julian Edelman,15,0,0.0
2020,626835868769988608,7,False,waiver,3,2146,Richard Rodgers,12,0,0.0
2020,626840984927440896,7,False,waiver,9,6908,La'Mical Perine,3,1,4.3
2020,626937282372415488,7,False,waiver,8,2257,Carlos Hyde,18,0,0.0
2020,626970479923650560,7,False,waiver,5,5955,Hunter Renfrow,5,1,10.6
2020,627011637416660992,7,False,waiver,4,3328,Rashard Higgins,0,1,1.9
2020,627011967789371392,7,False,waiver,2,IND,Indianapolis Colts,2,2,23.0
2020,627021116371718144,7,False,waiver,2,2588,Malcolm Brown,0,0,0.0
2020,627075001664753664,8,False,free_agent,9,5248,Gus Edwards,,0,0.0
2020,627075160301727744,8,False,waiver,8,4149,Jamaal Williams,2,4,43.6
2020,627169432346664960,8,False,free_agent,10,4089,Gerald Everett,,0,0.0
2020,627170619082997760,8,False,free_agent,9,4993,Mike Gesicki,,0,0.0
2020,627184604553478144,8,False,free_agent,5,NO,New Orleans Saints,,1,7.0
2020,627185701082959872,8,False,free_agent,6,5022,Dallas Goedert,,0,0.0
2020,627189547515604992,8,False,free_agent,3,LAC,Los Angeles Chargers,,1,3.0
2020,627209222903410688,8,False,free_agent,2,2378,Tevin Coleman,,0,0.0
2020,627383717224079360,8,False,free_agent,9,6850,Harrison Bryant,,0,0.0
2020,627489786038398976,8,False,free_agent,10,6290,Scotty Miller,,0,0.0
2020,627578316181823488,8,False,free_agent,7,5248,Gus Edwards,,0,0.0
2020,627584574993539072,8,False,free_agent,1,6931,DeeJay Dallas,,0,0.0
2020,627614873517367296,8,False,free_agent,11,CAR,Carolina Panthers,,5,47.0
2020,627615536955613184,8,False,free_agent,11,2325,Nelson Agholor,,2,5.8
2020,627620847938519040,8,False,waiver,10,616,Jimmy Graham,0,1,2.3
2020,627896454228316160,8,False,free_agent,9,6744,Greg Ward,,0,0.0
2020,627925888310259712,8,False,free_agent,2,4195,Jake Elliott,,0,0.0
2020,627926101968093184,8,False,waiver,2,367,Jared Cook,0,0,0.0
2020,627932892168802304,8,False,waiver,1,4993,Mike Gesicki,1,0,0.0
2020,628046534864363520,8,False,free_agent,6,5026,Tre'Quan Smith,,1,6.8
2020,628346389117632512,8,False,free_agent,9,4150,Wayne Gallman,,0,0.0
2020,628347741671600128,8,False,free_agent,3,5967,Tony Pollard,,0,0.0
2020,628685316483670016,8,False,free_agent,2,1287,Kai Forbath,,1,5.0
2020,628944996472532992,8,False,free_agent,1,7084,Jake Luton,,1,22.46
2020,629077515054456832,8,False,waiver,9,5185,Allen Lazard,5,0,0.0
2020,629358080013975552,8,False,waiver,2,5347,Nyheim Miller-Hines,0,0,0.0
2020,629358462891012096,8,False,waiver,2,6931,DeeJay Dallas,0,0,0.0
2020,629371138325164032,8,False,waiver,3,5095,Daniel Carlson,0,1,7.0
2020,629371700177371136,8,False,waiver,3,1067,Marvin Jones,5,0,0.0
2020,629448827262312448,8,False,waiver,5,4464,Nick Mullens,15,1,12.64
2020,629465215603388416,8,False,waiver,1,5100,Jordan Wilkins,9,0,0.0
2020,629465303289507840,8,False,waiver,1,WAS,Washington Commanders,2,1,6.0
2020,629472365436284928,8,False,waiver,6,1500,Jordan Reed,9,0,0.0
2020,629472792978554880,8,False,waiver,6,4455,Matt Breida,13,0,0.0
2020,629490104855015424,8,False,waiver,8,367,Jared Cook,16,2,2.0
2020,629564453184155648,8,False,waiver,2,3280,Tyler Ervin,0,0,0.0
2020,629564823528628224,8,False,waiver,2,6938,Cam Akers,0,0,0.0
2020,629620674985533440,8,False,waiver,4,NYG,New York Giants,3,1,14.0
2020,629627760029097984,9,False,waiver,8,4993,Mike Gesicki,2,0,0.0
2020,629634904740700160,9,False,free_agent,4,4068,Mike Williams,,3,15.2
2020,629689317131898880,9,False,free_agent,6,TEN,Tennessee Titans,,1,16.0
2020,629690252889522176,9,False,free_agent,5,HOU,Houston Texans,,1,5.0
2020,629706258529755136,9,False,free_agent,10,2251,Logan Thomas,,0,0.0
2020,629714210774929408,9,False,free_agent,3,4082,Curtis Samuel,,0,0.0
2020,629725667365330944,9,False,free_agent,9,2118,Eric Ebron,,5,45.3
2020,629727053989634048,9,False,free_agent,7,4454,Kendrick Bourne,,0,0.0
2020,629736253344034816,9,False,free_agent,5,928,Randall Cobb,,0,0.0
2020,629822765167390720,9,False,free_agent,6,490,Chase Daniel,,0,0.0
2020,629834165625356288,9,False,free_agent,11,3664,J.D. McKissic,,0,0.0
2020,629913089826983936,9,False,free_agent,9,6789,Henry Ruggs,,0,0.0
2020,629976295870128128,9,False,free_agent,9,6908,La'Mical Perine,,0,0.0
2020,630031767977426944,9,False,free_agent,4,5285,Ross Dwelley,,0,0.0
2020,630073039547092992,9,False,free_agent,2,5967,Tony Pollard,,0,0.0
2020,630089879006576640,9,False,free_agent,7,6789,Henry Ruggs,,0,0.0
2020,630101503713054720,9,False,free_agent,7,4187,Brian Hill,,0,0.0
2020,630124258512678912,9,False,waiver,2,829,Andy Dalton,1,1,19.82
2020,630126392507441152,9,False,free_agent,9,6789,Henry Ruggs,,0,0.0
2020,630126444319674368,9,False,free_agent,9,223,Larry Fitzgerald,,0,0.0
2020,630126462921437184,9,False,free_agent,3,4218,Trent Taylor,,0,0.0
2020,630140879054655488,9,False,free_agent,9,1793,Trey Burton,,0,0.0
2020,630174836173402112,9,False,free_agent,2,391,Ryan Succop,,1,4.0
2020,630179452931899392,9,False,free_agent,2,4985,Rashaad Penny,,0,0.0
2020,630180383371132928,9,False,free_agent,2,1149,Alshon Jeffery,,0,0.0
2020,630187103807954944,9,False,free_agent,3,6311,Patrick Laird,,0,0.0
2020,630193969896202240,9,False,waiver,4,1029,Nick Foles,2,1,21.6
2020,630270502904197120,9,False,free_agent,9,3306,Jordan Howard,,0,0.0
2020,630302295841677312,9,False,waiver,5,2251,Logan Thomas,0,1,4.3
2020,630516074055548928,9,False,free_agent,4,6931,DeeJay Dallas,,1,10.9
2020,630583439363510272,9,False,free_agent,9,6789,Henry Ruggs,,0,0.0
2020,630878445135577088,9,False,free_agent,2,3327,Alex Collins,,0,0.0
2020,630939496136937472,9,False,free_agent,9,574,Dez Bryant,,0,0.0
2020,631175098077884416,9,False,free_agent,6,2229,Garrett Gilbert,,1,15.52
2020,631191895468699648,9,False,free_agent,4,4150,Wayne Gallman,,0,0.0
2020,631261639827808256,9,False,free_agent,9,LAC,Los Angeles Chargers,,1,3.0
2020,631292143364939776,9,False,waiver,10,4950,Christian Kirk,12,1,4.7
2020,631910964148633600,9,False,waiver,3,4972,Mason Rudolph,3,0,0.0
2020,631911824245194752,9,False,waiver,3,616,Jimmy Graham,1,1,0.0
2020,631912546110115840,9,False,waiver,7,59,Mason Crosby,0,0,0.0
2020,631912853384835072,9,False,waiver,7,3664,J.D. McKissic,16,2,12.1
2020,631927530978435072,9,False,waiver,9,830,A.J. Green,3,0,0.0
2020,631941354246758400,9,False,waiver,9,2382,Duke Johnson,0,2,10.4
2020,631990436017274880,9,False,waiver,7,NO,New Orleans Saints,0,4,49.0
2020,631997917690957824,9,False,waiver,3,5947,Jakobi Meyers,6,3,15.5
2020,632033519534698496,9,False,waiver,5,268,Alex Smith,10,1,16.0
2020,632104861336416256,9,False,waiver,1,5100,Jordan Wilkins,3,0,0.0
2020,632128339938721792,9,False,waiver,2,5122,Boston Scott,0,0,0.0
2020,632129354977067008,9,False,waiver,2,1287,Kai Forbath,0,0,0.0
2020,632133135831728128,9,False,waiver,4,5119,Jason Sanders,0,1,14.0
2020,632149149118189568,9,False,waiver,4,3202,Austin Hooper,3,1,1.6
2020,632152710849822720,9,False,waiver,4,3328,Rashard Higgins,0,0,0.0
2020,632165816665735168,10,False,free_agent,4,TB,Tampa Bay Buccaneers,,2,9.0
2020,632168215086206976,10,False,free_agent,4,184,Adrian Peterson,,0,0.0
2020,632208653537050624,10,False,free_agent,1,PHI,Philadelphia Eagles,,1,3.0
2020,632220843006570496,10,False,free_agent,6,1387,Rex Burkhead,,0,0.0
2020,632223196971597824,10,False,free_agent,6,MIN,Minnesota Vikings,,2,13.0
2020,632225360259424256,10,False,free_agent,6,1099,Randy Bullock,,1,4.0
2020,632237189102645248,10,False,free_agent,10,3271,Tyler Higbee,,0,0.0
2020,632238889918078976,10,False,waiver,5,6996,JaMycal Hasty,0,0,0.0
2020,632270079395958784,10,False,free_agent,9,GB,Green Bay Packers,,0,0.0
2020,632272332412506112,10,False,free_agent,3,1433,Brandon McManus,,1,8.0
2020,632288504524677120,10,False,waiver,7,4602,Robert Tonyan,0,1,4.8
2020,632321442201014272,10,False,free_agent,2,7045,Joshua Kelley,,0,0.0
2020,632334222106902528,10,False,free_agent,6,6011,Gardner Minshew,,0,0.0
2020,632334288569839616,10,False,free_agent,6,1387,Rex Burkhead,,0,0.0
2020,632340136016842752,10,False,free_agent,2,956,Mark Ingram,,0,0.0
2020,632439952122146816,10,False,free_agent,9,4994,Kalen Ballage,,0,0.0
2020,632442075924738048,10,False,waiver,9,331,Philip Rivers,3,0,0.0
2020,632445121698291712,10,False,free_agent,8,4233,Zane Gonzalez,,4,29.0
2020,632445772171919360,10,False,waiver,8,538,Emmanuel Sanders,0,1,1.0
2020,632497943223558144,10,False,free_agent,4,3934,Troymaine Pope,,0,0.0
2020,632575675106152448,10,False,free_agent,4,6819,Michael Pittman,,0,0.0
2020,632613527273701376,10,False,free_agent,2,WAS,Washington Commanders,,1,0.0
2020,632617163592642560,10,False,free_agent,10,2251,Logan Thomas,,1,8.6
2020,632622174749945856,10,False,free_agent,5,5955,Hunter Renfrow,,0,0.0
2020,632622425477033984,10,False,free_agent,5,LV,Las Vegas Raiders,,1,18.0
2020,632645536557633536,10,False,waiver,2,5987,Alexander Mattison,3,0,0.0
2020,632661835266461696,10,False,free_agent,9,TEN,Tennessee Titans,,1,0.0
2020,632989927327510528,10,False,free_agent,2,1287,Kai Forbath,,1,4.0
2020,633077253030350848,10,False,free_agent,2,4150,Wayne Gallman,,0,0.0
2020,633095104822878208,10,False,free_agent,10,2588,Malcolm Brown,,0,0.0
2020,633421584928956416,10,False,free_agent,8,4171,Josh Reynolds,,1,13.4
2020,633524094712745984,10,False,free_agent,7,5095,Daniel Carlson,,4,36.0
2020,633546013826686976,10,False,free_agent,9,6931,DeeJay Dallas,,0,0.0
2020,633546301136502784,10,False,free_agent,9,6012,Travis Homer,,0,0.0
2020,633563236930756608,10,False,free_agent,9,6012,Travis Homer,,0,0.0
2020,633762967883808768,10,False,free_agent,10,5163,Ryan Nall,,1,2.3
2020,633806941696770048,10,False,free_agent,4,6918,Salvon Ahmed,,0,0.0
2020,633942103558270976,10,False,free_agent,9,1048,Lamar Miller,,0,0.0
2020,634084590385971200,10,False,free_agent,9,1535,Cordarrelle Patterson,,0,0.0
2020,634294559983112192,10,False,waiver,7,6908,La'Mical Perine,1,0,0.0
2020,634415041352900608,10,False,waiver,10,5347,Nyheim Miller-Hines,5,3,31.0
2020,634488836801523712,10,False,waiver,2,CLE,Cleveland Browns,0,1,22.0
2020,634498284802613248,10,False,waiver,2,LAR,Los Angeles Rams,0,2,30.0
2020,634533403999449088,10,False,waiver,5,830,A.J. Green,3,0,0.0
2020,634545820343042048,10,False,waiver,8,LAC,Los Angeles Chargers,5,3,17.0
2020,634547168795004928,10,False,waiver,6,4227,Harrison Butker,2,3,31.0
2020,634547281172959232,10,False,waiver,7,3209,Devontae Booker,0,0,0.0
2020,634547902517149696,10,False,waiver,3,2306,Jameis Winston,24,0,0.0
2020,634548438985412608,10,False,waiver,3,391,Ryan Succop,0,2,12.0
2020,634561417097338880,10,False,waiver,1,MIA,Miami Dolphins,3,3,34.0
2020,634562354901762048,10,False,waiver,1,6786,CeeDee Lamb,1,0,0.0
2020,634641523224420352,10,False,waiver,5,1817,Sammy Watkins,1,0,0.0
2020,634677288667029504,10,False,waiver,4,4994,Kalen Ballage,24,1,10.6
2020,634677576299778048,10,False,waiver,4,4381,Taysom Hill,1,3,66.32
2020,634777321496190976,11,False,free_agent,10,4622,Keelan Cole,,0,0.0
2020,634780576087351296,11,False,free_agent,2,4985,Rashaad Penny,,0,0.0
2020,634781174962655232,11,False,free_agent,2,1945,Chris Boswell,,1,11.0
2020,634795348358946816,11,False,free_agent,9,IND,Indianapolis Colts,,2,6.0
2020,634795928074657792,11,False,free_agent,9,5086,Marquez Valdes-Scantling,,0,0.0
2020,634798013658767360,11,False,free_agent,9,5122,Boston Scott,,0,0.0
2020,634802340184039424,11,False,free_agent,9,4183,Nathan Peterman,,0,0.0
2020,634803221218541568,11,False,waiver,5,WAS,Washington Commanders,0,1,13.0
2020,634803532838576128,11,False,free_agent,5,5122,Boston Scott,,0,0.0
2020,634805429242798080,11,False,free_agent,3,3271,Tyler Higbee,,1,4.0
2020,634808219738374144,11,False,free_agent,9,5100,Jordan Wilkins,,0,0.0
2020,634947135263055872,11,False,free_agent,6,6798,Jalen Reagor,,0,0.0
2020,635007760169275392,11,False,free_agent,9,2257,Carlos Hyde,,0,0.0
2020,635155347333550080,11,False,free_agent,9,5967,Tony Pollard,,0,0.0
2020,635286379970002944,11,False,free_agent,3,5086,Marquez Valdes-Scantling,,0,0.0
2020,635314304673099776,11,False,free_agent,4,184,Adrian Peterson,,0,0.0
2020,635547063664336896,11,False,free_agent,9,4602,Robert Tonyan,,0,0.0
2020,635611041711067136,11,False,free_agent,9,5068,Kerryon Johnson,,0,0.0
2020,635612407800115200,11,False,free_agent,9,4602,Robert Tonyan,,0,0.0
2020,635636006963490816,11,False,free_agent,9,4217,George Kittle,,0,0.0
2020,635794308586348544,11,False,free_agent,4,GB,Green Bay Packers,,1,16.0
2020,635956977024958464,11,False,free_agent,10,4147,Samaje Perine,,0,0.0
2020,636941443226767360,11,False,waiver,4,5001,Dalton Schultz,1,1,4.9
2020,636941486629412864,11,False,waiver,4,LV,Las Vegas Raiders,1,0,0.0
2020,636958047410946048,11,False,waiver,2,7062,Rodrigo Blankenship,1,2,9.0
2020,637008673520037888,11,False,waiver,5,5110,Russell Gage,0,0,0.0
2020,637018268791537664,11,False,waiver,10,1339,Zach Ertz,3,0,0.0
2020,637074221587075072,11,False,waiver,6,1848,James White,5,2,15.8
2020,637083420542959616,11,False,waiver,2,5248,Gus Edwards,4,0,0.0
2020,637101326374907904,11,False,waiver,3,1029,Nick Foles,0,0,0.0
2020,637301514569859072,12,False,free_agent,1,4082,Curtis Samuel,,0,0.0
2020,637324013697302528,12,False,free_agent,2,956,Mark Ingram,,0,0.0
2020,637324843708145664,12,False,free_agent,2,1911,Willie Snead,,0,0.0
2020,637325809304047616,12,False,free_agent,10,TB,Tampa Bay Buccaneers,,0,0.0
2020,637326957113061376,12,False,free_agent,2,5967,Tony Pollard,,0,0.0
2020,637327451676045312,12,False,free_agent,1,1559,Mike Glennon,,0,0.0
2020,637341889133121536,12,False,free_agent,1,7042,Tyler Bass,,0,0.0
2020,637353249480994816,12,False,free_agent,8,6904,Jalen Hurts,,0,0.0
2020,637357616665788416,12,False,free_agent,1,4082,Curtis Samuel,,0,0.0
2020,637439819961683968,12,False,waiver,10,4147,Samaje Perine,1,0,0.0
2020,637682018582450176,12,False,free_agent,9,2378,Tevin Coleman,,0,0.0
2020,637736293727670272,12,False,free_agent,4,5068,Kerryon Johnson,,1,9.8
2020,637792016029315072,12,False,free_agent,5,NYG,New York Giants,,1,11.0
2020,637799214759522304,12,False,free_agent,2,5848,Marquise Brown,,0,0.0
2020,637854324189564928,12,False,free_agent,7,1169,Robert Griffin,,0,0.0
2020,638021401697157120,12,False,waiver,9,2161,Jerick McKinnon,3,0,0.0
2020,638160223797870592,12,False,free_agent,9,4187,Brian Hill,,0,0.0
2020,638160726543921152,12,False,free_agent,4,3934,Troymaine Pope,,0,0.0
2020,638161100516454400,12,False,waiver,5,5022,Dallas Goedert,1,0,0.0
2020,638162313899249664,12,False,free_agent,7,3976,Mitchell Trubisky,,0,0.0
2020,638246582571053056,12,False,free_agent,10,SEA,Seattle Seahawks,,2,18.0
2020,638305350407225344,12,False,free_agent,3,6814,Laviska Shenault,,0,0.0
2020,638470335989121024,12,False,free_agent,6,2673,Damiere Byrd,,0,0.0
2020,638472709277331456,12,False,free_agent,1,5100,Jordan Wilkins,,0,0.0
2020,638484045491183616,12,False,free_agent,9,6156,Benny Snell,,0,0.0
2020,638485233112543232,12,False,free_agent,1,2747,Jason Myers,,2,16.0
2020,638490385043243008,12,False,free_agent,7,333,Ryan Fitzpatrick,,1,19.28
2020,638490821087289344,12,False,free_agent,7,3209,Devontae Booker,,1,5.6
2020,638510491135729664,12,False,free_agent,3,943,Kyle Rudolph,,2,10.3
2020,638510753896280064,12,False,free_agent,6,4217,George Kittle,,0,0.0
2020,638510786951593984,12,False,free_agent,3,3357,Brandon Allen,,0,0.0
2020,638510859366248448,12,False,free_agent,6,2673,Damiere Byrd,,0,0.0
2020,638557485933887488,12,False,free_agent,4,KC,Kansas City Chiefs,,1,5.0
2020,638562017413799936,12,False,free_agent,8,5046,Royce Freeman,,0,0.0
2020,638563979697946624,12,False,free_agent,4,7210,Kendall Hinton,,0,0.0
2020,638585836643876864,12,False,free_agent,10,4602,Robert Tonyan,,2,27.1
2020,638662707322642432,12,False,free_agent,9,3202,Austin Hooper,,0,0.0
2020,638663015763349504,12,False,free_agent,4,4455,Matt Breida,,0,0.0
2020,638665113066352640,12,False,free_agent,4,5131,Justin Jackson,,0,0.0
2020,638687179505250304,12,False,free_agent,4,3328,Rashard Higgins,,0,0.0
2020,638776470155657216,12,False,free_agent,1,6878,Anthony McFarland,,0,0.0
2020,638777410619265024,12,False,free_agent,2,6156,Benny Snell,,0,0.0
2020,638804911122997248,12,False,waiver,2,4082,Curtis Samuel,1,0,0.0
2020,638861487838130176,12,False,free_agent,11,616,Jimmy Graham,,2,4.7
2020,639892107011633152,12,False,waiver,9,3976,Mitchell Trubisky,10,1,13.28
2020,640014717762596864,12,False,waiver,9,CHI,Chicago Bears,1,1,3.0
2020,640015718842314752,12,False,waiver,1,4973,Hayden Hurst,0,1,1.4
2020,640015808017387520,12,False,waiver,8,1817,Sammy Watkins,10,0,0.0
2020,640047945550528512,12,False,waiver,3,899,Dan Bailey,5,1,6.0
2020,640073602594594816,12,False,waiver,2,5848,Marquise Brown,0,0,0.0
2020,640106785558048768,12,False,waiver,6,LV,Las Vegas Raiders,1,1,10.0
2020,640109415848026112,12,False,waiver,4,4464,Nick Mullens,7,0,0.0
2020,640116564347133952,12,False,waiver,4,2257,Carlos Hyde,8,1,2.6
2020,640116678096666624,12,False,waiver,4,6938,Cam Akers,5,0,0.0
2020,640117474980855808,12,False,waiver,4,6918,Salvon Ahmed,0,0,0.0
2020,640136851214118912,13,False,free_agent,9,4993,Mike Gesicki,,0,0.0
2020,640137095565885440,13,False,free_agent,5,MIN,Minnesota Vikings,,1,15.0
2020,640137592293117952,13,False,free_agent,4,5007,Keke Coutee,,0,0.0
2020,640198605239595008,13,False,waiver,11,GB,Green Bay Packers,20,1,10.0
2020,640334664594169856,13,False,free_agent,9,1244,Josh Gordon,,0,0.0
2020,640392171773587456,13,False,free_agent,9,5004,Ito Smith,,0,0.0
2020,640392246037909504,13,False,free_agent,9,4187,Brian Hill,,0,0.0
2020,640540133053001728,13,False,free_agent,4,5122,Boston Scott,,0,0.0
2020,640644896583147520,13,False,free_agent,2,2331,Breshad Perriman,,1,2.7
2020,640720272642650112,13,False,free_agent,9,4435,Anthony Firkser,,0,0.0
2020,640859320766013440,13,False,waiver,4,4994,Kalen Ballage,0,0,0.0
2020,641033072401256448,13,False,free_agent,8,3202,Austin Hooper,,1,3.4
2020,641123153413758976,13,False,free_agent,8,5848,Marquise Brown,,0,0.0
2020,641202277725569024,13,False,free_agent,4,TB,Tampa Bay Buccaneers,,0,0.0
2020,641203547802804224,13,False,free_agent,7,6156,Benny Snell,,1,2.0
2020,641316741858791424,13,False,free_agent,2,6938,Cam Akers,,0,0.0
2020,641362390113574912,13,False,free_agent,7,5974,Trace McSorley,,0,0.0
2020,642043751300182016,13,False,free_agent,2,5967,Tony Pollard,,0,0.0
2020,642240084057485312,13,False,waiver,10,6039,Ty Johnson,1,0,0.0
2020,642250559637843968,13,False,waiver,8,2251,Logan Thomas,8,0,0.0
2020,642250674318508032,13,False,waiver,8,SF,San Francisco 49ers,10,0,0.0
2020,642257200160530432,13,False,waiver,2,2168,Devonta Freeman,0,0,0.0
2020,642261807188246528,13,False,waiver,5,TEN,Tennessee Titans,1,0,0.0
2020,642268762078281728,13,False,waiver,7,BUF,Buffalo Bills,0,0,0.0
2020,642272212069478400,13,False,waiver,7,268,Alex Smith,4,0,0.0
2020,642447774146703360,13,False,waiver,3,110,Stephen Gostkowski,0,0,0.0
2020,642654895752695808,13,False,waiver,4,3286,Demarcus Robinson,1,0,0.0
2020,642655047833948160,13,False,waiver,4,184,Adrian Peterson,1,0,0.0
2021,741533067994402816,1,False,free_agent,2,6083,Matt Gay,,10,90.0
2021,741541337274429440,1,False,free_agent,2,1110,T.Y. Hilton,,0,0.0
2021,741542010636345344,1,False,free_agent,2,928,Randall Cobb,,0,0.0
2021,741679300507533312,1,False,free_agent,11,4943,Sam Darnold,,7,126.4
2021,741755882374848512,1,False,free_agent,2,5131,Justin Jackson,,0,0.0
2021,741783635363065856,1,False,free_agent,7,5123,Trenton Cannon,,0,0.0
2021,741791583569223680,1,False,free_agent,10,5549,Darrel Williams,,0,0.0
2021,741799694862462976,1,False,free_agent,8,2168,Devonta Freeman,,0,0.0
2021,741881160380260352,1,False,free_agent,9,1476,Latavius Murray,,0,0.0
2021,741921222409011200,1,False,free_agent,9,3200,Sterling Shepard,,0,0.0
2021,742184288178532352,1,False,free_agent,4,928,Randall Cobb,,0,0.0
2021,742221389733425152,1,False,free_agent,8,7571,Rashod Bateman,,0,0.0
2021,742221966089555968,1,False,free_agent,8,2822,Adam Humphries,,0,0.0
2021,742223090104274944,1,False,free_agent,3,5122,Boston Scott,,0,0.0
2021,742817904411815936,1,False,free_agent,9,7600,Pat Freiermuth,,0,0.0
2021,742822043711750144,1,False,free_agent,2,1339,Zach Ertz,,0,0.0
2021,742823979982868480,1,False,free_agent,2,1817,Sammy Watkins,,0,0.0
2021,743359644260528128,1,False,waiver,12,4950,Christian Kirk,5,2,17.3
2021,743366706096881664,1,False,waiver,7,956,Mark Ingram,22,0,0.0
2021,743476530310692864,1,False,waiver,3,7567,Kenny Gainwell,1,0,0.0
2021,743528712456335360,1,False,waiver,8,5967,Tony Pollard,5,4,37.2
2021,743530321177366528,1,False,waiver,2,7561,Elijah Mitchell,55,0,0.0
2021,743591740413444096,1,False,waiver,1,7066,K.J. Osborn,1,0,0.0
2021,743656374843650048,1,False,waiver,2,6996,JaMycal Hasty,0,0,0.0
2021,743668218027175936,1,False,waiver,8,NO,New Orleans Saints,0,4,36.0
2021,743698619617648640,1,False,waiver,4,3163,Jared Goff,4,1,19.44
2021,743700138505129984,1,False,waiver,4,ARI,Arizona Cardinals,4,2,24.0
2021,743717968650850304,1,False,waiver,7,1535,Cordarrelle Patterson,0,9,147.3
2021,743766177909727232,2,False,free_agent,1,NYG,New York Giants,,2,9.0
2021,743774971314245632,2,False,free_agent,9,4351,Tim Patrick,,0,0.0
2021,743809266246418432,2,False,free_agent,1,4319,Zach Pascal,,0,0.0
2021,743833336849559552,2,False,free_agent,5,NYJ,New York Jets,,0,0.0
2021,743838600201891840,2,False,free_agent,3,5955,Hunter Renfrow,,0,0.0
2021,743856902483623936,2,False,free_agent,11,138,Ben Roethlisberger,,1,14.8
2021,743894395044114432,2,False,waiver,4,7601,Rondale Moore,1,1,1.4
2021,743896753249587200,2,False,free_agent,4,4033,David Njoku,,0,0.0
2021,743903010098401280,2,False,free_agent,5,CHI,Chicago Bears,,1,21.0
2021,743906339008454656,2,False,free_agent,9,2476,James O'Shaughnessy,,0,0.0
2021,743906768123502592,2,False,free_agent,9,6826,Cole Kmet,,1,0.5
2021,743966602797711360,2,False,free_agent,6,6805,KJ Hamler,,0,0.0
2021,744008312286244864,2,False,free_agent,2,4351,Tim Patrick,,0,0.0
2021,744008598719410176,2,False,free_agent,2,5086,Marquez Valdes-Scantling,,0,0.0
2021,744010363946815488,2,False,free_agent,2,1833,Damien Williams,,0,0.0
2021,744036888490401792,2,False,waiver,2,6996,JaMycal Hasty,0,0,0.0
2021,744196094304616448,2,False,waiver,3,6870,Bryan Edwards,1,0,0.0
2021,744226733955375104,2,False,free_agent,2,2168,Devonta Freeman,,0,0.0
2021,744307713634385920,2,False,free_agent,10,6234,Deonte Harty,,0,0.0
2021,744316010743635968,2,False,free_agent,8,6943,Gabe Davis,,0,0.0
2021,744358973330993152,2,False,waiver,11,1817,Sammy Watkins,3,0,0.0
2021,745795379265708032,2,False,waiver,11,1348,Dustin Hopkins,0,1,4.0
2021,745974687414210560,2,False,waiver,10,7066,K.J. Osborn,23,1,3.6
2021,746003091874246656,2,False,waiver,3,BUF,Buffalo Bills,0,8,76.0
2021,746011996033503232,2,False,waiver,11,2152,Teddy Bridgewater,0,2,18.6
2021,746070632357298176,2,False,waiver,5,LV,Las Vegas Raiders,0,1,5.0
2021,746076177814401024,2,False,waiver,9,CAR,Carolina Panthers,0,1,9.0
2021,746087189099716608,2,False,waiver,1,650,Nick Folk,1,11,118.0
2021,746121920386310144,2,False,waiver,3,3202,Austin Hooper,1,0,0.0
2021,746174572046467072,2,False,waiver,8,2028,Derek Carr,25,11,173.56
2021,746197528793477120,2,False,waiver,2,BAL,Baltimore Ravens,0,2,14.0
2021,746203620940304384,2,False,waiver,2,7609,Demetric Felton,0,0,0.0
2021,746211211552661504,2,False,waiver,4,7591,Justin Fields,86,5,39.44
2021,746214330290323456,2,False,waiver,4,5906,Dawson Knox,0,3,43.4
2021,746244584450940928,2,False,waiver,6,6039,Ty Johnson,6,0,0.0
2021,746362252701093888,3,False,free_agent,5,830,A.J. Green,,0,0.0
2021,746363933396463616,3,False,waiver,2,7567,Kenny Gainwell,0,0,0.0
2021,746365084753854464,3,False,free_agent,9,6895,Quintez Cephus,,0,0.0
2021,746365527206830080,3,False,free_agent,1,5284,Jeff Wilson,,1,6.3
2021,746365773890596864,3,False,free_agent,1,4351,Tim Patrick,,0,0.0
2021,746365852391219200,3,False,waiver,1,4319,Zach Pascal,2,0,0.0
2021,746373622163177472,3,False,free_agent,6,24,Matt Ryan,,5,92.8
2021,746420114383065088,3,False,free_agent,10,1433,Brandon McManus,,5,32.0
2021,746470103784271872,3,False,free_agent,6,6789,Henry Ruggs,,0,0.0
2021,746938144116633600,3,False,free_agent,8,4219,Jeremy McNichols,,0,0.0
2021,746940510803009536,3,False,free_agent,4,5123,Trenton Cannon,,0,0.0
2021,746946710265438208,3,False,free_agent,4,6826,Cole Kmet,,0,0.0
2021,747732280503640064,3,False,free_agent,12,7609,Demetric Felton,,1,2.3
2021,747880526861656064,3,False,free_agent,10,6149,Darius Slayton,,1,1.3
2021,748194856869961728,3,False,waiver,10,5955,Hunter Renfrow,11,8,102.3
2021,748445258228031488,3,False,waiver,6,4351,Tim Patrick,12,0,0.0
2021,748534392938487808,3,False,waiver,3,2711,Taylor Heinicke,1,10,160.74
2021,748587614906466304,3,False,waiver,5,7496,Nick Westbrook-Ikhine,2,0,0.0
2021,748587783907577856,3,False,waiver,5,538,Emmanuel Sanders,5,6,45.2
2021,748587940581675008,3,False,waiver,5,CIN,Cincinnati Bengals,0,1,2.0
2021,748644706233241600,3,False,waiver,11,7042,Tyler Bass,0,3,37.0
2021,748700710786453504,3,False,waiver,2,1110,T.Y. Hilton,0,0,0.0
2021,748722705091674112,3,False,waiver,12,7594,Chuba Hubbard,45,1,8.1
2021,748804904470069248,3,False,waiver,4,5001,Dalton Schultz,1,0,0.0
2021,748807542657961984,3,False,waiver,4,LAC,Los Angeles Chargers,0,1,8.0
2021,748807612140752896,3,False,waiver,4,IND,Indianapolis Colts,0,0,0.0
2021,748897105015398400,4,False,free_agent,1,5046,Royce Freeman,,0,0.0
2021,748897317968617472,4,False,free_agent,3,5272,Greg Joseph,,10,89.0
2021,748898046309421056,4,False,free_agent,3,5133,Tyler Conklin,,0,0.0
2021,748898210147360768,4,False,free_agent,1,DET,Detroit Lions,,1,4.0
2021,748898496006000640,4,False,waiver,3,3664,J.D. McKissic,0,3,19.0
2021,748899965874634752,4,False,waiver,1,3423,Robbie Chosen,4,0,0.0
2021,748905696648671232,4,False,free_agent,9,3594,Peyton Barber,,0,0.0
2021,748905882343112704,4,False,free_agent,9,TEN,Tennessee Titans,,0,0.0
2021,748906014472040448,4,False,free_agent,9,59,Mason Crosby,,5,40.0
2021,748906658842918912,4,False,free_agent,5,5024,James Washington,,0,0.0
2021,748932530778034176,4,False,free_agent,2,4152,Marlon Mack,,0,0.0
2021,748999790364319744,4,False,free_agent,4,1244,Josh Gordon,,0,0.0
2021,749071788566278144,4,False,waiver,8,1476,Latavius Murray,3,1,4.0
2021,749112810897793024,4,False,waiver,1,2306,Jameis Winston,1,1,13.04
2021,749161689374674944,4,False,free_agent,9,CHI,Chicago Bears,,1,11.0
2021,749302766316421120,4,False,free_agent,7,830,A.J. Green,,0,0.0
2021,749333388439179264,4,False,waiver,4,3242,Kenyan Drake,4,1,0.2
2021,749360954923446272,4,False,free_agent,9,7571,Rashod Bateman,,0,0.0
2021,749402373411192832,4,False,free_agent,10,7606,Kadarius Toney,,2,6.3
2021,749733024714829824,4,False,free_agent,2,7611,Rhamondre Stevenson,,0,0.0
2021,749735235373117440,4,False,free_agent,5,4985,Rashaad Penny,,0,0.0
2021,749760807952375808,4,False,free_agent,9,2214,Cameron Brate,,2,5.6
2021,750083731229970432,4,False,free_agent,11,TEN,Tennessee Titans,,1,5.0
2021,750122002995675136,4,False,free_agent,2,1408,Le'Veon Bell,,0,0.0
2021,750135655471972352,4,False,free_agent,11,5001,Dalton Schultz,,9,62.8
2021,750188778244726784,4,False,waiver,9,515,Rob Gronkowski,10,0,0.0
2021,750472637733634048,4,False,free_agent,6,4055,O.J. Howard,,0,0.0
2021,750597671127314432,4,False,waiver,10,2410,Jamison Crowder,17,0,0.0
2021,751115058444111872,4,False,waiver,2,NE,New England Patriots,1,9,126.0
2021,751126824410591232,4,False,waiver,3,4219,Jeremy McNichols,0,0,0.0
2021,751273843041148928,4,False,waiver,1,7610,Trey Lance,69,1,15.58
2021,751273933197692928,4,False,waiver,1,1837,Jimmy Garoppolo,2,0,0.0
2021,751276882401636352,4,False,waiver,1,PIT,Pittsburgh Steelers,0,2,16.0
2021,751277373604917248,4,False,waiver,2,3327,Alex Collins,0,0,0.0
2021,751277599602413568,4,False,waiver,2,1386,Giovani Bernard,0,0,0.0
2021,751305227222806528,4,False,waiver,4,7608,Khalil Herbert,2,3,41.8
2021,751306013172445184,4,False,waiver,4,7527,Mac Jones,4,0,0.0
2021,751307001639854080,4,False,waiver,4,DAL,Dallas Cowboys,1,1,11.0
2021,751311675587678208,4,False,waiver,6,1833,Damien Williams,67,1,15.4
2021,751312191260585984,4,False,waiver,6,6895,Quintez Cephus,2,0,0.0
2021,751329787523526656,4,False,waiver,9,928,Randall Cobb,5,0,0.0
2021,751381780841558016,5,False,free_agent,12,ARI,Arizona Cardinals,,9,77.0
2021,751433267516956672,5,False,free_agent,3,4147,Samaje Perine,,0,0.0
2021,751442708081561600,5,False,free_agent,5,GB,Green Bay Packers,,3,32.0
2021,751449767372058624,5,False,free_agent,9,MIN,Minnesota Vikings,,0,0.0
2021,751463232270635008,5,False,free_agent,11,ATL,Atlanta Falcons,,1,6.0
2021,751463843804336128,5,False,waiver,11,2306,Jameis Winston,0,3,53.88
2021,751485087916412928,5,False,free_agent,9,CAR,Carolina Panthers,,3,23.0
2021,751500559567163392,5,False,free_agent,9,7571,Rashod Bateman,,0,0.0
2021,751627576518270976,5,False,free_agent,4,IND,Indianapolis Colts,,2,29.0
2021,751629613867839488,5,False,waiver,8,7601,Rondale Moore,0,0,0.0
2021,751654685903040512,5,False,free_agent,7,367,Jared Cook,,2,13.9
2021,751990794625560576,5,False,free_agent,4,6931,DeeJay Dallas,,0,0.0
2021,751992113285230592,5,False,waiver,8,1244,Josh Gordon,5,0,0.0
2021,752237620595138560,5,False,free_agent,10,1339,Zach Ertz,,5,37.0
2021,752584894022172672,5,False,free_agent,5,3163,Jared Goff,,1,7.12
2021,752769189907017728,5,False,free_agent,2,2152,Teddy Bridgewater,,0,0.0
2021,752919138594578432,5,False,free_agent,2,7574,Larry Rountree,,0,0.0
2021,753042581759582208,5,False,waiver,11,CIN,Cincinnati Bengals,0,1,7.0
2021,753502947002044416,5,False,waiver,6,4531,Ricky Seals-Jones,2,1,13.8
2021,753503315261882368,5,False,waiver,6,1373,Geno Smith,2,2,22.14
2021,753603359784677376,5,False,waiver,5,3161,Carson Wentz,31,8,132.44
2021,753706481764970496,5,False,waiver,9,4152,Marlon Mack,0,0,0.0
2021,753736415472365568,5,False,waiver,11,3209,Devontae Booker,20,4,51.2
2021,753743815113846784,5,False,waiver,8,MIA,Miami Dolphins,2,2,10.0
2021,753745169517494272,5,False,waiver,8,5549,Darrel Williams,23,7,91.5
2021,753823546190508032,5,False,waiver,2,2152,Teddy Bridgewater,0,0,0.0
2021,753823719302021120,5,False,waiver,2,7601,Rondale Moore,4,0,0.0
2021,753970486307917824,6,False,free_agent,3,2161,Jerick McKinnon,,1,2.0
2021,753976418232311808,6,False,free_agent,1,138,Ben Roethlisberger,,1,10.86
2021,753979609325957120,6,False,free_agent,9,6989,Marquez Callaway,,0,0.0
2021,753988458980204544,6,False,free_agent,6,7547,Amon-Ra St. Brown,,0,0.0
2021,754043801479266304,6,False,free_agent,4,391,Ryan Succop,,1,4.0
2021,754053260549160960,6,False,free_agent,10,5917,Mecole Hardman,,0,0.0
2021,754064499417407488,6,False,waiver,11,3163,Jared Goff,1,1,9.18
2021,754067399849971712,6,False,free_agent,5,5024,James Washington,,0,0.0
2021,754359785557757952,6,False,free_agent,9,4351,Tim Patrick,,0,0.0
2021,754411014006657024,6,False,free_agent,2,NO,New Orleans Saints,,0,0.0
2021,754765642233704448,6,False,free_agent,12,1945,Chris Boswell,,1,13.0
2021,754778025748574208,6,False,free_agent,9,7609,Demetric Felton,,0,0.0
2021,754817388066775040,6,False,free_agent,9,7611,Rhamondre Stevenson,,0,0.0
2021,754855939416403968,6,False,free_agent,4,6694,D'Ernest Johnson,,3,34.8
2021,755216717893988352,6,False,free_agent,12,WAS,Washington Commanders,,0,0.0
2021,755328082155606016,6,False,free_agent,2,1110,T.Y. Hilton,,2,11.0
2021,755458378888908800,6,False,free_agent,5,1848,James White,,0,0.0
2021,755458606161506304,6,False,free_agent,5,1034,Brandon Bolden,,0,0.0
2021,755458726898819072,6,False,free_agent,5,2391,David Johnson,,0,0.0
2021,755863311077232640,6,False,free_agent,2,1144,Cole Beasley,,1,18.3
2021,756029351295975424,6,False,waiver,7,BAL,Baltimore Ravens,0,1,0.0
2021,756029645585035264,6,False,waiver,7,2152,Teddy Bridgewater,6,2,27.4
2021,756052403299749888,6,False,waiver,6,4157,Tarik Cohen,2,0,0.0
2021,756145852174729216,6,False,waiver,1,6989,Marquez Callaway,0,1,4.7
2021,756146360717279232,6,False,waiver,1,6853,Van Jefferson,0,1,12.3
2021,756155246094450688,6,False,waiver,3,391,Ryan Succop,1,1,8.0
2021,756155797339242496,6,False,waiver,3,7609,Demetric Felton,12,1,4.9
2021,756188948220538880,6,False,waiver,2,4985,Rashaad Penny,11,0,0.0
2021,756264901718208512,6,False,waiver,11,NO,New Orleans Saints,2,4,31.0
2021,756308986013265920,6,False,waiver,8,3423,Robbie Chosen,0,0,0.0
2021,756349777062514688,6,False,waiver,11,2325,Nelson Agholor,0,1,12.1
2021,756352082474315776,6,False,waiver,5,1408,Le'Veon Bell,0,0,0.0
2021,756380124546490368,6,False,waiver,4,7537,Jaret Patterson,1,0,0.0
2021,756385002895360000,6,False,waiver,4,6826,Cole Kmet,2,1,6.8
2021,756419763533635584,6,False,waiver,12,7527,Mac Jones,9,1,22.18
2021,756485800799150080,7,False,free_agent,9,1837,Jimmy Garoppolo,,0,0.0
2021,756502796936790016,7,False,free_agent,1,SF,San Francisco 49ers,,0,0.0
2021,756527936546463744,7,False,free_agent,9,4152,Marlon Mack,,0,0.0
2021,756538529089183744,7,False,free_agent,12,2747,Jason Myers,,1,6.0
2021,756554539078938624,7,False,free_agent,10,1379,Kyle Juszczyk,,1,0.0
2021,756561632313987072,7,False,waiver,5,3163,Jared Goff,1,1,13.02
2021,756629132791689216,7,False,waiver,1,DEN,Denver Broncos,0,1,4.0
2021,756642682310356992,7,False,free_agent,8,4017,Deshaun Watson,,0,0.0
2021,756648279554539520,7,False,free_agent,9,4017,Deshaun Watson,,0,0.0
2021,756656399798448128,7,False,waiver,9,4351,Tim Patrick,0,1,2.6
2021,756728602170626048,7,False,free_agent,1,7596,Elijah Moore,,0,0.0
2021,756732533898625024,7,False,waiver,8,7611,Rhamondre Stevenson,1,0,0.0
2021,756996292818874368,7,False,free_agent,8,4219,Jeremy McNichols,,0,0.0
2021,757037860074618880,7,False,free_agent,11,6528,Joey Slye,,1,7.0
2021,757053216298192896,7,False,free_agent,8,3423,Robbie Chosen,,0,0.0
2021,757312472494469120,7,False,free_agent,2,2168,Devonta Freeman,,1,11.4
2021,757354643096449024,7,False,waiver,10,7042,Tyler Bass,8,7,46.0
2021,757424760606068736,7,False,waiver,11,5917,Mecole Hardman,2,1,2.8
2021,757631280207753216,7,False,free_agent,9,1837,Jimmy Garoppolo,,1,7.24
2021,757634075149402112,7,False,waiver,2,4017,Deshaun Watson,0,0,0.0
2021,757634181223305216,7,False,free_agent,9,7611,Rhamondre Stevenson,,0,0.0
2021,757664060568367104,7,False,free_agent,4,7571,Rashod Bateman,,2,15.4
2021,757735475674030080,7,False,free_agent,8,6996,JaMycal Hasty,,0,0.0
2021,757735603017216000,7,False,free_agent,8,7593,Trey Sermon,,0,0.0
2021,758012796880445440,7,False,free_agent,2,4602,Robert Tonyan,,1,14.3
2021,758013642053672960,7,False,free_agent,8,4219,Jeremy McNichols,,0,0.0
2021,758027948371812352,7,False,free_agent,9,6814,Laviska Shenault,,0,0.0
2021,758567824963842048,7,False,waiver,2,1144,Cole Beasley,0,0,0.0
2021,758609794901913600,7,False,waiver,12,1266,Greg Zuerlein,1,1,8.0
2021,758689503769677824,7,False,waiver,8,LAC,Los Angeles Chargers,1,7,43.0
2021,758689623688982528,7,False,waiver,8,4131,Kenny Golladay,0,0,0.0
2021,758689671042736128,7,False,waiver,8,5347,Nyheim Miller-Hines,0,0,0.0
2021,758689933224460288,7,False,waiver,8,138,Ben Roethlisberger,1,1,14.64
2021,758693978710323200,7,False,waiver,3,4147,Samaje Perine,0,0,0.0
2021,758694250333528064,7,False,waiver,3,827,Tyrod Taylor,1,0,0.0
2021,758708630412476416,7,False,waiver,7,CIN,Cincinnati Bengals,6,1,8.0
2021,758726332078206976,7,False,waiver,10,367,Jared Cook,0,0,0.0
2021,758726429604237312,7,False,waiver,10,5110,Russell Gage,2,0,0.0
2021,758734682186698752,7,False,waiver,9,PIT,Pittsburgh Steelers,0,3,23.0
2021,758791918669979648,7,False,waiver,4,DAL,Dallas Cowboys,2,6,79.0
2021,758893821672140800,7,False,waiver,2,SF,San Francisco 49ers,1,0,0.0
2021,758913521370198016,7,False,waiver,6,7567,Kenny Gainwell,8,1,2.7
2021,758940216261226496,7,False,waiver,4,5122,Boston Scott,0,0,0.0
2021,758945292187017216,7,False,waiver,4,4017,Deshaun Watson,3,0,0.0
2021,758985585150066688,8,False,free_agent,4,1034,Brandon Bolden,,0,0.0
2021,758986280423055360,8,False,free_agent,4,4602,Robert Tonyan,,1,6.4
2021,759020399659966464,8,False,waiver,9,7591,Justin Fields,0,0,0.0
2021,759038263947345920,8,False,waiver,5,7527,Mac Jones,2,2,18.64
2021,759038577966448640,8,False,free_agent,5,391,Ryan Succop,,1,3.0
2021,759038786909962240,8,False,free_agent,5,SEA,Seattle Seahawks,,1,13.0
2021,759063470586126336,8,False,free_agent,1,7569,Nico Collins,,0,0.0
2021,759063699066605568,8,False,free_agent,1,7611,Rhamondre Stevenson,,2,30.0
2021,759064277570211840,8,False,free_agent,1,4066,Evan Engram,,2,20.3
2021,759064421812314112,8,False,waiver,1,IND,Indianapolis Colts,0,3,28.0
2021,759077869069656064,8,False,free_agent,9,2460,C.J. Uzomah,,0,0.0
2021,759137825802313728,8,False,free_agent,7,7839,Evan McPherson,,2,11.0
2021,759140224440885248,8,False,free_agent,8,4152,Marlon Mack,,0,0.0
2021,759209257311825920,8,False,free_agent,8,2391,David Johnson,,0,0.0
2021,759217351043489792,8,False,free_agent,9,5170,Phillip Lindsay,,0,0.0
2021,759229827206221824,8,False,free_agent,6,928,Randall Cobb,,1,15.0
2021,759258428450476032,8,False,free_agent,12,5985,Foster Moreau,,0,0.0
2021,759493640174292992,8,False,free_agent,10,3634,Kalif Raymond,,0,0.0
2021,759789088231542784,8,False,free_agent,9,4131,Kenny Golladay,,0,0.0
2021,759798908686843904,8,False,free_agent,11,503,Graham Gano,,2,16.0
2021,760299867619885056,8,False,free_agent,9,3163,Jared Goff,,1,8.88
2021,760300640265183232,8,False,free_agent,4,1373,Geno Smith,,1,22.6
2021,760555396221161472,8,False,free_agent,1,6989,Marquez Callaway,,1,4.5
2021,760568666403520512,8,False,free_agent,2,367,Jared Cook,,2,12.3
2021,760610273806712832,8,False,free_agent,2,BAL,Baltimore Ravens,,0,0.0
2021,760645469931417600,8,False,waiver,10,2257,Carlos Hyde,13,1,5.8
2021,760955433358880768,8,False,waiver,11,1837,Jimmy Garoppolo,5,6,101.66
2021,760971549200220160,8,False,free_agent,9,184,Adrian Peterson,,2,11.6
2021,761106149520101376,8,False,waiver,6,4381,Taysom Hill,11,0,0.0
2021,761229521411289088,8,False,waiver,5,MIA,Miami Dolphins,0,1,18.0
2021,761247905414819840,8,False,waiver,3,4219,Jeremy McNichols,42,1,5.0
2021,761251276846678016,8,False,waiver,11,1144,Cole Beasley,6,5,29.4
2021,761270550864748544,8,False,waiver,7,5122,Boston Scott,11,0,0.0
2021,761270606116347904,8,False,waiver,7,7537,Jaret Patterson,9,0,0.0
2021,761270901370122240,8,False,waiver,7,7600,Pat Freiermuth,3,2,22.4
2021,761307477383036928,8,False,waiver,12,5095,Daniel Carlson,0,6,53.0
2021,761403594342789120,8,False,waiver,2,7591,Justin Fields,2,2,22.6
2021,761410137629007872,8,False,waiver,8,6853,Van Jefferson,1,0,0.0
2021,761410599111491584,8,False,waiver,8,4131,Kenny Golladay,3,0,0.0
2021,761459976194605056,8,False,waiver,1,7596,Elijah Moore,0,5,86.3
2021,761521629317787648,9,False,free_agent,12,3306,Jordan Howard,,0,0.0
2021,761522076413816832,9,False,free_agent,4,2152,Teddy Bridgewater,,2,30.9
2021,761524672792760320,9,False,free_agent,4,6753,Derrick Gore,,0,0.0
2021,761525346670620672,9,False,free_agent,4,5133,Tyler Conklin,,2,21.6
2021,761529757019054080,9,False,free_agent,4,5230,Michael Badgley,,5,45.0
2021,761560721568940032,9,False,free_agent,9,1387,Rex Burkhead,,0,0.0
2021,761561532185366528,9,False,free_agent,9,6870,Bryan Edwards,,0,0.0
2021,761563924201132032,9,False,waiver,9,4666,Younghoe Koo,0,3,12.0
2021,761579552697905152,9,False,free_agent,5,1034,Brandon Bolden,,0,0.0
2021,761586974770483200,9,False,free_agent,5,1408,Le'Veon Bell,,0,0.0
2021,761592773450330112,9,False,free_agent,1,7538,Zach Wilson,,0,0.0
2021,761625380905021440,9,False,free_agent,3,6843,Albert Okwuegbunam,,1,4.5
2021,761640618278645760,9,False,waiver,7,24,Matt Ryan,0,1,28.52
2021,761687784971952128,9,False,free_agent,9,6824,Donovan Peoples-Jones,,0,0.0
2021,761700069366976512,9,False,free_agent,6,4198,Jamal Agnew,,0,0.0
2021,761791140000358400,9,False,free_agent,3,6804,Jordan Love,,1,12.9
2021,762002072785764352,9,False,free_agent,9,7601,Rondale Moore,,1,5.0
2021,762036053866569728,9,False,free_agent,7,LV,Las Vegas Raiders,,1,7.0
2021,762074147516997632,9,False,free_agent,9,2410,Jamison Crowder,,1,6.3
2021,762085957460746240,9,False,waiver,6,6824,Donovan Peoples-Jones,1,0,0.0
2021,762222137158254592,9,False,waiver,10,CIN,Cincinnati Bengals,1,1,-1.0
2021,762391378587172864,9,False,free_agent,4,3297,Tajae Sharpe,,0,0.0
2021,762391473881796608,9,False,free_agent,4,6870,Bryan Edwards,,1,0.0
2021,762393797987569664,9,False,free_agent,4,2168,Devonta Freeman,,3,32.0
2021,762396264037003264,9,False,free_agent,4,4111,D'Onta Foreman,,0,0.0
2021,762446727868436480,9,False,free_agent,9,827,Tyrod Taylor,,0,0.0
2021,762453173146349568,9,False,free_agent,9,3328,Rashard Higgins,,0,0.0
2021,762469610560872448,9,False,free_agent,6,2549,Trevor Siemian,,1,15.96
2021,763064011188219904,9,False,free_agent,5,5917,Mecole Hardman,,1,3.5
2021,763065764289880064,9,False,free_agent,5,1817,Sammy Watkins,,0,0.0
2021,763124649541419008,9,False,free_agent,11,3257,Jacoby Brissett,,2,17.1
2021,763126122090246144,9,False,free_agent,5,5110,Russell Gage,,1,0.0
2021,763485580779769856,9,False,waiver,10,5347,Nyheim Miller-Hines,8,1,3.9
2021,763673443743944704,9,False,waiver,4,138,Ben Roethlisberger,3,0,0.0
2021,763673540884103168,9,False,waiver,4,6951,Eno Benjamin,1,0,0.0
2021,763674293157658624,9,False,waiver,4,CAR,Carolina Panthers,0,1,7.0
2021,763776958868885504,9,False,waiver,5,1034,Brandon Bolden,10,0,0.0
2021,763842490393546752,9,False,waiver,3,4351,Tim Patrick,0,0,0.0
2021,763911172167680000,9,False,waiver,2,TEN,Tennessee Titans,2,0,0.0
2021,763919227412393984,9,False,waiver,1,6039,Ty Johnson,0,0,0.0
2021,763919448339025920,9,False,waiver,1,3634,Kalif Raymond,0,0,0.0
2021,763952699963232256,9,False,waiver,8,6694,D'Ernest Johnson,19,1,19.2
2021,764004325369520128,9,False,waiver,7,BAL,Baltimore Ravens,6,3,21.0
2021,764004385872277504,9,False,waiver,7,1945,Chris Boswell,0,5,41.0
2021,764048682155896832,9,False,waiver,4,147,DeSean Jackson,0,0,0.0
2021,764138826632396800,10,False,free_agent,5,DEN,Denver Broncos,,1,5.0
2021,764153020127789056,10,False,free_agent,1,3157,William Fuller,,0,0.0
2021,764154843328856064,10,False,free_agent,9,4149,Jamaal Williams,,0,0.0
2021,764162168278130688,10,False,free_agent,6,4335,P.J. Walker,,1,6.28
2021,764162386461655040,10,False,free_agent,6,4741,Dan Arnold,,0,0.0
2021,764166278574407680,10,False,free_agent,9,5089,Mike White,,0,0.0
2021,764166754258792448,10,False,free_agent,11,1099,Randy Bullock,,2,11.0
2021,764167661201510400,10,False,free_agent,5,4892,Baker Mayfield,,0,0.0
2021,764172206476525568,10,False,free_agent,3,5906,Dawson Knox,,3,28.9
2021,764214634734583808,10,False,free_agent,9,6973,J.J. Taylor,,0,0.0
2021,764260547788214272,10,False,free_agent,9,7527,Mac Jones,,0,0.0
2021,764543680878067712,10,False,free_agent,9,954,Cam Newton,,0,0.0
2021,764650349347913728,10,False,free_agent,9,6938,Cam Akers,,0,0.0
2021,764651149264691200,10,False,free_agent,9,4696,Trey Edmunds,,0,0.0
2021,764651455432024064,10,False,free_agent,9,574,Dez Bryant,,0,0.0
2021,764956486823768064,10,False,free_agent,1,7567,Kenny Gainwell,,0,0.0
2021,765232059567476736,10,False,free_agent,1,6973,J.J. Taylor,,0,0.0
2021,765282987792338944,10,False,free_agent,5,830,A.J. Green,,0,0.0
2021,765286528921567232,10,False,waiver,10,4892,Baker Mayfield,0,1,5.92
2021,765429462186770432,10,False,free_agent,12,2410,Jamison Crowder,,0,0.0
2021,765593261908807680,10,False,free_agent,2,4531,Ricky Seals-Jones,,1,4.5
2021,765641070787944448,10,False,free_agent,4,4972,Mason Rudolph,,1,16.28
2021,765646628198944768,10,False,free_agent,9,6960,Tyler Johnson,,0,0.0
2021,765662772863639552,10,False,free_agent,9,7757,Ben Skowronek,,1,1.3
2021,766263903289253888,10,False,waiver,9,24,Matt Ryan,0,4,39.3
2021,766309629692137472,10,False,waiver,3,4150,Wayne Gallman,5,0,0.0
2021,766310385996394496,10,False,waiver,10,MIA,Miami Dolphins,0,0,0.0
2021,766343362587508736,10,False,waiver,7,1339,Zach Ertz,2,2,31.5
2021,766343516686295040,10,False,waiver,7,SF,San Francisco 49ers,0,1,11.0
2021,766359051331313664,10,False,waiver,3,6870,Bryan Edwards,0,0,0.0
2021,766397323784945664,10,False,waiver,2,391,Ryan Succop,0,0,0.0
2021,766425453367074816,10,False,waiver,6,954,Cam Newton,18,3,49.16
2021,766463926513836032,10,False,waiver,4,4131,Kenny Golladay,0,1,1.7
2021,766464347017953280,10,False,waiver,4,7565,Terrace Marshall,0,0,0.0
2021,766465310881644544,10,False,waiver,4,3423,Robbie Chosen,0,0,0.0
2021,766466523966603264,10,False,waiver,4,6951,Eno Benjamin,0,0,0.0
2021,766681704692887552,11,False,free_agent,5,GB,Green Bay Packers,,1,2.0
2021,766686165444272128,11,False,free_agent,1,PHI,Philadelphia Eagles,,3,22.0
2021,766686377634021376,11,False,free_agent,1,5026,Tre'Quan Smith,,0,0.0
2021,766686462900043776,11,False,free_agent,1,4082,Curtis Samuel,,0,0.0
2021,766693173270577152,11,False,free_agent,9,3214,Hunter Henry,,0,0.0
2021,766693699517292544,11,False,free_agent,9,7608,Khalil Herbert,,0,0.0
2021,766695270074396672,11,False,free_agent,11,5917,Mecole Hardman,,0,0.0
2021,766706301257498624,11,False,waiver,10,IND,Indianapolis Colts,1,1,19.0
2021,766712465911353344,11,False,free_agent,4,7527,Mac Jones,,1,11.38
2021,766804885860720640,11,False,free_agent,8,4892,Baker Mayfield,,0,0.0
2021,766896552005488640,11,False,waiver,12,6694,D'Ernest Johnson,2,0,0.0
2021,767144507023179776,11,False,free_agent,7,4149,Jamaal Williams,,0,0.0
2021,767459430894817280,11,False,free_agent,2,1266,Greg Zuerlein,,4,41.0
2021,767466177189511168,11,False,waiver,3,3306,Jordan Howard,0,0,0.0
2021,767518006698958848,11,False,free_agent,2,947,Julio Jones,,0,0.0
2021,767567442900865024,11,False,free_agent,4,6039,Ty Johnson,,0,0.0
2021,767567502124449792,11,False,free_agent,4,7593,Trey Sermon,,0,0.0
2021,767589386702422016,11,False,free_agent,11,MIA,Miami Dolphins,,3,38.0
2021,767786456658919424,11,False,free_agent,2,5086,Marquez Valdes-Scantling,,1,20.3
2021,767797077639049216,11,False,free_agent,2,4985,Rashaad Penny,,0,0.0
2021,767847084668923904,11,False,free_agent,9,6989,Marquez Callaway,,1,9.1
2021,767847201669062656,11,False,free_agent,9,947,Julio Jones,,0,0.0
2021,767919296197287936,11,False,free_agent,4,6826,Cole Kmet,,1,10.5
2021,768177073062887424,11,False,free_agent,9,827,Tyrod Taylor,,0,0.0
2021,768181678627061760,11,False,free_agent,11,7529,Gary Brightwell,,0,0.0
2021,768185488506015744,11,False,free_agent,8,7083,Tyler Huntley,,1,11.76
2021,768187391189118976,11,False,free_agent,9,2549,Trevor Siemian,,1,26.16
2021,768202107882262528,11,False,free_agent,9,NO,New Orleans Saints,,2,10.0
2021,768851948161122304,11,False,waiver,11,4454,Kendrick Bourne,0,0,0.0
2021,768860243357741056,11,False,waiver,6,1433,Brandon McManus,0,1,4.0
2021,768886969509027840,11,False,waiver,3,5113,Cedrick Wilson,2,1,13.9
2021,768894907803873280,11,False,waiver,11,4195,Jake Elliott,0,2,18.0
2021,768917522421567488,11,False,waiver,10,4455,Matt Breida,0,1,1.2
2021,768968406983684096,11,False,waiver,12,HOU,Houston Texans,1,1,7.0
2021,768992424969228288,11,False,waiver,2,827,Tyrod Taylor,1,1,16.32
2021,769008577963810816,11,False,waiver,4,829,Andy Dalton,2,1,16.78
2021,769070733593788416,11,False,waiver,4,1346,Marquise Goodwin,0,0,0.0
2021,769070771816493056,11,False,waiver,5,CHI,Chicago Bears,0,1,6.0
2021,769071143238959104,11,False,waiver,5,7496,Nick Westbrook-Ikhine,0,1,9.5
2021,769214039053156352,12,False,free_agent,1,6984,Tony Jones,,0,0.0
2021,769214346516631552,12,False,free_agent,2,5536,Dontrell Hilliard,,0,0.0
2021,769214525214982144,12,False,free_agent,2,947,Julio Jones,,0,0.0
2021,769216547477676032,12,False,free_agent,1,1387,Rex Burkhead,,0,0.0
2021,769226931416719360,12,False,free_agent,5,6984,Tony Jones,,1,2.7
2021,769229071598129152,12,False,waiver,2,4131,Kenny Golladay,0,2,11.7
2021,769249472533372928,12,False,waiver,8,4741,Dan Arnold,4,1,1.4
2021,769249693980078080,12,False,free_agent,8,6083,Matt Gay,,3,37.0
2021,769270515314638848,12,False,free_agent,4,2378,Tevin Coleman,,0,0.0
2021,769281260249055232,12,False,free_agent,3,3423,Robbie Chosen,,0,0.0
2021,769305158181130240,12,False,waiver,4,3306,Jordan Howard,0,0,0.0
2021,769324895309066240,12,False,free_agent,9,7839,Evan McPherson,,1,13.0
2021,769395449395322880,12,False,free_agent,9,5170,Phillip Lindsay,,0,0.0
2021,769646263800242176,12,False,free_agent,9,5110,Russell Gage,,0,0.0
2021,769702284623310848,12,False,free_agent,9,5781,Malik Turner,,0,0.0
2021,769710009822314496,12,False,free_agent,9,6290,Scotty Miller,,0,0.0
2021,770013154167078912,12,False,free_agent,9,5110,Russell Gage,,2,23.6
2021,770413963304398848,12,False,free_agent,9,7729,Dez Fitzpatrick,,0,0.0
2021,770636554136850432,12,False,free_agent,6,2410,Jamison Crowder,,0,0.0
2021,770730244142579712,12,False,free_agent,4,6931,DeeJay Dallas,,0,0.0
2021,771269364325441536,12,False,waiver,10,4381,Taysom Hill,13,2,50.96
2021,771392654876475392,12,False,waiver,3,2152,Teddy Bridgewater,10,2,29.14
2021,771398340976955392,12,False,waiver,5,LAR,Los Angeles Rams,1,1,12.0
2021,771441205421719552,12,False,waiver,8,2359,Ameer Abdullah,10,0,0.0
2021,771503794788872192,12,False,waiver,7,4149,Jamaal Williams,12,1,8.5
2021,771503832701206528,12,False,waiver,7,7537,Jaret Patterson,0,0,0.0
2021,771639708068495360,12,False,waiver,9,2319,DeVante Parker,0,0,0.0
2021,771642820837642240,12,False,waiver,4,5170,Phillip Lindsay,0,0,0.0
2021,771643105236639744,12,False,waiver,4,5026,Tre'Quan Smith,0,0,0.0
2021,771645260714622976,12,False,waiver,4,7527,Mac Jones,1,1,0.46
2021,771722364605104128,13,False,free_agent,6,MIN,Minnesota Vikings,,2,15.0
2021,771722614233280512,13,False,waiver,6,827,Tyrod Taylor,2,1,2.3
2021,771749183140044800,13,False,free_agent,1,830,A.J. Green,,1,1.9
2021,771758161815314432,13,False,free_agent,9,5985,Foster Moreau,,2,6.7
2021,771758466120454144,13,False,free_agent,9,NYG,New York Giants,,2,1.0
2021,771763953528348672,13,False,free_agent,9,4227,Harrison Butker,,2,26.0
2021,771773361322921984,13,False,free_agent,7,138,Ben Roethlisberger,,1,19.34
2021,771786502425452544,13,False,free_agent,5,1110,T.Y. Hilton,,0,0.0
2021,771962928478978048,13,False,free_agent,5,184,Adrian Peterson,,0,0.0
2021,771966971297280000,13,False,free_agent,5,1110,T.Y. Hilton,,0,0.0
2021,772516217394171904,13,False,free_agent,4,7049,Jauan Jennings,,0,0.0
2021,772682547518951424,13,False,free_agent,4,184,Adrian Peterson,,0,0.0
2021,772856931084832768,13,False,free_agent,3,6039,Ty Johnson,,1,2.5
2021,773161076786339840,13,False,free_agent,4,5209,Mike Boone,,0,0.0
2021,773215320222580736,13,False,free_agent,10,5870,Daniel Jones,,0,0.0
2021,773230665159352320,13,False,free_agent,12,6011,Gardner Minshew,,1,18.78
2021,773633382675509248,13,False,free_agent,2,947,Julio Jones,,0,0.0
2021,773947231593160704,13,False,waiver,11,DEN,Denver Broncos,0,1,11.0
2021,773948333701099520,13,False,waiver,11,391,Ryan Succop,0,1,9.0
2021,773951069012250624,13,False,waiver,5,TEN,Tennessee Titans,0,1,21.0
2021,773994691061555200,13,False,waiver,2,GB,Green Bay Packers,0,1,15.0
2021,774152687896887296,13,False,waiver,6,6996,JaMycal Hasty,0,0,0.0
2021,774152842108870656,13,False,waiver,6,7066,K.J. Osborn,9,1,15.8
2021,774168700344500224,13,False,waiver,12,1049,Ryan Tannehill,9,1,16.54
2021,774184690394460160,13,False,waiver,12,2431,Mike Davis,5,1,11.1
2021,774300594075803648,14,False,free_agent,5,138,Ben Roethlisberger,,1,25.82
2021,774303053384888320,14,False,free_agent,11,4892,Baker Mayfield,,1,16.0
2021,774308401277718528,14,False,free_agent,3,KC,Kansas City Chiefs,,1,28.0
2021,774308890610384896,14,False,free_agent,1,NO,New Orleans Saints,,1,7.0
2021,774308968905433088,14,False,free_agent,1,1433,Brandon McManus,,1,10.0
2021,774309531957264384,14,False,free_agent,1,5086,Marquez Valdes-Scantling,,1,3.5
2021,774322208595107840,14,False,free_agent,4,1348,Dustin Hopkins,,1,13.0
2021,774322793532739584,14,False,free_agent,4,7547,Amon-Ra St. Brown,,0,0.0
2021,774327301616873472,14,False,waiver,2,4454,Kendrick Bourne,0,0,0.0
2021,774371128754974720,14,False,free_agent,4,4147,Samaje Perine,,0,0.0
2021,774515044158435328,14,False,free_agent,4,6421,Jalen Guyton,,0,0.0
2021,774556640895721472,14,False,free_agent,7,SEA,Seattle Seahawks,,1,6.0
2021,774640301888446464,14,False,free_agent,1,SF,San Francisco 49ers,,0,0.0
2021,774668218471190528,14,False,free_agent,7,LAR,Los Angeles Rams,,0,0.0
2021,774700075019517952,14,False,free_agent,4,7608,Khalil Herbert,,0,0.0
2021,775036537674133504,14,False,free_agent,7,5119,Jason Sanders,,0,0.0
2021,775143640430481408,14,False,free_agent,1,5284,Jeff Wilson,,0,0.0
2021,775143933926965248,14,False,free_agent,3,6039,Ty Johnson,,0,0.0
2021,775146546261000192,14,False,free_agent,2,560,Demaryius Thomas,,0,0.0
2021,775152497785503744,14,False,free_agent,6,3202,Austin Hooper,,1,11.5
2021,775456350053502976,14,False,free_agent,2,4985,Rashaad Penny,,0,0.0
2021,775482016534765568,14,False,free_agent,4,7599,Jermar Jefferson,,0,0.0
2021,775483002636632064,14,False,free_agent,4,3200,Sterling Shepard,,0,0.0
2021,775531376748400640,14,False,free_agent,1,5121,Braxton Berrios,,1,8.2
2021,776230342662160384,14,False,free_agent,12,6081,Kendall Blanton,,1,3.9
2021,776453922457067520,14,False,waiver,2,7571,Rashod Bateman,0,0,0.0
2021,776454093697822720,14,False,waiver,2,830,A.J. Green,0,0,0.0
2021,776482745458241536,14,False,waiver,1,3214,Hunter Henry,1,0,0.0
2021,776494781839872000,14,False,waiver,7,2588,Malcolm Brown,11,0,0.0
2021,776495755790835712,14,False,waiver,5,PHI,Philadelphia Eagles,1,0,0.0
2021,776531787009609728,14,False,waiver,12,5046,Royce Freeman,1,0,0.0
2021,776573682519752704,14,False,waiver,8,CLE,Cleveland Browns,5,0,0.0
2021,776588230253518848,14,False,waiver,8,7527,Mac Jones,1,0,0.0
2021,776589617913835520,14,False,waiver,10,4195,Jake Elliott,0,0,0.0
2021,776621768994648064,14,False,waiver,6,6943,Gabe Davis,10,0,0.0
2021,776621792298196992,14,False,waiver,6,4171,Josh Reynolds,10,0,0.0
2022,872333649889181696,1,True,free_agent,10,2431,Mike Davis,,0,0.0
2022,872333679324790784,1,True,free_agent,2,7569,Nico Collins,,0,0.0
2022,872334975054360576,1,True,free_agent,5,3257,Jacoby Brissett,,2,25.12
2022,872350225182998528,1,True,free_agent,8,5248,Gus Edwards,,0,0.0
2022,872350694395604992,1,True,free_agent,8,TEN,Tennessee Titans,,1,11.0
2022,872491469620039680,1,True,free_agent,2,1817,Sammy Watkins,,0,0.0
2022,872669453366775808,1,True,free_agent,6,830,A.J. Green,,1,2.3
2022,872859256540622848,1,True,free_agent,10,5284,Jeff Wilson,,0,0.0
2022,872881909783543808,1,True,free_agent,8,8154,Brian Robinson,,2,21.6
2022,872882416061194240,1,True,free_agent,8,5110,Russell Gage,,0,0.0
2022,872988290922496000,1,True,free_agent,12,5122,Boston Scott,,0,0.0
2022,873088649762385920,1,True,free_agent,4,8167,Christian Watson,,1,2.4
2022,873089265440067584,1,False,waiver,8,8153,Isaiah Spiller,0,0,0.0
2022,873601838182715392,1,False,free_agent,8,6843,Albert Okwuegbunam,,2,5.8
2022,873608959330807808,1,False,free_agent,5,2214,Cameron Brate,,0,0.0
2022,873709808539652096,1,False,free_agent,1,CIN,Cincinnati Bengals,,3,27.0
2022,874007978523705344,1,False,free_agent,7,2431,Mike Davis,,0,0.0
2022,875369519734996992,1,False,waiver,2,PIT,Pittsburgh Steelers,2,3,10.0
2022,875378614852640768,1,False,waiver,9,8408,Jordan Mason,0,0,0.0
2022,875379053287424000,1,False,waiver,3,3423,Robbie Chosen,7,0,0.0
2022,875386603961573376,1,False,waiver,10,1825,Jarvis Landry,17,0,0.0
2022,875434636761780224,1,False,waiver,6,6847,Devin Duvernay,9,0,0.0
2022,875434665069154304,1,False,waiver,6,4082,Curtis Samuel,8,1,9.6
2022,875485377803325440,1,False,waiver,8,CLE,Cleveland Browns,0,3,19.0
2022,875595880454049792,1,False,waiver,7,3242,Kenyan Drake,3,0,0.0
2022,875596717251248128,1,False,waiver,7,3271,Tyler Higbee,0,10,60.6
2022,875613359779872768,1,False,waiver,2,5536,Dontrell Hilliard,1,0,0.0
2022,875613555649613824,1,False,waiver,2,8228,Jaylen Warren,1,0,0.0
2022,875614083502796800,1,False,waiver,2,1387,Rex Burkhead,1,0,0.0
2022,875732617650233344,2,False,free_agent,5,WAS,Washington Commanders,,1,2.0
2022,875785821746274304,2,False,free_agent,4,1373,Geno Smith,,6,109.24
2022,875791793235664896,2,False,free_agent,4,4381,Taysom Hill,,0,0.0
2022,875794235792732160,2,False,free_agent,4,4089,Gerald Everett,,7,49.2
2022,875795010417729536,2,False,free_agent,4,8205,Isiah Pacheco,,0,0.0
2022,875860303223676928,2,False,waiver,2,6886,Chase Claypool,0,1,4.6
2022,875900809165115392,2,False,free_agent,9,8136,Rachaad White,,0,0.0
2022,876129080133705728,2,False,free_agent,3,4951,DJ Chark,,1,0.0
2022,876130332901031936,2,False,waiver,5,3664,J.D. McKissic,2,0,0.0
2022,876219789956321280,2,False,free_agent,4,1352,Robert Woods,,2,11.6
2022,876222274129252352,2,False,free_agent,4,6824,Donovan Peoples-Jones,,0,0.0
2022,876345365371211776,2,False,waiver,9,5987,Alexander Mattison,50,0,0.0
2022,876615151544147968,2,False,free_agent,4,3200,Sterling Shepard,,1,7.4
2022,876703754626519040,2,False,free_agent,6,6845,Zack Moss,,0,0.0
2022,876877784276955136,2,False,free_agent,9,8146,Garrett Wilson,,2,14.1
2022,876946485709774848,2,False,free_agent,2,5880,Parris Campbell,,0,0.0
2022,876947527067385856,2,False,waiver,6,1387,Rex Burkhead,2,0,0.0
2022,877151818579324928,2,False,free_agent,1,4381,Taysom Hill,,0,0.0
2022,877212841642725376,2,False,free_agent,2,8144,Chris Olave,,4,61.4
2022,877228310181404672,2,False,free_agent,2,5970,Greg Dortch,,0,0.0
2022,877271650348396544,2,False,waiver,12,8228,Jaylen Warren,0,0,0.0
2022,877640349949063168,2,False,waiver,10,2251,Logan Thomas,5,1,1.5
2022,877729598128320512,2,False,waiver,2,5549,Darrel Williams,5,0,0.0
2022,877935894223777792,2,False,waiver,3,NO,New Orleans Saints,2,1,4.0
2022,877981189636722688,2,False,waiver,2,19,Joe Flacco,9,0,0.0
2022,877989899322916864,2,False,waiver,8,5110,Russell Gage,2,0,0.0
2022,878002072254279680,2,False,waiver,9,LAC,Los Angeles Chargers,0,1,-4.0
2022,878012708690427904,2,False,waiver,5,DAL,Dallas Cowboys,1,2,21.0
2022,878101941073498112,2,False,waiver,4,1837,Jimmy Garoppolo,69,0,0.0
2022,878116280945971200,2,False,waiver,7,4036,Corey Davis,0,0,0.0
2022,878124146314448896,2,False,waiver,6,6126,Irv Smith,0,1,4.2
2022,878127544501944320,2,False,waiver,4,PHI,Philadelphia Eagles,5,11,115.0
2022,878127611287703552,2,False,waiver,4,1144,Cole Beasley,0,0,0.0
2022,878214883253104640,3,False,free_agent,4,4574,Cooper Rush,,0,0.0
2022,878286231082147840,3,False,free_agent,1,8138,James Cook,,0,0.0
2022,878331311096496128,3,False,waiver,12,BAL,Baltimore Ravens,1,0,0.0
2022,878387038163185664,3,False,free_agent,5,5970,Greg Dortch,,0,0.0
2022,878575526078611456,3,False,free_agent,6,NYG,New York Giants,,2,18.0
2022,879468361896300544,3,False,free_agent,3,4234,Noah Brown,,0,0.0
2022,879469156259565568,3,False,free_agent,3,6951,Eno Benjamin,,0,0.0
2022,879509839553081344,3,False,free_agent,4,8139,Zamir White,,0,0.0
2022,879511483820949504,3,False,free_agent,4,490,Chase Daniel,,0,0.0
2022,879788550332604416,3,False,free_agent,2,5137,Richie James,,0,0.0
2022,879919864373223424,3,False,free_agent,2,7606,Kadarius Toney,,0,0.0
2022,880474910328344576,3,False,waiver,9,DEN,Denver Broncos,0,2,19.0
2022,880506893901168640,3,False,waiver,6,4177,Mack Hollins,4,1,4.8
2022,880506944866365440,3,False,waiver,6,4080,Zay Jones,4,0,0.0
2022,880676215701528576,3,False,waiver,12,GB,Green Bay Packers,6,2,11.0
2022,880687233148207104,3,False,waiver,4,6659,Craig Reynolds,0,0,0.0
2022,880687268912918528,3,False,waiver,4,4197,Isaiah McKenzie,5,2,12.0
2022,880803622060175360,4,False,free_agent,2,5995,Justice Hill,,0,0.0
2022,880804791335514112,4,False,free_agent,2,4574,Cooper Rush,,2,21.6
2022,880805890574516224,4,False,free_agent,3,MIN,Minnesota Vikings,,3,27.0
2022,880806532231852032,4,False,free_agent,3,5133,Tyler Conklin,,0,0.0
2022,880853062745563136,4,False,free_agent,4,4033,David Njoku,,0,0.0
2022,880888383722086400,4,False,free_agent,1,ARI,Arizona Cardinals,,0,0.0
2022,880954802123792384,4,False,free_agent,8,5086,Marquez Valdes-Scantling,,0,0.0
2022,880954895686144000,4,False,waiver,8,8119,Jahan Dotson,1,0,0.0
2022,880999970638168064,4,False,waiver,2,4036,Corey Davis,0,0,0.0
2022,881013381824638976,4,False,free_agent,2,4017,Deshaun Watson,,0,0.0
2022,881206873037307904,4,False,free_agent,9,5995,Justice Hill,,0,0.0
2022,881207840491134976,4,False,free_agent,8,8167,Christian Watson,,0,0.0
2022,881283668918898688,4,False,free_agent,9,7594,Chuba Hubbard,,0,0.0
2022,881289700235763712,4,False,free_agent,4,829,Andy Dalton,,0,0.0
2022,881326614561222656,4,False,free_agent,8,8126,Wan'Dale Robinson,,0,0.0
2022,881326875430371328,4,False,waiver,8,8135,Treylon Burks,18,0,0.0
2022,881574557444689920,4,False,free_agent,1,LAC,Los Angeles Chargers,,4,20.0
2022,881590851959205888,4,False,free_agent,9,8131,Isaiah Likely,,0,0.0
2022,881727603827048448,4,False,free_agent,1,4381,Taysom Hill,,0,0.0
2022,881778027795951616,4,False,free_agent,9,7090,Darnell Mooney,,0,0.0
2022,881982777501859840,4,False,free_agent,3,7670,Joshua Palmer,,1,3.0
2022,882277568974442496,4,False,free_agent,2,956,Mark Ingram,,1,5.8
2022,882279164697522176,4,False,free_agent,1,5086,Marquez Valdes-Scantling,,0,0.0
2022,882280432379789312,4,False,free_agent,1,7567,Kenny Gainwell,,0,0.0
2022,882791143736418304,4,False,waiver,8,5209,Mike Boone,11,0,0.0
2022,882871816631308288,4,False,waiver,6,7741,Caleb Huntley,9,0,0.0
2022,882881764815728640,4,False,waiver,9,8205,Isiah Pacheco,0,0,0.0
2022,882893456429793280,4,False,waiver,9,4017,Deshaun Watson,0,0,0.0
2022,883008805951148032,4,False,waiver,3,4036,Corey Davis,5,0,0.0
2022,883049148176650240,4,False,waiver,11,5010,Will Dissly,0,0,0.0
2022,883098086703009792,4,False,waiver,8,JAX,Jacksonville Jaguars,14,4,11.0
2022,883134263858667520,4,False,waiver,12,2152,Teddy Bridgewater,45,1,0.0
2022,883202028321652736,4,False,waiver,5,TEN,Tennessee Titans,1,1,6.0
2022,883267752134152192,4,False,waiver,12,1476,Latavius Murray,1,3,23.0
2022,883338844446195712,5,False,free_agent,2,MIA,Miami Dolphins,,1,-2.0
2022,883338956853403648,5,False,free_agent,2,7606,Kadarius Toney,,0,0.0
2022,883350375217074176,5,False,free_agent,6,CAR,Carolina Panthers,,1,6.0
2022,883355205574590464,5,False,free_agent,9,8134,Khalil Shakir,,0,0.0
2022,883378205640310784,5,False,free_agent,11,8136,Rachaad White,,0,0.0
2022,883534000411824128,5,False,free_agent,8,8211,Tyrion Davis-Price,,0,0.0
2022,883551873305710592,5,False,free_agent,4,5170,Phillip Lindsay,,0,0.0
2022,883693826353606656,5,False,free_agent,1,8135,Treylon Burks,,0,0.0
2022,883760794167672832,5,False,free_agent,5,5086,Marquez Valdes-Scantling,,0,0.0
2022,883839031409168384,5,False,free_agent,4,5248,Gus Edwards,,0,0.0
2022,883874227852435456,5,False,free_agent,9,8142,Alec Pierce,,0,0.0
2022,884181575988850688,5,False,free_agent,1,4080,Zay Jones,,0,0.0
2022,884181637624283136,5,False,free_agent,1,8126,Wan'Dale Robinson,,0,0.0
2022,884616798278991872,5,False,free_agent,10,4066,Evan Engram,,8,88.0
2022,884824376322220032,5,False,free_agent,9,6886,Chase Claypool,,0,0.0
2022,884875591412068352,5,False,free_agent,6,4080,Zay Jones,,0,0.0
2022,885396393085743104,5,False,waiver,1,6951,Eno Benjamin,14,3,35.8
2022,885422936981467136,5,False,waiver,9,NE,New England Patriots,0,4,56.0
2022,885532926958481408,5,False,waiver,9,4602,Robert Tonyan,0,0,0.0
2022,885542292348620800,5,False,waiver,3,6847,Devin Duvernay,0,0,0.0
2022,885548448903139328,5,False,waiver,2,4017,Deshaun Watson,10,2,21.68
2022,885548490296561664,5,False,waiver,2,4381,Taysom Hill,1,1,4.54
2022,885559775193214976,5,False,waiver,2,6126,Irv Smith,0,0,0.0
2022,885596916656898048,5,False,waiver,6,4973,Hayden Hurst,7,2,11.4
2022,885597551863410688,5,False,waiver,6,BAL,Baltimore Ravens,5,1,7.0
2022,885676998608125952,5,False,waiver,12,4335,P.J. Walker,5,1,2.3
2022,885772560460283904,5,False,waiver,4,7090,Darnell Mooney,0,1,10.3
2022,885875177878249472,6,False,free_agent,2,CLE,Cleveland Browns,,1,1.0
2022,885882858974162944,6,False,free_agent,5,IND,Indianapolis Colts,,1,7.0
2022,885905053695815680,6,False,free_agent,9,8138,James Cook,,0,0.0
2022,885907028948766720,6,False,free_agent,9,8228,Jaylen Warren,,0,0.0
2022,885926462925193216,6,False,free_agent,7,6931,DeeJay Dallas,,0,0.0
2022,885926468314685440,6,False,waiver,5,6126,Irv Smith,1,0,0.0
2022,885952443890995200,6,False,free_agent,9,4574,Cooper Rush,,0,0.0
2022,885958286414082048,6,False,waiver,3,6886,Chase Claypool,1,2,4.0
2022,886272376911065088,6,False,free_agent,9,2378,Tevin Coleman,,0,0.0
2022,886280109110325248,6,False,free_agent,12,4574,Cooper Rush,,1,5.24
2022,886338467452506112,6,False,free_agent,4,8111,Cade Otton,,0,0.0
2022,886390414591168512,6,False,free_agent,9,8157,Bailey Zappe,,0,0.0
2022,886731589714153472,6,False,free_agent,2,6847,Devin Duvernay,,1,1.9
2022,886800136657997824,6,False,free_agent,8,8211,Tyrion Davis-Price,,0,0.0
2022,887028396977430528,6,False,free_agent,3,2378,Tevin Coleman,,0,0.0
2022,887053097548095488,6,False,free_agent,3,7551,Deon Jackson,,1,23.1
2022,887054160779022336,6,False,free_agent,3,928,Randall Cobb,,0,0.0
2022,887114089879662592,6,False,waiver,8,5209,Mike Boone,0,0,0.0
2022,887136669613215744,6,False,free_agent,4,5170,Phillip Lindsay,,0,0.0
2022,887141468962414592,6,False,free_agent,9,6018,Zach Gentry,,1,0.9
2022,887142722157572096,6,False,free_agent,4,DEN,Denver Broncos,,1,4.0
2022,887177978445148160,6,False,free_agent,5,2214,Cameron Brate,,1,2.4
2022,887398914918326272,6,False,free_agent,3,7670,Joshua Palmer,,0,0.0
2022,887528079378247680,6,False,free_agent,6,DAL,Dallas Cowboys,,8,95.0
2022,888048046703915008,6,False,waiver,2,1352,Robert Woods,1,0,0.0
2022,888048399134576640,6,False,waiver,2,3423,Robbie Chosen,1,0,0.0
2022,888062830992318464,6,False,waiver,9,8172,Greg Dulcich,0,2,6.6
2022,888077652362301440,6,False,waiver,3,2711,Taylor Heinicke,29,1,14.44
2022,888078122124333056,6,False,waiver,3,BAL,Baltimore Ravens,2,3,29.0
2022,888079678148173824,6,False,waiver,3,3242,Kenyan Drake,13,1,0.5
2022,888109457488629760,6,False,waiver,5,4602,Robert Tonyan,5,1,4.7
2022,888109946682859520,6,False,waiver,5,MIA,Miami Dolphins,2,2,13.0
2022,888126384940343296,6,False,waiver,8,5248,Gus Edwards,1,0,0.0
2022,888230010983526400,6,False,waiver,6,829,Andy Dalton,2,4,61.66
2022,888312253881970688,6,False,waiver,4,4111,D'Onta Foreman,0,0,0.0
2022,888410169321873408,7,False,free_agent,2,3976,Mitchell Trubisky,,0,0.0
2022,888425323266715648,7,False,free_agent,5,7083,Tyler Huntley,,0,0.0
2022,888446391540862976,7,False,free_agent,9,8188,Tyquan Thornton,,0,0.0
2022,888465372750196736,7,False,free_agent,7,8111,Cade Otton,,0,0.0
2022,888465823050776576,7,False,free_agent,7,TEN,Tennessee Titans,,2,29.0
2022,888501086691078144,7,False,free_agent,2,4943,Sam Darnold,,0,0.0
2022,888503080612872192,7,False,waiver,7,4381,Taysom Hill,7,1,9.62
2022,888553119418802176,7,False,free_agent,1,2078,Odell Beckham,,0,0.0
2022,888571003373223936,7,False,free_agent,2,NYJ,New York Jets,,1,7.0
2022,888595985759113216,7,False,free_agent,11,4993,Mike Gesicki,,1,4.2
2022,888596554276065280,7,False,free_agent,11,ARI,Arizona Cardinals,,6,43.0
2022,888657338741993472,7,False,waiver,2,8126,Wan'Dale Robinson,0,0,0.0
2022,888867846262784000,7,False,free_agent,8,6037,Brett Rypien,,0,0.0
2022,888910352820166656,7,False,waiver,11,7608,Khalil Herbert,0,0,0.0
2022,889026895608578048,7,False,free_agent,12,7594,Chuba Hubbard,,0,0.0
2022,889027305249820672,7,False,waiver,2,4335,P.J. Walker,3,2,31.76
2022,889206296849825792,7,False,free_agent,9,8150,Kyren Williams,,0,0.0
2022,889208499631099904,7,False,free_agent,9,8138,James Cook,,0,0.0
2022,889276414590009344,7,False,free_agent,9,1352,Robert Woods,,0,0.0
2022,889287182194483200,7,False,free_agent,5,5995,Justice Hill,,0,0.0
2022,889528548136882176,7,False,free_agent,2,8111,Cade Otton,,1,8.4
2022,889544018625880064,7,False,free_agent,9,2161,Jerick McKinnon,,0,0.0
2022,889624005987028992,7,False,free_agent,10,NYG,New York Giants,,1,6.0
2022,889677506461138944,7,False,free_agent,3,8131,Isaiah Likely,,0,0.0
2022,889877723365937152,7,False,free_agent,6,8205,Isiah Pacheco,,0,0.0
2022,889881213584715776,7,False,free_agent,9,8188,Tyquan Thornton,,0,0.0
2022,889954826837463040,7,False,free_agent,8,8136,Rachaad White,,3,37.5
2022,890352366648586240,7,False,waiver,10,5880,Parris Campbell,8,0,0.0
2022,890495977297993728,7,False,waiver,9,8138,James Cook,0,0,0.0
2022,890498069677088768,7,False,waiver,9,8150,Kyren Williams,0,0,0.0
2022,890499038183813120,7,False,waiver,9,7596,Elijah Moore,0,0,0.0
2022,890611640750723072,7,False,waiver,6,7583,Sam Ehlinger,55,1,7.54
2022,890776497684647936,7,False,waiver,2,SEA,Seattle Seahawks,3,3,27.0
2022,890789228714516480,7,False,waiver,8,4973,Hayden Hurst,9,0,0.0
2022,890894737631105024,8,False,free_agent,12,IND,Indianapolis Colts,,1,5.0
2022,890978364775665664,8,False,free_agent,5,8161,Malik Willis,,1,1.4
2022,891024033653870592,8,False,free_agent,1,ATL,Atlanta Falcons,,3,15.0
2022,891026301543202816,8,False,free_agent,4,4381,Taysom Hill,,1,7.78
2022,891122629149618176,8,False,free_agent,9,2588,Malcolm Brown,,1,1.0
2022,891397375632072704,8,False,free_agent,8,7606,Kadarius Toney,,0,0.0
2022,891404962918240256,8,False,waiver,3,5284,Jeff Wilson,0,5,50.6
2022,891412133076738048,8,False,waiver,5,4973,Hayden Hurst,11,1,6.0
2022,891447500895080448,8,False,free_agent,4,6824,Donovan Peoples-Jones,,0,0.0
2022,891539408510332928,8,False,free_agent,1,8119,Jahan Dotson,,0,0.0
2022,891546003965247488,8,False,free_agent,1,8159,Desmond Ridder,,0,0.0
2022,891577899772637184,8,False,free_agent,10,6694,D'Ernest Johnson,,0,0.0
2022,891804549546074112,8,False,free_agent,4,7670,Joshua Palmer,,3,28.6
2022,891806635700457472,8,False,free_agent,4,4171,Josh Reynolds,,1,2.4
2022,891958504456531968,8,False,free_agent,10,3652,Mike Thomas,,0,0.0
2022,892464430506672128,8,False,free_agent,2,6126,Irv Smith,,1,4.8
2022,893179212159180800,8,False,waiver,7,CIN,Cincinnati Bengals,7,1,6.0
2022,893180670141227008,8,False,waiver,7,3242,Kenyan Drake,12,0,0.0
2022,893180938417491968,8,False,waiver,7,7601,Rondale Moore,12,3,24.2
2022,893187676520628224,8,False,waiver,8,MIN,Minnesota Vikings,0,1,6.0
2022,893239121420845056,8,False,waiver,3,7891,Brock Wright,2,1,0.0
2022,893244356436557824,8,False,waiver,12,5000,Chase Edmonds,10,0,0.0
2022,893289040911204352,8,False,waiver,6,5133,Tyler Conklin,11,1,1.2
2022,893317377343782912,8,False,waiver,9,8170,James Mitchell,0,0,0.0
2022,893381487926480896,8,False,waiver,9,7741,Caleb Huntley,0,0,0.0
2022,893485773331202048,9,False,free_agent,1,4602,Robert Tonyan,,1,4.4
2022,893485974108217344,9,False,free_agent,1,6847,Devin Duvernay,,1,1.0
2022,893487465573392384,9,False,free_agent,9,8157,Bailey Zappe,,0,0.0
2022,893489178057428992,9,False,free_agent,5,KC,Kansas City Chiefs,,1,4.0
2022,893510716718485504,9,False,free_agent,9,8131,Isaiah Likely,,1,8.9
2022,893549748332924928,9,False,waiver,9,8150,Kyren Williams,0,0,0.0
2022,893551676735438848,9,False,free_agent,8,7551,Deon Jackson,,1,4.6
2022,893623334154186752,9,False,free_agent,10,4080,Zay Jones,,1,6.5
2022,893904802814398464,9,False,free_agent,9,6938,Cam Akers,,0,0.0
2022,893962362124656640,9,False,free_agent,10,2750,DeAndre Carter,,2,22.2
2022,893993570728566784,9,False,free_agent,7,8138,James Cook,,1,2.0
2022,894293538307731456,9,False,free_agent,12,7090,Darnell Mooney,,2,18.6
2022,895401801548087296,9,False,waiver,10,5917,Mecole Hardman,6,0,0.0
2022,895437857353785344,9,False,free_agent,4,2078,Odell Beckham,,0,0.0
2022,895699993812434944,9,False,waiver,3,6826,Cole Kmet,1,1,21.4
2022,895700418624245760,9,False,waiver,3,TEN,Tennessee Titans,2,1,13.0
2022,895736408092979200,9,False,waiver,7,NYG,New York Giants,6,2,10.0
2022,895747035402432512,9,False,waiver,6,6149,Darius Slayton,1,0,0.0
2022,895747360058228736,9,False,waiver,6,1825,Jarvis Landry,3,0,0.0
2022,895798411012583424,9,False,waiver,8,SF,San Francisco 49ers,0,5,67.0
2022,896031413898461184,10,False,free_agent,1,4943,Sam Darnold,,0,0.0
2022,896038885245730816,10,False,free_agent,5,NO,New Orleans Saints,,1,8.0
2022,896039331528065024,10,False,free_agent,5,2161,Jerick McKinnon,,0,0.0
2022,896047698099191808,10,False,free_agent,9,DEN,Denver Broncos,,1,6.0
2022,896065674072440832,10,False,free_agent,9,8228,Jaylen Warren,,0,0.0
2022,896110089524625408,10,False,free_agent,4,1737,Case Keenum,,0,0.0
2022,896170424927404032,10,False,free_agent,6,5806,John Wolford,,0,0.0
2022,896277121847148544,10,False,free_agent,1,6824,Donovan Peoples-Jones,,2,27.0
2022,896559523790209024,10,False,free_agent,2,4089,Gerald Everett,,1,3.3
2022,896804689872564224,10,False,free_agent,9,4381,Taysom Hill,,0,0.0
2022,896861262976487424,10,False,waiver,8,5536,Dontrell Hilliard,0,0,0.0
2022,897615915854835712,10,False,free_agent,6,4177,Mack Hollins,,0,0.0
2022,898132179933208576,10,False,waiver,12,BAL,Baltimore Ravens,10,4,42.0
2022,898223605475938304,10,False,waiver,6,24,Matt Ryan,37,3,27.9
2022,898260972165476352,10,False,waiver,9,2197,Brandin Cooks,0,1,8.5
2022,898292387804581888,10,False,waiver,6,6853,Van Jefferson,11,1,4.9
2022,898347729158488064,10,False,waiver,12,7757,Ben Skowronek,10,1,0.9
2022,898431509625769984,10,False,waiver,8,6820,Clyde Edwards-Helaire,25,0,0.0
2022,898431541901082624,10,False,waiver,2,NE,New England Patriots,2,3,24.0
2022,898434676161785856,10,False,waiver,6,6149,Darius Slayton,10,3,30.9
2022,898448528437837824,10,False,waiver,11,7002,Juwan Johnson,3,2,12.2
2022,898480685919358976,10,False,waiver,4,8167,Christian Watson,12,1,19.1
2022,898578014785384448,11,False,free_agent,3,WAS,Washington Commanders,,2,26.0
2022,898579768964952064,11,False,free_agent,1,NYJ,New York Jets,,2,19.0
2022,898583482673016832,11,False,free_agent,5,CIN,Cincinnati Bengals,,1,1.0
2022,898601305642250240,11,False,free_agent,9,LAR,Los Angeles Rams,,1,4.0
2022,898680648422797312,11,False,free_agent,11,5880,Parris Campbell,,0,0.0
2022,899024956837482496,11,False,free_agent,8,2161,Jerick McKinnon,,1,0.9
2022,899119286050865152,11,False,free_agent,10,8130,Trey McBride,,1,3.4
2022,899856271166029824,11,False,free_agent,8,4147,Samaje Perine,,0,0.0
2022,899856366582251520,11,False,free_agent,8,DEN,Denver Broncos,,0,0.0
2022,900052356329259008,11,False,free_agent,2,5985,Foster Moreau,,3,18.3
2022,900107927560634368,11,False,free_agent,1,7569,Nico Collins,,0,0.0
2022,900310217089482752,11,False,waiver,10,4147,Samaje Perine,12,2,35.8
2022,900736070311067648,11,False,waiver,5,MIA,Miami Dolphins,5,1,21.0
2022,900746449439182848,11,False,waiver,7,KC,Kansas City Chiefs,0,2,26.0
2022,900761897979314176,11,False,waiver,9,PIT,Pittsburgh Steelers,0,3,20.0
2022,900776578806632448,11,False,waiver,9,4152,Marlon Mack,0,0,0.0
2022,900777493517221888,11,False,waiver,3,SEA,Seattle Seahawks,0,2,10.0
2022,900777630549446656,11,False,waiver,3,4983,DJ Moore,5,1,0.6
2022,900987293605834752,11,False,waiver,2,6938,Cam Akers,11,0,0.0
2022,901047162799185920,11,False,waiver,4,5089,Mike White,13,0,0.0
2022,901072184888401920,12,False,free_agent,8,4943,Sam Darnold,,0,0.0
2022,901072291729907712,12,False,free_agent,8,8153,Isaiah Spiller,,0,0.0
2022,901152582498656256,12,False,free_agent,9,4089,Gerald Everett,,3,21.6
2022,901178166448627712,12,False,free_agent,1,2161,Jerick McKinnon,,2,17.1
2022,901203885245464576,12,False,free_agent,8,5127,Kyle Allen,,0,0.0
2022,901204089172688896,12,False,waiver,8,8228,Jaylen Warren,0,0,0.0
2022,901376550220480512,12,False,free_agent,9,7335,Bryce Perkins,,0,0.0
2022,902029844806778880,12,False,free_agent,1,4036,Corey Davis,,0,0.0
2022,902030102202826752,12,False,free_agent,1,4080,Zay Jones,,2,20.3
2022,902108929184645120,12,False,free_agent,12,2197,Brandin Cooks,,0,0.0
2022,902247617143128064,12,False,free_agent,8,2359,Ameer Abdullah,,0,0.0
2022,902271239308140544,12,False,waiver,1,6824,Donovan Peoples-Jones,0,1,15.4
2022,902392282953695232,12,False,free_agent,4,4152,Marlon Mack,,0,0.0
2022,902647442003181568,12,False,free_agent,8,2549,Trevor Siemian,,0,0.0
2022,902682283209900032,12,False,free_agent,8,7551,Deon Jackson,,0,0.0
2022,903315640507740160,12,False,waiver,3,4197,Isaiah McKenzie,0,0,0.0
2022,903315769914462208,12,False,waiver,5,CLE,Cleveland Browns,7,2,35.0
2022,903442142796775424,12,False,waiver,8,6886,Chase Claypool,0,0,0.0
2022,903442222203396096,12,False,waiver,8,5038,Michael Gallup,0,0,0.0
2022,903516091073085440,12,False,waiver,10,6804,Jordan Love,0,0,0.0
2022,903532745551314944,12,False,waiver,12,6996,JaMycal Hasty,2,0,0.0
2022,903558525505376256,12,False,waiver,4,8122,Zonovan Knight,18,1,14.7
2022,903592599489753088,13,False,free_agent,5,4177,Mack Hollins,,0,0.0
2022,903771963569352704,13,False,free_agent,1,WAS,Washington Commanders,,1,8.0
2022,903772224664780800,13,False,free_agent,11,MIN,Minnesota Vikings,,2,4.0
2022,903783866148470784,13,False,free_agent,3,6012,Travis Homer,,0,0.0
2022,904105239739772928,13,False,free_agent,12,5806,John Wolford,,1,6.02
2022,904105583618174976,13,False,free_agent,9,4381,Taysom Hill,,0,0.0
2022,904191940885721088,13,False,free_agent,9,8121,Romeo Doubs,,0,0.0
2022,904214770524336128,13,False,free_agent,8,5536,Dontrell Hilliard,,0,0.0
2022,904216148118319104,13,False,free_agent,8,4335,P.J. Walker,,0,0.0
2022,904404974665084928,13,False,free_agent,9,4039,Cooper Kupp,,0,0.0
2022,904428311315361792,13,False,free_agent,8,8408,Jordan Mason,,0,0.0
2022,904450766666870784,13,False,free_agent,8,5133,Tyler Conklin,,1,1.9
2022,904755098654224384,13,False,free_agent,11,4602,Robert Tonyan,,1,1.5
2022,904779045215023104,13,False,free_agent,6,6039,Ty Johnson,,0,0.0
2022,904844868319326208,13,False,free_agent,7,6850,Harrison Bryant,,1,1.9
2022,904878335472054272,13,False,free_agent,7,TB,Tampa Bay Buccaneers,,1,3.0
2022,904885646588522496,13,False,free_agent,8,5038,Michael Gallup,,0,0.0
2022,905179697787416576,13,False,free_agent,8,4455,Matt Breida,,0,0.0
2022,905244722355077120,13,False,waiver,5,7083,Tyler Huntley,43,1,6.62
2022,905812460983054336,13,False,waiver,11,3271,Tyler Higbee,2,1,2.1
2022,905839206272868352,13,False,waiver,9,6984,Tony Jones,0,0,0.0
2022,905866931507220480,13,False,waiver,3,5038,Michael Gallup,5,0,0.0
2022,905867022834102272,13,False,waiver,8,TEN,Tennessee Titans,3,0,0.0
2022,905867117667323904,13,False,waiver,8,CAR,Carolina Panthers,1,0,0.0
2022,905867139133853696,13,False,waiver,8,DEN,Denver Broncos,1,0,0.0
2022,905883858082574336,13,False,waiver,2,GB,Green Bay Packers,5,0,0.0
2022,905885611234439168,13,False,waiver,2,LAC,Los Angeles Chargers,3,1,4.0
2022,906092848573833216,13,False,waiver,4,8183,Brock Purdy,13,0,0.0
2022,906093350753751040,13,False,waiver,4,5154,Trent Sherfield,0,0,0.0
2022,906162565141381120,14,False,free_agent,12,4892,Baker Mayfield,,0,0.0
2022,906264610942889984,14,False,free_agent,5,JAX,Jacksonville Jaguars,,0,0.0
2022,906267651494522880,14,False,free_agent,4,7585,Davis Mills,,0,0.0
2022,906268749210988544,14,False,free_agent,1,LV,Las Vegas Raiders,,1,8.0
2022,906268899635507200,14,False,free_agent,1,6931,DeeJay Dallas,,0,0.0
2022,906269773460025344,14,False,free_agent,4,4951,DJ Chark,,1,18.4
2022,906311748758417408,14,False,free_agent,12,7585,Davis Mills,,1,5.2
2022,906354856195928064,14,False,free_agent,9,7606,Kadarius Toney,,0,0.0
2022,906605907494973440,14,False,free_agent,2,8159,Desmond Ridder,,0,0.0
2022,906796694971330560,14,False,free_agent,12,6012,Travis Homer,,1,4.4
2022,906965417057210368,14,False,free_agent,4,8210,Chig Okonkwo,,0,0.0
2022,906970641520013312,14,False,free_agent,8,NE,New England Patriots,,0,0.0
2022,907116353285140480,14,False,free_agent,8,5857,Noah Fant,,0,0.0
2022,907161183193280512,14,False,free_agent,9,8131,Isaiah Likely,,0,0.0
2022,907375980178558976,14,False,waiver,8,8210,Chig Okonkwo,0,1,15.5
2022,907719698588872704,14,False,free_agent,8,6984,Tony Jones,,0,0.0
2022,907722073923891200,14,False,free_agent,8,4455,Matt Breida,,0,0.0
2022,908254654302048256,14,False,waiver,9,WAS,Washington Commanders,5,0,0.0
2022,908387450463010816,14,False,waiver,3,CAR,Carolina Panthers,10,0,0.0
2022,908436718032887808,14,False,waiver,6,533,Colt McCoy,24,0,0.0
2022,908523543761993728,14,False,waiver,9,8119,Jahan Dotson,2,0,0.0
2022,908553218588766208,14,False,waiver,3,8116,Pierre Strong,36,0,0.0
2022,908572598147911680,14,False,waiver,5,NO,New Orleans Saints,0,0,0.0
2022,908584267175628800,14,False,waiver,2,DEN,Denver Broncos,2,0,0.0
2022,908636749805420544,14,False,waiver,4,7596,Elijah Moore,0,0,0.0
2023,1001250571489169408,1,True,free_agent,1,WAS,Washington Commanders,,1,13.0
2023,1001253591815868416,1,True,free_agent,8,3969,Leonard Fournette,,0,0.0
2023,1001254315907928064,1,True,free_agent,4,2711,Taylor Heinicke,,0,0.0
2023,1001255573083443200,1,True,free_agent,5,7083,Tyler Huntley,,0,0.0
2023,1001684776169828352,1,True,free_agent,9,7569,Nico Collins,,3,47.7
2023,1001693583767826432,1,True,free_agent,8,9494,Marvin Mims,,0,0.0
2023,1001872395721830400,1,True,free_agent,2,8148,Jameson Williams,,0,0.0
2023,1001926782284525568,1,True,free_agent,8,9220,Evan Hull,,0,0.0
2023,1001926805978148864,1,True,free_agent,8,7551,Deon Jackson,,0,0.0
2023,1001966230556717056,1,True,free_agent,1,7571,Rashod Bateman,,0,0.0
2023,1002271509705994240,1,True,free_agent,1,10217,Clayton Tune,,0,0.0
2023,1002343960066469888,1,True,free_agent,6,6845,Zack Moss,,6,73.3
2023,1002715357636792320,1,True,free_agent,9,4098,Kareem Hunt,,0,0.0
2023,1002964469611302912,1,True,free_agent,2,9998,Hendon Hooker,,0,0.0
2023,1002964570404622336,1,True,free_agent,2,3969,Leonard Fournette,,0,0.0
2023,1003095522317504512,1,True,free_agent,2,7571,Rashod Bateman,,0,0.0
2023,1003095789549195264,1,True,free_agent,8,6824,Donovan Peoples-Jones,,0,0.0
2023,1003315510408187904,1,True,free_agent,1,8142,Alec Pierce,,0,0.0
2023,1003409222542909440,1,True,waiver,11,4033,David Njoku,3,0,0.0
2023,1003486920015417344,1,True,free_agent,8,3969,Leonard Fournette,,0,0.0
2023,1004082170358468608,1,True,free_agent,8,DEN,Denver Broncos,,1,3.0
2023,1004085822024388608,1,True,free_agent,9,11439,Jaleel McLaughlin,,0,0.0
2023,1004143563522772992,1,True,free_agent,8,6853,Van Jefferson,,0,0.0
2023,1004173757243527168,1,True,free_agent,1,6149,Darius Slayton,,0,0.0
2023,1004551528352387072,1,True,free_agent,9,6955,James Robinson,,0,0.0
2023,1004795564623466496,1,True,free_agent,9,9220,Evan Hull,,0,0.0
2023,1004795671892791296,1,True,free_agent,9,SEA,Seattle Seahawks,,1,1.0
2023,1004850381689524224,1,True,free_agent,7,7828,Noah Gray,,0,0.0
2023,1004852937325092864,1,True,free_agent,5,5086,Marquez Valdes-Scantling,,0,0.0
2023,1004865417342431232,1,True,free_agent,1,5133,Tyler Conklin,,1,1.2
2023,1005114666760089600,1,False,free_agent,2,8148,Jameson Williams,,0,0.0
2023,1005189894446075904,1,False,free_agent,8,3271,Tyler Higbee,,1,7.9
2023,1005193283401764864,1,False,free_agent,2,6820,Clyde Edwards-Helaire,,0,0.0
2023,1005204439700951040,1,False,free_agent,8,6826,Cole Kmet,,0,0.0
2023,1005250113326899200,1,False,free_agent,9,1535,Cordarrelle Patterson,,0,0.0
2023,1005253486155489280,1,False,free_agent,1,9494,Marvin Mims,,0,0.0
2023,1005368078378549248,1,False,free_agent,4,10236,Dalton Kincaid,,2,11.6
2023,1005636471094599680,1,False,free_agent,8,4943,Sam Darnold,,0,0.0
2023,1005880148839444480,1,False,waiver,10,10859,Sam LaPorta,13,9,126.4
2023,1005905658601889792,1,False,free_agent,2,6824,Donovan Peoples-Jones,,0,0.0
2023,1005979087409606656,1,False,free_agent,6,4089,Gerald Everett,,0,0.0
2023,1006737787187986432,1,False,waiver,10,7045,Joshua Kelley,46,2,6.1
2023,1007279301050888192,1,False,waiver,2,4454,Kendrick Bourne,1,0,0.0
2023,1007301260240044032,1,False,waiver,1,7538,Zach Wilson,37,0,0.0
2023,1007301936681594880,1,False,waiver,1,9481,Luke Musgrave,3,0,0.0
2023,1007302131203059712,1,False,waiver,3,5947,Jakobi Meyers,11,3,36.5
2023,1007306170747281408,1,False,waiver,1,3214,Hunter Henry,5,0,0.0
2023,1007307922159042560,1,False,waiver,11,8150,Kyren Williams,44,8,154.1
2023,1007315831189962752,1,False,waiver,9,PIT,Pittsburgh Steelers,0,0,0.0
2023,1007323834419806208,1,False,waiver,8,9493,Puka Nacua,33,9,126.4
2023,1007340413012824064,1,False,waiver,6,8110,Jake Ferguson,9,8,92.9
2023,1007340633658331136,1,False,waiver,6,5995,Justice Hill,24,0,0.0
2023,1007365916126035968,1,False,waiver,8,9506,Sean Tucker,0,0,0.0
2023,1007449859303092224,1,False,waiver,2,3257,Jacoby Brissett,5,0,0.0
2023,1007552158368395264,1,False,waiver,4,6826,Cole Kmet,2,0,0.0
2023,1007577216059871232,1,False,waiver,12,NYG,New York Giants,5,1,-1.0
2023,1007644973249945600,2,False,free_agent,1,TB,Tampa Bay Buccaneers,,0,0.0
2023,1007646845553696768,2,False,free_agent,9,1992,Allen Robinson,,0,0.0
2023,1007650847162982400,2,False,free_agent,9,9502,Tank Dell,,0,0.0
2023,1007694689551699968,2,False,waiver,7,9506,Sean Tucker,0,0,0.0
2023,1007709436678332416,2,False,free_agent,4,4973,Hayden Hurst,,0,0.0
2023,1007709538251792384,2,False,free_agent,8,4080,Zay Jones,,0,0.0
2023,1007710891321679872,2,False,free_agent,8,CLE,Cleveland Browns,,1,8.0
2023,1007769671363403776,2,False,waiver,9,7606,Kadarius Toney,10,0,0.0
2023,1007783532753678336,2,False,free_agent,8,9508,Tyjae Spears,,1,6.8
2023,1007996145138626560,2,False,waiver,1,DEN,Denver Broncos,0,1,1.0
2023,1008021166537138176,2,False,free_agent,5,IND,Indianapolis Colts,,1,10.0
2023,1008035255850196992,2,False,free_agent,9,HOU,Houston Texans,,1,0.0
2023,1008851226051559424,2,False,free_agent,4,2078,Odell Beckham,,0,0.0
2023,1009165266397396992,2,False,free_agent,9,1992,Allen Robinson,,0,0.0
2023,1009207370112794624,2,False,free_agent,2,4943,Sam Darnold,,0,0.0
2023,1009330299840544768,2,False,waiver,10,3214,Hunter Henry,8,1,3.7
2023,1009857903299362816,2,False,waiver,6,4171,Josh Reynolds,7,0,0.0
2023,1009876656741384192,2,False,waiver,5,1339,Zach Ertz,1,0,0.0
2023,1009879545010352128,2,False,waiver,8,8143,Jerome Ford,62,0,0.0
2023,1009880051472584704,2,False,waiver,8,KC,Kansas City Chiefs,0,2,18.0
2023,1009958215771078656,2,False,waiver,5,4098,Kareem Hunt,11,0,0.0
2023,1009979448810188800,2,False,waiver,1,9502,Tank Dell,0,3,26.1
2023,1009981706830467072,2,False,waiver,2,8116,Pierre Strong,0,0,0.0
2023,1010065689396236288,2,False,waiver,4,6984,Tony Jones,4,0,0.0
2023,1010065980430692352,2,False,waiver,4,4381,Taysom Hill,2,0,0.0
2023,1010082167935860736,2,False,waiver,12,BAL,Baltimore Ravens,5,6,50.0
2023,1010159000056315904,3,False,free_agent,7,4455,Matt Breida,,0,0.0
2023,1010178027222810624,3,False,free_agent,5,JAX,Jacksonville Jaguars,,2,17.0
2023,1010182225620451328,3,False,free_agent,2,6011,Gardner Minshew,,1,13.08
2023,1010185610394419200,3,False,free_agent,2,PIT,Pittsburgh Steelers,,2,11.0
2023,1010229106614550528,3,False,free_agent,1,SEA,Seattle Seahawks,,2,35.0
2023,1010262194354733056,3,False,free_agent,4,7562,Tutu Atwell,,2,20.1
2023,1010300464425943040,3,False,free_agent,2,6659,Craig Reynolds,,0,0.0
2023,1010376865430732800,3,False,waiver,8,9481,Luke Musgrave,3,0,0.0
2023,1010470022793216000,3,False,free_agent,4,7594,Chuba Hubbard,,0,0.0
2023,1010537990705201152,3,False,free_agent,2,2251,Logan Thomas,,0,0.0
2023,1010605007802023936,3,False,free_agent,9,9225,Tank Bigsby,,0,0.0
2023,1010611226621067264,3,False,free_agent,9,CLE,Cleveland Browns,,0,0.0
2023,1010611972657725440,3,False,free_agent,9,6984,Tony Jones,,0,0.0
2023,1010616911329050624,3,False,free_agent,5,829,Andy Dalton,,0,0.0
2023,1011016351940427776,3,False,free_agent,2,8135,Treylon Burks,,0,0.0
2023,1011089543929348096,3,False,free_agent,9,9505,Deuce Vaughn,,0,0.0
2023,1011130303387090944,3,False,free_agent,6,1352,Robert Woods,,0,0.0
2023,1011184318007296000,3,False,free_agent,8,4381,Taysom Hill,,0,0.0
2023,1011297755823685632,3,False,free_agent,9,6820,Clyde Edwards-Helaire,,1,12.2
2023,1011297885507371008,3,False,free_agent,9,1476,Latavius Murray,,1,8.6
2023,1011339363795689472,3,False,waiver,5,6945,Antonio Gibson,1,0,0.0
2023,1011353145869418496,3,False,free_agent,4,8676,Rashid Shaheed,,0,0.0
2023,1011420855991091200,3,False,free_agent,3,4988,Nick Chubb,,0,0.0
2023,1011693826639101952,3,False,free_agent,9,NO,New Orleans Saints,,1,10.0
2023,1012297817899020288,3,False,waiver,8,9226,De'Von Achane,69,4,55.4
2023,1012377307325075456,3,False,waiver,7,CIN,Cincinnati Bengals,1,2,23.0
2023,1012388899286556672,3,False,waiver,3,1689,Adam Thielen,29,9,96.8
2023,1012534356486828032,3,False,waiver,2,2306,Jameis Winston,5,0,0.0
2023,1012534585361616896,3,False,waiver,2,3257,Jacoby Brissett,0,0,0.0
2023,1012546052475473920,3,False,waiver,2,8148,Jameson Williams,2,0,0.0
2023,1012546495423369216,3,False,waiver,6,CLE,Cleveland Browns,6,10,98.0
2023,1012552347878338560,3,False,waiver,9,9999,Will Levis,0,0,0.0
2023,1012562731595083776,3,False,waiver,5,7670,Joshua Palmer,21,0,0.0
2023,1012601082247327744,3,False,waiver,1,4951,DJ Chark,0,0,0.0
2023,1012649744356802560,3,False,waiver,4,9754,Quentin Johnston,82,0,0.0
2023,1012650725203173376,3,False,waiver,4,TB,Tampa Bay Buccaneers,0,1,15.0
2023,1012672913096400896,4,False,free_agent,4,IND,Indianapolis Colts,,1,4.0
2023,1012725089919442944,4,False,waiver,7,4455,Matt Breida,0,1,2.9
2023,1012786833593294848,4,False,free_agent,9,9494,Marvin Mims,,0,0.0
2023,1012788521108586496,4,False,free_agent,5,3271,Tyler Higbee,,0,0.0
2023,1012945894074826752,4,False,free_agent,9,9500,Josh Downs,,0,0.0
2023,1013184687738535936,4,False,free_agent,11,MIN,Minnesota Vikings,,1,19.0
2023,1013534817964605440,4,False,free_agent,9,10866,Aidan O'Connell,,0,0.0
2023,1013648561134718976,4,False,free_agent,9,NE,New England Patriots,,1,5.0
2023,1013896966859739136,4,False,free_agent,1,7594,Chuba Hubbard,,0,0.0
2023,1014009072598732800,4,False,free_agent,5,345,Brian Hoyer,,0,0.0
2023,1014196133691887616,4,False,free_agent,9,10866,Aidan O'Connell,,0,0.0
2023,1014218848406573056,4,False,free_agent,5,10862,Dorian Thompson-Robinson,,0,0.0
2023,1014225110842195968,4,False,waiver,5,3271,Tyler Higbee,0,1,4.0
2023,1014245608506494976,4,False,free_agent,5,5096,Ray-Ray McCloud,,0,0.0
2023,1014649905668907008,4,False,waiver,9,10232,Michael Wilson,30,0,0.0
2023,1014714521530896384,4,False,free_agent,8,827,Tyrod Taylor,,0,0.0
2023,1014889227244425216,4,False,waiver,2,3976,Mitchell Trubisky,0,0,0.0
2023,1014889551069835264,4,False,waiver,2,HOU,Houston Texans,0,1,6.0
2023,1014912448899420160,4,False,waiver,8,WAS,Washington Commanders,1,1,0.0
2023,1014926176902610944,4,False,waiver,8,2711,Taylor Heinicke,1,0,0.0
2023,1014975886610837504,4,False,waiver,9,DET,Detroit Lions,10,4,30.0
2023,1014977445063163904,4,False,waiver,8,1339,Zach Ertz,0,0,0.0
2023,1014985009419128832,4,False,waiver,3,BUF,Buffalo Bills,4,5,29.0
2023,1015094979355660288,4,False,waiver,7,11439,Jaleel McLaughlin,5,1,5.1
2023,1015108219586428928,4,False,waiver,5,MIA,Miami Dolphins,0,2,18.0
2023,1015119455724167168,4,False,waiver,12,8126,Wan'Dale Robinson,5,3,18.6
2023,1015121795562708992,4,False,waiver,1,8195,Ronnie Rivers,1,0,0.0
2023,1015121958586949632,4,False,waiver,1,GB,Green Bay Packers,0,0,0.0
2023,1015151742972997632,4,False,waiver,4,6826,Cole Kmet,1,1,2.9
2023,1015152766488064000,4,False,waiver,4,4082,Curtis Samuel,0,0,0.0
2023,1015244443386994688,5,False,free_agent,11,DEN,Denver Broncos,,1,10.0
2023,1015307936173744128,5,False,free_agent,9,7090,Darnell Mooney,,0,0.0
2023,1015405246954164224,5,False,free_agent,4,5133,Tyler Conklin,,1,5.4
2023,1015411858318123008,5,False,free_agent,4,4144,Jonnu Smith,,0,0.0
2023,1015415343575027712,5,False,free_agent,9,7606,Kadarius Toney,,0,0.0
2023,1015416059001655296,5,False,free_agent,9,11256,Tyson Bagent,,0,0.0
2023,1015438587757690880,5,False,waiver,2,4080,Zay Jones,0,0,0.0
2023,1015465435661160448,5,False,free_agent,2,5089,Mike White,,0,0.0
2023,1015471069790130176,5,False,waiver,11,1339,Zach Ertz,0,0,0.0
2023,1015622801513861120,5,False,free_agent,5,7083,Tyler Huntley,,0,0.0
2023,1015639884318461952,5,False,free_agent,1,7562,Tutu Atwell,,0,0.0
2023,1015650958560284672,5,False,free_agent,11,7594,Chuba Hubbard,,4,24.0
2023,1015680768909070336,5,False,free_agent,5,1476,Latavius Murray,,0,0.0
2023,1015680979196829696,5,False,waiver,5,4171,Josh Reynolds,0,0,0.0
2023,1016080030549495808,5,False,free_agent,2,6886,Chase Claypool,,0,0.0
2023,1016706482391306240,5,False,free_agent,1,NE,New England Patriots,,1,1.0
2023,1016772690230874112,5,False,free_agent,8,KC,Kansas City Chiefs,,1,15.0
2023,1016774721494552576,5,False,free_agent,2,2078,Odell Beckham,,0,0.0
2023,1017431835338452992,5,False,waiver,8,7601,Rondale Moore,0,0,0.0
2023,1017459397578129408,5,False,waiver,5,2251,Logan Thomas,3,6,46.1
2023,1017590269723680768,5,False,waiver,2,8408,Jordan Mason,1,0,0.0
2023,1017590300199571456,5,False,waiver,2,9757,Kendre Miller,3,0,0.0
2023,1017591049864273920,5,False,waiver,7,10235,Roschon Johnson,40,0,0.0
2023,1017647879399264256,5,False,waiver,2,PIT,Pittsburgh Steelers,0,0,0.0
2023,1017651800301801472,5,False,waiver,9,8140,Justyn Ross,0,0,0.0
2023,1017661100441120768,5,False,waiver,1,7066,K.J. Osborn,15,0,0.0
2023,1017661318205210624,5,False,waiver,1,ATL,Atlanta Falcons,0,1,5.0
2023,1017665589680111616,5,False,waiver,9,10225,Jonathan Mingo,0,0,0.0
2023,1017670410348920832,5,False,waiver,12,6011,Gardner Minshew,60,8,114.14
2023,1017694279864569856,5,False,waiver,4,11199,Emari Demercado,31,0,0.0
2023,1017696203804418048,5,False,waiver,4,NO,New Orleans Saints,3,1,5.0
2023,1017793939899760640,6,False,free_agent,5,4111,D'Onta Foreman,,0,0.0
2023,1017801122095906816,6,False,free_agent,7,LV,Las Vegas Raiders,,2,14.0
2023,1017812837692977152,6,False,waiver,11,7562,Tutu Atwell,2,0,0.0
2023,1017822478237777920,6,False,free_agent,11,LAR,Los Angeles Rams,,2,14.0
2023,1017871538667732992,6,False,free_agent,4,9500,Josh Downs,,1,10.6
2023,1017899775909249024,6,False,free_agent,5,8221,Keaontay Ingram,,0,0.0
2023,1017904092531736576,6,False,free_agent,4,4111,D'Onta Foreman,,1,7.2
2023,1017955143590952960,6,False,free_agent,10,6918,Salvon Ahmed,,0,0.0
2023,1017974723457662976,6,False,free_agent,10,5001,Dalton Schultz,,0,0.0
2023,1018012263438958592,6,False,free_agent,9,7596,Elijah Moore,,0,0.0
2023,1018582052490264576,6,False,free_agent,2,827,Tyrod Taylor,,0,0.0
2023,1018591352889622528,6,False,free_agent,8,4335,P.J. Walker,,0,0.0
2023,1018611945013854208,6,False,free_agent,4,10860,Malik Cunningham,,0,0.0
2023,1018926292361625600,6,False,free_agent,1,6945,Antonio Gibson,,0,0.0
2023,1018980659513081856,6,False,free_agent,9,3164,Ezekiel Elliott,,0,0.0
2023,1019032929684504576,6,False,free_agent,1,9511,Keaton Mitchell,,0,0.0
2023,1019092767944818688,6,False,free_agent,4,4335,P.J. Walker,,0,0.0
2023,1019308642014822400,6,False,free_agent,2,JAX,Jacksonville Jaguars,,1,13.0
2023,1019375345042161664,6,False,free_agent,2,2307,Marcus Mariota,,0,0.0
2023,1020021845610921984,6,False,waiver,5,WAS,Washington Commanders,0,1,9.0
2023,1020050519366152192,6,False,waiver,8,8676,Rashid Shaheed,2,1,5.2
2023,1020085439589429248,6,False,waiver,1,GB,Green Bay Packers,0,1,2.0
2023,1020125840471969792,6,False,waiver,8,8408,Jordan Mason,4,1,0.0
2023,1020126069732540416,6,False,waiver,8,7596,Elijah Moore,0,0,0.0
2023,1020126123105091584,6,False,waiver,2,2711,Taylor Heinicke,2,0,0.0
2023,1020126239325106176,6,False,waiver,8,9481,Luke Musgrave,0,1,7.0
2023,1020126740317880320,6,False,waiver,2,4080,Zay Jones,1,0,0.0
2023,1020198132732329984,6,False,waiver,12,SEA,Seattle Seahawks,2,2,15.0
2023,1020210067334963200,6,False,waiver,6,9222,Zach Evans,9,0,0.0
2023,1020239806225301504,6,False,waiver,4,8161,Malik Willis,3,0,0.0
2023,1020243196892327936,6,False,waiver,4,TB,Tampa Bay Buccaneers,1,1,8.0
2023,1020244023698685952,6,False,waiver,4,6659,Craig Reynolds,4,0,0.0
2023,1020244717130403840,6,False,waiver,4,9482,Michael Mayer,3,1,3.3
2023,1020269067996844032,7,False,free_agent,4,5046,Royce Freeman,,1,6.6
2023,1020274683356205056,7,False,free_agent,4,10860,Malik Cunningham,,0,0.0
2023,1020349496036773888,7,False,free_agent,9,4144,Jonnu Smith,,0,0.0
2023,1020353371275874304,7,False,free_agent,5,11256,Tyson Bagent,,0,0.0
2023,1020355284444729344,7,False,free_agent,5,7049,Jauan Jennings,,0,0.0
2023,1020390436021555200,7,False,free_agent,9,4454,Kendrick Bourne,,0,0.0
2023,1020410665082765312,7,False,waiver,8,9500,Josh Downs,0,3,17.2
2023,1020463891458904064,7,False,free_agent,9,6955,James Robinson,,0,0.0
2023,1020692782052102144,7,False,free_agent,2,PHI,Philadelphia Eagles,,4,28.0
2023,1020749010526621696,7,False,free_agent,9,IND,Indianapolis Colts,,0,0.0
2023,1021079658613264384,7,False,free_agent,9,9999,Will Levis,,4,34.26
2023,1021202319569928192,7,False,free_agent,8,DEN,Denver Broncos,,1,3.0
2023,1021432738341011456,7,False,free_agent,2,96,Aaron Rodgers,,0,0.0
2023,1021463024915300352,7,False,waiver,5,7049,Jauan Jennings,0,0,0.0
2023,1021463047954579456,7,False,free_agent,9,4454,Kendrick Bourne,,0,0.0
2023,1021508901579079680,7,False,free_agent,4,5916,Darrell Henderson,,2,14.5
2023,1021509450902880256,7,False,free_agent,8,NYJ,New York Jets,,3,29.0
2023,1021511581689004032,7,False,free_agent,4,1476,Latavius Murray,,0,0.0
2023,1021566218341269504,7,False,free_agent,2,827,Tyrod Taylor,,1,21.66
2023,1021794974322475008,7,False,free_agent,5,345,Brian Hoyer,,0,0.0
2023,1021839974297206784,7,False,free_agent,9,CHI,Chicago Bears,,0,0.0
2023,1021840085433679872,7,False,free_agent,9,PIT,Pittsburgh Steelers,,5,33.0
2023,1021891541218353152,7,False,waiver,11,7066,K.J. Osborn,0,0,0.0
2023,1022163859601244160,7,False,waiver,9,3164,Ezekiel Elliott,0,0,0.0
2023,1022496338254151680,7,False,waiver,8,4381,Taysom Hill,1,0,0.0
2023,1022506926258659328,7,False,waiver,6,11199,Emari Demercado,12,0,0.0
2023,1022506974577037312,7,False,waiver,6,6938,Cam Akers,10,0,0.0
2023,1022536174172221440,7,False,waiver,8,7021,Rico Dowdle,0,0,0.0
2023,1022586922188963840,7,False,waiver,8,10236,Dalton Kincaid,7,6,76.2
2023,1022720631953317888,7,False,waiver,2,7045,Joshua Kelley,0,0,0.0
2023,1022843128107065344,8,False,free_agent,7,KC,Kansas City Chiefs,,1,12.0
2023,1022940115007528960,8,False,free_agent,8,4033,David Njoku,,0,0.0
2023,1022972277823987712,8,False,free_agent,1,HOU,Houston Texans,,1,7.0
2023,1022979358094352384,8,False,free_agent,4,8116,Pierre Strong,,0,0.0
2023,1022979715226755072,8,False,free_agent,5,MIA,Miami Dolphins,,1,6.0
2023,1023014188660121600,8,False,free_agent,4,JAX,Jacksonville Jaguars,,1,12.0
2023,1023069604916060160,8,False,free_agent,8,4335,P.J. Walker,,0,0.0
2023,1023133477186658304,8,False,free_agent,4,2197,Brandin Cooks,,1,1.2
2023,1023241429629362176,8,False,free_agent,5,4943,Sam Darnold,,0,0.0
2023,1023242266158194688,8,False,waiver,5,8119,Jahan Dotson,0,0,0.0
2023,1023252475391860736,8,False,free_agent,1,5955,Hunter Renfrow,,0,0.0
2023,1023316188098555904,8,False,free_agent,11,ATL,Atlanta Falcons,,2,14.0
2023,1023448954798837760,8,False,free_agent,5,5695,Brandon Powell,,1,1.7
2023,1023594704325136384,8,False,free_agent,2,827,Tyrod Taylor,,0,0.0
2023,1023691076898476032,8,False,free_agent,11,6826,Cole Kmet,,1,9.6
2023,1023703756510154752,8,False,free_agent,2,10225,Jonathan Mingo,,0,0.0
2023,1023994881892503552,8,False,free_agent,8,NO,New Orleans Saints,,1,15.0
2023,1024006187487940608,8,False,free_agent,8,3164,Ezekiel Elliott,,0,0.0
2023,1024014123325018112,8,False,free_agent,2,4029,Dalvin Cook,,0,0.0
2023,1024014258666860544,8,False,waiver,2,4335,P.J. Walker,0,0,0.0
2023,1024073498265735168,8,False,free_agent,5,8119,Jahan Dotson,,2,14.9
2023,1024355217501933568,8,False,free_agent,8,4029,Dalvin Cook,,0,0.0
2023,1024401023655448576,8,False,free_agent,2,9501,DeMario Douglas,,0,0.0
2023,1025060577770663936,8,False,waiver,2,4464,Nick Mullens,0,0,0.0
2023,1025066853586128896,8,False,waiver,10,4381,Taysom Hill,8,2,24.92
2023,1025067183233155072,8,False,waiver,9,MIN,Minnesota Vikings,0,1,6.0
2023,1025069944251195392,8,False,waiver,1,2711,Taylor Heinicke,6,0,0.0
2023,1025086455200239616,8,False,waiver,7,8130,Trey McBride,31,5,71.5
2023,1025099887291006976,8,False,waiver,10,LAC,Los Angeles Chargers,0,0,0.0
2023,1025187506746175488,8,False,waiver,1,NE,New England Patriots,0,1,9.0
2023,1025220417625133056,8,False,waiver,4,9231,Jaren Hall,0,0,0.0
2023,1025232745796112384,8,False,waiver,4,8676,Rashid Shaheed,0,0,0.0
2023,1025237486743756800,8,False,waiver,4,3969,Leonard Fournette,2,0,0.0
2023,1025240295279075328,8,False,waiver,4,CIN,Cincinnati Bengals,0,1,7.0
2023,1025246745346867200,8,False,waiver,8,10217,Clayton Tune,5,1,-0.88
2023,1025290297233825792,8,False,waiver,5,LV,Las Vegas Raiders,0,2,29.0
2023,1025344772619194368,9,False,free_agent,4,8134,Khalil Shakir,,0,0.0
2023,1025346968471556096,9,False,free_agent,4,8210,Chig Okonkwo,,1,5.7
2023,1025401181524283392,9,False,free_agent,7,TEN,Tennessee Titans,,2,7.0
2023,1025403503671332864,9,False,free_agent,5,4033,David Njoku,,0,0.0
2023,1025419286644346880,9,False,free_agent,2,138,Ben Roethlisberger,,0,0.0
2023,1025441499376340992,9,False,free_agent,2,3161,Carson Wentz,,0,0.0
2023,1025464192276451328,9,False,free_agent,9,10866,Aidan O'Connell,,0,0.0
2023,1025492701803794432,9,False,free_agent,8,8148,Jameson Williams,,0,0.0
2023,1025493658641977344,9,False,free_agent,8,5089,Mike White,,0,0.0
2023,1025568566294171648,9,False,free_agent,4,6130,Devin Singletary,,0,0.0
2023,1025699648951898112,9,False,free_agent,4,8135,Treylon Burks,,0,0.0
2023,1025829410840109056,9,False,waiver,6,11256,Tyson Bagent,8,0,0.0
2023,1026212008942735360,9,False,free_agent,1,6130,Devin Singletary,,4,37.1
2023,1026253926640734208,9,False,free_agent,6,8221,Keaontay Ingram,,0,0.0
2023,1026267205727510528,9,False,free_agent,4,5001,Dalton Schultz,,3,23.5
2023,1026271888005226496,9,False,free_agent,4,9754,Quentin Johnston,,2,14.5
2023,1026276114462760960,9,False,free_agent,10,NYG,New York Giants,,1,-1.0
2023,1026382972452257792,9,False,waiver,9,9231,Jaren Hall,10,0,0.0
2023,1026631313773649920,9,False,free_agent,10,2410,Jamison Crowder,,1,4.3
2023,1026708379131011072,9,False,free_agent,6,6037,Brett Rypien,,1,3.1
2023,1026884396302966784,9,False,free_agent,6,7596,Elijah Moore,,0,0.0
2023,1027253611341897728,9,False,free_agent,8,7045,Joshua Kelley,,0,0.0
2023,1027254445312139264,9,False,free_agent,8,4943,Sam Darnold,,0,0.0
2023,1027254550127796224,9,False,free_agent,8,8148,Jameson Williams,,0,0.0
2023,1027261058743885824,9,False,free_agent,8,6824,Donovan Peoples-Jones,,0,0.0
2023,1027262973905104896,9,False,waiver,9,6945,Antonio Gibson,0,0,0.0
2023,1027452658221297664,9,False,waiver,11,4234,Noah Brown,24,0,0.0
2023,1027594324403470336,9,False,waiver,6,11292,Tommy DeVito,5,1,13.54
2023,1027594381848653824,9,False,waiver,6,8111,Cade Otton,8,0,0.0
2023,1027594580071428096,9,False,waiver,6,8230,Ty Chandler,4,0,0.0
2023,1027631235125899264,9,False,waiver,2,827,Tyrod Taylor,0,0,0.0
2023,1027633006086815744,9,False,waiver,5,11256,Tyson Bagent,0,1,7.68
2023,1027681010491740160,9,False,waiver,8,9511,Keaton Mitchell,14,0,0.0
2023,1027703434704859136,9,False,waiver,12,8134,Khalil Shakir,0,3,23.6
2023,1027704254410158080,9,False,waiver,5,3161,Carson Wentz,4,0,0.0
2023,1027750721988517888,9,False,waiver,8,10232,Michael Wilson,1,0,0.0
2023,1027795461333184512,9,False,waiver,2,8148,Jameson Williams,0,0,0.0
2023,1027798293859999744,9,False,waiver,2,CHI,Chicago Bears,0,1,7.0
2023,1028048982003503104,10,False,free_agent,4,4144,Jonnu Smith,,0,0.0
2023,1028051138832060416,10,False,free_agent,4,8171,Kyle Philips,,0,0.0
2023,1028325114577768448,10,False,free_agent,9,4033,David Njoku,,0,0.0
2023,1028336768656953344,10,False,free_agent,2,9225,Tank Bigsby,,0,0.0
2023,1028337362562011136,10,False,free_agent,7,4111,D'Onta Foreman,,1,16.2
2023,1028415559857164288,10,False,free_agent,4,DET,Detroit Lions,,3,6.0
2023,1028491870663577600,10,False,free_agent,4,8221,Keaontay Ingram,,0,0.0
2023,1028744737483739136,10,False,free_agent,9,8148,Jameson Williams,,0,0.0
2023,1028770924109058048,10,False,free_agent,11,TB,Tampa Bay Buccaneers,,1,13.0
2023,1028795500281024512,10,False,free_agent,4,10444,Cedric Tillman,,0,0.0
2023,1029028930625384448,10,False,waiver,12,4033,David Njoku,0,4,55.3
2023,1029420208378843136,10,False,free_agent,1,NO,New Orleans Saints,,1,1.0
2023,1030123589967683584,10,False,waiver,2,96,Aaron Rodgers,2,0,0.0
2023,1030208402577788928,10,False,waiver,8,WAS,Washington Commanders,1,1,9.0
2023,1030249337063940096,10,False,waiver,5,1476,Latavius Murray,0,0,0.0
2023,1030296014667829248,10,False,waiver,6,7021,Rico Dowdle,19,2,5.7
2023,1030296205038870528,10,False,waiver,6,2197,Brandin Cooks,4,0,0.0
2023,1030375260291489792,10,False,waiver,4,2161,Jerick McKinnon,0,0,0.0
2023,1030375746923036672,10,False,waiver,4,9481,Luke Musgrave,0,0,0.0
2023,1030377856460783616,10,False,waiver,4,8159,Desmond Ridder,0,2,35.1
2023,1030378620231036928,10,False,waiver,4,8157,Bailey Zappe,0,0,0.0
2023,1030476315754848256,11,False,free_agent,1,JAX,Jacksonville Jaguars,,1,7.0
2023,1030486822608003072,11,False,free_agent,5,MIA,Miami Dolphins,,2,34.0
2023,1030520389832630272,11,False,free_agent,5,4335,P.J. Walker,,0,0.0
2023,1030520801012834304,11,False,free_agent,7,LAC,Los Angeles Chargers,,1,4.0
2023,1030522074747461632,11,False,free_agent,2,6421,Jalen Guyton,,0,0.0
2023,1030550224277692416,11,False,free_agent,8,10862,Dorian Thompson-Robinson,,0,0.0
2023,1030552491177369600,11,False,free_agent,7,KC,Kansas City Chiefs,,2,4.0
2023,1030618866726035456,11,False,free_agent,1,7596,Elijah Moore,,0,0.0
2023,1030619006878744576,11,False,waiver,1,4080,Zay Jones,1,0,0.0
2023,1030647866131308544,11,False,free_agent,4,6598,Trenton Irwin,,0,0.0
2023,1030695127871741952,11,False,free_agent,2,2306,Jameis Winston,,0,0.0
2023,1030832963568762880,11,False,waiver,9,10232,Michael Wilson,0,0,0.0
2023,1030850805458362368,11,False,free_agent,11,MIN,Minnesota Vikings,,2,17.0
2023,1030906896368099328,11,False,free_agent,7,6421,Jalen Guyton,,0,0.0
2023,1030942138428645376,11,False,free_agent,5,8121,Romeo Doubs,,0,0.0
2023,1031297852967837696,11,False,free_agent,4,10219,Chris Rodriguez,,0,0.0
2023,1031329026721439744,11,False,waiver,3,6111,Jake Browning,41,1,23.7
2023,1031356846461771776,11,False,free_agent,1,NE,New England Patriots,,1,13.0
2023,1031357766473965568,11,False,free_agent,1,7601,Rondale Moore,,0,0.0
2023,1031428265958793216,11,False,free_agent,4,11292,Tommy DeVito,,1,22.54
2023,1031650754978734080,11,False,free_agent,10,4029,Dalvin Cook,,0,0.0
2023,1032013071755223040,11,False,free_agent,7,8148,Jameson Williams,,0,0.0
2023,1032453244817072128,11,False,free_agent,8,8676,Rashid Shaheed,,1,1.9
2023,1032453548648259584,11,False,free_agent,8,IND,Indianapolis Colts,,1,12.0
2023,1032636960789192704,11,False,waiver,8,10222,Jayden Reed,2,1,3.6
2023,1032784221565206528,11,False,waiver,7,7562,Tutu Atwell,0,0,0.0
2023,1032798279446261760,11,False,waiver,9,8131,Isaiah Likely,20,0,0.0
2023,1032835297324703744,11,False,waiver,6,2078,Odell Beckham,9,0,0.0
2023,1032858738274832384,11,False,waiver,2,10235,Roschon Johnson,0,0,0.0
2023,1032936342407327744,11,False,waiver,12,DEN,Denver Broncos,1,1,18.0
2023,1032953822328606720,11,False,waiver,4,5257,Tim Boyle,0,0,0.0
2023,1032964777741475840,12,False,free_agent,4,5374,Justin Watson,,0,0.0
2023,1032977325152886784,12,False,free_agent,5,7083,Tyler Huntley,,0,0.0
2023,1032977465611739136,12,False,free_agent,5,5089,Mike White,,0,0.0
2023,1033109962643300352,12,False,free_agent,9,8119,Jahan Dotson,,0,0.0
2023,1033168732866248704,12,False,waiver,2,2197,Brandin Cooks,1,1,4.7
2023,1033530109292154880,12,False,free_agent,10,5374,Justin Watson,,0,0.0
2023,1033633286947573760,12,False,free_agent,2,7045,Joshua Kelley,,0,0.0
2023,1033806354047127552,12,False,free_agent,9,9754,Quentin Johnston,,0,0.0
2023,1033843036851245056,12,False,free_agent,10,3161,Carson Wentz,,0,0.0
2023,1033953873980903424,12,False,free_agent,2,TEN,Tennessee Titans,,1,11.0
2023,1034196031329619968,12,False,free_agent,1,TB,Tampa Bay Buccaneers,,1,8.0
2023,1034222201001562112,12,False,free_agent,4,5000,Chase Edmonds,,0,0.0
2023,1034222489250910208,12,False,free_agent,4,5970,Greg Dortch,,0,0.0
2023,1034224830754672640,12,False,free_agent,4,4381,Taysom Hill,,2,23.5
2023,1034339120845246464,12,False,free_agent,11,19,Joe Flacco,,0,0.0
2023,1034342295128068096,12,False,free_agent,7,5000,Chase Edmonds,,0,0.0
2023,1035201889916284928,12,False,waiver,1,NO,New Orleans Saints,0,1,24.0
2023,1035208610135121920,12,False,waiver,5,ATL,Atlanta Falcons,0,1,21.0
2023,1035229971524026368,12,False,waiver,8,7670,Joshua Palmer,0,0,0.0
2023,1035348956613586944,12,False,waiver,10,4147,Samaje Perine,0,0,0.0
2023,1035359411700760576,12,False,waiver,8,JAX,Jacksonville Jaguars,0,0,0.0
2023,1035406341986271232,12,False,waiver,9,6945,Antonio Gibson,0,1,9.2
2023,1035406515517366272,12,False,waiver,2,5284,Jeff Wilson,0,0,0.0
2023,1035461607532408832,12,False,waiver,4,10444,Cedric Tillman,0,0,0.0
2023,1035461879021334528,12,False,waiver,4,LAC,Los Angeles Chargers,1,1,19.0
2023,1035566107941306368,13,False,waiver,5,9754,Quentin Johnston,0,0,0.0
2023,1035596105322520576,13,False,waiver,11,MIA,Miami Dolphins,0,2,25.0
2023,1035624076213047296,13,False,free_agent,4,6694,D'Ernest Johnson,,0,0.0
2023,1035625575613812736,13,False,free_agent,5,8157,Bailey Zappe,,1,7.24
2023,1035771665172635648,13,False,waiver,12,IND,Indianapolis Colts,1,1,20.0
2023,1035921928424345600,13,False,free_agent,2,LAR,Los Angeles Rams,,0,0.0
2023,1035981557489553408,13,False,free_agent,8,7002,Juwan Johnson,,0,0.0
2023,1035985765760585728,13,False,free_agent,5,7083,Tyler Huntley,,0,0.0
2023,1035987105903628288,13,False,free_agent,5,19,Joe Flacco,,0,0.0
2023,1036007220393103360,13,False,free_agent,8,8676,Rashid Shaheed,,0,0.0
2023,1036007352907943936,13,False,free_agent,8,6151,Miles Sanders,,0,0.0
2023,1036077645584224256,13,False,free_agent,9,2161,Jerick McKinnon,,0,0.0
2023,1036111286058328064,13,False,free_agent,4,4082,Curtis Samuel,,1,8.5
2023,1036313430816452608,13,False,waiver,9,8119,Jahan Dotson,0,1,3.3
2023,1036428416834162688,13,False,free_agent,7,6421,Jalen Guyton,,0,0.0
2023,1036434149789224960,13,False,free_agent,4,9754,Quentin Johnston,,0,0.0
2023,1036441543667699712,13,False,free_agent,8,10860,Malik Cunningham,,0,0.0
2023,1037058988883398656,13,False,free_agent,2,1339,Zach Ertz,,0,0.0
2023,1037086943928094720,13,False,free_agent,2,JAX,Jacksonville Jaguars,,2,11.0
2023,1037201947343949824,13,False,free_agent,2,10235,Roschon Johnson,,0,0.0
2023,1037598527427510272,13,False,waiver,3,GB,Green Bay Packers,5,1,3.0
2023,1037757047187775488,13,False,waiver,3,4127,C.J. Beathard,16,0,0.0
2023,1037774029916229632,13,False,waiver,8,HOU,Houston Texans,1,1,6.0
2023,1037785154204459008,13,False,waiver,9,1476,Latavius Murray,0,0,0.0
2023,1037785246131138560,13,False,waiver,9,4111,D'Onta Foreman,0,0,0.0
2023,1037798694726496256,13,False,waiver,11,9487,Parker Washington,2,0,0.0
2023,1037887772872282112,13,False,waiver,12,3976,Mitchell Trubisky,2,0,0.0
2023,1037888756650639360,13,False,waiver,12,8676,Rashid Shaheed,0,0,0.0
2023,1037957797603942400,13,False,waiver,4,DET,Detroit Lions,0,1,4.0
2023,1037964299844669440,13,False,waiver,2,2306,Jameis Winston,0,0,0.0
2023,1038087424410210304,14,False,free_agent,7,NE,New England Patriots,,1,5.0
2023,1038087730611200000,14,False,waiver,7,5248,Gus Edwards,6,0,0.0
2023,1038097674500657152,14,False,free_agent,5,MIN,Minnesota Vikings,,1,21.0
2023,1038110879088320512,14,False,waiver,1,ATL,Atlanta Falcons,0,0,0.0
2023,1038131234242646016,14,False,free_agent,11,DEN,Denver Broncos,,0,0.0
2023,1038182454143569920,14,False,free_agent,8,7538,Zach Wilson,,0,0.0
2023,1038237134827651072,14,False,free_agent,1,7596,Elijah Moore,,0,0.0
2023,1038295996553314304,14,False,free_agent,10,6931,DeeJay Dallas,,0,0.0
2023,1038362304913690624,14,False,waiver,4,6826,Cole Kmet,0,1,11.6
2023,1038362835606126592,14,False,free_agent,4,4089,Gerald Everett,,1,8.9
2023,1038481086919032832,14,False,free_agent,5,7045,Joshua Kelley,,0,0.0
2023,1038486599476002816,14,False,free_agent,1,WAS,Washington Commanders,,0,0.0
2023,1038606275891773440,14,False,free_agent,5,7083,Tyler Huntley,,0,0.0
2023,1038927652133879808,14,False,free_agent,9,2161,Jerick McKinnon,,0,0.0
2023,1038927661877248000,14,False,free_agent,8,6820,Clyde Edwards-Helaire,,0,0.0
2023,1038929403046084608,14,False,free_agent,3,7045,Joshua Kelley,,0,0.0
2023,1038931070969790464,14,False,free_agent,5,7593,Trey Sermon,,0,0.0
2023,1038931240054767616,14,False,free_agent,5,7567,Kenny Gainwell,,0,0.0
2023,1038985820792766464,14,False,free_agent,4,9224,Chase Brown,,0,0.0
2023,1039326720840515584,14,False,free_agent,2,10222,Jayden Reed,,1,16.5
2023,1039446362019938304,14,False,free_agent,5,5854,Drew Lock,,0,0.0
2023,1039578363318321152,14,False,free_agent,8,LAR,Los Angeles Rams,,0,0.0
2023,1039607684447830016,14,False,free_agent,2,6945,Antonio Gibson,,0,0.0
2023,1039621181520969728,14,False,free_agent,12,7596,Elijah Moore,,1,5.7
2023,1039995042116603904,14,False,waiver,10,7567,Kenny Gainwell,1,0,0.0
2023,1040289302326063104,14,False,waiver,8,LAC,Los Angeles Chargers,0,0,0.0
2023,1040291354678665216,14,False,waiver,8,6185,Easton Stick,4,0,0.0
2023,1040336222029242368,14,False,waiver,5,CIN,Cincinnati Bengals,0,0,0.0
2023,1040352350638030848,14,False,waiver,2,4464,Nick Mullens,1,0,0.0
2023,1040506762442514432,14,False,waiver,10,DAL,Dallas Cowboys,8,0,0.0
2023,1040511297697230848,14,False,waiver,2,CHI,Chicago Bears,0,0,0.0
2024,1134685125188374528,1,True,free_agent,10,9753,Zach Charbonnet,,4,82.3
2024,1134685213314895872,1,True,free_agent,9,5001,Dalton Schultz,,0,0.0
2024,1134685231727890432,1,True,free_agent,2,CIN,Cincinnati Bengals,,1,3.0
2024,1134685628467105792,1,True,free_agent,8,LAC,Los Angeles Chargers,,0,0.0
2024,1134686143255007232,1,True,free_agent,8,9500,Josh Downs,,0,0.0
2024,1134693538219806720,1,True,free_agent,4,NO,New Orleans Saints,,0,0.0
2024,1134868914485186560,1,True,free_agent,1,3257,Jacoby Brissett,,0,0.0
2024,1134882980222062592,1,True,free_agent,9,8676,Rashid Shaheed,,0,0.0
2024,1134948926827646976,1,True,free_agent,8,CLE,Cleveland Browns,,1,3.0
2024,1135036472370794496,1,True,free_agent,8,11647,Kimani Vidal,,0,0.0
2024,1135270925345099776,1,True,free_agent,3,MIN,Minnesota Vikings,,1,22.0
2024,1135373428157976576,1,True,free_agent,8,9500,Josh Downs,,0,0.0
2024,1135587795893886976,1,True,free_agent,1,CHI,Chicago Bears,,1,25.0
2024,1135793774422003712,1,True,free_agent,10,4029,Dalvin Cook,,0,0.0
2024,1135940586155937792,1,True,free_agent,2,6943,Gabe Davis,,0,0.0
2024,1135979762490413056,1,True,free_agent,1,4381,Taysom Hill,,0,0.0
2024,1136000530100129792,1,True,free_agent,2,9486,Dontayvion Wicks,,0,0.0
2024,1136416260729737216,1,True,free_agent,11,8132,Tyler Allgeier,,1,5.9
2024,1136432109804982272,1,True,free_agent,2,11638,Ricky Pearsall,,0,0.0
2024,1136437843112366080,1,True,free_agent,2,10232,Michael Wilson,,0,0.0
2024,1136495217147789312,1,True,free_agent,9,11618,Jalen McMillan,,0,0.0
2024,1136691030599782400,1,True,free_agent,2,10226,Andrei Iosivas,,0,0.0
2024,1136767294073335808,1,True,free_agent,3,11584,Bucky Irving,,6,89.8
2024,1136828634158723072,1,True,free_agent,8,11655,Tyrone Tracy,,0,0.0
2024,1137149289290928128,1,False,free_agent,12,4149,Jamaal Williams,,0,0.0
2024,1137161797007441920,1,False,free_agent,4,7090,Darnell Mooney,,0,0.0
2024,1137992288958930944,1,False,free_agent,8,5970,Greg Dortch,,0,0.0
2024,1138024787894169600,1,False,free_agent,4,11650,Luke McCaffrey,,0,0.0
2024,1138338059113562112,1,False,free_agent,2,1049,Ryan Tannehill,,0,0.0
2024,1138538141926809600,1,False,free_agent,12,7090,Darnell Mooney,,0,0.0
2024,1138576634988257280,1,False,free_agent,2,9754,Quentin Johnston,,0,0.0
2024,1138580172095152128,1,False,free_agent,2,LAC,Los Angeles Chargers,,2,16.0
2024,1139170921471746048,1,False,waiver,2,8161,Malik Willis,1,0,0.0
2024,1139188560936140800,1,False,waiver,11,5185,Allen Lazard,37,0,0.0
2024,1139208772284624896,1,False,waiver,3,8126,Wan'Dale Robinson,3,1,8.8
2024,1139270825292693504,1,False,waiver,6,2197,Brandin Cooks,7,0,0.0
2024,1139270998848774144,1,False,waiver,6,6865,Colby Parkinson,2,0,0.0
2024,1139356165437018112,1,False,waiver,1,8131,Isaiah Likely,45,4,14.3
2024,1139356620422639616,1,False,waiver,1,3286,Demarcus Robinson,20,0,0.0
2024,1139357425254993920,1,False,waiver,1,IND,Indianapolis Colts,0,0,0.0
2024,1139413788958076928,1,False,waiver,12,9225,Tank Bigsby,5,2,0.9
2024,1139489243010637824,1,False,waiver,4,5995,Justice Hill,14,0,0.0
2024,1139525362779537408,2,False,free_agent,5,1689,Adam Thielen,,0,0.0
2024,1139525488851927040,2,False,free_agent,5,6943,Gabe Davis,,0,0.0
2024,1139545538375827456,2,False,free_agent,2,9754,Quentin Johnston,,0,0.0
2024,1139547541869019136,2,False,free_agent,1,JAX,Jacksonville Jaguars,,1,4.0
2024,1139635462752239616,2,False,free_agent,8,2306,Jameis Winston,,0,0.0
2024,1139636320961310720,2,False,free_agent,8,5284,Jeff Wilson,,0,0.0
2024,1139650567363674112,2,False,waiver,7,7594,Chuba Hubbard,3,9,127.6
2024,1139673300927365120,2,False,free_agent,8,11559,Michael Penix,,0,0.0
2024,1139682742565715968,2,False,free_agent,9,11626,Xavier Legette,,0,0.0
2024,1139914892107956224,2,False,free_agent,1,11575,Ray Davis,,0,0.0
2024,1140042874390691840,2,False,free_agent,5,6960,Tyler Johnson,,0,0.0
2024,1140047719558561792,2,False,waiver,9,4033,David Njoku,35,0,0.0
2024,1140330256918765568,2,False,free_agent,5,1049,Ryan Tannehill,,0,0.0
2024,1140382264476426240,2,False,free_agent,2,3257,Jacoby Brissett,,0,0.0
2024,1140386339762855936,2,False,free_agent,5,6943,Gabe Davis,,0,0.0
2024,1140392153772843008,2,False,free_agent,8,11579,Audric Estime,,0,0.0
2024,1140392235033280512,2,False,free_agent,8,7600,Pat Freiermuth,,0,0.0
2024,1140397805379379200,2,False,free_agent,8,IND,Indianapolis Colts,,1,4.0
2024,1140404000148283392,2,False,free_agent,3,6960,Tyler Johnson,,1,3.5
2024,1140502008491794432,2,False,free_agent,11,HOU,Houston Texans,,1,15.0
2024,1140733206942298112,2,False,waiver,8,8676,Rashid Shaheed,1,2,24.4
2024,1140758913587994624,2,False,free_agent,10,5970,Greg Dortch,,0,0.0
2024,1141078115914096640,2,False,free_agent,12,10216,Kenny McIntosh,,0,0.0
2024,1141078636301393920,2,False,free_agent,1,11623,Jordan Whittington,,0,0.0
2024,1141214816087056384,2,False,free_agent,8,7090,Darnell Mooney,,0,0.0
2024,1141380511408111616,2,False,waiver,10,9500,Josh Downs,10,7,78.5
2024,1141599737415487488,2,False,waiver,6,CLE,Cleveland Browns,7,2,19.0
2024,1141746946701459456,2,False,waiver,1,8206,Skylar Thompson,19,1,4.28
2024,1141779005839097856,2,False,waiver,7,8180,Jalen Nailor,0,0,0.0
2024,1141789618606637056,2,False,waiver,6,4993,Mike Gesicki,9,0,0.0
2024,1141803952447631360,2,False,waiver,6,8117,Jalen Tolbert,2,0,0.0
2024,1141811503927021568,2,False,waiver,3,7090,Darnell Mooney,12,9,109.8
2024,1141869613618257920,2,False,waiver,8,829,Andy Dalton,30,4,58.94
2024,1141869650725228544,2,False,waiver,8,4147,Samaje Perine,25,0,0.0
2024,1141869674553229312,2,False,waiver,8,11582,Carson Steele,35,0,0.0
2024,1141917326091132928,2,False,waiver,5,7049,Jauan Jennings,27,1,10.3
2024,1141917478092873728,2,False,waiver,5,LV,Las Vegas Raiders,2,1,-2.0
2024,1141942577248280576,2,False,waiver,11,8142,Alec Pierce,29,0,0.0
2024,1141963055652388864,2,False,waiver,1,4111,D'Onta Foreman,3,0,0.0
2024,1141963203082076160,2,False,waiver,1,3214,Hunter Henry,1,0,0.0
2024,1141995901641170944,2,False,waiver,4,4171,Josh Reynolds,2,0,0.0
2024,1141996104905699328,2,False,waiver,4,4098,Kareem Hunt,2,0,0.0
2024,1142092640448528384,3,False,free_agent,1,TB,Tampa Bay Buccaneers,,1,3.0
2024,1142212835649372160,3,False,free_agent,8,BUF,Buffalo Bills,,1,14.0
2024,1142300422925828096,3,False,free_agent,8,6938,Cam Akers,,0,0.0
2024,1142308843838357504,3,False,free_agent,4,8121,Romeo Doubs,,0,0.0
2024,1142340144696061952,3,False,waiver,8,11623,Jordan Whittington,0,0,0.0
2024,1142542482949914624,3,False,free_agent,9,6938,Cam Akers,,0,0.0
2024,1142922602378289152,3,False,free_agent,3,GB,Green Bay Packers,,3,48.0
2024,1143226702475157504,3,False,free_agent,11,CIN,Cincinnati Bengals,,1,-1.0
2024,1144259477370298368,3,False,waiver,2,MIN,Minnesota Vikings,6,9,89.0
2024,1144284636844003328,3,False,waiver,7,MIA,Miami Dolphins,0,2,8.0
2024,1144287670202462208,3,False,waiver,5,HOU,Houston Texans,0,1,2.0
2024,1144302758477168640,3,False,waiver,7,7562,Tutu Atwell,1,0,0.0
2024,1144319595952771072,3,False,waiver,3,KC,Kansas City Chiefs,3,1,6.0
2024,1144369720481796096,3,False,waiver,8,4068,Mike Williams,1,0,0.0
2024,1144425637017526272,3,False,waiver,8,10866,Aidan O'Connell,3,0,0.0
2024,1144478816375787520,3,False,waiver,4,10235,Roschon Johnson,18,2,18.8
2024,1144612334057398272,4,False,free_agent,1,TEN,Tennessee Titans,,1,10.0
2024,1144672237916626944,4,False,free_agent,4,7083,Tyler Huntley,,0,0.0
2024,1144673119903260672,4,False,free_agent,8,CHI,Chicago Bears,,3,36.0
2024,1144679277678403584,4,False,free_agent,4,10226,Andrei Iosivas,,0,0.0
2024,1144746819516239872,4,False,free_agent,8,6826,Cole Kmet,,1,6.4
2024,1144816959570186240,4,False,free_agent,4,11626,Xavier Legette,,0,0.0
2024,1145021819955580928,4,False,free_agent,2,11655,Tyrone Tracy,,0,0.0
2024,1145040839010291712,4,False,free_agent,9,8208,Tyler Badie,,0,0.0
2024,1145049323848208384,4,False,free_agent,1,10232,Michael Wilson,,1,3.3
2024,1145072204778971136,4,False,free_agent,2,6820,Clyde Edwards-Helaire,,0,0.0
2024,1145194546456977408,4,False,free_agent,12,11435,Emanuel Wilson,,0,0.0
2024,1145403615297802240,4,False,free_agent,9,4033,David Njoku,,0,0.0
2024,1145922420230983680,4,False,free_agent,11,NO,New Orleans Saints,,2,10.0
2024,1145993693808168960,4,False,free_agent,8,3257,Jacoby Brissett,,0,0.0
2024,1146085916327415808,4,False,free_agent,5,1339,Zach Ertz,,0,0.0
2024,1146820775828164608,4,False,waiver,6,DEN,Denver Broncos,6,9,96.0
2024,1146821807513837568,4,False,waiver,7,7593,Trey Sermon,10,2,18.2
2024,1146825736175603712,4,False,waiver,6,9484,Tucker Kraft,5,1,3.5
2024,1146829360834560000,4,False,waiver,6,SEA,Seattle Seahawks,5,0,0.0
2024,1146830237490081792,4,False,waiver,10,8126,Wan'Dale Robinson,18,1,13.0
2024,1146923517422903296,4,False,waiver,8,4381,Taysom Hill,0,0,0.0
2024,1146923545742733312,4,False,waiver,8,11579,Audric Estime,0,0,0.0
2024,1146926037427675136,4,False,waiver,8,5995,Justice Hill,1,0,0.0
2024,1147028244643004416,4,False,waiver,2,9225,Tank Bigsby,5,0,0.0
2024,1147029791196069888,4,False,waiver,3,19,Joe Flacco,5,0,0.0
2024,1147045117652676608,4,False,waiver,4,4098,Kareem Hunt,37,6,90.0
2024,1147046322625703936,4,False,waiver,4,9486,Dontayvion Wicks,38,2,4.4
2024,1147106951877206016,5,False,free_agent,6,7600,Pat Freiermuth,,0,0.0
2024,1147107305117294592,5,False,free_agent,1,LV,Las Vegas Raiders,,1,2.0
2024,1147132192364011520,5,False,free_agent,8,11623,Jordan Whittington,,1,12.4
2024,1147141374140141568,5,False,waiver,5,SEA,Seattle Seahawks,0,1,12.0
2024,1147186457363365888,5,False,waiver,9,11637,Keon Coleman,0,1,11.4
2024,1147235872786456576,5,False,free_agent,9,6945,Antonio Gibson,,0,0.0
2024,1147238444280684544,5,False,free_agent,9,8117,Jalen Tolbert,,0,0.0
2024,1147269699600752640,5,False,free_agent,1,5096,Ray-Ray McCloud,,0,0.0
2024,1147269981906841600,5,False,waiver,1,3257,Jacoby Brissett,0,0,0.0
2024,1147270127969210368,5,False,free_agent,1,11655,Tyrone Tracy,,2,33.2
2024,1147270214225072128,5,False,free_agent,1,11589,Trey Benson,,0,0.0
2024,1147549359261917184,5,False,waiver,2,6011,Gardner Minshew,0,0,0.0
2024,1147624956985974784,5,False,free_agent,4,8111,Cade Otton,,8,104.7
2024,1147635076805533696,5,False,free_agent,10,IND,Indianapolis Colts,,3,18.0
2024,1147660166603575296,5,False,free_agent,5,4219,Jeremy McNichols,,0,0.0
2024,1147679975860965376,5,False,free_agent,6,10213,Tre Tucker,,0,0.0
2024,1147684658029846528,5,False,waiver,8,7600,Pat Freiermuth,1,0,0.0
2024,1147929500982808576,5,False,free_agent,9,4040,JuJu Smith-Schuster,,0,0.0
2024,1147941846006468608,5,False,free_agent,9,6938,Cam Akers,,1,11.7
2024,1148000543659380736,5,False,waiver,3,2374,Tyler Lockett,1,4,36.2
2024,1148020366816677888,5,False,free_agent,1,4068,Mike Williams,,0,0.0
2024,1148023814832361472,5,False,free_agent,1,7083,Tyler Huntley,,1,6.46
2024,1148025657809539072,5,False,free_agent,11,11439,Jaleel McLaughlin,,1,10.0
2024,1148036459107028992,5,False,free_agent,12,CLE,Cleveland Browns,,1,8.0
2024,1148342024706297856,5,False,free_agent,9,8117,Jalen Tolbert,,0,0.0
2024,1148384471457042432,5,False,free_agent,4,19,Joe Flacco,,0,0.0
2024,1148438182967480320,5,False,free_agent,8,9225,Tank Bigsby,,0,0.0
2024,1148460476393689088,5,False,free_agent,2,4152,Marlon Mack,,0,0.0
2024,1148462615052521472,5,False,free_agent,5,3257,Jacoby Brissett,,0,0.0
2024,1148609569925468160,5,False,free_agent,2,6865,Colby Parkinson,,1,12.2
2024,1149118180212707328,5,False,free_agent,2,LAC,Los Angeles Chargers,,1,8.0
2024,1149264886862561280,5,False,waiver,1,4033,David Njoku,0,0,0.0
2024,1149328606292942848,5,False,waiver,7,PHI,Philadelphia Eagles,3,2,22.0
2024,1149339862672289792,5,False,waiver,11,HOU,Houston Texans,0,1,15.0
2024,1149402018939981824,5,False,waiver,7,8121,Romeo Doubs,5,4,42.7
2024,1149483554280161280,5,False,waiver,8,2306,Jameis Winston,1,0,0.0
2024,1149487160694124544,5,False,waiver,8,4040,JuJu Smith-Schuster,8,0,0.0
2024,1149488098343133184,5,False,waiver,6,10215,Jake Haener,20,0,0.0
2024,1149523234371661824,5,False,waiver,2,8167,Christian Watson,16,1,5.9
2024,1149523634604814336,5,False,waiver,2,9757,Kendre Miller,0,0,0.0
2024,1149524038713229312,5,False,waiver,5,11562,Spencer Rattler,2,0,0.0
2024,1149528380992286720,5,False,waiver,9,1426,DeAndre Hopkins,0,0,0.0
2024,1149671753942138880,6,False,free_agent,5,ATL,Atlanta Falcons,,1,7.0
2024,1149731724457250816,6,False,free_agent,9,5001,Dalton Schultz,,1,3.8
2024,1149739193342464000,6,False,free_agent,12,BUF,Buffalo Bills,,3,24.0
2024,1149755819995533312,6,False,free_agent,3,10218,Xavier Hutchinson,,0,0.0
2024,1149779161125330944,6,False,free_agent,2,11619,Ja'Lynn Polk,,0,0.0
2024,1149781770120830976,6,False,free_agent,4,9501,DeMario Douglas,,0,0.0
2024,1149815323802050560,6,False,free_agent,8,10866,Aidan O'Connell,,0,0.0
2024,1149835034610737152,6,False,free_agent,9,6039,Ty Johnson,,0,0.0
2024,1149859465429094400,6,False,free_agent,9,11625,Adonai Mitchell,,0,0.0
2024,1149859718249156608,6,False,free_agent,8,11579,Audric Estime,,0,0.0
2024,1149859799950004224,6,False,free_agent,8,8142,Alec Pierce,,0,0.0
2024,1149860297570619392,6,False,free_agent,6,6149,Darius Slayton,,1,8.7
2024,1149892232669925376,6,False,free_agent,1,4381,Taysom Hill,,0,0.0
2024,1149899258867322880,6,False,free_agent,4,9501,DeMario Douglas,,0,0.0
2024,1149899382926741504,6,False,waiver,4,1426,DeAndre Hopkins,4,0,0.0
2024,1149921154472316928,6,False,waiver,5,5995,Justice Hill,0,0,0.0
2024,1149924482342031360,6,False,free_agent,10,6945,Antonio Gibson,,1,5.8
2024,1149925286398648320,6,False,waiver,2,8126,Wan'Dale Robinson,2,0,0.0
2024,1150239675546845184,6,False,free_agent,1,11575,Ray Davis,,0,0.0
2024,1150846924073840640,6,False,free_agent,1,3214,Hunter Henry,,1,17.2
2024,1150848563111374848,6,False,free_agent,9,11626,Xavier Legette,,0,0.0
2024,1150992907709558784,6,False,free_agent,1,TB,Tampa Bay Buccaneers,,1,19.0
2024,1150993511999713280,6,False,free_agent,1,4033,David Njoku,,7,115.0
2024,1150994290093436928,6,False,free_agent,9,11619,Ja'Lynn Polk,,0,0.0
2024,1150994842462302208,6,False,free_agent,8,10232,Michael Wilson,,0,0.0
2024,1151154336622301184,6,False,free_agent,9,11647,Kimani Vidal,,0,0.0
2024,1151214646746148864,6,False,free_agent,8,2306,Jameis Winston,,0,0.0
2024,1151270401289482240,6,False,free_agent,2,3164,Ezekiel Elliott,,0,0.0
2024,1151838437025308672,6,False,waiver,2,9501,DeMario Douglas,3,0,0.0
2024,1151939578165587968,6,False,waiver,3,LAC,Los Angeles Chargers,0,8,71.0
2024,1151943939000344576,6,False,waiver,7,6694,D'Ernest Johnson,12,0,0.0
2024,1152003125159723008,6,False,waiver,8,9506,Sean Tucker,22,0,0.0
2024,1152003298220814336,6,False,waiver,8,NO,New Orleans Saints,1,1,3.0
2024,1152007412040253440,6,False,waiver,2,11651,Isaac Guerendo,1,0,0.0
2024,1152064618903396352,6,False,waiver,1,CIN,Cincinnati Bengals,0,1,16.0
2024,1152069391656472576,6,False,waiver,5,6783,Jerry Jeudy,16,5,75.5
2024,1152211264723079168,7,False,free_agent,5,JAX,Jacksonville Jaguars,,0,0.0
2024,1152214984861011968,7,False,free_agent,5,LAR,Los Angeles Rams,,1,18.0
2024,1152231038094004224,7,False,free_agent,5,7083,Tyler Huntley,,0,0.0
2024,1152248896245059584,7,False,free_agent,1,6826,Cole Kmet,,0,0.0
2024,1152257484254466048,7,False,free_agent,4,6820,Clyde Edwards-Helaire,,0,0.0
2024,1152267064560701440,7,False,free_agent,11,JAX,Jacksonville Jaguars,,1,9.0
2024,1152323611085291520,7,False,waiver,1,10866,Aidan O'Connell,0,1,2.08
2024,1152325365868646400,7,False,free_agent,4,11623,Jordan Whittington,,0,0.0
2024,1152330733470470144,7,False,free_agent,9,10232,Michael Wilson,,0,0.0
2024,1152342319400603648,7,False,free_agent,4,8207,Tyler Goodson,,1,11.1
2024,1152360307516362752,7,False,free_agent,6,11748,Bub Means,,1,5.2
2024,1152362699276275712,7,False,free_agent,8,7083,Tyler Huntley,,0,0.0
2024,1152374582918111232,7,False,free_agent,4,7083,Tyler Huntley,,0,0.0
2024,1152374645719425024,7,False,free_agent,4,11623,Jordan Whittington,,0,0.0
2024,1152374817686212608,7,False,waiver,8,8228,Jaylen Warren,2,0,0.0
2024,1152378485202079744,7,False,free_agent,9,7083,Tyler Huntley,,0,0.0
2024,1152656646280364032,7,False,waiver,9,1426,DeAndre Hopkins,0,5,59.8
2024,1152690602702741504,7,False,waiver,4,8134,Khalil Shakir,4,6,67.3
2024,1152712004625354752,7,False,free_agent,9,11586,Blake Corum,,0,0.0
2024,1152734029838405632,7,False,free_agent,9,7083,Tyler Huntley,,1,9.48
2024,1153028290584629248,7,False,free_agent,4,11647,Kimani Vidal,,0,0.0
2024,1153113465611997184,7,False,free_agent,2,7593,Trey Sermon,,0,0.0
2024,1153478209116164096,7,False,free_agent,2,4972,Mason Rudolph,,0,0.0
2024,1153773085892546560,7,False,free_agent,8,11623,Jordan Whittington,,0,0.0
2024,1153804746915057664,7,False,free_agent,7,BAL,Baltimore Ravens,,2,14.0
2024,1154374391204052992,7,False,waiver,2,9486,Dontayvion Wicks,1,0,0.0
2024,1154419777306370048,7,False,waiver,11,DET,Detroit Lions,2,6,60.0
2024,1154427711931154432,7,False,waiver,1,2307,Marcus Mariota,0,0,0.0
2024,1154438840334069760,7,False,waiver,2,11637,Keon Coleman,5,0,0.0
2024,1154468295161126912,7,False,waiver,6,7049,Jauan Jennings,27,4,64.5
2024,1154468434370068480,7,False,waiver,6,10444,Cedric Tillman,2,1,6.2
2024,1154494477420146688,7,False,waiver,9,ATL,Atlanta Falcons,0,0,0.0
2024,1154497626482769920,7,False,waiver,9,7608,Khalil Herbert,0,0,0.0
2024,1154552273033355264,7,False,waiver,8,KC,Kansas City Chiefs,2,2,11.0
2024,1154603053161742336,7,False,waiver,2,2306,Jameis Winston,7,0,0.0
2024,1154641286025138176,7,False,waiver,11,8143,Jerome Ford,0,0,0.0
2024,1154652003117711360,7,False,waiver,12,11618,Jalen McMillan,30,2,7.2
2024,1154652262665646080,7,False,waiver,12,10235,Roschon Johnson,5,1,3.1
2024,1154692735857774592,7,False,waiver,4,11638,Ricky Pearsall,12,1,0.0
2024,1154713918812573696,8,False,free_agent,4,3200,Sterling Shepard,,0,0.0
2024,1154714248417759232,8,False,free_agent,4,11627,Troy Franklin,,0,0.0
2024,1154782336051953664,8,False,free_agent,5,HOU,Houston Texans,,0,0.0
2024,1154782659940302848,8,False,free_agent,5,WAS,Washington Commanders,,3,18.0
2024,1154793249597407232,8,False,free_agent,9,6011,Gardner Minshew,,0,0.0
2024,1154824266580344833,8,False,free_agent,9,SF,San Francisco 49ers,,1,8.0
2024,1154839273976217600,8,False,free_agent,9,11600,Ja'Tavion Sanders,,0,0.0
2024,1154864106248196096,8,False,free_agent,9,7571,Rashod Bateman,,0,0.0
2024,1154876811789058048,8,False,free_agent,2,9228,Bryce Young,,0,0.0
2024,1154878760605302784,8,False,free_agent,8,CHI,Chicago Bears,,1,4.0
2024,1154895116339888128,8,False,free_agent,5,8230,Ty Chandler,,0,0.0
2024,1154905531132260352,8,False,free_agent,2,9757,Kendre Miller,,0,0.0
2024,1154905847017877504,8,False,free_agent,5,9228,Bryce Young,,0,0.0
2024,1154927924160610304,8,False,free_agent,9,4029,Dalvin Cook,,0,0.0
2024,1155200499075899392,8,False,waiver,9,9486,Dontayvion Wicks,0,0,0.0
2024,1155558601356853248,8,False,free_agent,9,8129,Dameon Pierce,,0,0.0
2024,1155639853543964672,8,False,free_agent,10,NO,New Orleans Saints,,4,23.0
2024,1155651020702203904,8,False,free_agent,5,11626,Xavier Legette,,2,10.4
2024,1155651272486526976,8,False,waiver,7,9228,Bryce Young,0,0,0.0
2024,1155880692664881152,8,False,free_agent,1,HOU,Houston Texans,,2,14.0
2024,1155934962281992192,8,False,free_agent,9,4029,Dalvin Cook,,0,0.0
2024,1156270678300020736,8,False,free_agent,11,289,Drew Brees,,0,0.0
2024,1156272001577766912,8,False,free_agent,11,9492,Trey Palmer,,0,0.0
2024,1156309409308610560,8,False,free_agent,1,4972,Mason Rudolph,,0,0.0
2024,1156980693893836800,8,False,waiver,9,TEN,Tennessee Titans,0,0,0.0
2024,1156987861904887808,8,False,waiver,5,8161,Malik Willis,5,0,0.0
2024,1157013625169735680,8,False,waiver,3,6011,Gardner Minshew,1,1,2.96
2024,1157048169247805440,8,False,waiver,9,6149,Darius Slayton,0,0,0.0
2024,1157048362806697984,8,False,waiver,9,8147,John Metchie,0,0,0.0
2024,1157057637918576640,8,False,waiver,7,11651,Isaac Guerendo,2,0,0.0
2024,1157083763529297920,8,False,waiver,8,5001,Dalton Schultz,5,0,0.0
2024,1157139614088552448,8,False,waiver,1,19,Joe Flacco,57,1,3.06
2024,1157139995321544704,8,False,waiver,1,7596,Elijah Moore,0,0,0.0
2024,1157172530424291328,8,False,waiver,2,6820,Clyde Edwards-Helaire,0,0,0.0
2024,1157218859792052224,8,False,waiver,4,9487,Parker Washington,2,0,0.0
2024,1157248836444729344,9,False,free_agent,4,7670,Joshua Palmer,,0,0.0
2024,1157314766663168000,9,False,free_agent,2,9511,Keaton Mitchell,,0,0.0
2024,1157347121100591104,9,False,free_agent,9,11646,Jalen Coker,,0,0.0
2024,1157380141933248512,9,False,free_agent,9,1339,Zach Ertz,,0,0.0
2024,1157445656408076288,9,False,free_agent,9,PHI,Philadelphia Eagles,,2,32.0
2024,1157818475780362240,9,False,free_agent,4,9228,Bryce Young,,1,16.52
2024,1158547166877560832,9,False,free_agent,9,8254,Julius Chestnut,,0,0.0
2024,1158841711431512064,9,False,free_agent,8,4381,Taysom Hill,,2,23.0
2024,1158857104468471808,9,False,free_agent,8,5854,Drew Lock,,0,0.0
2024,1158892847874174976,9,False,free_agent,9,9495,Rakim Jarrett,,0,0.0
2024,1159545272125497344,9,False,waiver,3,9754,Quentin Johnston,0,0,0.0
2024,1159545673918894080,9,False,waiver,5,4574,Cooper Rush,35,2,11.82
2024,1159616923815403520,9,False,waiver,5,11439,Jaleel McLaughlin,0,0,0.0
2024,1159624826240278528,9,False,waiver,2,11579,Audric Estime,0,0,0.0
2024,1159689167094444032,9,False,waiver,1,ATL,Atlanta Falcons,0,2,-1.0
2024,1159754030596419584,9,False,waiver,12,NYG,New York Giants,5,1,5.0
2024,1159840411960070144,10,False,free_agent,9,4234,Noah Brown,,0,0.0
2024,1159858041869778944,10,False,waiver,7,BUF,Buffalo Bills,1,1,21.0
2024,1159987190605135872,10,False,free_agent,9,4993,Mike Gesicki,,1,7.0
2024,1159990164840628224,10,False,free_agent,4,4068,Mike Williams,,1,0.0
2024,1160031527263125504,10,False,free_agent,4,11589,Trey Benson,,0,0.0
2024,1160333462683897856,10,False,free_agent,11,7527,Mac Jones,,1,5.24
2024,1160728189283450880,10,False,free_agent,9,KC,Kansas City Chiefs,,0,0.0
2024,1161034869045051392,10,False,free_agent,8,SF,San Francisco 49ers,,0,0.0
2024,1161471348993163264,10,False,free_agent,8,6011,Gardner Minshew,,1,17.98
2024,1162059950458503168,10,False,waiver,7,HOU,Houston Texans,15,3,42.0
2024,1162060089323499520,10,False,waiver,7,5248,Gus Edwards,17,0,0.0
2024,1162060227676819456,10,False,waiver,7,5854,Drew Lock,2,0,0.0
2024,1162060258811011072,10,False,waiver,5,LAR,Los Angeles Rams,0,1,11.0
2024,1162132128612712448,10,False,waiver,9,MIA,Miami Dolphins,1,1,6.0
2024,1162155973189083136,10,False,waiver,8,GB,Green Bay Packers,2,1,6.0
2024,1162283122612908032,10,False,waiver,9,1339,Zach Ertz,0,1,18.7
2024,1162414480769269760,11,False,free_agent,9,KC,Kansas City Chiefs,,3,14.0
2024,1162417231976841216,11,False,free_agent,4,11625,Adonai Mitchell,,0,0.0
2024,1162419036639051776,11,False,free_agent,4,4040,JuJu Smith-Schuster,,0,0.0
2024,1162431570150539264,11,False,free_agent,12,CLE,Cleveland Browns,,1,3.0
2024,1162434413842513920,11,False,free_agent,2,7610,Trey Lance,,0,0.0
2024,1162444101552291840,11,False,free_agent,2,TB,Tampa Bay Buccaneers,,1,10.0
2024,1162460015102377984,11,False,free_agent,9,5001,Dalton Schultz,,0,0.0
2024,1162498917947277312,11,False,waiver,10,829,Andy Dalton,7,0,0.0
2024,1162819385787002880,11,False,free_agent,8,5010,Will Dissly,,2,26.7
2024,1163198588181131264,11,False,free_agent,9,827,Tyrod Taylor,,0,0.0
2024,1163259555367727104,11,False,free_agent,8,BUF,Buffalo Bills,,1,-4.0
2024,1163289442677796864,11,False,free_agent,9,6130,Devin Singletary,,0,0.0
2024,1163726106499854336,11,False,free_agent,4,8117,Jalen Tolbert,,0,0.0
2024,1164230937224265728,11,False,free_agent,10,11292,Tommy DeVito,,0,0.0
2024,1164586798899695616,11,False,waiver,1,5995,Justice Hill,0,0,0.0
2024,1164587205516529664,11,False,waiver,5,LV,Las Vegas Raiders,0,1,0.0
2024,1164662368857645056,11,False,waiver,10,SF,San Francisco 49ers,0,3,7.0
2024,1164668265138913280,11,False,waiver,7,10235,Roschon Johnson,4,0,0.0
2024,1164668372878102528,11,False,waiver,7,1689,Adam Thielen,4,0,0.0
2024,1164688544519114752,11,False,waiver,2,5001,Dalton Schultz,0,0,0.0
2024,1164693703286652928,11,False,waiver,8,WAS,Washington Commanders,8,2,13.0
2024,1164786716994117632,11,False,waiver,12,4144,Jonnu Smith,3,1,13.4
2024,1164930675200339968,12,False,free_agent,1,PHI,Philadelphia Eagles,,2,16.0
2024,1164931226906505216,12,False,free_agent,1,11643,Jaylen Wright,,0,0.0
2024,1164969701550817280,12,False,waiver,9,2749,Raheem Mostert,5,0,0.0
2024,1165093934545096704,12,False,free_agent,1,NYG,New York Giants,,1,1.0
2024,1165726312774873088,12,False,free_agent,2,5870,Daniel Jones,,0,0.0
2024,1165796247077236736,12,False,free_agent,6,10871,Luke Schoonmaker,,1,14.5
2024,1165797174601428992,12,False,free_agent,9,2359,Ameer Abdullah,,0,0.0
2024,1165800197365018624,12,False,free_agent,9,11574,Dylan Laube,,0,0.0
2024,1165800657408864256,12,False,free_agent,9,3357,Brandon Allen,,1,8.46
2024,1166461039073030144,12,False,free_agent,2,8117,Jalen Tolbert,,0,0.0
2024,1166461345282387968,12,False,free_agent,2,9484,Tucker Kraft,,1,10.6
2024,1166498588940300288,12,False,free_agent,1,2359,Ameer Abdullah,,1,15.0
2024,1167127645965070336,12,False,waiver,5,SEA,Seattle Seahawks,0,1,16.0
2024,1167140694537093120,12,False,waiver,7,NO,New Orleans Saints,0,1,10.0
2024,1167148438392508416,12,False,waiver,6,4274,David Moore,0,0,0.0
2024,1167189579527557120,12,False,waiver,9,6130,Devin Singletary,0,0,0.0
2024,1167189631344041984,12,False,waiver,9,7567,Kenny Gainwell,0,0,0.0
2024,1167189689741225984,12,False,waiver,9,11435,Emanuel Wilson,0,0,0.0
2024,1167206756578226176,12,False,waiver,8,10866,Aidan O'Connell,20,1,6.76
2024,1167206784206127104,12,False,waiver,8,11834,Devaughn Vele,10,0,0.0
2024,1167289244738756608,12,False,waiver,2,4219,Jeremy McNichols,2,0,0.0
2024,1167382017823150080,12,False,waiver,4,7496,Nick Westbrook-Ikhine,1,1,2.4
2024,1167382775532605440,12,False,waiver,4,6826,Cole Kmet,0,1,5.6
2024,1167521227829792768,13,False,free_agent,12,IND,Indianapolis Colts,,1,8.0
2024,1167522165982351360,13,False,free_agent,9,11647,Kimani Vidal,,0,0.0
2024,1167523069896806400,13,False,free_agent,9,8123,Hassan Haskins,,0,0.0
2024,1167575034383159296,13,False,free_agent,4,5854,Drew Lock,,0,0.0
2024,1167579015243223040,13,False,free_agent,4,DAL,Dallas Cowboys,,1,19.0
2024,1167580381856518144,13,False,free_agent,4,ARI,Arizona Cardinals,,0,0.0
2024,1167601015470804992,13,False,free_agent,4,9486,Dontayvion Wicks,,0,0.0
2024,1167601296975712256,13,False,free_agent,7,5854,Drew Lock,,0,0.0
2024,1167619414951317504,13,False,free_agent,11,5086,Marquez Valdes-Scantling,,1,7.1
2024,1167671162860589056,13,False,free_agent,9,5937,Diontae Johnson,,0,0.0
2024,1167881448800505856,13,False,free_agent,9,5987,Alexander Mattison,,0,0.0
2024,1167889879964061696,13,False,free_agent,4,5995,Justice Hill,,1,4.1
2024,1167934311761448960,13,False,free_agent,4,8123,Hassan Haskins,,0,0.0
2024,1168307065941659648,13,False,free_agent,9,7591,Justin Fields,,0,0.0
2024,1168402883142864896,13,False,free_agent,9,19,Joe Flacco,,0,0.0
2024,1168406700345380864,13,False,free_agent,9,11586,Blake Corum,,0,0.0
2024,1169654988059168768,13,False,waiver,6,TEN,Tennessee Titans,0,1,9.0
2024,1169657200156098560,13,False,waiver,1,NYJ,New York Jets,0,0,0.0
2024,1169657298382458880,13,False,waiver,1,BAL,Baltimore Ravens,0,0,0.0
2024,1169665988321853440,13,False,waiver,5,MIA,Miami Dolphins,0,1,3.0
2024,1169666550228602880,13,False,waiver,7,11651,Isaac Guerendo,66,1,25.8
2024,1169701729152233472,13,False,waiver,2,6963,Patrick Taylor,0,0,0.0
2024,1169731984990670848,13,False,waiver,11,7527,Mac Jones,9,1,5.1
2024,1169747564040790016,13,False,waiver,9,6130,Devin Singletary,0,0,0.0
2024,1169799870845325312,13,False,waiver,7,11559,Michael Penix,0,0,0.0
2024,1169879336506347520,13,False,waiver,8,9484,Tucker Kraft,0,1,13.1
2024,1169880795000049664,13,False,waiver,8,9227,Israel Abanikanda,0,0,0.0
2024,1169906555765030912,13,False,waiver,4,8167,Christian Watson,2,0,0.0
2024,1169906637486821376,13,False,waiver,4,7670,Joshua Palmer,2,0,0.0
2024,1169906926835257344,13,False,waiver,4,7596,Elijah Moore,2,0,0.0
2024,1169908257843109888,13,False,waiver,4,ARI,Arizona Cardinals,1,1,-1.0
2024,1170017929992192000,14,False,free_agent,4,8220,Sincere McCormick,,0,0.0
2024,1170027095615979520,14,False,free_agent,9,9487,Parker Washington,,0,0.0
2024,1170068193394671616,14,False,free_agent,9,7002,Juwan Johnson,,0,0.0
2024,1170084171344379904,14,False,waiver,11,SEA,Seattle Seahawks,0,1,8.0
2024,1170143872455245824,14,False,waiver,9,9486,Dontayvion Wicks,0,1,6.9
2024,1170169724110516224,14,False,waiver,10,5854,Drew Lock,0,1,14.98
2024,1170248841807908864,14,False,free_agent,4,9487,Parker Washington,,0,0.0
2024,1170261232759361536,14,False,waiver,4,11647,Kimani Vidal,3,0,0.0
2024,1170368269245599744,14,False,free_agent,7,ATL,Atlanta Falcons,,0,0.0
2024,1170401562879971328,14,False,free_agent,6,10219,Chris Rodriguez,,0,0.0
2024,1170425531209207808,14,False,free_agent,11,5987,Alexander Mattison,,0,0.0
2024,1170516751264632832,14,False,free_agent,9,6012,Travis Homer,,0,0.0
2024,1170584560707575808,14,False,free_agent,8,8159,Desmond Ridder,,0,0.0
2024,1170801825822396416,14,False,free_agent,8,9754,Quentin Johnston,,0,0.0
2024,1170818907066716160,14,False,free_agent,8,DAL,Dallas Cowboys,,0,0.0
2024,1171017261608456192,14,False,free_agent,4,11571,Isaiah Davis,,0,0.0
2024,1171272170471804928,14,False,free_agent,12,8132,Tyler Allgeier,,1,12.3
2024,1171362800082472960,14,False,free_agent,9,6130,Devin Singletary,,1,0.8
2024,1171525112563240960,14,False,free_agent,9,7600,Pat Freiermuth,,1,13.8
2024,1171527097853153282,14,False,free_agent,9,11586,Blake Corum,,0,0.0
2024,1171577651069452288,14,False,free_agent,8,11834,Devaughn Vele,,0,0.0
2024,1172239864394518528,14,False,waiver,3,GB,Green Bay Packers,5,0,0.0
2024,1172401100150943744,14,False,waiver,12,7588,Javonte Williams,7,0,0.0
2024,1172404119676735488,14,False,waiver,12,DET,Detroit Lions,0,0,0.0
2024,1172461806691106816,14,False,waiver,4,5096,Ray-Ray McCloud,3,0,0.0
2024,1172461827138170880,14,False,waiver,4,9506,Sean Tucker,2,0,0.0
2025,1266234892753051648,1,True,free_agent,11,CIN,Cincinnati Bengals,,1,8.0
2025,1266234949049004032,1,True,free_agent,6,7571,Rashod Bateman,,0,0.0
2025,1266235143002001409,1,True,free_agent,3,8210,Chig Okonkwo,,0,0.0
2025,1266235746914664448,1,True,free_agent,10,2309,Amari Cooper,,0,0.0
2025,1266236387141615616,1,True,free_agent,2,8129,Dameon Pierce,,0,0.0
2025,1266256491258593280,1,True,free_agent,1,3214,Hunter Henry,,0,0.0
2025,1266258161082306560,1,True,free_agent,2,12541,Dont'e Thornton,,0,0.0
2025,1266428973789741056,1,True,free_agent,1,11646,Jalen Coker,,1,5.1
2025,1266611931033120768,1,True,free_agent,8,8110,Jake Ferguson,,0,0.0
2025,1266885993403789312,1,True,free_agent,8,LAR,Los Angeles Rams,,2,19.0
2025,1267109492860915712,1,True,free_agent,1,3214,Hunter Henry,,0,0.0
2025,1268416371071393792,1,True,free_agent,4,1689,Adam Thielen,,0,0.0
2025,1268504411747926016,1,True,free_agent,4,12738,Phil Mafah,,0,0.0
2025,1268504520942428160,1,True,free_agent,4,1689,Adam Thielen,,0,0.0
2025,1268654559178276864,1,True,free_agent,9,10219,Chris Rodriguez,,0,0.0
2025,1268995373821595648,1,False,free_agent,9,SF,San Francisco 49ers,,2,15.0
2025,1269349365546229760,1,False,free_agent,10,12499,Elic Ayomanor,,5,23.5
2025,1269467041224462337,1,False,free_agent,4,10444,Cedric Tillman,,0,0.0
2025,1270457022105518080,1,False,free_agent,12,8210,Chig Okonkwo,,0,0.0
2025,1271094471609569280,1,False,waiver,1,DAL,Dallas Cowboys,1,1,2.0
2025,1271129496220598272,1,False,waiver,9,7527,Mac Jones,2,1,21.76
2025,1271174704543068160,1,False,waiver,6,7002,Juwan Johnson,8,3,30.7
2025,1271229189751599104,1,False,waiver,12,5848,Marquise Brown,35,2,11.7
2025,1271255937000161280,1,False,waiver,6,12471,DJ Giddens,6,0,0.0
2025,1271310150577168384,1,False,waiver,7,12506,Harold Fannin,4,0,0.0
2025,1271338941127090177,1,False,waiver,10,9754,Quentin Johnston,29,8,64.5
2025,1271476994453819392,2,False,free_agent,4,9480,Brenton Strange,,1,4.7
2025,1271744570916364288,2,False,free_agent,4,4144,Jonnu Smith,,0,0.0
2025,1271907439649779712,2,False,free_agent,9,9504,Kayshon Boutte,,0,0.0
2025,1271969551239630848,2,False,free_agent,9,12484,Jayden Higgins,,0,0.0
2025,1271997601108987904,2,False,free_agent,3,GB,Green Bay Packers,,1,9.0
2025,1271999957804515328,2,False,free_agent,11,BAL,Baltimore Ravens,,1,16.0
2025,1272073910992519168,2,False,free_agent,4,4098,Kareem Hunt,,0,0.0
2025,1273311376848224256,2,False,waiver,9,6111,Jake Browning,78,1,5.9
2025,1273365168243359744,2,False,waiver,10,1339,Zach Ertz,16,8,62.9
2025,1273507795546705920,2,False,waiver,9,11627,Troy Franklin,20,0,0.0
2025,1273658750799974400,2,False,waiver,7,ATL,Atlanta Falcons,0,1,2.0
2025,1273713854706122752,2,False,waiver,11,3161,Carson Wentz,19,2,35.94
2025,1273730517715402752,2,False,waiver,1,8121,Romeo Doubs,5,0,0.0
2025,1273756221714735104,2,False,waiver,9,NYJ,New York Jets,0,0,0.0
2025,1273769599095025664,2,False,waiver,8,SEA,Seattle Seahawks,6,3,26.0
2025,1273789364102496256,2,False,waiver,3,8110,Jake Ferguson,5,11,146.4
2025,1274016197368631296,3,False,free_agent,1,IND,Indianapolis Colts,,1,16.0
2025,1274051152538775552,3,False,free_agent,4,12495,Ollie Gordon,,0,0.0
2025,1274063082817064960,3,False,free_agent,9,KC,Kansas City Chiefs,,1,15.0
2025,1274070148264775680,3,False,free_agent,8,827,Tyrod Taylor,,0,0.0
2025,1274071584797102080,3,False,free_agent,8,11610,Malik Washington,,0,0.0
2025,1274072459640836096,3,False,free_agent,7,827,Tyrod Taylor,,0,0.0
2025,1274072564636860416,3,False,free_agent,2,WAS,Washington Commanders,,2,15.0
2025,1274073876757753856,3,False,waiver,8,8676,Rashid Shaheed,15,2,24.2
2025,1274098617350647809,3,False,free_agent,4,10222,Jayden Reed,,0,0.0
2025,1274100303842533376,3,False,free_agent,4,12524,Shedeur Sanders,,0,0.0
2025,1274102974024515584,3,False,waiver,9,12471,DJ Giddens,0,0,0.0
2025,1274383786167005184,3,False,free_agent,11,TB,Tampa Bay Buccaneers,,1,16.0
2025,1274435590577729536,3,False,free_agent,3,7567,Kenny Gainwell,,5,38.9
2025,1274508498645823488,3,False,free_agent,4,12534,Kyle Monangai,,0,0.0
2025,1274508766913531904,3,False,waiver,2,4098,Kareem Hunt,16,4,43.3
2025,1274848113198104576,3,False,free_agent,4,2307,Marcus Mariota,,1,20.28
2025,1274987093692534784,3,False,free_agent,4,1426,DeAndre Hopkins,,0,0.0
2025,1275249862010507264,3,False,free_agent,2,12469,Dylan Sampson,,0,0.0
2025,1275529155458379776,3,False,free_agent,9,4033,David Njoku,,0,0.0
2025,1275900519734345728,3,False,waiver,2,8188,Tyquan Thornton,9,0,0.0
2025,1276200996967571456,3,False,waiver,7,DET,Detroit Lions,0,2,29.0
2025,1276224060082126848,3,False,waiver,9,NYJ,New York Jets,0,0,0.0
2025,1276234089812213760,3,False,waiver,9,12455,Brashard Smith,0,0,0.0
2025,1276238427649507328,3,False,waiver,5,10213,Tre Tucker,60,3,27.1
2025,1276354380764827648,3,False,waiver,12,11192,Malik Flowers,0,0,0.0
2025,1276373260971298816,3,False,waiver,1,HOU,Houston Texans,7,1,15.0
2025,1276532619240046592,4,False,free_agent,9,3214,Hunter Henry,,0,0.0
2025,1276567232545038336,4,False,free_agent,11,SF,San Francisco 49ers,,2,8.0
2025,1276598785308372992,4,False,free_agent,2,10219,Chris Rodriguez,,1,5.9
2025,1276599223462158336,4,False,waiver,9,NE,New England Patriots,0,1,13.0
2025,1276608915194253312,4,False,free_agent,3,5012,Mark Andrews,,0,0.0
2025,1276609030894161920,4,False,free_agent,3,6130,Devin Singletary,,0,0.0
2025,1276628337808134144,4,False,free_agent,4,12474,Woody Marks,,0,0.0
2025,1276628752440258560,4,False,free_agent,4,9480,Brenton Strange,,2,13.7
2025,1276694048161140736,4,False,free_agent,9,8917,KaVontae Turpin,,0,0.0
2025,1277177028419813376,4,False,waiver,9,12506,Harold Fannin,0,0,0.0
2025,1277690834656989184,4,False,free_agent,3,7021,Rico Dowdle,,1,3.5
2025,1277693677094854656,4,False,free_agent,7,8121,Romeo Doubs,,4,34.1
2025,1278019823099453440,4,False,free_agent,4,1166,Kirk Cousins,,0,0.0
2025,1278576081602899968,4,False,waiver,2,5012,Mark Andrews,26,0,0.0
2025,1278590667798351872,4,False,waiver,9,KC,Kansas City Chiefs,0,0,0.0
2025,1278613536586629120,4,False,waiver,9,9757,Kendre Miller,0,0,0.0
2025,1278687148131753984,4,False,waiver,5,2505,Darren Waller,12,2,9.2
2025,1278736546018648064,4,False,waiver,7,5022,Dallas Goedert,4,7,54.9
2025,1278751047766003712,4,False,waiver,12,11610,Malik Washington,10,0,0.0
2025,1278775731568001024,4,False,waiver,4,CLE,Cleveland Browns,4,1,7.0
2025,1278782089432428544,4,False,waiver,3,5995,Justice Hill,5,1,1.7
2025,1278787539066425344,4,False,waiver,2,6149,Darius Slayton,31,0,0.0
2025,1278850037106900992,4,False,waiver,3,4574,Cooper Rush,15,2,0.04
2025,1278850163024093184,4,False,waiver,3,11299,Zavier Scott,2,1,-0.2
2025,1278850613857255424,4,False,waiver,8,12503,Isaiah Bond,0,0,0.0
2025,1278865410627756032,4,False,waiver,11,12486,Dillon Gabriel,24,2,28.92
2025,1278959537944031232,4,False,waiver,1,ARI,Arizona Cardinals,4,1,7.0
2025,1279012991412477952,5,False,free_agent,12,DAL,Dallas Cowboys,,0,0.0
2025,1279013024157437952,5,False,free_agent,12,NYG,New York Giants,,1,1.0
2025,1279079304432467968,5,False,free_agent,2,IND,Indianapolis Colts,,2,23.0
2025,1279108320061313024,5,False,free_agent,9,7527,Mac Jones,,0,0.0
2025,1279113045561323520,5,False,free_agent,4,12524,Shedeur Sanders,,0,0.0
2025,1279130407995973632,5,False,free_agent,1,9506,Sean Tucker,,0,0.0
2025,1279156378316845057,5,False,free_agent,9,11199,Emari Demercado,,0,0.0
2025,1279158008676384768,5,False,free_agent,9,7527,Mac Jones,,2,33.36
2025,1279271876245327872,5,False,free_agent,12,7607,Michael Carter,,1,7.4
2025,1279463536128438272,5,False,waiver,9,12471,DJ Giddens,0,0,0.0
2025,1279500474281623552,5,False,free_agent,4,1166,Kirk Cousins,,0,0.0
2025,1279563190153261056,5,False,free_agent,9,7021,Rico Dowdle,,2,62.8
2025,1279613044896321536,5,False,free_agent,4,10219,Chris Rodriguez,,0,0.0
2025,1279814538148986880,5,False,free_agent,9,HOU,Houston Texans,,1,11.0
2025,1279877605507469312,5,False,free_agent,8,12506,Harold Fannin,,2,33.8
2025,1279881892870500352,5,False,free_agent,10,11571,Isaiah Davis,,1,4.8
2025,1279891318520156160,5,False,free_agent,2,4381,Taysom Hill,,1,0.66
2025,1281039246127284224,5,False,waiver,3,8123,Hassan Haskins,20,1,2.8
2025,1281072685543067648,5,False,waiver,1,12498,Mason Taylor,30,2,20.5
2025,1281106304349278208,5,False,waiver,1,NE,New England Patriots,3,5,47.0
2025,1281260317514424320,5,False,waiver,7,GB,Green Bay Packers,1,2,12.0
2025,1281264639971196928,5,False,waiver,2,11647,Kimani Vidal,10,6,68.5
2025,1281299907851862016,5,False,waiver,9,BUF,Buffalo Bills,0,1,5.0
2025,1281432235639054336,5,False,waiver,12,4033,David Njoku,5,1,5.8
2025,1281440921925197824,5,False,waiver,6,19,Joe Flacco,59,4,74.5
2025,1281507273700560896,5,False,waiver,4,11603,AJ Barner,13,2,1.9
2025,1281507377069191168,5,False,waiver,4,12495,Ollie Gordon,2,0,0.0
2025,1281507404843851776,5,False,waiver,4,12534,Kyle Monangai,2,0,0.0
2025,1281507459894083584,5,False,waiver,4,12543,Tahj Brooks,0,0,0.0
2025,1281582500073725952,6,False,free_agent,5,4454,Kendrick Bourne,,2,19.1
2025,1281664792280465408,6,False,free_agent,11,LAR,Los Angeles Rams,,1,21.0
2025,1281740167668846593,6,False,free_agent,5,LV,Las Vegas Raiders,,1,16.0
2025,1281740998229102592,6,False,free_agent,8,JAX,Jacksonville Jaguars,,1,2.0
2025,1281913037195870208,6,False,free_agent,12,TB,Tampa Bay Buccaneers,,1,13.0
2025,1282511790600638464,6,False,free_agent,9,8131,Isaiah Likely,,0,0.0
2025,1282726732926844928,6,False,free_agent,2,11199,Emari Demercado,,0,0.0
2025,1282953156409454592,6,False,free_agent,9,11586,Blake Corum,,0,0.0
2025,1283124773726978048,6,False,free_agent,5,8122,Zonovan Knight,,7,61.3
2025,1283128438265233408,6,False,free_agent,12,3257,Jacoby Brissett,,1,20.7
2025,1283240757976645632,6,False,free_agent,2,6826,Cole Kmet,,1,1.0
2025,1283817701776580608,6,False,waiver,11,KC,Kansas City Chiefs,0,1,14.0
2025,1283855926243102720,6,False,waiver,2,9482,Michael Mayer,0,1,2.0
2025,1283911193588695040,6,False,waiver,9,12493,Oronde Gadsden,0,6,63.9
2025,1283968708997312512,6,False,waiver,12,CLE,Cleveland Browns,0,6,62.0
2025,1284041803900682240,6,False,waiver,9,8111,Cade Otton,0,0,0.0
2025,1284144379677655040,7,False,free_agent,2,SEA,Seattle Seahawks,,1,12.0
2025,1284148704458059776,7,False,free_agent,9,HOU,Houston Texans,,1,18.0
2025,1284224992443142144,7,False,free_agent,1,12485,Tez Johnson,,0,0.0
2025,1284238891682922496,7,False,free_agent,11,3200,Sterling Shepard,,1,4.0
2025,1284240258510102528,7,False,waiver,6,9508,Tyjae Spears,4,1,15.7
2025,1284368987567722496,7,False,waiver,8,LAR,Los Angeles Rams,3,6,66.0
2025,1284412880619315200,7,False,free_agent,4,11994,Kameron Johnson,,0,0.0
2025,1284415521667706880,7,False,free_agent,4,5938,Lil'Jordan Humphrey,,0,0.0
2025,1284958291645976576,7,False,free_agent,9,11623,Jordan Whittington,,0,0.0
2025,1284961873757765632,7,False,free_agent,9,12503,Isaiah Bond,,0,0.0
2025,1284983132432404480,7,False,free_agent,7,12457,Jaydon Blue,,0,0.0
2025,1284997105328332800,7,False,free_agent,12,11623,Jordan Whittington,,0,0.0
2025,1285019353367990272,7,False,free_agent,9,7527,Mac Jones,,1,5.18
2025,1285401530521915392,7,False,free_agent,12,11650,Luke McCaffrey,,1,0.0
2025,1285647489721974784,7,False,free_agent,3,11435,Emanuel Wilson,,0,0.0
2025,1285656228323655680,7,False,free_agent,9,12641,Jaylin Lane,,0,0.0
2025,1285656804671361024,7,False,free_agent,9,12495,Ollie Gordon,,0,0.0
2025,1285825086728708096,7,False,free_agent,8,9506,Sean Tucker,,0,0.0
2025,1286192962098704385,7,False,waiver,9,12540,Chimere Dike,0,0,0.0
2025,1286245032369610752,7,False,waiver,9,11575,Ray Davis,0,0,0.0
2025,1286334887669796864,7,False,waiver,1,12534,Kyle Monangai,37,4,42.7
2025,1286371853002100736,7,False,waiver,7,2307,Marcus Mariota,16,0,0.0
2025,1286380531432304640,7,False,waiver,8,IND,Indianapolis Colts,8,2,14.0
2025,1286415712822243329,7,False,waiver,12,8111,Cade Otton,15,5,37.8
2025,1286417378816581632,7,False,waiver,12,8676,Rashid Shaheed,2,3,23.2
2025,1286517189003730944,7,False,waiver,3,12455,Brashard Smith,7,0,0.0
2025,1286548730161414144,7,False,waiver,1,827,Tyrod Taylor,27,0,0.0
2025,1286661618515603456,8,False,waiver,5,12485,Tez Johnson,3,6,37.9
2025,1286666701806505984,8,False,free_agent,9,ATL,Atlanta Falcons,,1,1.0
2025,1286674906209091584,8,False,free_agent,7,829,Andy Dalton,,0,0.0
2025,1286675736484151296,8,False,free_agent,7,TB,Tampa Bay Buccaneers,,1,28.0
2025,1286805943048241152,8,False,free_agent,11,BUF,Buffalo Bills,,1,17.0
2025,1286806444221407232,8,False,waiver,2,HOU,Houston Texans,0,6,54.0
2025,1287008105904746496,8,False,free_agent,9,7002,Juwan Johnson,,1,10.3
2025,1287009759395872768,8,False,free_agent,9,12503,Isaiah Bond,,0,0.0
2025,1287119901068107776,8,False,free_agent,9,11571,Isaiah Davis,,0,0.0
2025,1287154349415342080,8,False,free_agent,9,7527,Mac Jones,,0,0.0
2025,1287249302002892800,8,False,free_agent,12,5001,Dalton Schultz,,1,4.4
2025,1287575262426304512,8,False,free_agent,9,12484,Jayden Higgins,,0,0.0
2025,1287798492617515008,8,False,free_agent,9,1166,Kirk Cousins,,1,7.12
2025,1287818988713172992,8,False,free_agent,9,7090,Darnell Mooney,,1,1.6
2025,1287826262059917312,8,False,free_agent,1,11571,Isaiah Davis,,1,15.4
2025,1287970241321656320,8,False,free_agent,3,7083,Tyler Huntley,,1,16.74
2025,1288840723407314944,8,False,waiver,7,GB,Green Bay Packers,1,1,4.0
2025,1288849110845100032,8,False,waiver,9,7527,Mac Jones,0,1,15.8
2025,1288895296503312384,8,False,waiver,11,DET,Detroit Lions,1,2,9.0
2025,1288953407121416192,8,False,waiver,11,9504,Kayshon Boutte,6,1,0.0
2025,1288986836584120320,8,False,waiver,12,JAX,Jacksonville Jaguars,0,1,4.0
2025,1289031155202420736,8,False,waiver,12,4988,Nick Chubb,0,1,3.4
2025,1289064213213356032,8,False,waiver,2,4981,Calvin Ridley,1,0,0.0
2025,1289101677059649536,8,False,waiver,5,12545,Tyler Shough,5,1,7.92
2025,1289209392763269120,9,False,free_agent,9,SEA,Seattle Seahawks,,0,0.0
2025,1289253006319046656,9,False,free_agent,11,6130,Devin Singletary,,1,4.7
2025,1289253656981405696,9,False,free_agent,11,8167,Christian Watson,,3,46.6
2025,1289268644773113856,9,False,free_agent,10,9225,Tank Bigsby,,0,0.0
2025,1289328999440338944,9,False,free_agent,9,6111,Jake Browning,,0,0.0
2025,1289581525397934080,9,False,free_agent,7,12469,Dylan Sampson,,0,0.0
2025,1289740146635182080,9,False,free_agent,10,SF,San Francisco 49ers,,1,2.0
2025,1289812405982875648,9,False,free_agent,4,11435,Emanuel Wilson,,1,2.2
2025,1289812925225144320,9,False,free_agent,4,4147,Samaje Perine,,0,0.0
2025,1289813486515294208,9,False,free_agent,4,7090,Darnell Mooney,,0,0.0
2025,1289813983473176576,9,False,free_agent,4,7002,Juwan Johnson,,4,48.0
2025,1289815513580441600,9,False,free_agent,4,9500,Josh Downs,,1,12.7
2025,1289816295369351168,9,False,free_agent,4,TB,Tampa Bay Buccaneers,,0,0.0
2025,1289816389346947072,9,False,free_agent,4,4033,David Njoku,,0,0.0
2025,1289816730213838848,9,False,free_agent,4,CHI,Chicago Bears,,1,5.0
2025,1289817832179142656,9,False,free_agent,4,11597,Theo Johnson,,3,23.2
2025,1290058000060420096,9,False,waiver,9,PIT,Pittsburgh Steelers,0,6,64.0
2025,1290060180725207040,9,False,free_agent,7,4147,Samaje Perine,,0,0.0
2025,1290074265453875200,9,False,waiver,2,12522,Cam Ward,1,0,0.0
2025,1290190872784158721,9,False,free_agent,9,12521,Elijah Arroyo,,0,0.0
2025,1290445218977452032,9,False,free_agent,9,3257,Jacoby Brissett,,1,24.84
2025,1290511541472337920,9,False,free_agent,4,7607,Michael Carter,,1,0.0
2025,1290753401805639680,9,False,free_agent,9,12521,Elijah Arroyo,,0,0.0
2025,1290754896886255616,9,False,free_agent,9,9229,Anthony Richardson,,0,0.0
2025,1290788486500085761,9,False,free_agent,7,BUF,Buffalo Bills,,1,3.0
2025,1291434128792616960,9,False,waiver,7,12517,Colston Loveland,16,0,0.0
2025,1291439658558853120,9,False,waiver,3,5844,T.J. Hockenson,5,0,0.0
2025,1291440372823658496,9,False,waiver,10,9487,Parker Washington,16,3,35.0
2025,1291443671526281216,9,False,waiver,4,SEA,Seattle Seahawks,4,5,84.0
2025,1291497153344077824,9,False,waiver,10,8142,Alec Pierce,17,4,45.8
2025,1291536004565434368,9,False,waiver,8,2307,Marcus Mariota,56,2,38.68
2025,1291658716118007808,9,False,waiver,1,BAL,Baltimore Ravens,0,2,25.0
2025,1291709389811503105,10,False,free_agent,4,11199,Emari Demercado,,1,11.9
2025,1291709439744684032,10,False,free_agent,4,11586,Blake Corum,,0,0.0
2025,1291711045961789440,10,False,free_agent,4,10219,Chris Rodriguez,,1,9.0
2025,1291801247006859264,10,False,free_agent,9,8205,Isiah Pacheco,,0,0.0
2025,1291890203115413504,10,False,free_agent,4,6039,Ty Johnson,,0,0.0
2025,1291891228429803520,10,False,free_agent,2,11586,Blake Corum,,0,0.0
2025,1291891604449165312,10,False,waiver,9,12522,Cam Ward,0,0,0.0
2025,1291947247805685760,10,False,free_agent,9,6783,Jerry Jeudy,,0,0.0
2025,1292071633489506304,10,False,free_agent,12,7585,Davis Mills,,2,42.2
2025,1292257397204582400,10,False,waiver,2,7527,Mac Jones,0,1,23.06
2025,1292492961535234048,10,False,free_agent,9,12540,Chimere Dike,,0,0.0
2025,1292540166656774144,10,False,free_agent,7,11571,Isaiah Davis,,0,0.0
2025,1292640739217408000,10,False,free_agent,4,12504,Kaleb Johnson,,0,0.0
2025,1294000692360392704,10,False,waiver,11,GB,Green Bay Packers,2,3,31.0
2025,1294079704759816192,10,False,waiver,12,ATL,Atlanta Falcons,7,1,6.0
2025,1294114256937029632,10,False,waiver,6,6783,Jerry Jeudy,1,0,0.0
2025,1294156668375937024,10,False,waiver,9,9480,Brenton Strange,0,0,0.0
2025,1294246772171874304,11,False,free_agent,4,9506,Sean Tucker,,1,5.1
2025,1294248102714183680,11,False,free_agent,4,12499,Elic Ayomanor,,0,0.0
2025,1294248785924337664,11,False,free_agent,4,12519,Luther Burden,,0,0.0
2025,1294307851149275136,11,False,free_agent,9,5001,Dalton Schultz,,0,0.0
2025,1294308521285791744,11,False,free_agent,7,KC,Kansas City Chiefs,,1,2.0
2025,1294326485087195136,11,False,free_agent,6,2306,Jameis Winston,,0,0.0
2025,1294331796141395968,11,False,free_agent,5,TB,Tampa Bay Buccaneers,,1,3.0
2025,1294797203935612928,11,False,free_agent,7,11586,Blake Corum,,0,0.0
2025,1295275375496003584,11,False,free_agent,4,6783,Jerry Jeudy,,0,0.0
2025,1295432620963827712,11,False,free_agent,9,12455,Brashard Smith,,0,0.0
2025,1296344056686731264,11,False,waiver,1,10232,Michael Wilson,12,2,36.8
2025,1296500561713057792,11,False,waiver,9,12504,Kaleb Johnson,0,0,0.0
2025,1296500736120619008,11,False,waiver,9,4033,David Njoku,0,0,0.0
2025,1296501536393789440,11,False,waiver,7,SF,San Francisco 49ers,0,0,0.0
2025,1296502654192594944,11,False,waiver,7,827,Tyrod Taylor,31,2,11.02
2025,1296503257975230464,11,False,waiver,11,1166,Kirk Cousins,27,1,14.46
2025,1296651359751245824,11,False,waiver,9,7090,Darnell Mooney,0,1,14.9
2025,1296665384836923392,11,False,waiver,12,8205,Isiah Pacheco,1,0,0.0
2025,1296685075613614080,11,False,waiver,3,11435,Emanuel Wilson,10,1,25.5
2025,1296783020417646592,12,False,waiver,2,5849,Kyler Murray,0,0,0.0
2025,1296785951481135104,12,False,free_agent,2,DET,Detroit Lions,,1,5.0
2025,1296804826079834112,12,False,free_agent,9,11377,Tyrell Shavers,,0,0.0
2025,1296804945277751296,12,False,free_agent,9,12524,Shedeur Sanders,,0,0.0
2025,1296830628209111040,12,False,free_agent,7,4972,Mason Rudolph,,0,0.0
2025,1296839302394683392,12,False,free_agent,3,BUF,Buffalo Bills,,1,6.0
2025,1296839528668995584,12,False,free_agent,4,10226,Andrei Iosivas,,1,8.6
2025,1296839616598409216,12,False,free_agent,1,12484,Jayden Higgins,,0,0.0
2025,1296859636082671616,12,False,free_agent,4,7607,Michael Carter,,0,0.0
2025,1296862874500599808,12,False,free_agent,4,10444,Cedric Tillman,,0,0.0
2025,1297342384790605824,12,False,free_agent,12,11571,Isaiah Davis,,0,0.0
2025,1297355430686650368,12,False,free_agent,4,5970,Greg Dortch,,0,0.0
2025,1297607703308279808,12,False,free_agent,6,JAX,Jacksonville Jaguars,,2,27.0
2025,1297675414486917120,12,False,free_agent,12,5947,Jakobi Meyers,,1,12.8
2025,1297764300294729728,12,False,free_agent,6,9480,Brenton Strange,,1,13.5
2025,1297773766939521025,12,False,free_agent,1,3214,Hunter Henry,,1,24.5
2025,1297777619697176576,12,False,free_agent,8,9479,Darnell Washington,,0,0.0
2025,1298059943403884544,12,False,free_agent,7,LV,Las Vegas Raiders,,1,5.0
2025,1298351919135211520,12,False,free_agent,5,NO,New Orleans Saints,,2,18.0
2025,1298379279163224064,12,False,free_agent,1,12519,Luther Burden,,0,0.0
2025,1298402179312287744,12,False,free_agent,10,11626,Xavier Legette,,2,4.3
2025,1298992974184579072,12,False,waiver,5,8147,John Metchie,6,0,0.0
2025,1299050561110290432,12,False,waiver,7,SF,San Francisco 49ers,2,1,15.0
2025,1299085039992045568,12,False,waiver,2,11586,Blake Corum,0,0,0.0
2025,1299094639063625728,12,False,waiver,8,4983,DJ Moore,4,0,0.0
2025,1299107234365607936,12,False,waiver,9,8408,Jordan Mason,0,0,0.0
2025,1299253642984947712,12,False,waiver,11,12476,Devin Neal,14,1,14.9
2025,1299329491872542720,13,False,free_agent,1,MIA,Miami Dolphins,,1,10.0
2025,1299469590643884032,13,False,free_agent,4,2152,Teddy Bridgewater,,0,0.0
2025,1299470958972669952,13,False,free_agent,4,12469,Dylan Sampson,,0,0.0
2025,1299474810572673024,13,False,free_agent,4,12540,Chimere Dike,,1,-0.6
2025,1299544837439094784,13,False,free_agent,4,12775,Max Brosmer,,0,0.0
2025,1299578643420291072,13,False,free_agent,7,9225,Tank Bigsby,,0,0.0
2025,1299824406339538944,13,False,free_agent,9,9229,Anthony Richardson,,0,0.0
2025,1300131584006946816,13,False,waiver,9,8408,Jordan Mason,0,0,0.0
2025,1300230160062095360,13,False,free_agent,1,TB,Tampa Bay Buccaneers,,0,0.0
2025,1300665628167778304,13,False,free_agent,8,11603,AJ Barner,,0,0.0
2025,1300831126507520000,13,False,free_agent,4,12470,Riley Leonard,,0,0.0
2025,1300969730164682752,13,False,free_agent,4,4177,Mack Hollins,,0,0.0
2025,1301527314093322240,13,False,waiver,5,12545,Tyler Shough,14,1,21.26
2025,1301550999827156992,13,False,waiver,1,KC,Kansas City Chiefs,2,1,4.0
2025,1301597221350813696,13,False,waiver,7,11625,Adonai Mitchell,9,1,2.9
2025,1301708705804320768,13,False,waiver,11,4983,DJ Moore,7,0,0.0
2025,1301709105043353600,13,False,waiver,11,WAS,Washington Commanders,0,1,3.0
2025,1301752896307605504,13,False,waiver,6,DET,Detroit Lions,2,0,0.0
2025,1301856342218113024,14,False,free_agent,4,12535,Isaac TeSlaa,,1,9.0
2025,1301857739974131712,14,False,free_agent,4,5967,Tony Pollard,,0,0.0
2025,1301857849726476288,14,False,free_agent,4,5001,Dalton Schultz,,0,0.0
2025,1301857954177249281,14,False,free_agent,4,DAL,Dallas Cowboys,,0,0.0
2025,1301858104459141120,14,False,free_agent,4,331,Philip Rivers,,0,0.0
2025,1301858433867206656,14,False,free_agent,4,7610,Trey Lance,,0,0.0
2025,1301900726326292480,14,False,free_agent,7,BAL,Baltimore Ravens,,1,0.0
2025,1301907880559009792,14,False,free_agent,1,CHI,Chicago Bears,,0,0.0
2025,1301981677702098944,14,False,waiver,5,TB,Tampa Bay Buccaneers,0,1,6.0
2025,1302439259155746816,14,False,free_agent,9,9506,Sean Tucker,,0,0.0
2025,1302466026415362048,14,False,free_agent,8,8121,Romeo Doubs,,1,0.0
2025,1302466811979128832,14,False,free_agent,8,11834,Devaughn Vele,,0,0.0
2025,1302512150765387776,14,False,free_agent,5,2505,Darren Waller,,1,2.7
2025,1302690603611480064,14,False,free_agent,7,SF,San Francisco 49ers,,0,0.0
2025,1302757867891195904,14,False,free_agent,9,9511,Keaton Mitchell,,0,0.0
2025,1302819206403723264,14,False,free_agent,9,12498,Mason Taylor,,1,10.1
2025,1302875136352854016,14,False,free_agent,1,12519,Luther Burden,,0,0.0
2025,1304085475459362816,14,False,waiver,5,6783,Jerry Jeudy,0,0,0.0
2025,1304085675498287104,14,False,waiver,1,11643,Jaylen Wright,0,0,0.0
2026,1398150817663430656,1,True,free_agent,11,9508,Tyjae Spears,,0,0.0
2026,1398390455154040832,1,True,free_agent,10,13602,Jack Strand,,0,0.0
2026,1398492036553793536,1,True,waiver,10,13293,Ja'Kobi Lane,0,0,0.0
2026,1399921462244057088,1,True,free_agent,5,13285,Malachi Fields,,0,0.0
2026,1399932551233044480,1,True,free_agent,6,11834,Devaughn Vele,,0,0.0
2026,1400549575512604672,1,True,free_agent,11,DET,Detroit Lions,,4,17.0
2026,1400615716041846784,1,True,free_agent,6,4017,Deshaun Watson,,0,0.0
2026,1400870860344029184,1,True,free_agent,9,3321,Tyreek Hill,,0,0.0
2026,1400921986397388800,1,True,free_agent,9,8180,Jalen Nailor,,0,0.0
2026,1400988792944398336,1,True,free_agent,2,9504,Kayshon Boutte,,0,0.0
2026,1401075001737654272,1,True,free_agent,6,8800,Malik Davis,,0,0.0
2026,1401081217473867776,1,True,free_agent,4,11370,Chris Brooks,,0,0.0
2026,1401298123506081792,1,True,free_agent,2,GB,Green Bay Packers,,4,14.0
2026,1401298580794253312,1,True,waiver,9,13413,Cyrus Allen,10,0,0.0
2026,1402767641428369408,1,True,free_agent,9,8180,Jalen Nailor,,0,0.0
2026,1403161310425845760,1,True,free_agent,8,KC,Kansas City Chiefs,,4,30.0
2026,1403161341065228288,1,True,free_agent,8,12185,Spencer Shrader,,4,53.0
2026,1403161643487096832,1,True,waiver,9,8210,Chig Okonkwo,10,0,0.0
2026,1403504053555666944,1,False,free_agent,1,9482,Michael Mayer,,0,0.0
2026,1403812209926103040,1,False,free_agent,7,10235,Roschon Johnson,,0,0.0
2026,1403964166586339328,1,False,free_agent,2,6083,Matt Gay,,4,46.0
2026,1404196407719563264,1,False,free_agent,3,4574,Cooper Rush,,0,0.0
2026,1404201667162820608,1,False,free_agent,6,13311,Chris Bell,,0,0.0
2026,1404416485572546560,1,False,free_agent,4,12483,Jack Bech,,0,0.0
2026,1404456779055722496,1,False,waiver,6,13305,Mike Washington,3,0,0.0
2026,1404848528261484544,1,False,free_agent,1,12711,Tyler Loop,,4,40.0
2026,1405560116161302528,1,False,waiver,6,12492,Pat Bryant,6,0,0.0
2026,1405560235841622016,1,False,waiver,6,4454,Kendrick Bourne,3,0,0.0
2026,1405629730715103232,1,False,waiver,10,3161,Carson Wentz,19,0,0.0
2026,1405704851945484288,1,False,waiver,4,13545,Trey Smack,2,2,10.0
2026,1405705548183175168,1,False,waiver,4,CAR,Carolina Panthers,0,0,0.0
2026,1405729002173284352,1,False,waiver,3,11834,Devaughn Vele,10,0,0.0
2026,1405729120280690688,1,False,waiver,3,6130,Devin Singletary,10,0,0.0
2026,1405757830086049792,1,False,waiver,4,12048,George Holani,0,0,0.0
2026,1405758472154345472,1,False,waiver,1,SF,San Francisco 49ers,2,2,10.0
2026,1405762701526921216,1,False,waiver,8,5854,Drew Lock,18,0,0.0
2026,1405763792834478080,1,False,waiver,1,13337,Emmett Johnson,6,0,0.0
2026,1405782384242069504,1,False,waiver,2,8134,Khalil Shakir,1,1,5.3
2026,1405850676210208768,2,False,free_agent,4,TB,Tampa Bay Buccaneers,,1,3.0
2026,1406188122798116864,2,False,free_agent,4,6931,DeeJay Dallas,,0,0.0
2026,1406269425572737024,2,False,free_agent,2,3321,Tyreek Hill,,0,0.0
2026,1406277099915935754,2,False,waiver,7,1373,Geno Smith,1,1,15.58
2026,1406364915131858944,2,False,free_agent,6,5012,Mark Andrews,,2,16.3
2026,1406517301188063232,2,False,free_agent,2,13301,Antonio Williams,,0,0.0
2026,1406769447921868800,2,False,free_agent,9,CAR,Carolina Panthers,,2,31.0
2026,1406769544067870720,2,False,free_agent,7,NYG,New York Giants,,0,0.0
2026,1406902385816752128,2,False,free_agent,4,9504,Kayshon Boutte,,0,0.0
2026,1407433253249384448,2,False,free_agent,3,9482,Michael Mayer,,0,0.0
2026,1407905411629137920,2,False,free_agent,7,6865,Colby Parkinson,,0,0.0
2026,1408082468921225216,2,False,waiver,3,2307,Marcus Mariota,40,2,25.76
2026,1408088302971588608,2,False,waiver,2,11625,Adonai Mitchell,5,0,0.0
2026,1408088371074551808,2,False,waiver,2,7571,Rashod Bateman,5,0,0.0
2026,1408099848380506112,2,False,waiver,5,13346,Denzel Boston,25,2,18.0
2026,1408110593558294528,2,False,waiver,7,11435,Emanuel Wilson,11,0,0.0
2026,1408113529873080320,2,False,waiver,7,12504,Kaleb Johnson,6,0,0.0
2026,1408123640238579712,2,False,waiver,5,CIN,Cincinnati Bengals,10,2,7.0
2026,1408123880744198144,2,False,waiver,5,5001,Dalton Schultz,7,1,6.0
2026,1408212166472892416,2,False,waiver,10,1166,Kirk Cousins,18,1,22.22
2026,1408223075186585600,2,False,waiver,8,9480,Brenton Strange,2,0,0.0
2026,1408310616531255296,2,False,waiver,1,12493,Oronde Gadsden,22,1,0.0
2026,1408375086385262592,2,False,waiver,4,2306,Jameis Winston,56,1,18.0
2026,1408376112253276160,2,False,waiver,4,9225,Tank Bigsby,0,0,0.0
2026,1408376629402566656,2,False,waiver,4,8188,Tyquan Thornton,0,0,0.0
2026,1408377422432231424,2,False,waiver,4,NYG,New York Giants,0,0,0.0
2026,1408396725986549760,3,False,free_agent,4,12487,Terrance Ferguson,,0,0.0
2026,1408397994545397760,3,False,free_agent,4,11637,Keon Coleman,,0,0.0
2026,1408573863347920896,3,False,free_agent,4,4663,Austin Ekeler,,0,0.0
2026,1408781491185385472,3,False,free_agent,5,4017,Deshaun Watson,,1,12.92
2026,1408863834042634240,3,False,free_agent,4,9511,Keaton Mitchell,,0,0.0
2026,1408938875967094784,3,False,free_agent,4,PHI,Philadelphia Eagles,,1,1.0
2026,1409068159893282816,3,False,free_agent,4,13288,Nicholas Singleton,,0,0.0
2026,1409315501636628480,3,False,free_agent,1,7600,Pat Freiermuth,,0,0.0
2026,1409347771374272512,3,False,free_agent,7,NYG,New York Giants,,1,9.0
2026,1409373952882536448,3,False,free_agent,7,11624,Xavier Worthy,,1,3.0
2026,1409959708386705408,3,False,free_agent,3,11256,Tyson Bagent,,0,0.0
2026,1410112383371825152,3,False,free_agent,9,3321,Tyreek Hill,,0,0.0
2026,1410483490914365440,3,False,waiver,10,6650,Chase McLaughlin,0,1,2.0
2026,1410564954918039552,3,False,waiver,9,11643,Jaylen Wright,51,0,0.0
2026,1410623164806864896,3,False,waiver,1,11603,AJ Barner,0,0,0.0
2026,1410643646901915648,3,False,waiver,7,11576,Braelon Allen,31,1,7.7
2026,1410643697082675200,3,False,waiver,7,3634,Kalif Raymond,6,1,1.6
2026,1410643748076941312,3,False,waiver,7,13311,Chris Bell,1,0,0.0
2026,1410644050029121536,3,False,waiver,7,CLE,Cleveland Browns,0,1,9.0
2026,1410702268709273600,3,False,waiver,3,12495,Ollie Gordon,40,1,17.0
2026,1410717459148767232,3,False,waiver,8,9757,Kendre Miller,0,0,0.0
2026,1410847711342645248,3,False,waiver,12,1479,Keenan Allen,5,0,0.0
2026,1410847786361962496,3,False,waiver,6,12718,Konata Mumpfield,5,0,0.0
2026,1410855932312756224,3,False,waiver,1,BAL,Baltimore Ravens,2,1,7.0
2026,1410872139048919040,3,False,waiver,4,12472,Raheim Sanders,0,0,0.0
2026,1410872352710930432,3,False,waiver,4,11792,Will Reichard,6,1,19.0
2026,1410873955723546624,3,False,waiver,4,11565,J.J. McCarthy,3,0,0.0
2026,1410874300298203136,3,False,waiver,12,PIT,Pittsburgh Steelers,5,0,0.0
2026,1410877579979657216,3,False,waiver,4,LV,Las Vegas Raiders,4,1,2.0
2026,1410928755576156160,4,False,free_agent,4,11435,Emanuel Wilson,,0,0.0
2026,1411135700811681792,4,False,free_agent,4,13317,Ted Hurst,,0,0.0
2026,1411139526528638976,4,False,free_agent,4,1737,Case Keenum,,0,0.0
2026,1411141696363757568,4,False,free_agent,4,4177,Mack Hollins,,0,0.0
2026,1411202879246577664,4,False,waiver,6,4037,Chris Godwin,8,0,0.0
2026,1411208437378867200,4,False,waiver,4,11834,Devaughn Vele,8,1,14.4
2026,1411525272414539776,4,False,free_agent,11,10219,Chris Rodriguez,,0,0.0
2026,1411559460035444736,4,False,free_agent,10,3271,Tyler Higbee,,0,0.0
2026,1411766700596121600,4,False,free_agent,1,13294,Makai Lemon,,0,0.0
2026,1411841340735537152,4,False,free_agent,8,13425,Jalon Daniels,,0,0.0
2026,1412112326043185152,4,False,free_agent,4,13301,Antonio Williams,,0,0.0
2026,1412530952034398208,4,False,free_agent,9,4018,Joe Mixon,,0,0.0
