season,week,roster_id,player_id,points,source,transaction_id
2020,1,1,1352,14.9,draft,
2020,1,1,2133,34.6,draft,
2020,1,1,2309,13.1,draft,
2020,1,1,3163,11.5,draft,
2020,1,1,3271,5.5,draft,
2020,1,1,4233,8.0,draft,
2020,1,1,6770,17.32,draft,
2020,1,1,6813,11.9,draft,
2020,1,1,6820,19.8,draft,
2020,1,1,NO,17.0,free_agent,609101386315030528
2020,1,2,2028,13.56,draft,
2020,1,2,2505,7.5,draft,
2020,1,2,3164,26.2,draft,
2020,1,2,3321,13.1,draft,
2020,1,2,4195,5.0,free_agent,610898025900093440
2020,1,2,4983,7.4,draft,
2020,1,2,4984,28.18,draft,
2020,1,2,5122,6.4,free_agent,610605957088641024
2020,1,2,947,20.2,draft,
2020,1,2,PHI,5.0,draft,
2020,1,3,1049,19.36,draft,
2020,1,3,1266,5.0,draft,
2020,1,3,138,22.06,draft,
2020,1,3,1426,22.1,draft,
2020,1,3,2320,14.1,draft,
2020,1,3,3198,14.6,draft,
2020,1,3,3202,2.5,draft,
2020,1,3,4039,6.0,draft,
2020,1,3,956,2.9,draft,
2020,1,3,PIT,8.0,draft,
2020,1,4,2078,3.7,draft,
2020,1,4,3294,17.64,draft,
2020,1,4,331,16.82,draft,
2020,1,4,391,5.0,free_agent,607671568474103808
2020,1,4,4029,21.3,draft,
2020,1,4,4037,10.9,draft,
2020,1,4,515,2.1,draft,
2020,1,4,6290,10.4,free_agent,610898885472436224
2020,1,4,6806,14.2,draft,
2020,1,4,SF,6.0,draft,
2020,1,5,1264,9.0,draft,
2020,1,5,1408,5.6,draft,
2020,1,5,1837,19.26,draft,
2020,1,5,3161,15.0,draft,
2020,1,5,3214,9.8,draft,
2020,1,5,3969,2.4,draft,
2020,1,5,4034,27.0,draft,
2020,1,5,4981,29.4,draft,
2020,1,5,830,7.6,draft,
2020,1,5,TEN,5.0,free_agent,610900690096951296
2020,1,6,1166,22.76,draft,
2020,1,6,1339,9.3,draft,
2020,1,6,1689,28.0,draft,
2020,1,6,3242,13.5,draft,
2020,1,6,344,10.5,draft,
2020,1,6,4866,9.6,draft,
2020,1,6,4951,10.0,draft,
2020,1,6,899,4.0,draft,
2020,1,6,96,30.76,draft,
2020,1,6,LAC,12.0,free_agent,609241681639825408
2020,1,7,1067,7.5,draft,
2020,1,7,1234,31.78,draft,
2020,1,7,1466,14.0,draft,
2020,1,7,1992,9.8,draft,
2020,1,7,2374,13.2,draft,
2020,1,7,4137,2.7,draft,
2020,1,7,4666,8.0,draft,
2020,1,7,4881,27.5,draft,
2020,1,7,5052,9.2,draft,
2020,1,7,IND,4.0,free_agent,609446385846132736
2020,1,8,4040,21.9,draft,
2020,1,8,4046,20.44,draft,
2020,1,8,4217,7.3,draft,
2020,1,8,4227,10.0,draft,
2020,1,8,4988,5.1,draft,
2020,1,8,5068,1.4,draft,
2020,1,8,5848,12.6,draft,
2020,1,8,6130,7.8,draft,
2020,1,8,827,9.02,draft,
2020,1,8,KC,7.0,draft,
2020,1,9,1479,5.7,draft,
2020,1,9,1945,8.0,draft,
2020,1,9,2315,12.7,draft,
2020,1,9,2391,18.4,draft,
2020,1,9,367,10.5,draft,
2020,1,9,3976,24.28,free_agent,608074578689875968
2020,1,9,4035,21.2,draft,
2020,1,9,5927,8.6,draft,
2020,1,9,954,25.7,draft,
2020,1,9,BUF,9.0,draft,
2020,1,10,147,5.6,draft,
2020,1,10,167,22.46,draft,
2020,1,10,3678,10.0,draft,
2020,1,10,4018,5.6,draft,
2020,1,10,4663,9.2,draft,
2020,1,10,4973,5.3,draft,
2020,1,10,5846,17.5,draft,
2020,1,10,5849,27.3,draft,
2020,1,10,6149,25.2,draft,
2020,1,10,BAL,18.0,draft,
2020,1,11,17,12.0,draft,
2020,1,11,24,24.9,draft,
2020,1,11,2449,12.6,draft,
2020,1,11,4017,21.82,draft,
2020,1,11,4152,7.1,draft,
2020,1,11,4199,15.6,draft,
2020,1,11,5012,20.3,draft,
2020,1,11,5038,6.5,draft,
2020,1,11,5850,33.9,draft,
2020,1,11,DAL,4.0,draft,
2020,1,12,1110,7.3,draft,
2020,1,12,1825,8.6,draft,
2020,1,12,289,14.4,draft,
2020,1,12,3199,3.2,draft,
2020,1,12,4066,1.9,draft,
2020,1,12,421,17.18,draft,
2020,1,12,4273,21.6,draft,
2020,1,12,49,10.0,draft,
2020,1,12,4962,9.7,draft,
2020,1,12,NE,12.0,draft,
2020,2,1,1352,10.3,draft,
2020,2,1,2133,5.1,draft,
2020,2,1,2309,13.0,draft,
2020,2,1,3163,23.98,draft,
2020,2,1,3271,25.9,draft,
2020,2,1,4233,13.0,waiver,612566372928552960
2020,2,1,6011,25.46,draft,
2020,2,1,6813,18.0,draft,
2020,2,1,6820,10.0,draft,
2020,2,1,NO,4.0,free_agent,609101386315030528
2020,2,2,2505,22.5,draft,
2020,2,2,3164,19.2,draft,
2020,2,2,3321,19.3,draft,
2020,2,2,4983,16.0,draft,
2020,2,2,4984,34.5,draft,
2020,2,2,5892,20.2,draft,
2020,2,2,59,11.0,free_agent,612305175897505792
2020,2,2,947,3.4,draft,
2020,2,2,CHI,13.0,free_agent,611990553189519360
2020,2,3,1049,26.76,draft,
2020,2,3,1266,11.0,draft,
2020,2,3,138,19.24,draft,
2020,2,3,1426,16.8,draft,
2020,2,3,2320,15.4,draft,
2020,2,3,3198,8.4,draft,
2020,2,3,3202,3.2,draft,
2020,2,3,4039,10.5,draft,
2020,2,3,4068,2.4,draft,
2020,2,3,PIT,14.0,draft,
2020,2,4,2078,15.4,draft,
2020,2,4,3294,39.8,draft,
2020,2,4,391,7.0,free_agent,607671568474103808
2020,2,4,4029,16.1,draft,
2020,2,4,4892,16.26,draft,
2020,2,4,515,0.0,draft,
2020,2,4,6290,2.2,free_agent,610898885472436224
2020,2,4,6786,14.5,draft,
2020,2,4,6806,6.6,draft,
2020,2,4,SF,5.0,draft,
2020,2,5,1264,16.0,draft,
2020,2,5,1837,13.24,draft,
2020,2,5,3157,0.0,draft,
2020,2,5,3161,14.38,draft,
2020,2,5,3214,11.3,draft,
2020,2,5,3969,25.6,draft,
2020,2,5,4034,22.8,draft,
2020,2,5,4981,26.4,draft,
2020,2,5,830,4.4,draft,
2020,2,5,TEN,5.0,free_agent,610900690096951296
2020,2,6,1166,1.52,draft,
2020,2,6,1339,6.7,draft,
2020,2,6,1689,4.6,draft,
2020,2,6,3242,10.5,draft,
2020,2,6,344,21.9,draft,
2020,2,6,4866,2.8,draft,
2020,2,6,5880,0.7,free_agent,613007764662337536
2020,2,6,899,3.0,draft,
2020,2,6,96,18.7,draft,
2020,2,6,WAS,5.0,waiver,611288409306148864
2020,2,7,1067,10.3,draft,
2020,2,7,1234,34.42,draft,
2020,2,7,1466,19.5,draft,
2020,2,7,1992,4.8,draft,
2020,2,7,2374,16.2,draft,
2020,2,7,4666,17.0,draft,
2020,2,7,4881,17.56,draft,
2020,2,7,5052,9.7,draft,
2020,2,7,5347,0.9,waiver,611592838081253376
2020,2,7,LAR,8.0,waiver,611593271931650048
2020,2,8,2152,10.68,draft,
2020,2,8,3423,13.4,free_agent,610897436600389632
2020,2,8,4040,8.3,draft,
2020,2,8,4046,27.48,draft,
2020,2,8,4144,22.4,free_agent,612789639756996608
2020,2,8,4227,12.0,draft,
2020,2,8,4988,25.8,draft,
2020,2,8,5848,6.7,draft,
2020,2,8,6130,8.6,draft,
2020,2,8,KC,5.0,draft,
2020,2,9,1479,13.1,draft,
2020,2,9,1945,6.0,draft,
2020,2,9,2216,19.9,draft,
2020,2,9,2315,6.1,draft,
2020,2,9,2391,6.0,draft,
2020,2,9,3976,15.2,free_agent,608074578689875968
2020,2,9,4035,33.9,draft,
2020,2,9,5022,5.0,waiver,611582450409222144
2020,2,9,954,35.58,draft,
2020,2,9,BUF,3.0,draft,
2020,2,10,167,9.68,draft,
2020,2,10,2588,4.7,free_agent,607613334493151232
2020,2,10,3678,6.0,draft,
2020,2,10,4018,10.6,draft,
2020,2,10,4663,16.8,draft,
2020,2,10,4973,15.7,draft,
2020,2,10,5846,17.2,draft,
2020,2,10,5849,33.14,draft,
2020,2,10,6149,4.8,draft,
2020,2,10,BAL,16.0,draft,
2020,2,11,17,3.0,draft,
2020,2,11,2238,16.2,draft,
2020,2,11,24,28.52,draft,
2020,2,11,2449,25.3,draft,
2020,2,11,4017,15.7,draft,
2020,2,11,4199,43.6,draft,
2020,2,11,5012,3.4,draft,
2020,2,11,5038,6.8,draft,
2020,2,11,5850,12.0,draft,
2020,2,11,DAL,-3.0,draft,
2020,2,12,1110,4.3,draft,
2020,2,12,1825,6.1,draft,
2020,2,12,289,15.48,draft,
2020,2,12,3200,4.5,draft,
2020,2,12,4066,9.5,draft,
2020,2,12,421,17.16,draft,
2020,2,12,4273,18.3,draft,
2020,2,12,49,8.0,draft,
2020,2,12,6151,18.6,draft,
2020,2,12,NE,6.0,draft,
2020,3,1,1352,18.9,draft,
2020,3,1,2309,13.1,draft,
2020,3,1,3271,7.0,draft,
2020,3,1,4098,13.4,draft,
2020,3,1,4233,6.0,waiver,612566372928552960
2020,3,1,6011,10.2,draft,
2020,3,1,6770,20.38,draft,
2020,3,1,6813,12.7,draft,
2020,3,1,6820,15.9,draft,
2020,3,1,LAC,4.0,free_agent,614498144230682624
2020,3,2,2161,15.2,waiver,614120284592611328
2020,3,2,2505,1.9,draft,
2020,3,2,3164,14.8,draft,
2020,3,2,331,12.68,waiver,615016723749474304
2020,3,2,4983,7.5,draft,
2020,3,2,4984,32.24,draft,
2020,3,2,4988,23.5,trade,613804911909515264
2020,3,2,59,16.0,free_agent,612305175897505792
2020,3,2,5937,0.9,draft,
2020,3,2,IND,26.0,waiver,614121706696581120
2020,3,3,1049,13.24,draft,
2020,3,3,1266,7.0,draft,
2020,3,3,138,19.18,draft,
2020,3,3,1426,18.7,draft,
2020,3,3,2320,5.8,draft,
2020,3,3,3198,26.0,draft,
2020,3,3,4039,21.2,draft,
2020,3,3,4993,8.0,waiver,614136202819371008
2020,3,3,5110,3.6,free_agent,611961738513969152
2020,3,3,PIT,7.0,draft,
2020,3,4,2078,7.9,draft,
2020,3,4,3294,29.48,draft,
2020,3,4,4029,24.9,draft,
2020,3,4,4037,14.9,draft,
2020,3,4,4144,8.6,trade,614479699074195456
2020,3,4,5230,5.0,waiver,614321237274988544
2020,3,4,6786,9.1,draft,
2020,3,4,6797,15.7,waiver,614297856626503680
2020,3,4,7045,4.2,waiver,611835099348049920
2020,3,4,SF,14.0,draft,
2020,3,5,1264,9.0,draft,
2020,3,5,184,9.0,waiver,611809010605223936
2020,3,5,3157,13.4,draft,
2020,3,5,3161,23.5,draft,
2020,3,5,3214,7.5,draft,
2020,3,5,333,24.7,draft,
2020,3,5,3969,3.2,draft,
2020,3,5,4981,14.2,draft,
2020,3,5,830,6.1,draft,
2020,3,5,PHI,8.0,free_agent,614597595263746048
2020,3,6,1166,21.44,draft,
2020,3,6,1339,10.5,draft,
2020,3,6,1689,10.8,draft,
2020,3,6,3242,8.4,draft,
2020,3,6,3423,8.0,waiver,614485315247218688
2020,3,6,344,3.2,draft,
2020,3,6,5916,18.5,waiver,614333595380715520
2020,3,6,7062,12.0,waiver,614333705732861952
2020,3,6,96,24.52,draft,
2020,3,6,WAS,1.0,waiver,611288409306148864
2020,3,7,1234,36.8,draft,
2020,3,7,1466,11.7,draft,
2020,3,7,1992,23.3,draft,
2020,3,7,2319,9.4,draft,
2020,3,7,2374,32.5,draft,
2020,3,7,2431,19.1,waiver,614214901543550976
2020,3,7,4137,22.9,draft,
2020,3,7,4666,7.0,draft,
2020,3,7,4881,14.18,draft,
2020,3,7,CLE,19.0,free_agent,614444300830334976
2020,3,8,2152,14.6,draft,
2020,3,8,3321,18.7,trade,613804911909515264
2020,3,8,4040,14.3,draft,
2020,3,8,4046,40.0,draft,
2020,3,8,4227,3.0,draft,
2020,3,8,5009,3.6,free_agent,615274777799639040
2020,3,8,5848,2.3,draft,
2020,3,8,5892,6.4,trade,613804911909515264
2020,3,8,6130,14.1,draft,
2020,3,8,TB,19.0,waiver,614260279592689664
2020,3,9,1479,23.7,draft,
2020,3,9,1945,8.0,draft,
2020,3,9,2216,13.2,draft,
2020,3,9,2315,14.7,draft,
2020,3,9,2391,11.6,draft,
2020,3,9,3976,12.62,free_agent,608074578689875968
2020,3,9,4035,38.2,draft,
2020,3,9,5022,1.2,waiver,611582450409222144
2020,3,9,954,12.18,draft,
2020,3,9,BUF,5.0,draft,
2020,3,10,167,23.88,draft,
2020,3,10,3678,13.0,draft,
2020,3,10,4018,7.5,draft,
2020,3,10,4622,6.3,waiver,613896199174561792
2020,3,10,4663,25.8,draft,
2020,3,10,4973,6.6,draft,
2020,3,10,5846,17.0,draft,
2020,3,10,5849,24.7,draft,
2020,3,10,6149,4.8,draft,
2020,3,10,ARI,4.0,free_agent,614519134033608704
2020,3,11,17,14.0,draft,
2020,3,11,2238,0.0,draft,
2020,3,11,24,12.42,draft,
2020,3,11,2449,12.9,draft,
2020,3,11,4017,18.06,draft,
2020,3,11,4199,15.6,draft,
2020,3,11,5012,3.7,draft,
2020,3,11,5038,22.8,draft,
2020,3,11,5850,7.8,draft,
2020,3,11,DAL,1.0,draft,
2020,3,12,1110,6.7,draft,
2020,3,12,1825,5.6,draft,
2020,3,12,289,23.52,draft,
2020,3,12,4066,3.7,draft,
2020,3,12,421,18.5,draft,
2020,3,12,4273,9.1,draft,
2020,3,12,49,14.0,draft,
2020,3,12,5844,7.3,draft,
2020,3,12,6151,12.7,draft,
2020,3,12,NE,18.0,draft,
2020,4,1,2133,0.0,draft,
2020,4,1,2309,27.4,draft,
2020,4,1,3163,11.7,draft,
2020,4,1,3271,3.5,draft,
2020,4,1,4233,3.0,waiver,612566372928552960
2020,4,1,6770,16.1,draft,
2020,4,1,6813,8.4,draft,
2020,4,1,6820,10.6,draft,
2020,4,1,6955,12.7,free_agent,608835884002975744
2020,4,1,NYJ,8.0,free_agent,616988257158279168
2020,4,2,1029,12.86,trade,617410435188088832
2020,4,2,2505,11.3,draft,
2020,4,2,3164,16.5,draft,
2020,4,2,4131,14.2,trade,613804911909515264
2020,4,2,4983,6.9,draft,
2020,4,2,4984,25.42,draft,
2020,4,2,4988,4.3,trade,613804911909515264
2020,4,2,5848,10.6,trade,615962868856492032
2020,4,2,59,6.0,free_agent,612305175897505792
2020,4,2,DEN,6.0,waiver,616885374819594240
2020,4,3,1144,10.7,free_agent,617546008305512448
2020,4,3,1266,2.0,draft,
2020,4,3,1426,7.6,draft,
2020,4,3,2161,19.2,trade,617410435188088832
2020,4,3,2320,24.8,draft,
2020,4,3,331,11.2,trade,617410435188088832
2020,4,3,4039,15.2,draft,
2020,4,3,5001,15.2,free_agent,614518693778522112
2020,4,3,5955,8.2,free_agent,617045705785192448
2020,4,3,SEA,6.0,waiver,616371450063929344
2020,4,4,2078,35.9,draft,
2020,4,4,3294,38.28,draft,
2020,4,4,4029,27.6,draft,
2020,4,4,4892,15.2,draft,
2020,4,4,515,3.4,draft,
2020,4,4,5230,9.0,waiver,614321237274988544
2020,4,4,5284,2.4,free_agent,617516130646454272
2020,4,4,6786,22.7,draft,
2020,4,4,7045,2.8,waiver,611835099348049920
2020,4,4,LAR,12.0,waiver,614832011651158016
2020,4,5,1264,8.0,draft,
2020,4,5,1817,4.3,waiver,616894275833147392
2020,4,5,184,9.6,waiver,611809010605223936
2020,4,5,1848,9.4,draft,
2020,4,5,3157,19.8,draft,
2020,4,5,3161,22.42,draft,
2020,4,5,3214,4.9,draft,
2020,4,5,333,23.3,draft,
2020,4,5,4981,0.0,draft,
2020,4,5,PHI,19.0,free_agent,614597595263746048
2020,4,6,1099,17.0,free_agent,617488516435226624
2020,4,6,1166,14.9,draft,
2020,4,6,1689,22.2,draft,
2020,4,6,3242,3.5,draft,
2020,4,6,3423,13.9,waiver,614485315247218688
2020,4,6,4951,25.5,draft,
2020,4,6,5857,6.0,draft,
2020,4,6,5916,4.2,waiver,614333595380715520
2020,4,6,96,29.58,draft,
2020,4,6,IND,7.0,waiver,616991749448998912
2020,4,7,1234,21.9,draft,
2020,4,7,1466,8.5,draft,
2020,4,7,1992,19.6,draft,
2020,4,7,2319,16.0,draft,
2020,4,7,2374,4.9,draft,
2020,4,7,2431,19.6,waiver,614214901543550976
2020,4,7,2747,9.0,waiver,616852178107187200
2020,4,7,4881,26.02,draft,
2020,4,7,5052,15.8,draft,
2020,4,7,ARI,1.0,waiver,617768904097337344
2020,4,8,2152,27.24,draft,
2020,4,8,3321,14.4,trade,613804911909515264
2020,4,8,4046,20.24,draft,
2020,4,8,4217,32.6,draft,
2020,4,8,4227,7.0,draft,
2020,4,8,5892,9.2,trade,613804911909515264
2020,4,8,5980,7.7,waiver,614257250579623936
2020,4,8,6130,16.2,draft,
2020,4,8,947,5.2,trade,613804911909515264
2020,4,8,TB,7.0,waiver,614260279592689664
2020,4,9,1479,10.2,draft,
2020,4,9,2216,21.7,draft,
2020,4,9,2315,18.8,draft,
2020,4,9,2391,10.2,draft,
2020,4,9,4035,19.4,draft,
2020,4,9,4464,8.0,free_agent,618150767420850176
2020,4,9,5032,6.1,free_agent,617031780284850176
2020,4,9,5927,16.8,draft,
2020,4,9,6528,7.0,free_agent,617485278252199936
2020,4,9,BUF,9.0,draft,
2020,4,10,167,33.46,draft,
2020,4,10,3678,5.0,draft,
2020,4,10,4018,39.1,draft,
2020,4,10,4663,1.9,draft,
2020,4,10,4973,7.1,draft,
2020,4,10,5846,12.6,draft,
2020,4,10,5849,23.12,draft,
2020,4,10,6149,6.3,draft,
2020,4,10,6803,12.6,waiver,616694223223263232
2020,4,10,BAL,7.0,draft,
2020,4,11,17,3.0,draft,
2020,4,11,24,12.4,draft,
2020,4,11,2449,14.5,draft,
2020,4,11,3225,12.9,draft,
2020,4,11,4017,20.9,draft,
2020,4,11,4199,19.6,draft,
2020,4,11,5012,19.2,draft,
2020,4,11,5038,3.9,draft,
2020,4,11,5850,8.8,draft,
2020,4,11,DAL,-2.0,draft,
2020,4,12,1110,4.4,draft,
2020,4,12,1825,12.78,draft,
2020,4,12,289,16.54,draft,
2020,4,12,4066,6.5,draft,
2020,4,12,421,23.34,draft,
2020,4,12,4273,23.5,draft,
2020,4,12,49,2.0,draft,
2020,4,12,5844,9.9,draft,
2020,4,12,6151,8.6,draft,
2020,4,12,NE,5.0,draft,
2020,5,1,1352,15.1,draft,
2020,5,1,2309,3.1,draft,
2020,5,1,3163,25.36,draft,
2020,5,1,3271,2.2,draft,
2020,5,1,4098,16.8,draft,
2020,5,1,4233,7.0,waiver,612566372928552960
2020,5,1,6011,19.84,draft,
2020,5,1,6820,9.5,draft,
2020,5,1,6955,7.5,free_agent,608835884002975744
2020,5,1,CLE,14.0,waiver,619366849515159552
2020,5,2,2505,13.3,draft,
2020,5,2,3164,23.0,draft,
2020,5,2,4983,17.3,draft,
2020,5,2,4984,18.32,draft,
2020,5,2,5848,16.8,trade,615962868856492032
2020,5,2,5870,8.18,draft,
2020,5,2,6794,3.8,waiver,616884977270865920
2020,5,2,899,11.0,free_agent,621098614407786496
2020,5,2,956,5.7,trade,617410435188088832
2020,5,2,KC,-1.0,waiver,619528090363723776
2020,5,3,1049,30.0,draft,
2020,5,3,1266,14.0,draft,
2020,5,3,138,21.36,draft,
2020,5,3,1426,22.1,draft,
2020,5,3,2161,1.5,trade,617410435188088832
2020,5,3,3198,18.8,draft,
2020,5,3,4039,9.1,draft,
2020,5,3,5001,1.1,free_agent,614518693778522112
2020,5,3,5859,17.7,draft,
2020,5,3,PIT,8.0,draft,
2020,5,4,2078,8.92,draft,
2020,5,4,3294,13.94,draft,
2020,5,4,4029,17.4,draft,
2020,5,4,4144,18.5,trade,614479699074195456
2020,5,4,5230,2.0,waiver,614321237274988544
2020,5,4,6290,0.0,free_agent,619604081366863872
2020,5,4,6786,16.4,draft,
2020,5,4,6797,27.36,waiver,614297856626503680
2020,5,4,7045,4.3,waiver,611835099348049920
2020,5,4,LAR,13.0,waiver,614832011651158016
2020,5,5,1264,10.0,draft,
2020,5,5,1408,7.2,draft,
2020,5,5,1837,1.08,draft,
2020,5,5,3157,13.8,draft,
2020,5,5,3214,10.3,draft,
2020,5,5,3242,12.7,trade,618586307081564160
2020,5,5,333,27.6,draft,
2020,5,5,4951,3.1,trade,618586307081564160
2020,5,5,4981,17.6,draft,
2020,5,5,NO,3.0,free_agent,621017628630163456
2020,5,6,1166,15.16,draft,
2020,5,6,1339,1.1,draft,
2020,5,6,1689,24.8,draft,
2020,5,6,2168,15.7,trade,619612694537908224
2020,5,6,3161,19.42,trade,618586307081564160
2020,5,6,3423,15.5,waiver,614485315247218688
2020,5,6,5916,20.3,waiver,614333595380715520
2020,5,6,6801,8.2,trade,618586307081564160
2020,5,6,7062,11.0,free_agent,619561279396323328
2020,5,6,IND,12.0,waiver,616991749448998912
2020,5,7,1234,25.48,draft,
2020,5,7,1466,20.8,draft,
2020,5,7,1992,14.0,draft,
2020,5,7,2374,6.4,draft,
2020,5,7,2431,25.4,waiver,614214901543550976
2020,5,7,2747,3.0,waiver,616852178107187200
2020,5,7,4137,13.8,draft,
2020,5,7,4881,14.5,draft,
2020,5,7,5052,14.0,draft,
2020,5,7,ARI,8.0,waiver,617768904097337344
2020,5,8,2152,20.82,draft,
2020,5,8,3321,16.8,trade,613804911909515264
2020,5,8,4040,4.8,draft,
2020,5,8,4046,30.7,draft,
2020,5,8,4217,6.4,draft,
2020,5,8,4227,6.0,draft,
2020,5,8,5892,15.4,trade,613804911909515264
2020,5,8,6130,3.8,draft,
2020,5,8,6945,7.6,trade,615962868856492032
2020,5,8,TB,7.0,waiver,614260279592689664
2020,5,9,1479,9.9,draft,
2020,5,9,2216,12.6,draft,
2020,5,9,2315,23.0,draft,
2020,5,9,2391,11.3,draft,
2020,5,9,3202,8.2,free_agent,619615156539842560
2020,5,9,4035,15.9,draft,
2020,5,9,5127,9.66,trade,619612694537908224
2020,5,9,5927,4.1,draft,
2020,5,9,6528,11.0,free_agent,617485278252199936
2020,5,9,BUF,-4.0,draft,
2020,5,10,167,14.12,draft,
2020,5,10,3678,15.0,draft,
2020,5,10,4018,12.4,draft,
2020,5,10,4973,1.8,draft,
2020,5,10,5131,11.9,waiver,609194643615178752
2020,5,10,5846,24.3,draft,
2020,5,10,5849,27.3,draft,
2020,5,10,6149,16.9,draft,
2020,5,10,6803,5.9,waiver,616694223223263232
2020,5,10,BAL,29.0,draft,
2020,5,11,1476,6.7,free_agent,617202863264849920
2020,5,11,24,7.94,draft,
2020,5,11,2449,15.6,draft,
2020,5,11,3225,6.2,draft,
2020,5,11,4017,26.86,draft,
2020,5,11,5012,14.6,draft,
2020,5,11,5038,9.3,draft,
2020,5,11,5850,21.5,draft,
2020,5,11,7042,5.0,free_agent,621178577316282368
2020,5,11,DAL,10.0,draft,
2020,5,12,1110,9.9,draft,
2020,5,12,1825,10.8,draft,
2020,5,12,19,13.8,free_agent,621060107056447488
2020,5,12,289,22.1,draft,
2020,5,12,3199,0.0,draft,
2020,5,12,4066,9.0,draft,
2020,5,12,4273,16.9,draft,
2020,5,12,49,5.0,draft,
2020,5,12,6151,22.9,draft,
2020,5,12,NE,0.0,draft,
2020,6,1,1352,12.0,draft,
2020,6,1,2133,9.1,draft,
2020,6,1,2309,17.4,draft,
2020,6,1,3163,15.92,draft,
2020,6,1,3271,7.1,draft,
2020,6,1,4233,8.0,waiver,612566372928552960
2020,6,1,6011,18.62,draft,
2020,6,1,6813,13.5,draft,
2020,6,1,6955,13.3,free_agent,608835884002975744
2020,6,1,MIA,15.0,waiver,622061022928257024
2020,6,2,3164,8.0,draft,
2020,6,2,4131,12.5,trade,613804911909515264
2020,6,2,4984,16.08,draft,
2020,6,2,5001,5.5,trade,622972766441787392
2020,6,2,5848,7.7,trade,615962868856492032
2020,6,2,5870,14.88,draft,
2020,6,2,59,4.0,waiver,622138111287201792
2020,6,2,6794,35.1,waiver,616884977270865920
2020,6,2,956,2.0,trade,617410435188088832
2020,6,2,WAS,4.0,waiver,621437443257737216
2020,6,3,1049,29.64,draft,
2020,6,3,1266,4.0,draft,
2020,6,3,138,10.98,draft,
2020,6,3,1426,8.3,draft,
2020,6,3,184,12.3,waiver,622856841726115840
2020,6,3,3198,39.4,draft,
2020,6,3,4039,2.6,draft,
2020,6,3,4602,4.0,waiver,619235190857904128
2020,6,3,5859,20.3,draft,
2020,6,3,PIT,19.0,draft,
2020,6,4,4037,7.3,draft,
2020,6,4,4144,1.8,trade,614479699074195456
2020,6,4,4666,20.0,waiver,621942108151951360
2020,6,4,4892,7.26,draft,
2020,6,4,4950,21.6,free_agent,617544980373962752
2020,6,4,5917,0.0,free_agent,622566173204107264
2020,6,4,5980,14.6,trade,622750458993250304
2020,6,4,6130,5.0,trade,622750458993250304
2020,6,4,6786,9.9,draft,
2020,6,4,LAR,0.0,waiver,614832011651158016
2020,6,5,1264,16.0,draft,
2020,6,5,1793,19.9,free_agent,622580834242768896
2020,6,5,1848,11.3,draft,
2020,6,5,3157,21.3,draft,
2020,6,5,3242,28.4,trade,618586307081564160
2020,6,5,333,18.04,draft,
2020,6,5,4981,15.9,draft,
2020,6,5,6886,16.1,waiver,621110804074545152
2020,6,5,96,5.8,trade,618586307081564160
2020,6,5,DET,8.0,free_agent,622480271345790976
2020,6,6,1166,26.72,draft,
2020,6,6,1339,5.3,draft,
2020,6,6,1689,12.6,draft,
2020,6,6,3423,9.7,waiver,614485315247218688
2020,6,6,4040,1.6,trade,622903041934295040
2020,6,6,4098,6.7,trade,622903041934295040
2020,6,6,5000,3.4,waiver,611618813389176832
2020,6,6,7062,8.0,free_agent,619561279396323328
2020,6,6,IND,5.0,waiver,616991749448998912
2020,6,7,1029,17.32,trade,623278959924174848
2020,6,7,1466,19.0,draft,
2020,6,7,1945,8.0,free_agent,622423014897717248
2020,6,7,1992,7.8,draft,
2020,6,7,2319,5.0,draft,
2020,6,7,2431,10.5,waiver,614214901543550976
2020,6,7,4137,16.7,draft,
2020,6,7,4881,28.24,draft,
2020,6,7,5052,25.1,draft,
2020,6,7,NYG,15.0,free_agent,622422724165341184
2020,6,8,2152,11.44,draft,
2020,6,8,3321,4.0,trade,613804911909515264
2020,6,8,4046,20.6,draft,
2020,6,8,4217,20.4,draft,
2020,6,8,4227,7.0,draft,
2020,6,8,5892,11.7,trade,613804911909515264
2020,6,8,5987,3.5,draft,
2020,6,8,6820,18.9,trade,622836217410560000
2020,6,8,947,29.7,trade,613804911909515264
2020,6,8,CHI,12.0,free_agent,622763409804472320
2020,6,9,2216,1.5,draft,
2020,6,9,2315,8.2,draft,
2020,6,9,2391,13.4,draft,
2020,6,9,2749,8.6,draft,
2020,6,9,3202,7.7,free_agent,619615156539842560
2020,6,9,5127,17.0,trade,619612694537908224
2020,6,9,5927,10.9,draft,
2020,6,9,6528,11.0,free_agent,617485278252199936
2020,6,9,954,19.98,draft,
2020,6,9,CAR,2.0,free_agent,622443510917853184
2020,6,10,167,14.64,draft,
2020,6,10,2168,6.2,trade,623026702737547264
2020,6,10,4018,13.9,draft,
2020,6,10,4622,17.3,waiver,613896199174561792
2020,6,10,4993,0.0,waiver,621137430749425664
2020,6,10,5119,6.0,waiver,622272937579331584
2020,6,10,5849,28.92,draft,
2020,6,10,6149,10.8,draft,
2020,6,10,6908,4.6,free_agent,622420345395183616
2020,6,10,BAL,11.0,draft,
2020,6,11,1502,3.0,free_agent,617202992986284032
2020,6,11,24,31.64,draft,
2020,6,11,2449,13.6,draft,
2020,6,11,3225,10.4,draft,
2020,6,11,4017,32.0,draft,
2020,6,11,4199,11.6,draft,
2020,6,11,5012,3.1,draft,
2020,6,11,5038,3.3,draft,
2020,6,11,7042,6.0,free_agent,621178577316282368
2020,6,11,DAL,-3.0,draft,
2020,6,12,1110,1.6,draft,
2020,6,12,1825,5.5,draft,
2020,6,12,19,6.44,free_agent,621060107056447488
2020,6,12,232,9.0,free_agent,612083944732573696
2020,6,12,4066,4.0,draft,
2020,6,12,421,13.32,draft,
2020,6,12,49,7.0,draft,
2020,6,12,5844,8.7,draft,
2020,6,12,6151,11.7,draft,
2020,6,12,NE,7.0,draft,
2020,7,1,1352,4.0,draft,
2020,7,1,17,16.0,free_agent,624623125023252480
2020,7,1,2133,38.1,draft,
2020,7,1,2309,12.0,draft,
2020,7,1,515,14.7,trade,624638485252354048
2020,7,1,6011,19.02,draft,
2020,7,1,6770,34.64,draft,
2020,7,1,6945,18.8,trade,622836217410560000
2020,7,1,6955,29.7,free_agent,608835884002975744
2020,7,1,PHI,11.0,waiver,624390271399997440
2020,7,2,2505,14.0,draft,
2020,7,2,3164,5.6,draft,
2020,7,2,4131,14.4,trade,613804911909515264
2020,7,2,4983,23.3,draft,
2020,7,2,4984,16.38,draft,
2020,7,2,5122,16.7,waiver,624252889845534720
2020,7,2,5870,21.68,draft,
2020,7,2,59,5.0,waiver,622138111287201792
2020,7,2,5937,24.5,draft,
2020,7,2,CLE,8.0,free_agent,624617179991572480
2020,7,3,1049,17.3,draft,
2020,7,3,1099,10.0,waiver,624325433663500288
2020,7,3,138,15.62,draft,
2020,7,3,1426,19.3,draft,
2020,7,3,2161,-0.1,trade,617410435188088832
2020,7,3,3198,14.2,draft,
2020,7,3,4039,8.9,draft,
2020,7,3,4602,4.2,waiver,619235190857904128
2020,7,3,5859,24.3,draft,
2020,7,3,SF,19.0,free_agent,624758481311850496
2020,7,4,4037,19.3,draft,
2020,7,4,4144,1.4,trade,614479699074195456
2020,7,4,4666,2.0,waiver,621942108151951360
2020,7,4,4892,30.78,draft,
2020,7,4,6059,9.8,waiver,621940530732945408
2020,7,4,6130,5.7,trade,622750458993250304
2020,7,4,6786,0.1,draft,
2020,7,4,6797,38.48,waiver,614297856626503680
2020,7,4,7045,7.8,waiver,611835099348049920
2020,7,4,LAR,15.0,waiver,614832011651158016
2020,7,5,1837,9.48,draft,
2020,7,5,1848,0.8,draft,
2020,7,5,3157,11.0,draft,
2020,7,5,3214,3.8,draft,
2020,7,5,3242,4.6,trade,618586307081564160
2020,7,5,391,9.0,free_agent,624809400414085120
2020,7,5,4981,17.4,draft,
2020,7,5,6886,0.3,waiver,621110804074545152
2020,7,5,96,27.32,trade,618586307081564160
2020,7,5,CIN,-2.0,free_agent,624808962184777728
2020,7,6,3161,28.76,trade,618586307081564160
2020,7,6,3423,10.4,waiver,614485315247218688
2020,7,6,4040,13.0,trade,622903041934295040
2020,7,6,4098,17.7,trade,622903041934295040
2020,7,6,503,3.0,free_agent,624576337960583168
2020,7,6,5857,5.3,draft,
2020,7,6,5916,8.6,waiver,614333595380715520
2020,7,6,6801,16.3,trade,618586307081564160
2020,7,6,829,3.6,waiver,621971868265549824
2020,7,6,BUF,15.0,free_agent,623718162139279360
2020,7,7,1029,8.44,trade,623278959924174848
2020,7,7,1234,32.92,draft,
2020,7,7,1466,4.6,draft,
2020,7,7,1945,9.0,free_agent,622423014897717248
2020,7,7,1992,9.0,draft,
2020,7,7,2374,45.5,draft,
2020,7,7,2431,6.1,waiver,614214901543550976
2020,7,7,4137,12.6,draft,
2020,7,7,5052,10.1,draft,
2020,7,7,KC,26.0,free_agent,624608477842616320
2020,7,8,2078,0.0,trade,622750458993250304
2020,7,8,2152,19.16,draft,
2020,7,8,3321,14.5,trade,613804911909515264
2020,7,8,4046,12.0,draft,
2020,7,8,4217,8.0,draft,
2020,7,8,4227,13.0,draft,
2020,7,8,5892,9.4,trade,613804911909515264
2020,7,8,6820,12.8,trade,622836217410560000
2020,7,8,947,13.7,trade,613804911909515264
2020,7,8,CHI,13.0,free_agent,622763409804472320
2020,7,9,1479,17.5,draft,
2020,7,9,2315,21.2,draft,
2020,7,9,2391,14.4,draft,
2020,7,9,4035,18.8,draft,
2020,7,9,5001,3.2,free_agent,625149555247378432
2020,7,9,5127,16.86,trade,619612694537908224
2020,7,9,5927,18.5,draft,
2020,7,9,6528,7.0,free_agent,617485278252199936
2020,7,9,954,2.82,draft,
2020,7,9,TB,7.0,waiver,624110665304567808
2020,7,10,1386,18.1,free_agent,625518844626182144
2020,7,10,1592,0.0,free_agent,625859062088704000
2020,7,10,167,36.86,draft,
2020,7,10,2168,0.8,trade,623026702737547264
2020,7,10,3678,11.0,waiver,624258712281903104
2020,7,10,5131,8.0,waiver,609194643615178752
2020,7,10,5846,3.3,draft,
2020,7,10,5849,38.1,draft,
2020,7,10,6149,3.3,draft,
2020,7,10,NYG,5.0,waiver,624618936591265792
2020,7,11,24,17.52,draft,
2020,7,11,2449,7.8,draft,
2020,7,11,3225,22.24,draft,
2020,7,11,4017,24.16,draft,
2020,7,11,4199,0.0,draft,
2020,7,11,5038,0.0,draft,
2020,7,11,5850,4.6,draft,
2020,7,11,616,5.6,free_agent,625780199828586496
2020,7,11,7042,22.0,free_agent,621178577316282368
2020,7,11,DAL,2.0,draft,
2020,7,12,1110,0.0,draft,
2020,7,12,1825,8.46,draft,
2020,7,12,19,0.0,free_agent,621060107056447488
2020,7,12,232,6.0,free_agent,612083944732573696
2020,7,12,4066,7.9,draft,
2020,7,12,421,18.4,draft,
2020,7,12,49,9.0,draft,
2020,7,12,5844,14.4,draft,
2020,7,12,6151,0.0,draft,
2020,7,12,NE,6.0,draft,
2020,8,1,1352,24.9,draft,
2020,8,1,17,3.0,free_agent,624623125023252480
2020,8,1,2133,26.8,draft,
2020,8,1,2309,1.0,draft,
2020,8,1,3163,12.2,draft,
2020,8,1,515,12.1,trade,624638485252354048
2020,8,1,6770,18.86,draft,
2020,8,1,6813,4.1,draft,
2020,8,1,6845,20.1,waiver,619364742229741568
2020,8,1,PHI,22.0,waiver,624390271399997440
2020,8,2,1287,5.0,free_agent,628685316483670016
2020,8,2,2505,5.2,draft,
2020,8,2,3164,7.8,draft,
2020,8,2,4131,0.0,trade,613804911909515264
2020,8,2,4983,6.5,draft,
2020,8,2,4984,13.46,draft,
2020,8,2,5122,8.9,waiver,624252889845534720
2020,8,2,5870,18.24,draft,
2020,8,2,5937,1.1,draft,
2020,8,2,IND,17.0,waiver,627011967789371392
2020,8,3,1049,18.32,draft,
2020,8,3,1099,7.0,waiver,624325433663500288
2020,8,3,1144,3.4,free_agent,617546008305512448
2020,8,3,138,15.28,draft,
2020,8,3,2320,7.7,draft,
2020,8,3,3198,17.2,draft,
2020,8,3,4039,16.5,draft,
2020,8,3,4602,10.4,waiver,619235190857904128
2020,8,3,5859,10.4,draft,
2020,8,3,LAC,3.0,free_agent,627189547515604992
2020,8,4,3328,1.9,waiver,627011637416660992
2020,8,4,4029,47.6,draft,
2020,8,4,4144,3.9,trade,614479699074195456
2020,8,4,4666,12.0,waiver,621942108151951360
2020,8,4,4892,7.78,draft,
2020,8,4,5850,12.9,trade,627695699999473664
2020,8,4,6059,16.8,waiver,621940530732945408
2020,8,4,6797,23.22,waiver,614297856626503680
2020,8,4,830,2.9,waiver,622776571119378432
2020,8,4,LAR,7.0,waiver,614832011651158016
2020,8,5,1264,8.0,draft,
2020,8,5,1408,5.3,draft,
2020,8,5,1837,2.76,draft,
2020,8,5,1848,4.5,draft,
2020,8,5,3214,5.3,draft,
2020,8,5,3969,8.6,draft,
2020,8,5,4981,5.7,draft,
2020,8,5,5955,10.6,waiver,626970479923650560
2020,8,5,96,22.54,trade,618586307081564160
2020,8,5,NO,7.0,free_agent,627184604553478144
2020,8,6,1166,10.4,draft,
2020,8,6,1689,4.2,draft,
2020,8,6,3161,10.62,trade,618586307081564160
2020,8,6,3423,7.3,waiver,614485315247218688
2020,8,6,4098,8.3,trade,622903041934295040
2020,8,6,5026,6.8,free_agent,628046534864363520
2020,8,6,5857,8.2,draft,
2020,8,6,5916,6.3,waiver,614333595380715520
2020,8,6,7062,1.0,free_agent,619561279396323328
2020,8,6,BUF,5.0,free_agent,623718162139279360
2020,8,7,1234,28.74,draft,
2020,8,7,1466,20.9,draft,
2020,8,7,1945,4.0,free_agent,622423014897717248
2020,8,7,1992,17.7,draft,
2020,8,7,2374,5.3,draft,
2020,8,7,2431,8.2,waiver,614214901543550976
2020,8,7,4137,13.5,draft,
2020,8,7,4881,16.82,draft,
2020,8,7,5052,4.6,draft,
2020,8,7,KC,10.0,free_agent,624608477842616320
2020,8,8,2152,13.04,draft,
2020,8,8,3321,23.8,trade,613804911909515264
2020,8,8,4046,36.64,draft,
2020,8,8,4149,15.2,waiver,627075160301727744
2020,8,8,4217,4.9,draft,
2020,8,8,4227,5.0,draft,
2020,8,8,5892,11.5,trade,613804911909515264
2020,8,8,6820,4.6,trade,622836217410560000
2020,8,8,947,17.2,trade,613804911909515264
2020,8,8,CHI,4.0,free_agent,622763409804472320
2020,8,9,1479,17.2,draft,
2020,8,9,2216,14.0,draft,
2020,8,9,2315,10.6,draft,
2020,8,9,4035,20.8,draft,
2020,8,9,4973,7.9,waiver,622924638816649216
2020,8,9,5854,20.82,waiver,620049149802389504
2020,8,9,6528,5.0,free_agent,617485278252199936
2020,8,9,6908,4.3,waiver,626840984927440896
2020,8,9,954,18.36,draft,
2020,8,9,TB,7.0,waiver,624110665304567808
2020,8,10,1386,21.3,free_agent,625518844626182144
2020,8,10,167,19.06,draft,
2020,8,10,3678,13.0,waiver,624258712281903104
2020,8,10,4036,22.8,waiver,611721862178820096
2020,8,10,5131,15.7,waiver,609194643615178752
2020,8,10,5846,34.1,draft,
2020,8,10,616,2.3,waiver,627620847938519040
2020,8,10,6768,5.72,draft,
2020,8,10,6803,19.1,waiver,616694223223263232
2020,8,10,BAL,6.0,draft,
2020,8,11,1476,4.6,free_agent,617202863264849920
2020,8,11,2238,2.6,draft,
2020,8,11,2325,0.0,free_agent,627615536955613184
2020,8,11,24,18.94,draft,
2020,8,11,2449,12.2,draft,
2020,8,11,3225,16.6,draft,
2020,8,11,5012,4.7,draft,
2020,8,11,5980,11.8,trade,627695699999473664
2020,8,11,7042,6.0,free_agent,621178577316282368
2020,8,11,CAR,4.0,free_agent,627614873517367296
2020,8,12,1825,7.2,draft,
2020,8,12,232,3.0,free_agent,612083944732573696
2020,8,12,289,19.6,draft,
2020,8,12,3199,0.0,draft,
2020,8,12,4066,9.5,draft,
2020,8,12,421,23.44,draft,
2020,8,12,4273,0.0,draft,
2020,8,12,49,3.0,draft,
2020,8,12,5844,10.0,draft,
2020,8,12,NE,3.0,draft,
2020,9,1,17,9.0,free_agent,624623125023252480
2020,9,1,2133,28.3,draft,
2020,9,1,2309,10.0,draft,
2020,9,1,4034,32.1,trade,622903041934295040
2020,9,1,515,0.7,trade,624638485252354048
2020,9,1,5890,7.1,waiver,612090340119248896
2020,9,1,6945,11.0,trade,622836217410560000
2020,9,1,6955,15.9,free_agent,608835884002975744
2020,9,1,7084,22.46,free_agent,628944996472532992
2020,9,1,WAS,6.0,waiver,629465303289507840
2020,9,2,2161,14.3,trade,630110617579098112
2020,9,2,2505,10.7,draft,
2020,9,2,3164,7.9,commissioner,630879149006868480
2020,9,2,391,4.0,free_agent,630174836173402112
2020,9,2,4983,2.8,draft,
2020,9,2,4984,36.0,draft,
2020,9,2,5870,12.88,draft,
2020,9,2,5937,11.1,draft,
2020,9,2,6794,7.9,waiver,616884977270865920
2020,9,2,IND,6.0,waiver,627011967789371392
2020,9,3,1049,14.62,draft,
2020,9,3,138,25.04,draft,
2020,9,3,1426,4.5,draft,
2020,9,3,2320,3.2,draft,
2020,9,3,3198,6.8,draft,
2020,9,3,4602,1.0,waiver,619235190857904128
2020,9,3,5095,7.0,waiver,629371138325164032
2020,9,3,5848,5.3,trade,630110617579098112
2020,9,3,5859,18.1,draft,
2020,9,3,PIT,8.0,draft,
2020,9,4,1029,21.6,waiver,630193969896202240
2020,9,4,1689,4.8,trade,630279259017162752
2020,9,4,3200,8.7,waiver,621940377418559488
2020,9,4,4029,38.2,draft,
2020,9,4,4144,10.2,trade,614479699074195456
2020,9,4,4666,12.0,waiver,621942108151951360
2020,9,4,5000,10.3,trade,630279259017162752
2020,9,4,6797,23.44,waiver,614297856626503680
2020,9,4,6931,10.9,free_agent,630516074055548928
2020,9,4,NYG,14.0,waiver,629620674985533440
2020,9,5,1264,7.0,draft,
2020,9,5,1408,0.8,draft,
2020,9,5,2197,15.8,trade,630301209961529344
2020,9,5,2251,4.3,waiver,630302295841677312
2020,9,5,3969,7.1,draft,
2020,9,5,4040,18.3,trade,630301209961529344
2020,9,5,4464,12.64,waiver,629448827262312448
2020,9,5,6886,11.3,waiver,621110804074545152
2020,9,5,96,28.9,trade,618586307081564160
2020,9,5,HOU,5.0,free_agent,629690252889522176
2020,9,6,1166,20.8,draft,
2020,9,6,2229,15.52,free_agent,631175098077884416
2020,9,6,3157,18.5,trade,630301209961529344
2020,9,6,3306,7.9,trade,630582949900783616
2020,9,6,3423,10.8,waiver,614485315247218688
2020,9,6,4351,10.9,waiver,623409298357182464
2020,9,6,5850,13.3,trade,630279259017162752
2020,9,6,5857,6.0,draft,
2020,9,6,7062,5.0,free_agent,619561279396323328
2020,9,6,TEN,16.0,free_agent,629689317131898880
2020,9,7,1234,24.1,draft,
2020,9,7,1466,20.9,draft,
2020,9,7,1945,7.0,free_agent,622423014897717248
2020,9,7,1992,11.6,draft,
2020,9,7,2374,6.0,draft,
2020,9,7,4137,3.0,draft,
2020,9,7,4881,18.6,draft,
2020,9,7,6790,11.2,trade,614514038273052672
2020,9,7,6996,2.3,waiver,624134570635235328
2020,9,7,KC,2.0,free_agent,624608477842616320
2020,9,8,2152,28.3,draft,
2020,9,8,3321,28.6,trade,613804911909515264
2020,9,8,367,2.0,waiver,629490104855015424
2020,9,8,4046,31.48,draft,
2020,9,8,4227,10.0,draft,
2020,9,8,5892,3.7,trade,613804911909515264
2020,9,8,6806,4.5,trade,614479699074195456
2020,9,8,6820,10.9,trade,622836217410560000
2020,9,8,947,13.9,trade,613804911909515264
2020,9,8,CHI,4.0,free_agent,622763409804472320
2020,9,9,1479,20.8,draft,
2020,9,9,2118,9.7,free_agent,629725667365330944
2020,9,9,2315,12.5,draft,
2020,9,9,2391,1.6,draft,
2020,9,9,4035,13.4,draft,
2020,9,9,5927,21.0,draft,
2020,9,9,6528,8.0,free_agent,617485278252199936
2020,9,9,6768,21.42,trade,630118785587712000
2020,9,9,954,24.56,draft,
2020,9,9,LAC,3.0,free_agent,631261639827808256
2020,9,10,167,5.36,draft,
2020,9,10,2168,0.0,trade,623026702737547264
2020,9,10,2216,8.4,trade,630118785587712000
2020,9,10,3678,8.0,waiver,624258712281903104
2020,9,10,4036,0.0,waiver,611721862178820096
2020,9,10,4973,9.7,trade,630118785587712000
2020,9,10,5131,0.0,waiver,609194643615178752
2020,9,10,5846,20.3,draft,
2020,9,10,5849,37.92,draft,
2020,9,10,BAL,15.0,draft,
2020,9,11,1476,5.2,free_agent,617202863264849920
2020,9,11,24,23.36,draft,
2020,9,11,2449,16.3,draft,
2020,9,11,4017,24.24,draft,
2020,9,11,4037,5.6,trade,627695699999473664
2020,9,11,4199,10.4,draft,
2020,9,11,5012,3.7,draft,
2020,9,11,6130,4.9,trade,630018205439578112
2020,9,11,7042,15.0,free_agent,621178577316282368
2020,9,11,CAR,4.0,free_agent,627614873517367296
2020,9,12,1110,0.0,draft,
2020,9,12,1825,0.0,draft,
2020,9,12,232,6.9,free_agent,612083944732573696
2020,9,12,289,22.68,draft,
2020,9,12,4066,13.3,draft,
2020,9,12,421,10.44,draft,
2020,9,12,49,5.0,draft,
2020,9,12,5844,12.4,draft,
2020,9,12,6151,0.0,draft,
2020,9,12,NE,3.0,draft,
2020,10,1,1352,6.1,draft,
2020,10,1,17,16.0,free_agent,624623125023252480
2020,10,1,2133,14.6,draft,
2020,10,1,2431,6.4,trade,630094669551849472
2020,10,1,3163,10.48,draft,
2020,10,1,515,12.1,trade,624638485252354048
2020,10,1,6770,12.52,draft,
2020,10,1,6945,20.5,trade,622836217410560000
2020,10,1,6955,12.2,free_agent,608835884002975744
2020,10,1,PHI,3.0,free_agent,632208653537050624
2020,10,2,1287,4.0,free_agent,632989927327510528
2020,10,2,2161,5.1,trade,630110617579098112
2020,10,2,2505,5.2,draft,
2020,10,2,4983,17.6,draft,
2020,10,2,4984,28.86,draft,
2020,10,2,4988,18.6,trade,613804911909515264
2020,10,2,536,10.1,free_agent,624640888420790272
2020,10,2,5870,22.16,draft,
2020,10,2,5937,20.6,draft,
2020,10,2,WAS,0.0,free_agent,632613527273701376
2020,10,3,1049,10.78,draft,
2020,10,3,138,29.32,draft,
2020,10,3,1426,22.2,draft,
2020,10,3,1433,8.0,free_agent,632272332412506112
2020,10,3,2320,4.6,draft,
2020,10,3,3198,11.4,draft,
2020,10,3,4039,7.5,draft,
2020,10,3,5859,2.6,draft,
2020,10,3,616,0.0,waiver,631911824245194752
2020,10,3,PIT,13.0,draft,
2020,10,4,3202,1.6,waiver,632149149118189568
2020,10,4,3969,4.0,trade,632476507142430720
2020,10,4,4029,13.2,draft,
2020,10,4,4040,18.2,trade,632476507142430720
2020,10,4,4068,4.8,free_agent,629634904740700160
2020,10,4,4892,5.38,draft,
2020,10,4,5119,14.0,waiver,632133135831728128
2020,10,4,6059,1.3,waiver,621940530732945408
2020,10,4,6797,21.48,waiver,614297856626503680
2020,10,4,TB,5.0,free_agent,632165816665735168
2020,10,5,1264,5.0,draft,
2020,10,5,1689,18.3,trade,632476507142430720
2020,10,5,2197,6.9,trade,630301209961529344
2020,10,5,268,16.0,waiver,632033519534698496
2020,10,5,3200,7.7,trade,632476507142430720
2020,10,5,3242,9.4,trade,618586307081564160
2020,10,5,5000,9.2,trade,632476507142430720
2020,10,5,5022,5.3,trade,630301209961529344
2020,10,5,96,26.4,trade,618586307081564160
2020,10,5,LV,18.0,free_agent,632622425477033984
2020,10,6,1099,4.0,free_agent,632225360259424256
2020,10,6,1166,18.58,draft,
2020,10,6,3157,6.3,trade,630301209961529344
2020,10,6,3161,8.72,trade,618586307081564160
2020,10,6,3423,4.1,waiver,614485315247218688
2020,10,6,4098,14.7,trade,622903041934295040
2020,10,6,5850,27.6,trade,630279259017162752
2020,10,6,5857,3.3,draft,
2020,10,6,5916,9.8,waiver,614333595380715520
2020,10,6,MIN,9.0,free_agent,632223196971597824
2020,10,7,1234,11.92,draft,
2020,10,7,1992,7.3,draft,
2020,10,7,2374,9.1,draft,
2020,10,7,4137,5.8,draft,
2020,10,7,4602,4.8,waiver,632288504524677120
2020,10,7,4881,22.46,draft,
2020,10,7,5095,15.0,free_agent,633524094712745984
2020,10,7,6783,8.8,draft,
2020,10,7,6790,23.4,trade,614514038273052672
2020,10,7,NO,12.0,waiver,631990436017274880
2020,10,8,2028,7.16,trade,613804911909515264
2020,10,8,2152,20.04,draft,
2020,10,8,367,0.0,waiver,629490104855015424
2020,10,8,4149,7.0,waiver,627075160301727744
2020,10,8,4171,13.4,free_agent,633421584928956416
2020,10,8,4233,16.0,free_agent,632445121698291712
2020,10,8,5170,0.2,waiver,616703918004604928
2020,10,8,538,1.0,waiver,632445772171919360
2020,10,8,6806,1.9,trade,614479699074195456
2020,10,8,CHI,14.0,free_agent,622763409804472320
2020,10,9,1479,11.4,draft,
2020,10,9,2118,4.8,free_agent,629725667365330944
2020,10,9,2382,5.4,waiver,631941354246758400
2020,10,9,4035,31.3,draft,
2020,10,9,5927,13.7,draft,
2020,10,9,6528,6.0,free_agent,617485278252199936
2020,10,9,6768,14.66,trade,630118785587712000
2020,10,9,6803,16.2,trade,630118785587712000
2020,10,9,954,16.82,draft,
2020,10,9,TEN,0.0,free_agent,632661835266461696
2020,10,10,1386,6.7,free_agent,625518844626182144
2020,10,10,167,31.84,draft,
2020,10,10,2216,16.7,trade,630118785587712000
2020,10,10,2251,8.6,free_agent,632617163592642560
2020,10,10,3678,10.0,waiver,624258712281903104
2020,10,10,4950,4.7,waiver,631292143364939776
2020,10,10,5163,2.3,free_agent,633762967883808768
2020,10,10,5846,3.8,draft,
2020,10,10,5849,30.9,draft,
2020,10,10,BAL,1.0,draft,
2020,10,11,2238,10.2,draft,
2020,10,11,2449,20.3,draft,
2020,10,11,3225,7.1,draft,
2020,10,11,4017,14.12,draft,
2020,10,11,4037,12.2,trade,627695699999473664
2020,10,11,4199,12.0,draft,
2020,10,11,5012,9.6,draft,
2020,10,11,6130,1.5,trade,630018205439578112
2020,10,11,7042,18.0,free_agent,621178577316282368
2020,10,11,CAR,2.0,free_agent,627614873517367296
2020,10,12,1110,6.0,draft,
2020,10,12,1825,4.4,draft,
2020,10,12,232,0.0,free_agent,612083944732573696
2020,10,12,289,6.94,draft,
2020,10,12,4066,2.5,draft,
2020,10,12,421,23.04,draft,
2020,10,12,49,8.0,draft,
2020,10,12,5844,2.3,draft,
2020,10,12,6151,12.5,draft,
2020,10,12,NE,5.0,draft,
2020,11,1,1352,24.6,draft,
2020,11,1,17,0.0,free_agent,624623125023252480
2020,11,1,2133,20.1,draft,
2020,11,1,2431,14.9,trade,630094669551849472
2020,11,1,3163,25.04,draft,
2020,11,1,515,3.5,trade,624638485252354048
2020,11,1,6770,11.32,draft,
2020,11,1,6945,16.9,trade,622836217410560000
2020,11,1,6955,10.4,free_agent,608835884002975744
2020,11,1,MIA,6.0,waiver,634561417097338880
2020,11,2,1945,11.0,free_agent,634781174962655232
2020,11,2,2505,18.3,draft,
2020,11,2,3164,18.4,commissioner,630879149006868480
2020,11,2,4983,18.3,draft,
2020,11,2,4988,11.4,trade,613804911909515264
2020,11,2,536,9.8,free_agent,624640888420790272
2020,11,2,5937,17.1,draft,
2020,11,2,6794,16.1,waiver,616884977270865920
2020,11,2,829,19.82,waiver,630124258512678912
2020,11,2,CLE,22.0,waiver,634488836801523712
2020,11,3,1049,22.86,draft,
2020,11,3,138,17.68,draft,
2020,11,3,1426,7.6,draft,
2020,11,3,3198,19.7,draft,
2020,11,3,3271,4.0,free_agent,634805429242798080
2020,11,3,391,6.0,waiver,634548438985412608
2020,11,3,4039,20.0,draft,
2020,11,3,5947,5.3,waiver,631997917690957824
2020,11,3,6820,20.2,trade,635294057526124544
2020,11,3,PIT,18.0,draft,
2020,11,4,3321,21.5,trade,635266145632489472
2020,11,4,3969,9.1,trade,632476507142430720
2020,11,4,4381,24.22,waiver,634677576299778048
2020,11,4,4666,13.0,waiver,621942108151951360
2020,11,4,4993,6.3,trade,635266145632489472
2020,11,4,4994,10.6,waiver,634677288667029504
2020,11,4,5000,12.9,trade,635313270324064256
2020,11,4,6797,27.74,waiver,614297856626503680
2020,11,4,947,4.9,trade,635266145632489472
2020,11,4,TB,4.0,free_agent,632165816665735168
2020,11,5,1264,10.0,draft,
2020,11,5,1408,10.1,draft,
2020,11,5,1689,28.3,trade,632476507142430720
2020,11,5,3214,12.8,trade,634532168697184256
2020,11,5,3242,14.0,trade,618586307081564160
2020,11,5,331,22.42,trade,635313270324064256
2020,11,5,4040,3.9,trade,635313270324064256
2020,11,5,4981,11.5,draft,
2020,11,5,96,22.74,trade,618586307081564160
2020,11,5,WAS,13.0,waiver,634803221218541568
2020,11,6,167,14.64,trade,634825810246733824
2020,11,6,24,7.28,trade,634555304977178624
2020,11,6,3423,8.1,waiver,614485315247218688
2020,11,6,4098,8.6,trade,622903041934295040
2020,11,6,4227,5.0,waiver,634547168795004928
2020,11,6,4950,7.0,trade,634825810246733824
2020,11,6,5850,12.9,trade,630279259017162752
2020,11,6,5857,7.5,draft,
2020,11,6,6801,4.1,trade,618586307081564160
2020,11,6,MIN,4.0,free_agent,632223196971597824
2020,11,7,1234,20.08,draft,
2020,11,7,1466,22.86,draft,
2020,11,7,2319,15.1,draft,
2020,11,7,2374,17.2,draft,
2020,11,7,3664,8.4,waiver,631912853384835072
2020,11,7,4881,17.54,draft,
2020,11,7,5052,2.4,draft,
2020,11,7,5095,7.0,free_agent,633524094712745984
2020,11,7,6783,5.2,draft,
2020,11,7,NO,16.0,waiver,631990436017274880
2020,11,8,2028,22.6,trade,613804911909515264
2020,11,8,4029,22.5,trade,635266145632489472
2020,11,8,4046,22.52,draft,
2020,11,8,4144,10.0,trade,635266145632489472
2020,11,8,4149,8.1,waiver,627075160301727744
2020,11,8,4233,3.0,free_agent,632445121698291712
2020,11,8,5859,14.2,trade,635294057526124544
2020,11,8,6059,1.3,trade,635266145632489472
2020,11,8,6813,13.4,trade,635266145632489472
2020,11,8,LAC,9.0,waiver,634545820343042048
2020,11,9,1479,26.5,draft,
2020,11,9,2118,11.6,free_agent,629725667365330944
2020,11,9,2315,3.4,draft,
2020,11,9,2382,5.0,waiver,631941354246758400
2020,11,9,4035,10.5,draft,
2020,11,9,5927,10.9,draft,
2020,11,9,6528,10.0,free_agent,617485278252199936
2020,11,9,6768,7.32,trade,630118785587712000
2020,11,9,954,19.2,draft,
2020,11,9,IND,9.0,free_agent,634795348358946816
2020,11,10,1386,7.5,free_agent,625518844626182144
2020,11,10,2216,13.4,trade,630118785587712000
2020,11,10,3157,11.0,trade,634825810246733824
2020,11,10,3161,16.4,trade,634825810246733824
2020,11,10,3678,6.0,waiver,624258712281903104
2020,11,10,4973,0.0,trade,630118785587712000
2020,11,10,5347,6.8,waiver,634415041352900608
2020,11,10,5846,12.1,draft,
2020,11,10,5849,20.26,draft,
2020,11,10,BAL,4.0,draft,
2020,11,11,1166,22.96,trade,634555304977178624
2020,11,11,1387,2.2,trade,634555304977178624
2020,11,11,3225,13.0,draft,
2020,11,11,4017,31.36,draft,
2020,11,11,4037,14.8,trade,627695699999473664
2020,11,11,4137,11.4,trade,634557027695296512
2020,11,11,4199,15.1,draft,
2020,11,11,5012,18.1,draft,
2020,11,11,5119,10.0,trade,634536663829266432
2020,11,11,CAR,17.0,free_agent,627614873517367296
2020,11,12,1110,5.1,draft,
2020,11,12,1825,3.6,draft,
2020,11,12,232,14.1,free_agent,612083944732573696
2020,11,12,289,0.0,draft,
2020,11,12,4066,0.0,draft,
2020,11,12,421,7.62,draft,
2020,11,12,49,0.0,draft,
2020,11,12,5844,8.8,draft,
2020,11,12,6151,7.6,draft,
2020,11,12,NE,0.0,draft,
2020,12,1,1352,12.3,draft,
2020,12,1,2028,1.6,trade,637327792576483328
2020,12,1,2133,15.1,draft,
2020,12,1,2431,9.4,trade,630094669551849472
2020,12,1,2747,12.0,free_agent,638485233112543232
2020,12,1,3163,5.02,draft,
2020,12,1,515,13.6,trade,624638485252354048
2020,12,1,6945,34.1,trade,622836217410560000
2020,12,1,6955,24.4,free_agent,608835884002975744
2020,12,1,MIA,14.0,waiver,634561417097338880
2020,12,2,2505,4.3,draft,
2020,12,2,3161,19.8,trade,637701379435192320
2020,12,2,3164,2.4,commissioner,630879149006868480
2020,12,2,4983,8.1,draft,
2020,12,2,4984,16.48,draft,
2020,12,2,4988,25.1,trade,613804911909515264
2020,12,2,5937,8.6,draft,
2020,12,2,6794,22.5,waiver,616884977270865920
2020,12,2,7062,2.0,waiver,636958047410946048
2020,12,2,LAR,18.0,waiver,634498284802613248
2020,12,3,1049,19.14,draft,
2020,12,3,138,13.54,draft,
2020,12,3,1426,8.0,draft,
2020,12,3,3198,37.5,draft,
2020,12,3,391,6.0,waiver,634548438985412608
2020,12,3,4039,5.1,draft,
2020,12,3,5947,7.7,waiver,631997917690957824
2020,12,3,6820,4.4,trade,635294057526124544
2020,12,3,943,10.3,free_agent,638510491135729664
2020,12,3,PIT,14.0,draft,
2020,12,4,3321,51.4,trade,635266145632489472
2020,12,4,3969,3.5,trade,632476507142430720
2020,12,4,4068,4.1,free_agent,629634904740700160
2020,12,4,4098,6.2,trade,638300583161311232
2020,12,4,4381,18.52,waiver,634677576299778048
2020,12,4,4666,21.0,waiver,621942108151951360
2020,12,4,5001,4.9,waiver,636941443226767360
2020,12,4,5068,9.8,free_agent,637736293727670272
2020,12,4,6797,17.44,waiver,614297856626503680
2020,12,4,GB,16.0,free_agent,635794308586348544
2020,12,5,1264,2.0,draft,
2020,12,5,3214,10.2,trade,634532168697184256
2020,12,5,3242,22.8,trade,618586307081564160
2020,12,5,331,18.8,trade,635313270324064256
2020,12,5,4040,13.7,trade,635313270324064256
2020,12,5,4981,14.0,draft,
2020,12,5,5892,22.8,trade,635313270324064256
2020,12,5,6886,8.2,waiver,621110804074545152
2020,12,5,96,25.64,trade,618586307081564160
2020,12,5,NYG,11.0,free_agent,637792016029315072
2020,12,6,167,23.7,trade,634825810246733824
2020,12,6,1848,14.2,waiver,637074221587075072
2020,12,6,24,14.9,trade,634555304977178624
2020,12,6,3423,17.4,waiver,614485315247218688
2020,12,6,4227,9.0,waiver,634547168795004928
2020,12,6,5850,3.9,trade,630279259017162752
2020,12,6,5857,1.8,draft,
2020,12,6,5859,23.8,trade,638300583161311232
2020,12,6,6819,3.8,trade,638300583161311232
2020,12,6,CLE,1.0,trade,637064131458957312
2020,12,7,1234,14.4,draft,
2020,12,7,1466,12.2,draft,
2020,12,7,1992,23.4,draft,
2020,12,7,2374,3.8,draft,
2020,12,7,2449,7.4,trade,634557027695296512
2020,12,7,333,19.28,free_agent,638490385043243008
2020,12,7,3664,3.7,waiver,631912853384835072
2020,12,7,5095,6.0,free_agent,633524094712745984
2020,12,7,5248,7.0,trade,637323859992875008
2020,12,7,NO,14.0,waiver,631990436017274880
2020,12,8,4029,8.2,trade,635266145632489472
2020,12,8,4046,31.28,draft,
2020,12,8,4144,0.0,trade,635266145632489472
2020,12,8,4149,13.3,waiver,627075160301727744
2020,12,8,4233,6.0,free_agent,632445121698291712
2020,12,8,4892,18.42,trade,635266145632489472
2020,12,8,5872,18.8,draft,
2020,12,8,5890,4.7,trade,637327792576483328
2020,12,8,6059,2.6,trade,635266145632489472
2020,12,8,LAC,10.0,waiver,634545820343042048
2020,12,9,1479,14.0,draft,
2020,12,9,2118,8.9,free_agent,629725667365330944
2020,12,9,2152,14.88,trade,635269552992768000
2020,12,9,2749,9.3,draft,
2020,12,9,4035,5.7,draft,
2020,12,9,5927,12.7,draft,
2020,12,9,7042,11.0,trade,638477294016532480
2020,12,9,7210,-0.78,trade,638661979694804992
2020,12,9,954,5.96,draft,
2020,12,9,IND,-3.0,free_agent,634795348358946816
2020,12,10,2216,18.5,trade,630118785587712000
2020,12,10,3157,32.1,trade,634825810246733824
2020,12,10,3678,8.0,waiver,624258712281903104
2020,12,10,4602,15.2,free_agent,638585836643876864
2020,12,10,4663,18.4,draft,
2020,12,10,5347,13.5,waiver,634415041352900608
2020,12,10,5846,22.7,draft,
2020,12,10,5849,8.9,draft,
2020,12,10,5870,10.42,trade,637701379435192320
2020,12,10,SEA,9.0,free_agent,638246582571053056
2020,12,11,1166,26.18,trade,634555304977178624
2020,12,11,3225,3.0,draft,
2020,12,11,4017,33.12,draft,
2020,12,11,4037,13.7,trade,627695699999473664
2020,12,11,4150,16.6,trade,634443714349039616
2020,12,11,4199,9.5,draft,
2020,12,11,4455,4.3,trade,638663284970586112
2020,12,11,5119,12.0,trade,634536663829266432
2020,12,11,616,4.7,free_agent,638861487838130176
2020,12,11,CAR,20.0,free_agent,627614873517367296
2020,12,12,1110,16.1,draft,
2020,12,12,1825,24.3,draft,
2020,12,12,232,10.1,free_agent,612083944732573696
2020,12,12,289,0.0,draft,
2020,12,12,4066,13.9,draft,
2020,12,12,421,17.1,draft,
2020,12,12,49,14.0,draft,
2020,12,12,5844,11.4,draft,
2020,12,12,6151,5.2,draft,
2020,12,12,NE,5.0,draft,
2020,13,1,1352,13.5,draft,
2020,13,1,2028,32.74,trade,637327792576483328
2020,13,1,2133,29.1,draft,
2020,13,1,2747,4.0,free_agent,638485233112543232
2020,13,1,3163,24.14,draft,
2020,13,1,4951,5.1,trade,634560137415192576
2020,13,1,4973,1.4,waiver,640015718842314752
2020,13,1,6945,1.4,trade,622836217410560000
2020,13,1,6955,19.8,free_agent,608835884002975744
2020,13,1,MIA,14.0,waiver,634561417097338880
2020,13,2,2331,2.7,free_agent,640644896583147520
2020,13,2,2505,38.5,draft,
2020,13,2,3161,4.96,trade,637701379435192320
2020,13,2,3164,11.5,commissioner,630879149006868480
2020,13,2,4984,30.1,draft,
2020,13,2,4988,17.1,trade,613804911909515264
2020,13,2,5937,17.1,draft,
2020,13,2,6794,22.8,waiver,616884977270865920
2020,13,2,7062,7.0,waiver,636958047410946048
2020,13,2,LAR,12.0,waiver,634498284802613248
2020,13,3,1049,28.56,draft,
2020,13,3,138,19.2,draft,
2020,13,3,1426,15.2,draft,
2020,13,3,3198,5.4,draft,
2020,13,3,4039,11.3,draft,
2020,13,3,5947,2.5,waiver,631997917690957824
2020,13,3,6820,0.0,trade,635294057526124544
2020,13,3,899,6.0,waiver,640047945550528512
2020,13,3,943,0.0,free_agent,638510491135729664
2020,13,3,PIT,4.0,draft,
2020,13,4,2257,2.6,waiver,640116564347133952
2020,13,4,3321,11.8,trade,635266145632489472
2020,13,4,4068,6.3,free_agent,629634904740700160
2020,13,4,4098,7.2,trade,638300583161311232
2020,13,4,4381,23.58,waiver,634677576299778048
2020,13,4,4666,12.0,waiver,621942108151951360
2020,13,4,5022,9.1,trade,638557084408942592
2020,13,4,6783,1.0,trade,641127186429968384
2020,13,4,6797,6.36,waiver,614297856626503680
2020,13,4,KC,5.0,free_agent,638557485933887488
2020,13,5,1264,9.0,draft,
2020,13,5,1689,17.5,trade,632476507142430720
2020,13,5,3214,1.0,trade,634532168697184256
2020,13,5,3242,12.8,trade,618586307081564160
2020,13,5,331,19.2,trade,635313270324064256
2020,13,5,4040,6.3,trade,635313270324064256
2020,13,5,4981,13.3,draft,
2020,13,5,5892,25.1,trade,635313270324064256
2020,13,5,96,23.5,trade,618586307081564160
2020,13,5,MIN,15.0,free_agent,640137095565885440
2020,13,6,1848,1.6,waiver,637074221587075072
2020,13,6,24,12.92,trade,634555304977178624
2020,13,6,4227,17.0,waiver,634547168795004928
2020,13,6,5857,7.7,draft,
2020,13,6,5859,8.7,trade,638300583161311232
2020,13,6,6801,8.1,trade,618586307081564160
2020,13,6,6813,21.0,trade,638300583161311232
2020,13,6,6819,7.1,trade,638300583161311232
2020,13,6,954,23.56,trade,639174293992853504
2020,13,6,LV,10.0,waiver,640106785558048768
2020,13,7,1234,16.02,draft,
2020,13,7,1466,23.6,draft,
2020,13,7,1992,10.5,draft,
2020,13,7,2374,9.3,draft,
2020,13,7,2449,14.2,trade,634557027695296512
2020,13,7,3209,5.6,free_agent,638490821087289344
2020,13,7,4881,26.68,draft,
2020,13,7,5095,8.0,free_agent,633524094712745984
2020,13,7,6156,2.0,free_agent,641203547802804224
2020,13,7,NO,7.0,waiver,631990436017274880
2020,13,8,3202,3.4,free_agent,641033072401256448
2020,13,8,4029,20.9,trade,635266145632489472
2020,13,8,4046,19.32,draft,
2020,13,8,4233,4.0,free_agent,632445121698291712
2020,13,8,4892,28.96,trade,635266145632489472
2020,13,8,5872,10.6,draft,
2020,13,8,5890,10.0,trade,637327792576483328
2020,13,8,6806,13.1,trade,614479699074195456
2020,13,8,947,12.4,trade,638239930711109632
2020,13,8,LAC,-2.0,waiver,634545820343042048
2020,13,9,1479,7.3,draft,
2020,13,9,2118,10.3,free_agent,629725667365330944
2020,13,9,2315,2.5,draft,
2020,13,9,2749,4.8,draft,
2020,13,9,3976,13.28,waiver,639892107011633152
2020,13,9,4035,16.7,draft,
2020,13,9,5846,10.5,trade,640056591114215424
2020,13,9,6768,16.14,trade,630118785587712000
2020,13,9,7042,10.0,trade,638477294016532480
2020,13,9,CHI,3.0,waiver,640014717762596864
2020,13,10,2197,9.0,trade,640056591114215424
2020,13,10,2309,13.8,trade,636637254424543232
2020,13,10,3678,3.0,waiver,624258712281903104
2020,13,10,4036,29.7,waiver,611721862178820096
2020,13,10,4602,11.9,free_agent,638585836643876864
2020,13,10,4663,8.8,draft,
2020,13,10,5347,10.7,waiver,634415041352900608
2020,13,10,5849,17.42,draft,
2020,13,10,5927,2.4,trade,640056591114215424
2020,13,10,SEA,9.0,free_agent,638246582571053056
2020,13,11,1166,22.4,trade,634555304977178624
2020,13,11,2325,5.8,free_agent,627615536955613184
2020,13,11,3225,13.7,draft,
2020,13,11,4017,20.44,draft,
2020,13,11,4150,13.5,trade,634443714349039616
2020,13,11,4199,22.3,draft,
2020,13,11,5119,14.0,trade,634536663829266432
2020,13,11,5980,13.1,trade,627695699999473664
2020,13,11,616,0.0,free_agent,638861487838130176
2020,13,11,GB,10.0,waiver,640198605239595008
2020,13,12,1110,21.0,draft,
2020,13,12,1825,16.44,draft,
2020,13,12,232,0.2,free_agent,612083944732573696
2020,13,12,289,0.0,draft,
2020,13,12,4066,5.2,draft,
2020,13,12,421,27.08,draft,
2020,13,12,49,7.0,draft,
2020,13,12,5844,11.9,draft,
2020,13,12,6151,3.1,draft,
2020,13,12,NE,31.0,draft,
2021,1,1,1166,22.04,draft,
2021,1,1,3161,18.34,draft,
2021,1,1,4035,16.6,draft,
2021,1,1,4981,7.6,draft,
2021,1,1,5119,6.0,draft,
2021,1,1,5844,21.7,draft,
2021,1,1,5916,15.2,draft,
2021,1,1,6786,19.9,draft,
2021,1,1,6820,8.7,draft,
2021,1,1,BAL,4.0,draft,
2021,1,2,167,29.16,draft,
2021,1,2,3271,9.3,draft,
2021,1,2,4039,20.3,draft,
2021,1,2,4663,11.7,draft,
2021,1,2,5849,34.56,draft,
2021,1,2,5872,27.4,draft,
2021,1,2,5892,18.3,draft,
2021,1,2,6083,12.0,free_agent,741533067994402816
2021,1,2,947,4.4,draft,
2021,1,2,SF,10.0,draft,
2021,1,3,1049,15.18,draft,
2021,1,3,1266,10.0,draft,
2021,1,3,1825,16.9,draft,
2021,1,3,2306,29.62,draft,
2021,1,3,3321,31.6,draft,
2021,1,3,4988,21.1,draft,
2021,1,3,5846,14.0,draft,
2021,1,3,5857,9.2,draft,
2021,1,3,6151,15.3,draft,
2021,1,3,LAR,9.0,draft,
2021,1,4,1144,10.0,draft,
2021,1,4,3164,4.9,draft,
2021,1,4,333,0.72,draft,
2021,1,4,4144,7.3,draft,
2021,1,4,4666,6.0,draft,
2021,1,4,536,21.2,draft,
2021,1,4,6794,10.04,draft,
2021,1,4,6945,10.3,draft,
2021,1,4,7523,22.08,draft,
2021,1,4,BUF,3.0,draft,
2021,1,5,1234,27.06,draft,
2021,1,5,1264,11.0,draft,
2021,1,5,1426,23.3,draft,
2021,1,5,3198,9.2,draft,
2021,1,5,4892,13.64,draft,
2021,1,5,5012,3.5,draft,
2021,1,5,5052,-0.6,draft,
2021,1,5,5859,12.9,draft,
2021,1,5,5937,12.1,draft,
2021,1,5,HOU,8.0,draft,
2021,1,6,17,8.0,draft,
2021,1,6,4098,15.6,draft,
2021,1,6,4199,3.2,draft,
2021,1,6,4984,17.2,draft,
2021,1,6,5045,1.9,draft,
2021,1,6,5927,8.2,draft,
2021,1,6,6770,18.64,draft,
2021,1,6,7525,16.1,draft,
2021,1,6,7553,5.1,draft,
2021,1,6,CLE,1.0,draft,
2021,1,7,1992,6.5,draft,
2021,1,7,2251,10.5,draft,
2021,1,7,2309,32.4,draft,
2021,1,7,2749,2.0,draft,
2021,1,7,3294,28.42,draft,
2021,1,7,4034,23.2,draft,
2021,1,7,4037,19.0,draft,
2021,1,7,5095,11.0,draft,
2021,1,7,96,3.32,draft,
2021,1,7,DEN,9.0,draft,
2021,1,8,1466,22.6,draft,
2021,1,8,2133,8.1,draft,
2021,1,8,2431,8.7,draft,
2021,1,8,4018,23.0,draft,
2021,1,8,421,24.34,draft,
2021,1,8,4227,10.0,draft,
2021,1,8,5890,10.7,draft,
2021,1,8,6768,17.18,draft,
2021,1,8,6819,4.4,draft,
2021,1,8,LAC,6.0,draft,
2021,1,9,1479,14.5,draft,
2021,1,9,2374,24.0,draft,
2021,1,9,391,7.0,draft,
2021,1,9,4602,1.8,draft,
2021,1,9,4881,18.0,draft,
2021,1,9,5850,16.5,draft,
2021,1,9,5980,10.1,draft,
2021,1,9,7527,15.24,draft,
2021,1,9,7528,5.4,draft,
2021,1,9,PIT,18.0,draft,
2021,1,10,1352,10.9,draft,
2021,1,10,3423,12.2,draft,
2021,1,10,4046,33.28,draft,
2021,1,10,4217,9.8,draft,
2021,1,10,5870,21.38,draft,
2021,1,10,6801,13.8,draft,
2021,1,10,6813,14.6,draft,
2021,1,10,6955,6.9,draft,
2021,1,10,7042,11.0,draft,
2021,1,10,TB,2.0,draft,
2021,1,11,1689,25.7,draft,
2021,1,11,24,7.36,draft,
2021,1,11,2449,11.4,draft,
2021,1,11,2747,4.0,draft,
2021,1,11,4273,11.2,draft,
2021,1,11,4866,3.2,draft,
2021,1,11,4943,19.06,free_agent,741679300507533312
2021,1,11,515,25.0,draft,
2021,1,11,6790,20.4,draft,
2021,1,11,NE,5.0,draft,
2021,1,12,2216,3.9,draft,
2021,1,12,2505,21.5,draft,
2021,1,12,4029,17.4,draft,
2021,1,12,4983,12.4,draft,
2021,1,12,5000,12.6,draft,
2021,1,12,5848,16.4,draft,
2021,1,12,6797,14.38,draft,
2021,1,12,6904,28.76,draft,
2021,1,12,7062,4.0,draft,
2021,1,12,WAS,6.0,draft,
2021,2,1,1166,25.26,draft,
2021,2,1,3161,18.58,draft,
2021,2,1,4035,5.0,draft,
2021,2,1,4981,15.8,draft,
2021,2,1,5119,0.0,draft,
2021,2,1,5844,16.6,draft,
2021,2,1,5916,15.7,draft,
2021,2,1,6786,13.4,draft,
2021,2,1,6820,2.6,draft,
2021,2,1,NYG,2.0,free_agent,743766177909727232
2021,2,2,167,29.64,draft,
2021,2,2,3271,1.3,draft,
2021,2,2,4039,32.3,draft,
2021,2,2,4199,38.5,trade,743984921709776896
2021,2,2,4663,18.0,draft,
2021,2,2,5849,35.1,draft,
2021,2,2,5872,13.1,draft,
2021,2,2,6083,9.0,free_agent,741533067994402816
2021,2,2,947,15.8,draft,
2021,2,2,SF,9.0,draft,
2021,2,3,1049,14.58,draft,
2021,2,3,1266,10.0,draft,
2021,2,3,1825,1.4,draft,
2021,2,3,2306,10.34,draft,
2021,2,3,3321,4.4,draft,
2021,2,3,4988,16.3,draft,
2021,2,3,5846,8.3,draft,
2021,2,3,5857,11.3,draft,
2021,2,3,6151,6.4,draft,
2021,2,3,LAR,8.0,draft,
2021,2,4,2133,16.1,trade,743651920912244736
2021,2,4,3163,19.44,waiver,743698619617648640
2021,2,4,3164,16.7,draft,
2021,2,4,4068,18.6,draft,
2021,2,4,4144,4.8,draft,
2021,2,4,4666,5.0,draft,
2021,2,4,536,2.2,draft,
2021,2,4,7523,8.82,draft,
2021,2,4,7588,7.9,draft,
2021,2,4,ARI,3.0,waiver,743700138505129984
2021,2,5,1234,23.32,draft,
2021,2,5,1264,7.0,draft,
2021,2,5,1426,13.4,draft,
2021,2,5,3198,44.7,draft,
2021,2,5,3969,9.6,draft,
2021,2,5,4892,18.52,draft,
2021,2,5,5012,8.2,draft,
2021,2,5,5859,5.8,draft,
2021,2,5,5937,15.0,draft,
2021,2,5,CHI,21.0,free_agent,743903010098401280
2021,2,6,17,12.0,draft,
2021,2,6,4098,5.8,draft,
2021,2,6,4984,17.66,draft,
2021,2,6,5892,9.4,trade,743984921709776896
2021,2,6,5927,22.2,draft,
2021,2,6,6770,13.28,draft,
2021,2,6,7525,2.6,draft,
2021,2,6,7553,9.8,draft,
2021,2,6,7561,6.3,trade,743984921709776896
2021,2,6,CLE,5.0,draft,
2021,2,7,1992,9.4,draft,
2021,2,7,2251,7.0,draft,
2021,2,7,2309,3.9,draft,
2021,2,7,3294,8.48,draft,
2021,2,7,4034,22.2,draft,
2021,2,7,4037,14.2,draft,
2021,2,7,4149,5.2,draft,
2021,2,7,5095,17.0,draft,
2021,2,7,96,26.8,draft,
2021,2,7,DEN,9.0,draft,
2021,2,8,1466,20.4,draft,
2021,2,8,4018,7.6,draft,
2021,2,8,421,18.22,draft,
2021,2,8,4227,5.0,draft,
2021,2,8,4951,2.4,draft,
2021,2,8,5890,12.9,draft,
2021,2,8,6768,0.52,draft,
2021,2,8,6794,15.5,trade,743651920912244736
2021,2,8,6945,8.3,trade,743651920912244736
2021,2,8,NO,6.0,waiver,743668218027175936
2021,2,9,1479,12.8,draft,
2021,2,9,2374,27.8,draft,
2021,2,9,391,5.0,draft,
2021,2,9,4881,34.26,draft,
2021,2,9,5045,20.4,trade,743966045445992448
2021,2,9,5980,6.6,draft,
2021,2,9,6826,0.5,free_agent,743906768123502592
2021,2,9,7527,7.44,draft,
2021,2,9,7528,16.6,draft,
2021,2,9,PIT,3.0,draft,
2021,2,10,1352,9.5,draft,
2021,2,10,4046,25.02,draft,
2021,2,10,4217,3.7,draft,
2021,2,10,5870,29.46,draft,
2021,2,10,6130,16.1,draft,
2021,2,10,6801,13.0,draft,
2021,2,10,6813,5.8,draft,
2021,2,10,6955,7.9,draft,
2021,2,10,7042,5.0,draft,
2021,2,10,TB,19.0,draft,
2021,2,11,138,14.8,free_agent,743856902483623936
2021,2,11,1689,12.9,draft,
2021,2,11,2449,14.0,draft,
2021,2,11,2747,5.0,draft,
2021,2,11,4273,15.1,draft,
2021,2,11,4866,7.9,draft,
2021,2,11,4943,19.9,free_agent,741679300507533312
2021,2,11,515,17.9,draft,
2021,2,11,6790,9.8,draft,
2021,2,11,NE,19.0,draft,
2021,2,12,2216,22.0,draft,
2021,2,12,2505,9.0,draft,
2021,2,12,4029,15.8,draft,
2021,2,12,4950,8.0,waiver,743359644260528128
2021,2,12,4983,17.9,draft,
2021,2,12,5000,10.0,draft,
2021,2,12,6797,16.72,draft,
2021,2,12,6904,21.8,draft,
2021,2,12,7062,12.0,draft,
2021,2,12,WAS,3.0,draft,
2021,3,1,1166,25.12,draft,
2021,3,1,3161,7.76,draft,
2021,3,1,4035,19.3,draft,
2021,3,1,4981,10.1,draft,
2021,3,1,5844,2.0,draft,
2021,3,1,650,8.0,waiver,746087189099716608
2021,3,1,6786,8.0,draft,
2021,3,1,6820,15.9,draft,
2021,3,1,7098,2.2,trade,742822364265840640
2021,3,1,NYG,7.0,free_agent,743766177909727232
2021,3,2,167,28.68,draft,
2021,3,2,3271,12.5,draft,
2021,3,2,4039,26.1,draft,
2021,3,2,4199,16.6,trade,743984921709776896
2021,3,2,4663,19.7,draft,
2021,3,2,5849,19.54,draft,
2021,3,2,5872,7.7,draft,
2021,3,2,6083,11.0,free_agent,741533067994402816
2021,3,2,947,6.2,draft,
2021,3,2,BAL,3.0,waiver,746197528793477120
2021,3,3,1049,23.48,draft,
2021,3,3,1266,4.0,draft,
2021,3,3,2306,13.52,draft,
2021,3,3,3321,7.2,draft,
2021,3,3,4988,8.4,draft,
2021,3,3,5846,19.7,draft,
2021,3,3,5857,2.5,draft,
2021,3,3,6151,7.0,draft,
2021,3,3,7564,20.5,draft,
2021,3,3,BUF,8.0,waiver,746003091874246656
2021,3,4,2133,25.2,trade,743651920912244736
2021,3,4,2431,9.0,trade,743651920912244736
2021,3,4,3164,25.1,draft,
2021,3,4,4068,29.7,draft,
2021,3,4,4144,0.9,draft,
2021,3,4,4666,6.0,draft,
2021,3,4,7523,9.46,draft,
2021,3,4,7591,3.92,waiver,746211211552661504
2021,3,4,7601,1.4,waiver,743894395044114432
2021,3,4,ARI,21.0,waiver,743700138505129984
2021,3,5,1234,16.62,draft,
2021,3,5,1264,17.0,draft,
2021,3,5,1426,3.6,draft,
2021,3,5,2319,6.2,draft,
2021,3,5,3198,17.9,draft,
2021,3,5,3969,4.9,draft,
2021,3,5,4892,16.94,draft,
2021,3,5,5012,13.4,draft,
2021,3,5,5859,0.3,draft,
2021,3,5,LV,5.0,waiver,746070632357298176
2021,3,6,17,7.0,draft,
2021,3,6,24,15.62,free_agent,746373622163177472
2021,3,6,4040,4.0,trade,746074953257955328
2021,3,6,4984,37.22,draft,
2021,3,6,5892,6.5,trade,743984921709776896
2021,3,6,5927,8.2,draft,
2021,3,6,5987,20.1,draft,
2021,3,6,7525,4.3,draft,
2021,3,6,7553,4.5,draft,
2021,3,6,CLE,16.0,draft,
2021,3,7,1848,0.6,draft,
2021,3,7,1992,3.7,draft,
2021,3,7,2251,10.2,draft,
2021,3,7,2309,4.1,draft,
2021,3,7,3294,20.12,draft,
2021,3,7,4034,5.0,draft,
2021,3,7,4037,16.6,draft,
2021,3,7,5095,12.0,draft,
2021,3,7,96,18.54,draft,
2021,3,7,DEN,19.0,draft,
2021,3,8,1466,13.9,draft,
2021,3,8,2028,22.24,waiver,746174572046467072
2021,3,8,4018,9.9,draft,
2021,3,8,421,29.52,draft,
2021,3,8,4227,6.0,draft,
2021,3,8,5890,2.1,draft,
2021,3,8,6794,22.3,trade,743651920912244736
2021,3,8,6819,10.3,draft,
2021,3,8,6945,16.9,trade,743651920912244736
2021,3,8,NO,20.0,waiver,743668218027175936
2021,3,9,1479,15.0,draft,
2021,3,9,2374,5.1,draft,
2021,3,9,391,6.0,draft,
2021,3,9,4066,1.1,draft,
2021,3,9,4881,20.28,draft,
2021,3,9,5045,6.2,trade,743966045445992448
2021,3,9,5980,8.9,draft,
2021,3,9,6770,18.58,trade,746074953257955328
2021,3,9,7528,21.2,draft,
2021,3,9,CAR,9.0,waiver,746076177814401024
2021,3,10,1352,5.3,draft,
2021,3,10,1433,16.0,free_agent,746420114383065088
2021,3,10,4046,24.9,draft,
2021,3,10,4217,13.6,draft,
2021,3,10,5870,16.54,draft,
2021,3,10,6149,1.3,free_agent,747880526861656064
2021,3,10,6813,7.7,draft,
2021,3,10,6955,22.4,draft,
2021,3,10,7066,3.6,waiver,745974687414210560
2021,3,10,TB,1.0,draft,
2021,3,11,1348,4.0,waiver,745795379265708032
2021,3,11,1689,14.0,draft,
2021,3,11,2152,11.8,waiver,746011996033503232
2021,3,11,2449,9.2,draft,
2021,3,11,4273,15.2,draft,
2021,3,11,4866,18.4,draft,
2021,3,11,4943,25.26,free_agent,741679300507533312
2021,3,11,515,7.5,draft,
2021,3,11,6790,20.2,draft,
2021,3,11,NE,3.0,draft,
2021,3,12,2216,14.6,draft,
2021,3,12,2505,7.9,draft,
2021,3,12,4983,16.5,draft,
2021,3,12,5000,11.0,draft,
2021,3,12,6797,30.84,draft,
2021,3,12,6886,14.1,draft,
2021,3,12,6904,22.54,draft,
2021,3,12,7062,11.0,draft,
2021,3,12,7609,2.3,free_agent,747732280503640064
2021,3,12,WAS,-3.0,draft,
2021,4,1,1166,11.12,draft,
2021,4,1,2306,13.04,waiver,749112810897793024
2021,4,1,4035,12.0,draft,
2021,4,1,4981,11.5,draft,
2021,4,1,5844,6.2,draft,
2021,4,1,5916,14.1,draft,
2021,4,1,650,5.0,waiver,746087189099716608
2021,4,1,6786,2.3,draft,
2021,4,1,6820,18.4,draft,
2021,4,1,DET,4.0,free_agent,748898210147360768
2021,4,2,167,11.06,draft,
2021,4,2,2078,4.1,draft,
2021,4,2,3271,5.6,draft,
2021,4,2,4039,8.9,draft,
2021,4,2,4199,9.4,trade,743984921709776896
2021,4,2,4663,28.0,draft,
2021,4,2,5849,22.62,draft,
2021,4,2,5872,31.7,draft,
2021,4,2,6083,9.0,free_agent,741533067994402816
2021,4,2,BAL,11.0,waiver,746197528793477120
2021,4,3,1049,18.82,draft,
2021,4,3,2711,27.9,waiver,748534392938487808
2021,4,3,3321,42.1,draft,
2021,4,3,4988,11.0,draft,
2021,4,3,5272,1.0,free_agent,748897317968617472
2021,4,3,5846,14.5,draft,
2021,4,3,5857,13.6,draft,
2021,4,3,6151,6.2,draft,
2021,4,3,7564,10.7,draft,
2021,4,3,BUF,24.0,waiver,746003091874246656
2021,4,4,2133,9.4,trade,743651920912244736
2021,4,4,3164,20.3,draft,
2021,4,4,3242,0.2,waiver,749333388439179264
2021,4,4,4068,1.6,draft,
2021,4,4,4666,6.0,draft,
2021,4,4,536,9.8,draft,
2021,4,4,5906,18.2,waiver,746214330290323456
2021,4,4,7523,17.76,draft,
2021,4,4,7591,8.26,waiver,746211211552661504
2021,4,4,LAC,8.0,waiver,748807542657961984
2021,4,5,1234,22.56,draft,
2021,4,5,1264,13.0,draft,
2021,4,5,1426,8.7,draft,
2021,4,5,3198,24.7,draft,
2021,4,5,3969,15.3,draft,
2021,4,5,4892,9.3,draft,
2021,4,5,5012,9.2,draft,
2021,4,5,538,10.6,waiver,748587783907577856
2021,4,5,5937,19.7,draft,
2021,4,5,CIN,2.0,waiver,748587940581675008
2021,4,6,17,15.0,draft,
2021,4,6,24,29.02,free_agent,746373622163177472
2021,4,6,4098,15.6,draft,
2021,4,6,4984,21.02,draft,
2021,4,6,5892,22.6,trade,743984921709776896
2021,4,6,5927,27.3,draft,
2021,4,6,7525,15.7,draft,
2021,4,6,7526,4.8,draft,
2021,4,6,7553,7.0,draft,
2021,4,6,CLE,8.0,draft,
2021,4,7,1535,32.1,waiver,743717968650850304
2021,4,7,1992,7.8,draft,
2021,4,7,2197,7.2,draft,
2021,4,7,2251,0.0,draft,
2021,4,7,3294,27.02,draft,
2021,4,7,4037,7.0,draft,
2021,4,7,5095,2.0,draft,
2021,4,7,5890,3.6,trade,749071306087100416
2021,4,7,96,24.12,draft,
2021,4,7,DEN,3.0,draft,
2021,4,8,1466,4.3,draft,
2021,4,8,2028,15.44,waiver,746174572046467072
2021,4,8,2309,14.4,trade,749071306087100416
2021,4,8,4018,13.2,draft,
2021,4,8,421,20.3,draft,
2021,4,8,4227,6.0,draft,
2021,4,8,6794,17.4,trade,743651920912244736
2021,4,8,6945,14.5,trade,743651920912244736
2021,4,8,7593,8.9,draft,
2021,4,8,NO,4.0,waiver,743668218027175936
2021,4,9,1479,7.1,draft,
2021,4,9,2214,3.9,free_agent,749760807952375808
2021,4,9,2374,4.4,draft,
2021,4,9,4881,19.44,draft,
2021,4,9,5045,6.2,trade,743966045445992448
2021,4,9,5850,8.2,draft,
2021,4,9,59,9.0,free_agent,748906014472040448
2021,4,9,6770,22.32,trade,746074953257955328
2021,4,9,7528,18.1,draft,
2021,4,9,CHI,11.0,free_agent,749161689374674944
2021,4,10,1352,12.8,draft,
2021,4,10,1433,1.0,free_agent,746420114383065088
2021,4,10,4046,32.72,draft,
2021,4,10,4217,6.0,draft,
2021,4,10,5870,27.78,draft,
2021,4,10,5955,13.5,waiver,748194856869961728
2021,4,10,6130,9.1,draft,
2021,4,10,6813,18.9,draft,
2021,4,10,6955,20.1,draft,
2021,4,10,TB,10.0,draft,
2021,4,11,1689,6.1,draft,
2021,4,11,2152,6.8,waiver,746011996033503232
2021,4,11,2449,14.9,draft,
2021,4,11,4273,3.6,draft,
2021,4,11,4866,27.1,draft,
2021,4,11,4943,33.54,free_agent,741679300507533312
2021,4,11,5022,14.1,draft,
2021,4,11,6790,6.9,draft,
2021,4,11,7042,16.0,waiver,748644706233241600
2021,4,11,TEN,5.0,free_agent,750083731229970432
2021,4,12,2216,11.0,draft,
2021,4,12,2505,13.0,draft,
2021,4,12,4029,5.4,draft,
2021,4,12,4983,27.9,draft,
2021,4,12,6797,21.28,draft,
2021,4,12,6845,12.1,draft,
2021,4,12,6904,28.18,draft,
2021,4,12,7062,10.0,draft,
2021,4,12,7594,8.1,waiver,748722705091674112
2021,4,12,WAS,7.0,draft,
2021,5,1,1166,14.4,draft,
2021,5,1,4035,26.7,draft,
2021,5,1,5844,3.2,draft,
2021,5,1,5916,16.4,draft,
2021,5,1,650,16.0,waiver,746087189099716608
2021,5,1,6786,16.8,draft,
2021,5,1,6814,6.3,trade,741523086775586816
2021,5,1,6820,2.9,draft,
2021,5,1,7610,15.58,waiver,751273843041148928
2021,5,1,PIT,5.0,waiver,751276882401636352
2021,5,2,167,37.74,draft,
2021,5,2,3271,8.4,draft,
2021,5,2,4036,6.5,trade,741523086775586816
2021,5,2,4039,12.7,draft,
2021,5,2,4199,12.9,trade,743984921709776896
2021,5,2,4663,30.4,draft,
2021,5,2,5849,13.66,draft,
2021,5,2,5872,14.6,draft,
2021,5,2,6083,8.0,free_agent,741533067994402816
2021,5,2,NE,6.0,waiver,751115058444111872
2021,5,3,1049,13.98,draft,
2021,5,3,2320,5.3,draft,
2021,5,3,2711,11.92,waiver,748534392938487808
2021,5,3,3321,11.3,draft,
2021,5,3,4988,23.5,draft,
2021,5,3,5272,17.0,free_agent,748897317968617472
2021,5,3,5846,24.3,draft,
2021,5,3,5857,3.5,draft,
2021,5,3,7564,24.9,draft,
2021,5,3,LAR,7.0,draft,
2021,5,4,1144,1.0,draft,
2021,5,4,2133,32.1,trade,743651920912244736
2021,5,4,2431,11.1,trade,743651920912244736
2021,5,4,3164,24.2,draft,
2021,5,4,4068,32.5,draft,
2021,5,4,4666,11.0,draft,
2021,5,4,5906,19.2,waiver,746214330290323456
2021,5,4,7523,22.72,draft,
2021,5,4,7591,8.84,waiver,746211211552661504
2021,5,4,DAL,11.0,waiver,751307001639854080
2021,5,5,1234,10.08,draft,
2021,5,5,1264,3.0,draft,
2021,5,5,1426,17.7,draft,
2021,5,5,3163,7.12,free_agent,752584894022172672
2021,5,5,3198,31.0,draft,
2021,5,5,3969,19.0,draft,
2021,5,5,5012,36.2,draft,
2021,5,5,5859,5.3,draft,
2021,5,5,5937,14.2,draft,
2021,5,5,GB,7.0,free_agent,751442708081561600
2021,5,6,17,5.0,draft,
2021,5,6,1833,15.4,waiver,751311675587678208
2021,5,6,24,21.58,free_agent,746373622163177472
2021,5,6,4098,23.4,draft,
2021,5,6,4984,36.5,draft,
2021,5,6,5927,6.6,draft,
2021,5,6,5987,22.8,draft,
2021,5,6,7526,4.3,draft,
2021,5,6,7553,22.4,draft,
2021,5,6,CLE,2.0,draft,
2021,5,7,1535,14.9,waiver,743717968650850304
2021,5,7,3294,21.68,draft,
2021,5,7,367,3.4,free_agent,751654685903040512
2021,5,7,4037,10.5,draft,
2021,5,7,5095,3.0,draft,
2021,5,7,5848,29.0,trade,751101626156240896
2021,5,7,5890,9.8,trade,749071306087100416
2021,5,7,7594,15.9,trade,751101626156240896
2021,5,7,96,20.76,draft,
2021,5,7,DEN,4.0,draft,
2021,5,8,1466,14.7,draft,
2021,5,8,1476,4.0,waiver,749071788566278144
2021,5,8,2028,8.24,waiver,746174572046467072
2021,5,8,2309,13.5,trade,749071306087100416
2021,5,8,4018,10.0,draft,
2021,5,8,421,17.5,draft,
2021,5,8,4227,10.0,draft,
2021,5,8,6794,15.9,trade,743651920912244736
2021,5,8,6945,20.2,trade,743651920912244736
2021,5,8,NO,6.0,waiver,743668218027175936
2021,5,9,1479,10.5,draft,
2021,5,9,2214,1.7,free_agent,749760807952375808
2021,5,9,2374,8.2,draft,
2021,5,9,4881,41.88,draft,
2021,5,9,5045,21.5,trade,743966045445992448
2021,5,9,5850,14.7,draft,
2021,5,9,59,14.0,free_agent,748906014472040448
2021,5,9,6770,20.34,trade,746074953257955328
2021,5,9,7528,21.2,draft,
2021,5,9,CAR,9.0,free_agent,751485087916412928
2021,5,10,1339,1.2,free_agent,752237620595138560
2021,5,10,1352,21.0,draft,
2021,5,10,1433,7.0,free_agent,746420114383065088
2021,5,10,4046,20.98,draft,
2021,5,10,5870,4.82,draft,
2021,5,10,5955,8.6,waiver,748194856869961728
2021,5,10,6801,7.7,draft,
2021,5,10,6813,30.4,draft,
2021,5,10,6955,21.2,draft,
2021,5,10,TB,9.0,draft,
2021,5,11,1689,5.0,draft,
2021,5,11,2306,26.76,waiver,751463843804336128
2021,5,11,2449,7.9,draft,
2021,5,11,4273,0.0,draft,
2021,5,11,4866,0.9,draft,
2021,5,11,4943,9.08,free_agent,741679300507533312
2021,5,11,5001,10.9,free_agent,750135655471972352
2021,5,11,6790,19.4,draft,
2021,5,11,7042,8.0,waiver,748644706233241600
2021,5,11,ATL,6.0,free_agent,751463232270635008
2021,5,12,2197,3.8,trade,751101626156240896
2021,5,12,2216,26.3,draft,
2021,5,12,2505,6.5,draft,
2021,5,12,4983,6.3,draft,
2021,5,12,5000,2.9,draft,
2021,5,12,6797,42.82,draft,
2021,5,12,6845,10.7,draft,
2021,5,12,6904,23.92,draft,
2021,5,12,7062,6.0,draft,
2021,5,12,ARI,8.0,free_agent,751381780841558016
2021,6,1,1166,28.52,draft,
2021,6,1,138,10.86,free_agent,753976418232311808
2021,6,1,5844,11.4,draft,
2021,6,1,5916,23.7,draft,
2021,6,1,5947,8.9,draft,
2021,6,1,650,3.0,waiver,746087189099716608
2021,6,1,6786,31.6,draft,
2021,6,1,6814,8.4,trade,741523086775586816
2021,6,1,7098,0.0,trade,742822364265840640
2021,6,1,PIT,11.0,waiver,751276882401636352
2021,6,2,1110,10.0,free_agent,755328082155606016
2021,6,2,1144,18.3,free_agent,755863311077232640
2021,6,2,167,18.98,draft,
2021,6,2,3271,6.1,draft,
2021,6,2,4039,29.5,draft,
2021,6,2,4199,19.0,trade,743984921709776896
2021,6,2,4663,7.5,draft,
2021,6,2,5849,25.76,draft,
2021,6,2,6083,8.0,free_agent,741533067994402816
2021,6,2,NE,5.0,waiver,751115058444111872
2021,6,3,1049,13.94,draft,
2021,6,3,2161,2.0,free_agent,753970486307917824
2021,6,3,2320,8.8,draft,
2021,6,3,2711,10.28,waiver,748534392938487808
2021,6,3,3321,18.1,draft,
2021,6,3,5272,10.0,free_agent,748897317968617472
2021,6,3,5846,8.8,draft,
2021,6,3,5857,20.2,draft,
2021,6,3,7564,11.7,draft,
2021,6,3,LAR,18.0,draft,
2021,6,4,2133,10.9,trade,743651920912244736
2021,6,4,3164,15.4,draft,
2021,6,4,391,4.0,free_agent,754043801479266304
2021,6,4,4068,3.7,draft,
2021,6,4,536,19.8,draft,
2021,6,4,5906,6.0,waiver,746214330290323456
2021,6,4,7523,15.86,draft,
2021,6,4,7591,14.26,waiver,746211211552661504
2021,6,4,7608,18.2,waiver,751305227222806528
2021,6,4,IND,16.0,free_agent,751627576518270976
2021,6,5,1264,12.0,draft,
2021,6,5,1426,19.0,draft,
2021,6,5,3161,17.02,waiver,753603359784677376
2021,6,5,3198,34.6,draft,
2021,6,5,3969,27.7,draft,
2021,6,5,4892,13.16,draft,
2021,6,5,5012,15.3,draft,
2021,6,5,538,11.6,waiver,748587783907577856
2021,6,5,5937,14.1,draft,
2021,6,5,GB,7.0,free_agent,751442708081561600
2021,6,6,1373,10.26,waiver,753503315261882368
2021,6,6,17,15.0,draft,
2021,6,6,4098,9.3,draft,
2021,6,6,4531,13.8,waiver,753502947002044416
2021,6,6,4984,29.72,draft,
2021,6,6,5927,4.8,draft,
2021,6,6,5987,1.0,draft,
2021,6,6,7525,4.1,draft,
2021,6,6,7526,24.0,draft,
2021,6,6,CLE,0.0,draft,
2021,6,7,1992,7.3,draft,
2021,6,7,3294,27.8,draft,
2021,6,7,367,10.5,free_agent,751654685903040512
2021,6,7,4037,6.8,draft,
2021,6,7,5095,12.0,draft,
2021,6,7,5848,5.5,trade,751101626156240896
2021,6,7,5890,17.3,trade,749071306087100416
2021,6,7,7594,13.0,trade,751101626156240896
2021,6,7,96,23.7,draft,
2021,6,7,DEN,1.0,draft,
2021,6,8,1466,13.9,draft,
2021,6,8,2028,21.54,waiver,746174572046467072
2021,6,8,2309,8.0,trade,749071306087100416
2021,6,8,4018,23.8,draft,
2021,6,8,421,26.24,draft,
2021,6,8,4227,9.0,draft,
2021,6,8,5549,22.4,waiver,753745169517494272
2021,6,8,6794,10.0,trade,743651920912244736
2021,6,8,6945,3.4,trade,743651920912244736
2021,6,8,MIA,5.0,waiver,753743815113846784
2021,6,9,1479,7.5,draft,
2021,6,9,2374,4.5,draft,
2021,6,9,4066,3.9,draft,
2021,6,9,4881,13.78,draft,
2021,6,9,5850,14.7,draft,
2021,6,9,59,6.0,free_agent,748906014472040448
2021,6,9,6770,23.84,trade,746074953257955328
2021,6,9,6819,4.8,trade,753627464491757568
2021,6,9,7528,21.7,draft,
2021,6,9,CAR,12.0,free_agent,751485087916412928
2021,6,10,1339,10.9,free_agent,752237620595138560
2021,6,10,1352,10.1,draft,
2021,6,10,1433,6.0,free_agent,746420114383065088
2021,6,10,4046,24.98,draft,
2021,6,10,5870,7.08,draft,
2021,6,10,6801,5.9,draft,
2021,6,10,6813,28.3,draft,
2021,6,10,6955,17.6,draft,
2021,6,10,7606,5.1,free_agent,749402373411192832
2021,6,10,TB,4.0,draft,
2021,6,11,1689,24.3,draft,
2021,6,11,2449,19.4,draft,
2021,6,11,3163,9.18,waiver,754064499417407488
2021,6,11,3209,8.9,waiver,753736415472365568
2021,6,11,4137,7.6,draft,
2021,6,11,4943,16.08,free_agent,741679300507533312
2021,6,11,5001,10.4,free_agent,750135655471972352
2021,6,11,6790,15.2,draft,
2021,6,11,7042,13.0,waiver,748644706233241600
2021,6,11,CIN,7.0,waiver,753042581759582208
2021,6,12,1945,13.0,free_agent,754765642233704448
2021,6,12,2216,3.7,draft,
2021,6,12,2505,8.4,draft,
2021,6,12,4029,21.3,draft,
2021,6,12,4983,8.4,draft,
2021,6,12,6797,12.0,draft,
2021,6,12,6845,4.9,draft,
2021,6,12,6886,2.7,draft,
2021,6,12,6904,26.0,draft,
2021,6,12,ARI,14.0,free_agent,751381780841558016
2021,7,1,4035,28.9,draft,
2021,7,1,4981,10.6,draft,
2021,7,1,5844,7.8,draft,
2021,7,1,5916,7.9,draft,
2021,7,1,5947,6.9,draft,
2021,7,1,650,13.0,waiver,746087189099716608
2021,7,1,6768,28.54,trade,755662581234155520
2021,7,1,6853,12.3,waiver,756146360717279232
2021,7,1,6989,4.7,waiver,756145852174729216
2021,7,1,DEN,4.0,waiver,756629132791689216
2021,7,2,2168,11.4,free_agent,757312472494469120
2021,7,2,4036,12.7,trade,741523086775586816
2021,7,2,4039,32.6,draft,
2021,7,2,4046,8.74,trade,755851395596410880
2021,7,2,4199,6.4,trade,743984921709776896
2021,7,2,4602,14.3,free_agent,758012796880445440
2021,7,2,5849,22.44,draft,
2021,7,2,6083,9.0,free_agent,741533067994402816
2021,7,2,6819,18.5,trade,755918670630412288
2021,7,2,NE,13.0,waiver,751115058444111872
2021,7,3,1049,20.4,draft,
2021,7,3,2711,21.22,waiver,748534392938487808
2021,7,3,3321,9.7,draft,
2021,7,3,3664,7.6,waiver,748898496006000640
2021,7,3,391,8.0,waiver,756155246094450688
2021,7,3,5846,16.6,draft,
2021,7,3,5857,6.4,draft,
2021,7,3,7564,30.1,draft,
2021,7,3,7609,4.9,waiver,756155797339242496
2021,7,3,LAR,7.0,draft,
2021,7,4,2133,16.6,trade,743651920912244736
2021,7,4,2431,1.0,trade,743651920912244736
2021,7,4,4666,12.0,draft,
2021,7,4,6694,23.8,free_agent,754855939416403968
2021,7,4,6770,27.64,trade,755920273743695872
2021,7,4,6826,6.8,waiver,756385002895360000
2021,7,4,7591,4.16,waiver,746211211552661504
2021,7,4,7608,15.8,waiver,751305227222806528
2021,7,4,947,4.8,trade,755920273743695872
2021,7,4,IND,13.0,free_agent,751627576518270976
2021,7,5,1264,6.0,draft,
2021,7,5,1426,14.8,draft,
2021,7,5,3161,20.3,waiver,753603359784677376
2021,7,5,3163,13.02,waiver,756561632313987072
2021,7,5,3198,15.4,draft,
2021,7,5,3214,9.3,draft,
2021,7,5,3969,16.0,draft,
2021,7,5,5012,6.3,draft,
2021,7,5,5859,23.3,draft,
2021,7,5,GB,18.0,free_agent,751442708081561600
2021,7,6,1373,11.88,waiver,753503315261882368
2021,7,6,17,7.0,draft,
2021,7,6,2374,2.2,trade,755903211134644224
2021,7,6,24,18.44,free_agent,746373622163177472
2021,7,6,5850,14.3,trade,755903211134644224
2021,7,6,7525,8.6,draft,
2021,7,6,7526,11.8,draft,
2021,7,6,7553,19.8,draft,
2021,7,6,7561,16.7,trade,743984921709776896
2021,7,6,CLE,5.0,draft,
2021,7,7,1535,13.1,waiver,743717968650850304
2021,7,7,2152,14.78,waiver,756029645585035264
2021,7,7,4037,21.1,draft,
2021,7,7,4531,8.1,trade,756027700375998464
2021,7,7,5095,8.0,draft,
2021,7,7,5848,16.5,trade,751101626156240896
2021,7,7,5890,24.3,trade,749071306087100416
2021,7,7,7594,7.6,trade,751101626156240896
2021,7,7,96,24.66,draft,
2021,7,7,BAL,0.0,waiver,756029351295975424
2021,7,8,1466,10.0,draft,
2021,7,8,2028,20.02,waiver,746174572046467072
2021,7,8,4018,11.9,draft,
2021,7,8,421,27.16,draft,
2021,7,8,4227,4.0,draft,
2021,7,8,5045,9.3,trade,753627464491757568
2021,7,8,5549,6.5,waiver,753745169517494272
2021,7,8,6945,6.6,trade,743651920912244736
2021,7,8,7601,2.7,trade,756971140362141696
2021,7,8,MIA,5.0,waiver,753743815113846784
2021,7,9,1833,1.3,trade,755903211134644224
2021,7,9,1837,7.24,free_agent,757631280207753216
2021,7,9,4351,2.6,waiver,756656399798448128
2021,7,9,4881,23.08,draft,
2021,7,9,4962,0.4,trade,756031096558485504
2021,7,9,4993,18.0,trade,756598061286932480
2021,7,9,59,5.0,free_agent,748906014472040448
2021,7,9,5927,21.7,trade,755903211134644224
2021,7,9,6789,5.1,trade,756031096558485504
2021,7,9,CAR,2.0,free_agent,751485087916412928
2021,7,10,1339,14.5,free_agent,752237620595138560
2021,7,10,1352,12.0,draft,
2021,7,10,1379,0.0,free_agent,756554539078938624
2021,7,10,1433,2.0,free_agent,746420114383065088
2021,7,10,167,24.44,trade,755851395596410880
2021,7,10,5870,17.02,draft,
2021,7,10,5872,17.5,trade,755851395596410880
2021,7,10,5955,9.3,waiver,748194856869961728
2021,7,10,6813,16.5,draft,
2021,7,10,TB,24.0,draft,
2021,7,11,2306,16.88,waiver,751463843804336128
2021,7,11,2325,12.1,waiver,756349777062514688
2021,7,11,3209,13.6,waiver,753736415472365568
2021,7,11,4137,12.4,draft,
2021,7,11,4943,3.48,free_agent,741679300507533312
2021,7,11,5022,10.5,draft,
2021,7,11,5917,2.8,waiver,757424760606068736
2021,7,11,6528,7.0,free_agent,757037860074618880
2021,7,11,6790,24.4,draft,
2021,7,11,NO,9.0,waiver,756264901718208512
2021,7,12,2197,4.6,trade,751101626156240896
2021,7,12,2216,28.6,draft,
2021,7,12,2747,6.0,free_agent,756538529089183744
2021,7,12,3242,15.4,trade,756598061286932480
2021,7,12,3271,7.1,trade,756598061286932480
2021,7,12,4983,10.3,draft,
2021,7,12,5000,9.5,draft,
2021,7,12,6904,23.54,draft,
2021,7,12,7527,22.18,waiver,756419763533635584
2021,7,12,ARI,12.0,free_agent,751381780841558016
2021,8,1,1166,13.16,draft,
2021,8,1,4035,15.1,draft,
2021,8,1,4066,9.0,free_agent,759064277570211840
2021,8,1,5844,13.9,draft,
2021,8,1,5916,21.8,draft,
2021,8,1,5947,7.6,draft,
2021,8,1,650,15.0,waiver,746087189099716608
2021,8,1,6786,14.2,draft,
2021,8,1,6989,4.5,free_agent,760555396221161472
2021,8,1,IND,7.0,waiver,759064421812314112
2021,8,2,367,3.5,free_agent,760568666403520512
2021,8,2,4039,21.0,draft,
2021,8,2,4046,15.0,trade,755851395596410880
2021,8,2,4199,20.5,trade,743984921709776896
2021,8,2,4663,21.4,draft,
2021,8,2,5849,11.06,draft,
2021,8,2,6083,8.0,free_agent,741533067994402816
2021,8,2,6130,3.4,trade,755851395596410880
2021,8,2,6819,25.6,trade,755918670630412288
2021,8,2,NE,13.0,waiver,751115058444111872
2021,8,3,1049,23.2,draft,
2021,8,3,2320,17.7,draft,
2021,8,3,2711,13.8,waiver,748534392938487808
2021,8,3,3321,21.4,draft,
2021,8,3,4988,7.4,draft,
2021,8,3,5272,12.0,free_agent,748897317968617472
2021,8,3,5846,19.3,draft,
2021,8,3,5857,1.8,draft,
2021,8,3,7564,11.6,draft,
2021,8,3,BUF,13.0,waiver,746003091874246656
2021,8,4,1373,22.6,free_agent,760300640265183232
2021,8,4,3164,9.3,draft,
2021,8,4,4068,2.9,draft,
2021,8,4,4602,6.4,free_agent,758986280423055360
2021,8,4,4666,10.0,draft,
2021,8,4,6694,9.4,free_agent,754855939416403968
2021,8,4,6770,21.26,trade,755920273743695872
2021,8,4,6783,5.9,trade,755920273743695872
2021,8,4,7608,7.8,waiver,751305227222806528
2021,8,4,DAL,3.0,waiver,758791918669979648
2021,8,5,1426,7.6,draft,
2021,8,5,3161,20.34,waiver,753603359784677376
2021,8,5,3198,6.8,draft,
2021,8,5,3214,3.8,draft,
2021,8,5,391,3.0,free_agent,759038577966448640
2021,8,5,3969,5.8,draft,
2021,8,5,5859,26.5,draft,
2021,8,5,5937,12.8,draft,
2021,8,5,7527,11.68,waiver,759038263947345920
2021,8,5,SEA,13.0,free_agent,759038786909962240
2021,8,6,17,3.0,draft,
2021,8,6,24,8.14,free_agent,746373622163177472
2021,8,6,3200,4.5,trade,756031096558485504
2021,8,6,4984,29.46,draft,
2021,8,6,7525,2.0,draft,
2021,8,6,7553,2.3,draft,
2021,8,6,7561,19.7,trade,743984921709776896
2021,8,6,7567,2.7,waiver,758913521370198016
2021,8,6,928,15.0,free_agent,759229827206221824
2021,8,6,CLE,4.0,draft,
2021,8,7,1535,15.7,waiver,743717968650850304
2021,8,7,2152,12.62,waiver,756029645585035264
2021,8,7,4037,24.0,draft,
2021,8,7,4531,2.2,trade,756027700375998464
2021,8,7,5890,14.0,trade,749071306087100416
2021,8,7,7594,13.6,trade,751101626156240896
2021,8,7,7607,27.7,draft,
2021,8,7,7839,7.0,free_agent,759137825802313728
2021,8,7,96,15.66,draft,
2021,8,7,CIN,8.0,waiver,758708630412476416
2021,8,8,138,14.64,waiver,758689933224460288
2021,8,8,1466,2.7,draft,
2021,8,8,2309,22.2,trade,749071306087100416
2021,8,8,4018,23.1,draft,
2021,8,8,421,24.2,draft,
2021,8,8,4227,8.0,draft,
2021,8,8,5549,14.0,waiver,753745169517494272
2021,8,8,6794,3.1,trade,743651920912244736
2021,8,8,6945,6.9,trade,743651920912244736
2021,8,8,LAC,4.0,waiver,758689503769677824
2021,8,9,1479,16.7,draft,
2021,8,9,2431,9.1,trade,758914889317257216
2021,8,9,3163,8.88,free_agent,760299867619885056
2021,8,9,4993,8.3,trade,756598061286932480
2021,8,9,59,6.0,free_agent,748906014472040448
2021,8,9,5927,5.0,trade,755903211134644224
2021,8,9,6886,8.1,trade,756598061286932480
2021,8,9,7523,13.62,trade,755920273743695872
2021,8,9,7528,19.5,draft,
2021,8,9,PIT,11.0,waiver,758734682186698752
2021,8,10,1339,6.2,free_agent,752237620595138560
2021,8,10,1352,19.2,draft,
2021,8,10,167,27.2,trade,755851395596410880
2021,8,10,5870,17.08,draft,
2021,8,10,5872,20.1,trade,755851395596410880
2021,8,10,6801,11.7,draft,
2021,8,10,6813,19.7,draft,
2021,8,10,6955,4.4,draft,
2021,8,10,7042,10.0,waiver,757354643096449024
2021,8,10,TB,0.0,draft,
2021,8,11,1067,6.0,draft,
2021,8,11,1689,16.8,draft,
2021,8,11,2306,10.24,waiver,751463843804336128
2021,8,11,2449,12.5,draft,
2021,8,11,3209,15.0,waiver,753736415472365568
2021,8,11,5001,2.1,free_agent,750135655471972352
2021,8,11,503,5.0,free_agent,759798908686843904
2021,8,11,6768,0.0,commissioner,760898100624756736
2021,8,11,6790,5.6,draft,
2021,8,11,NO,16.0,waiver,756264901718208512
2021,8,12,1266,8.0,waiver,758609794901913600
2021,8,12,2197,17.3,trade,751101626156240896
2021,8,12,2216,11.8,draft,
2021,8,12,3271,4.0,trade,756598061286932480
2021,8,12,4029,7.8,draft,
2021,8,12,4983,7.9,draft,
2021,8,12,6797,15.82,draft,
2021,8,12,6845,8.8,draft,
2021,8,12,6904,11.22,draft,
2021,8,12,ARI,3.0,free_agent,751381780841558016
2021,9,1,1166,21.58,draft,
2021,9,1,4035,18.4,draft,
2021,9,1,4066,11.3,free_agent,759064277570211840
2021,9,1,5947,1.3,draft,
2021,9,1,650,6.0,waiver,746087189099716608
2021,9,1,6786,3.3,draft,
2021,9,1,6794,15.5,trade,761400477169676288
2021,9,1,6828,11.0,trade,761400477169676288
2021,9,1,7596,23.9,waiver,761459976194605056
2021,9,1,IND,6.0,waiver,759064421812314112
2021,9,2,367,8.8,free_agent,760568666403520512
2021,9,2,4039,15.0,draft,
2021,9,2,4046,10.44,trade,755851395596410880
2021,9,2,4199,5.3,trade,743984921709776896
2021,9,2,4663,9.7,draft,
2021,9,2,6083,12.0,free_agent,741533067994402816
2021,9,2,6783,9.9,trade,762377344731164672
2021,9,2,7591,19.14,waiver,761403594342789120
2021,9,2,947,5.5,trade,762377344731164672
2021,9,2,NE,21.0,waiver,751115058444111872
2021,9,3,1049,15.02,draft,
2021,9,3,1825,2.6,draft,
2021,9,3,3321,5.3,draft,
2021,9,3,4219,5.0,waiver,761247905414819840
2021,9,3,4988,29.3,draft,
2021,9,3,5272,7.0,free_agent,748897317968617472
2021,9,3,6804,12.9,free_agent,761791140000358400
2021,9,3,6843,4.5,free_agent,761625380905021440
2021,9,3,7564,5.9,draft,
2021,9,3,BUF,9.0,waiver,746003091874246656
2021,9,4,2133,7.2,trade,743651920912244736
2021,9,4,2152,21.86,free_agent,761522076413816832
2021,9,4,3164,11.1,draft,
2021,9,4,4068,6.8,draft,
2021,9,4,5133,7.0,free_agent,761525346670620672
2021,9,4,5230,9.0,free_agent,761529757019054080
2021,9,4,6694,1.6,free_agent,754855939416403968
2021,9,4,6770,9.38,trade,755920273743695872
2021,9,4,6870,0.0,free_agent,762391473881796608
2021,9,4,DAL,3.0,waiver,758791918669979648
2021,9,5,1264,10.0,draft,
2021,9,5,3161,24.18,waiver,753603359784677376
2021,9,5,5012,6.9,draft,
2021,9,5,538,8.5,waiver,748587783907577856
2021,9,5,5859,6.7,draft,
2021,9,5,5890,9.8,trade,761642135714955264
2021,9,5,5917,3.5,free_agent,763064011188219904
2021,9,5,7527,6.96,waiver,759038263947345920
2021,9,5,7608,1.3,trade,762388561151528960
2021,9,5,MIA,18.0,waiver,761229521411289088
2021,9,6,17,7.0,draft,
2021,9,6,2549,15.96,free_agent,762469610560872448
2021,9,6,4984,11.56,draft,
2021,9,6,5850,11.5,trade,755903211134644224
2021,9,6,5980,12.7,trade,756031096558485504
2021,9,6,7525,20.1,draft,
2021,9,6,7526,12.3,draft,
2021,9,6,7553,7.7,draft,
2021,9,6,7561,10.4,trade,743984921709776896
2021,9,6,CLE,19.0,draft,
2021,9,7,1535,16.6,waiver,743717968650850304
2021,9,7,24,28.52,waiver,761640618278645760
2021,9,7,3294,19.88,draft,
2021,9,7,4034,12.6,draft,
2021,9,7,5848,16.1,trade,751101626156240896
2021,9,7,5937,9.2,trade,761642135714955264
2021,9,7,7600,18.8,waiver,761270901370122240
2021,9,7,7607,9.1,draft,
2021,9,7,7839,4.0,free_agent,759137825802313728
2021,9,7,LV,7.0,free_agent,762036053866569728
2021,9,8,1466,15.3,draft,
2021,9,8,2028,12.34,waiver,746174572046467072
2021,9,8,2309,4.7,trade,749071306087100416
2021,9,8,4018,25.5,draft,
2021,9,8,421,15.06,draft,
2021,9,8,4227,9.0,draft,
2021,9,8,5549,9.2,waiver,753745169517494272
2021,9,8,5916,7.3,trade,761400477169676288
2021,9,8,6819,14.9,trade,761473982712180736
2021,9,8,LAC,1.0,waiver,758689503769677824
2021,9,9,1479,16.4,draft,
2021,9,9,184,9.1,free_agent,760971549200220160
2021,9,9,2410,6.3,free_agent,762074147516997632
2021,9,9,4666,9.0,waiver,761563924201132032
2021,9,9,4881,32.64,draft,
2021,9,9,4993,7.4,trade,756598061286932480
2021,9,9,7523,5.12,trade,755920273743695872
2021,9,9,7528,15.3,draft,
2021,9,9,7601,5.0,free_agent,762002072785764352
2021,9,9,PIT,7.0,waiver,758734682186698752
2021,9,10,1339,4.2,free_agent,752237620595138560
2021,9,10,1352,13.9,draft,
2021,9,10,2257,5.8,waiver,760645469931417600
2021,9,10,5870,8.1,draft,
2021,9,10,5872,8.8,trade,755851395596410880
2021,9,10,5955,14.4,waiver,748194856869961728
2021,9,10,6813,33.0,draft,
2021,9,10,7042,7.0,waiver,757354643096449024
2021,9,10,7606,1.2,free_agent,749402373411192832
2021,9,10,CIN,-1.0,waiver,762222137158254592
2021,9,11,1144,7.3,waiver,761251276846678016
2021,9,11,1689,7.6,draft,
2021,9,11,1837,20.34,waiver,760955433358880768
2021,9,11,2449,11.5,draft,
2021,9,11,3209,13.7,waiver,753736415472365568
2021,9,11,3257,10.46,free_agent,763124649541419008
2021,9,11,4137,37.8,draft,
2021,9,11,5001,7.4,free_agent,750135655471972352
2021,9,11,503,11.0,free_agent,759798908686843904
2021,9,11,NO,4.0,waiver,756264901718208512
2021,9,12,2197,8.6,trade,751101626156240896
2021,9,12,2505,12.7,draft,
2021,9,12,4029,13.7,draft,
2021,9,12,4983,6.1,draft,
2021,9,12,5000,0.3,draft,
2021,9,12,5095,9.0,waiver,761307477383036928
2021,9,12,6797,31.64,draft,
2021,9,12,6845,3.4,draft,
2021,9,12,6904,16.68,draft,
2021,9,12,ARI,14.0,free_agent,751381780841558016
2021,10,1,1166,17.46,draft,
2021,10,1,5844,0.0,draft,
2021,10,1,5947,12.9,draft,
2021,10,1,650,9.0,waiver,746087189099716608
2021,10,1,6786,25.6,draft,
2021,10,1,6794,18.4,trade,761400477169676288
2021,10,1,6828,25.8,trade,761400477169676288
2021,10,1,7596,11.9,waiver,761459976194605056
2021,10,1,7611,25.4,free_agent,759063699066605568
2021,10,1,IND,15.0,waiver,759064421812314112
2021,10,2,1110,1.0,free_agent,755328082155606016
2021,10,2,4039,17.7,draft,
2021,10,2,4046,36.24,trade,755851395596410880
2021,10,2,4199,10.6,trade,743984921709776896
2021,10,2,4531,4.5,free_agent,765593261908807680
2021,10,2,4663,13.4,draft,
2021,10,2,6083,4.0,free_agent,741533067994402816
2021,10,2,6783,8.1,trade,762377344731164672
2021,10,2,6945,20.8,trade,761473982712180736
2021,10,2,NE,13.0,waiver,751115058444111872
2021,10,3,1049,18.62,draft,
2021,10,3,1825,4.6,draft,
2021,10,3,2320,8.8,draft,
2021,10,3,2711,15.74,waiver,748534392938487808
2021,10,3,3321,24.0,draft,
2021,10,3,3664,5.9,waiver,748898496006000640
2021,10,3,5272,10.0,free_agent,748897317968617472
2021,10,3,5846,4.1,draft,
2021,10,3,5857,8.4,draft,
2021,10,3,BUF,13.0,waiver,746003091874246656
2021,10,4,2152,9.04,free_agent,761522076413816832
2021,10,4,2168,7.3,free_agent,762393797987569664
2021,10,4,2309,7.1,trade,764019425677594624
2021,10,4,3164,19.26,draft,
2021,10,4,4068,5.3,draft,
2021,10,4,4972,16.28,free_agent,765641070787944448
2021,10,4,5133,14.6,free_agent,761525346670620672
2021,10,4,5230,11.0,free_agent,761529757019054080
2021,10,4,7571,11.0,free_agent,757664060568367104
2021,10,4,DAL,24.0,waiver,758791918669979648
2021,10,5,1234,7.64,draft,
2021,10,5,1264,5.0,draft,
2021,10,5,2133,11.3,trade,764316863185448960
2021,10,5,3161,7.1,waiver,753603359784677376
2021,10,5,3969,13.2,draft,
2021,10,5,5012,15.3,draft,
2021,10,5,5110,0.0,free_agent,763126122090246144
2021,10,5,538,6.1,waiver,748587783907577856
2021,10,5,956,18.8,trade,755558506966716416
2021,10,5,DEN,5.0,free_agent,764138826632396800
2021,10,6,17,5.0,draft,
2021,10,6,2374,3.3,trade,755903211134644224
2021,10,6,4335,6.28,free_agent,764162168278130688
2021,10,6,4984,21.94,draft,
2021,10,6,5850,6.1,trade,755903211134644224
2021,10,6,7525,20.6,draft,
2021,10,6,7526,8.1,draft,
2021,10,6,7553,8.0,draft,
2021,10,6,7561,9.1,trade,743984921709776896
2021,10,6,CLE,-2.0,draft,
2021,10,7,1535,4.4,waiver,743717968650850304
2021,10,7,1945,12.0,waiver,764004385872277504
2021,10,7,3294,26.34,draft,
2021,10,7,4034,21.1,draft,
2021,10,7,4037,9.2,draft,
2021,10,7,5848,6.7,trade,751101626156240896
2021,10,7,5937,9.8,trade,761642135714955264
2021,10,7,7600,3.6,waiver,761270901370122240
2021,10,7,96,11.48,draft,
2021,10,7,BAL,7.0,waiver,764004325369520128
2021,10,8,1466,15.9,draft,
2021,10,8,2028,19.24,waiver,746174572046467072
2021,10,8,421,11.82,draft,
2021,10,8,4227,12.0,draft,
2021,10,8,5549,24.9,waiver,753745169517494272
2021,10,8,5859,2.8,trade,764316863185448960
2021,10,8,5916,6.1,trade,761400477169676288
2021,10,8,6694,19.2,waiver,763952699963232256
2021,10,8,6819,9.6,trade,761473982712180736
2021,10,8,LAC,5.0,waiver,758689503769677824
2021,10,9,1479,13.8,draft,
2021,10,9,184,2.5,free_agent,760971549200220160
2021,10,9,4666,3.0,waiver,761563924201132032
2021,10,9,4881,16.42,draft,
2021,10,9,4993,0.0,trade,756598061286932480
2021,10,9,5927,8.9,trade,755903211134644224
2021,10,9,7523,9.78,trade,755920273743695872
2021,10,9,7528,15.3,draft,
2021,10,9,7757,1.3,free_agent,765662772863639552
2021,10,9,PIT,5.0,waiver,758734682186698752
2021,10,10,167,15.0,trade,755851395596410880
2021,10,10,4217,13.5,draft,
2021,10,10,4892,5.92,waiver,765286528921567232
2021,10,10,5347,3.9,waiver,763485580779769856
2021,10,10,5872,27.8,trade,755851395596410880
2021,10,10,5955,14.1,waiver,748194856869961728
2021,10,10,6813,21.6,draft,
2021,10,10,6955,16.4,draft,
2021,10,10,7042,9.0,waiver,757354643096449024
2021,10,10,TB,7.0,draft,
2021,10,11,1099,11.0,free_agent,764166754258792448
2021,10,11,1144,2.5,waiver,761251276846678016
2021,10,11,1689,9.0,draft,
2021,10,11,1837,15.38,waiver,760955433358880768
2021,10,11,2449,26.2,draft,
2021,10,11,3257,6.64,free_agent,763124649541419008
2021,10,11,4137,13.9,draft,
2021,10,11,5001,1.9,free_agent,750135655471972352
2021,10,11,6790,15.0,draft,
2021,10,11,NO,2.0,waiver,756264901718208512
2021,10,12,2216,13.2,draft,
2021,10,12,2505,4.4,draft,
2021,10,12,4029,19.3,draft,
2021,10,12,4950,9.3,waiver,743359644260528128
2021,10,12,4983,4.4,draft,
2021,10,12,5095,2.0,waiver,761307477383036928
2021,10,12,6797,13.0,draft,
2021,10,12,6845,8.7,draft,
2021,10,12,6904,19.62,draft,
2021,10,12,ARI,3.0,free_agent,751381780841558016
2021,11,1,1166,25.24,draft,
2021,11,1,5284,6.3,free_agent,746365527206830080
2021,11,1,5844,8.1,draft,
2021,11,1,5947,5.9,draft,
2021,11,1,650,15.0,waiver,746087189099716608
2021,11,1,6786,2.9,draft,
2021,11,1,6794,33.2,trade,761400477169676288
2021,11,1,6828,12.7,trade,761400477169676288
2021,11,1,7596,25.6,waiver,761459976194605056
2021,11,1,PHI,12.0,free_agent,766686165444272128
2021,11,2,1266,10.0,free_agent,767459430894817280
2021,11,2,3225,9.3,trade,756971140362141696
2021,11,2,4036,5.0,trade,741523086775586816
2021,11,2,4046,8.5,trade,755851395596410880
2021,11,2,4663,38.5,draft,
2021,11,2,5086,20.3,free_agent,767786456658919424
2021,11,2,515,10.1,trade,755918670630412288
2021,11,2,6945,7.5,trade,761473982712180736
2021,11,2,7591,3.46,waiver,761403594342789120
2021,11,2,NE,28.0,waiver,751115058444111872
2021,11,3,1049,13.22,draft,
2021,11,3,2711,23.14,waiver,748534392938487808
2021,11,3,3321,15.5,draft,
2021,11,3,3664,5.5,waiver,748898496006000640
2021,11,3,4988,21.4,draft,
2021,11,3,5272,9.0,free_agent,748897317968617472
2021,11,3,5846,5.1,draft,
2021,11,3,5906,11.0,free_agent,764172206476525568
2021,11,3,7564,11.5,draft,
2021,11,3,BUF,-4.0,waiver,746003091874246656
2021,11,4,3164,9.8,draft,
2021,11,4,4018,24.3,trade,764019425677594624
2021,11,4,4068,18.2,draft,
2021,11,4,4131,1.7,waiver,766463926513836032
2021,11,4,5230,11.0,free_agent,761529757019054080
2021,11,4,6770,9.02,trade,755920273743695872
2021,11,4,7527,11.38,free_agent,766712465911353344
2021,11,4,7571,4.4,free_agent,757664060568367104
2021,11,4,7600,9.1,trade,767078479555584000
2021,11,4,CAR,7.0,waiver,763674293157658624
2021,11,5,1234,8.48,draft,
2021,11,5,1264,11.0,draft,
2021,11,5,2133,27.0,trade,764316863185448960
2021,11,5,3161,10.04,waiver,753603359784677376
2021,11,5,3969,10.4,draft,
2021,11,5,4111,4.5,trade,763803483282505728
2021,11,5,5012,11.3,draft,
2021,11,5,538,4.1,waiver,748587783907577856
2021,11,5,956,12.3,trade,755558506966716416
2021,11,5,GB,2.0,free_agent,766681704692887552
2021,11,6,17,4.0,draft,
2021,11,6,2374,13.5,trade,755903211134644224
2021,11,6,4984,18.16,draft,
2021,11,6,5850,8.6,trade,755903211134644224
2021,11,6,5980,17.1,trade,756031096558485504
2021,11,6,7525,8.1,draft,
2021,11,6,7526,16.6,draft,
2021,11,6,7553,4.4,draft,
2021,11,6,954,26.16,waiver,766425453367074816
2021,11,6,CLE,8.0,draft,
2021,11,7,1339,24.8,waiver,766343362587508736
2021,11,7,1945,14.0,waiver,764004385872277504
2021,11,7,3294,4.64,draft,
2021,11,7,4034,21.4,draft,
2021,11,7,4037,16.2,draft,
2021,11,7,5937,19.6,trade,761642135714955264
2021,11,7,6886,11.9,trade,761105120737009664
2021,11,7,7607,7.0,draft,
2021,11,7,96,33.5,draft,
2021,11,7,SF,11.0,waiver,766343516686295040
2021,11,8,1466,16.3,draft,
2021,11,8,2028,9.6,waiver,746174572046467072
2021,11,8,4227,8.0,draft,
2021,11,8,5549,3.1,waiver,753745169517494272
2021,11,8,5859,7.3,trade,764316863185448960
2021,11,8,5890,7.0,trade,764316863185448960
2021,11,8,5967,8.0,waiver,743528712456335360
2021,11,8,6819,3.3,trade,761473982712180736
2021,11,8,7083,11.76,free_agent,768185488506015744
2021,11,8,LAC,0.0,waiver,758689503769677824
2021,11,9,1479,15.7,draft,
2021,11,9,24,4.12,waiver,766263903289253888
2021,11,9,2549,26.16,free_agent,768187391189118976
2021,11,9,4666,0.0,waiver,761563924201132032
2021,11,9,4993,7.5,trade,756598061286932480
2021,11,9,5892,7.2,trade,755903211134644224
2021,11,9,5927,18.8,trade,755903211134644224
2021,11,9,6989,9.1,free_agent,767847084668923904
2021,11,9,7528,14.4,draft,
2021,11,9,NO,5.0,free_agent,768202107882262528
2021,11,10,167,20.28,trade,755851395596410880
2021,11,10,4217,11.4,draft,
2021,11,10,5870,9.68,draft,
2021,11,10,5872,15.9,trade,755851395596410880
2021,11,10,5955,5.5,waiver,748194856869961728
2021,11,10,6801,2.5,draft,
2021,11,10,6813,51.9,draft,
2021,11,10,6955,10.8,draft,
2021,11,10,7042,1.0,waiver,757354643096449024
2021,11,10,TB,13.0,draft,
2021,11,11,1099,0.0,free_agent,764166754258792448
2021,11,11,1689,18.2,draft,
2021,11,11,1837,15.64,waiver,760955433358880768
2021,11,11,2449,16.3,draft,
2021,11,11,4137,18.4,draft,
2021,11,11,4866,8.6,draft,
2021,11,11,5001,8.3,free_agent,750135655471972352
2021,11,11,6768,18.52,commissioner,760898100624756736
2021,11,11,6790,21.1,draft,
2021,11,11,MIA,6.0,free_agent,767589386702422016
2021,11,12,2197,2.8,trade,751101626156240896
2021,11,12,2216,17.3,draft,
2021,11,12,2505,15.1,draft,
2021,11,12,4029,21.0,draft,
2021,11,12,4983,13.5,draft,
2021,11,12,5095,8.0,waiver,761307477383036928
2021,11,12,6797,35.28,draft,
2021,11,12,6845,0.5,draft,
2021,11,12,6904,30.78,draft,
2021,11,12,ARI,9.0,free_agent,751381780841558016
2021,12,1,1166,16.52,draft,
2021,12,1,4663,18.9,trade,768857902684450816
2021,12,1,5086,7.0,trade,768857902684450816
2021,12,1,5844,11.0,draft,
2021,12,1,5947,12.3,draft,
2021,12,1,650,21.0,waiver,746087189099716608
2021,12,1,6794,11.26,trade,761400477169676288
2021,12,1,7596,7.3,waiver,761459976194605056
2021,12,1,7611,4.6,free_agent,759063699066605568
2021,12,1,PHI,5.0,free_agent,766686165444272128
2021,12,2,1266,7.0,free_agent,767459430894817280
2021,12,2,2391,6.5,trade,768181564848107520
2021,12,2,4039,15.1,draft,
2021,12,2,4131,6.5,waiver,769229071598129152
2021,12,2,4199,2.3,trade,743984921709776896
2021,12,2,515,15.8,trade,755918670630412288
2021,12,2,6783,3.5,trade,762377344731164672
2021,12,2,6945,20.1,trade,761473982712180736
2021,12,2,827,16.32,waiver,768992424969228288
2021,12,2,NE,19.0,waiver,751115058444111872
2021,12,3,1049,9.12,draft,
2021,12,3,2320,9.3,draft,
2021,12,3,2711,12.22,waiver,748534392938487808
2021,12,3,4988,4.9,draft,
2021,12,3,5113,13.9,waiver,768886969509027840
2021,12,3,5272,1.0,free_agent,748897317968617472
2021,12,3,5846,1.8,draft,
2021,12,3,5857,2.7,draft,
2021,12,3,7564,5.4,draft,
2021,12,3,BUF,11.0,waiver,746003091874246656
2021,12,4,2078,16.6,trade,762377344731164672
2021,12,4,2168,6.5,free_agent,762393797987569664
2021,12,4,3164,13.9,draft,
2021,12,4,4018,30.3,trade,764019425677594624
2021,12,4,4068,5.9,draft,
2021,12,4,5230,8.0,free_agent,761529757019054080
2021,12,4,6770,17.4,trade,755920273743695872
2021,12,4,6826,10.5,free_agent,767919296197287936
2021,12,4,829,16.78,waiver,769008577963810816
2021,12,4,DAL,6.0,waiver,758791918669979648
2021,12,5,1234,19.48,draft,
2021,12,5,1264,13.0,draft,
2021,12,5,2133,14.4,trade,764316863185448960
2021,12,5,3161,22.34,waiver,753603359784677376
2021,12,5,3969,40.6,draft,
2021,12,5,5012,14.5,draft,
2021,12,5,538,4.3,waiver,748587783907577856
2021,12,5,6984,2.7,free_agent,769226931416719360
2021,12,5,7496,9.5,waiver,769071143238959104
2021,12,5,CHI,6.0,waiver,769070771816493056
2021,12,6,1433,4.0,waiver,768860243357741056
2021,12,6,2374,11.1,trade,755903211134644224
2021,12,6,4984,28.7,draft,
2021,12,6,5850,18.2,trade,755903211134644224
2021,12,6,7525,3.2,draft,
2021,12,6,7526,24.2,draft,
2021,12,6,7553,3.6,draft,
2021,12,6,7561,25.3,trade,743984921709776896
2021,12,6,954,8.18,waiver,766425453367074816
2021,12,6,CLE,11.0,draft,
2021,12,7,1535,26.5,waiver,743717968650850304
2021,12,7,1945,5.0,waiver,764004385872277504
2021,12,7,2251,4.6,draft,
2021,12,7,3294,25.3,draft,
2021,12,7,4034,3.5,draft,
2021,12,7,4037,2.7,draft,
2021,12,7,5848,9.1,trade,751101626156240896
2021,12,7,5937,14.0,trade,761642135714955264
2021,12,7,96,26.28,draft,
2021,12,7,BAL,12.0,waiver,764004325369520128
2021,12,8,2028,21.02,waiver,746174572046467072
2021,12,8,421,22.98,draft,
2021,12,8,4741,1.4,waiver,769249472533372928
2021,12,8,5045,2.7,trade,753627464491757568
2021,12,8,5916,15.3,trade,761400477169676288
2021,12,8,5967,14.8,waiver,743528712456335360
2021,12,8,6083,8.0,free_agent,769249693980078080
2021,12,8,6819,7.3,trade,761473982712180736
2021,12,8,7588,18.6,trade,764019425677594624
2021,12,8,LAC,4.0,waiver,758689503769677824
2021,12,9,1479,12.0,draft,
2021,12,9,24,11.2,waiver,766263903289253888
2021,12,9,4881,13.4,draft,
2021,12,9,4993,3.2,trade,756598061286932480
2021,12,9,5110,15.2,free_agent,770013154167078912
2021,12,9,5892,8.9,trade,755903211134644224
2021,12,9,5927,7.1,trade,755903211134644224
2021,12,9,7528,5.2,draft,
2021,12,9,7839,13.0,free_agent,769324895309066240
2021,12,9,NO,5.0,free_agent,768202107882262528
2021,12,10,167,12.24,trade,755851395596410880
2021,12,10,4217,1.8,draft,
2021,12,10,5038,13.1,draft,
2021,12,10,5870,15.08,draft,
2021,12,10,5872,20.3,trade,755851395596410880
2021,12,10,6803,11.0,draft,
2021,12,10,6813,17.7,draft,
2021,12,10,6955,11.0,draft,
2021,12,10,7042,7.0,waiver,757354643096449024
2021,12,10,TB,13.0,draft,
2021,12,11,1144,7.1,waiver,761251276846678016
2021,12,11,1689,20.7,draft,
2021,12,11,1837,12.2,waiver,760955433358880768
2021,12,11,2449,16.9,draft,
2021,12,11,4195,1.0,waiver,768894907803873280
2021,12,11,4866,7.3,draft,
2021,12,11,5001,14.1,free_agent,750135655471972352
2021,12,11,6768,13.2,commissioner,760898100624756736
2021,12,11,6790,2.4,draft,
2021,12,11,MIA,23.0,free_agent,767589386702422016
2021,12,12,2197,12.0,trade,751101626156240896
2021,12,12,2216,3.1,draft,
2021,12,12,2505,4.3,draft,
2021,12,12,3242,4.0,trade,756598061286932480
2021,12,12,4029,11.3,draft,
2021,12,12,4983,12.3,draft,
2021,12,12,5095,21.0,waiver,761307477383036928
2021,12,12,6797,21.72,draft,
2021,12,12,6904,9.86,draft,
2021,12,12,HOU,7.0,waiver,768968406983684096
2021,13,1,1166,20.2,draft,
2021,13,1,4663,14.9,trade,768857902684450816
2021,13,1,5844,12.9,draft,
2021,13,1,650,7.0,waiver,746087189099716608
2021,13,1,6786,15.7,draft,
2021,13,1,6794,30.1,trade,761400477169676288
2021,13,1,6820,9.7,draft,
2021,13,1,7596,17.6,waiver,761459976194605056
2021,13,1,830,1.9,free_agent,771749183140044800
2021,13,1,PHI,5.0,free_agent,766686165444272128
2021,13,2,1266,11.0,free_agent,767459430894817280
2021,13,2,4039,22.9,draft,
2021,13,2,4046,13.56,trade,755851395596410880
2021,13,2,4131,5.2,waiver,769229071598129152
2021,13,2,515,19.8,trade,755918670630412288
2021,13,2,5849,30.82,draft,
2021,13,2,6886,6.4,trade,771503312590753792
2021,13,2,6945,19.6,trade,761473982712180736
2021,13,2,7588,26.8,trade,771186877293510656
2021,13,2,NE,8.0,waiver,751115058444111872
2021,13,3,2152,13.98,waiver,771392654876475392
2021,13,3,2711,15.84,waiver,748534392938487808
2021,13,3,3321,3.2,draft,
2021,13,3,5272,10.0,free_agent,748897317968617472
2021,13,3,5846,8.5,draft,
2021,13,3,5906,2.4,free_agent,764172206476525568
2021,13,3,6039,2.5,free_agent,772856931084832768
2021,13,3,6151,15.7,draft,
2021,13,3,7564,7.7,draft,
2021,13,3,BUF,2.0,waiver,746003091874246656
2021,13,4,2078,9.8,trade,762377344731164672
2021,13,4,2168,18.2,free_agent,762393797987569664
2021,13,4,3164,5.7,draft,
2021,13,4,4018,9.4,trade,764019425677594624
2021,13,4,4068,13.5,draft,
2021,13,4,5230,6.0,free_agent,761529757019054080
2021,13,4,6770,18.6,trade,755920273743695872
2021,13,4,7527,0.46,waiver,771645260714622976
2021,13,4,7600,6.1,trade,767078479555584000
2021,13,4,DAL,18.0,waiver,758791918669979648
2021,13,5,1234,17.74,draft,
2021,13,5,1264,7.0,draft,
2021,13,5,1426,10.2,draft,
2021,13,5,3161,11.12,waiver,753603359784677376
2021,13,5,3969,18.7,draft,
2021,13,5,5012,7.0,draft,
2021,13,5,6853,13.1,trade,764316863185448960
2021,13,5,7571,0.0,trade,771151908147757056
2021,13,5,956,3.1,trade,755558506966716416
2021,13,5,LAR,12.0,waiver,771398340976955392
2021,13,6,17,9.0,draft,
2021,13,6,2374,16.3,trade,755903211134644224
2021,13,6,4984,11.7,draft,
2021,13,6,5980,5.9,trade,756031096558485504
2021,13,6,5987,19.9,draft,
2021,13,6,7526,13.5,draft,
2021,13,6,7553,6.8,draft,
2021,13,6,7561,15.9,trade,743984921709776896
2021,13,6,827,2.3,waiver,771722614233280512
2021,13,6,MIN,8.0,free_agent,771722364605104128
2021,13,7,138,19.34,free_agent,771773361322921984
2021,13,7,1535,11.1,waiver,743717968650850304
2021,13,7,1945,8.0,waiver,764004385872277504
2021,13,7,2251,12.3,draft,
2021,13,7,3294,12.22,draft,
2021,13,7,4037,22.7,draft,
2021,13,7,4149,8.5,waiver,771503794788872192
2021,13,7,5848,8.0,trade,751101626156240896
2021,13,7,5937,26.5,trade,761642135714955264
2021,13,7,BAL,2.0,waiver,764004325369520128
2021,13,8,1466,4.2,draft,
2021,13,8,2028,12.36,waiver,746174572046467072
2021,13,8,421,24.0,draft,
2021,13,8,5045,2.5,trade,753627464491757568
2021,13,8,5890,17.1,trade,764316863185448960
2021,13,8,5967,14.4,waiver,743528712456335360
2021,13,8,6083,15.0,free_agent,769249693980078080
2021,13,8,6783,9.7,trade,771186877293510656
2021,13,8,6819,14.0,trade,761473982712180736
2021,13,8,LAC,22.0,waiver,758689503769677824
2021,13,9,1479,19.9,draft,
2021,13,9,2378,9.2,trade,771152179099787264
2021,13,9,24,12.08,waiver,766263903289253888
2021,13,9,4227,12.0,free_agent,771763953528348672
2021,13,9,4881,18.62,draft,
2021,13,9,536,0.0,trade,755920273743695872
2021,13,9,5892,24.1,trade,755903211134644224
2021,13,9,5927,3.7,trade,755903211134644224
2021,13,9,5985,3.9,free_agent,771758161815314432
2021,13,9,NYG,3.0,free_agent,771758466120454144
2021,13,10,167,29.62,trade,755851395596410880
2021,13,10,4217,35.1,draft,
2021,13,10,4381,24.66,waiver,771269364325441536
2021,13,10,5955,14.7,waiver,748194856869961728
2021,13,10,6801,24.3,draft,
2021,13,10,6803,7.0,draft,
2021,13,10,6813,24.3,draft,
2021,13,10,6955,2.0,draft,
2021,13,10,7042,3.0,waiver,757354643096449024
2021,13,10,IND,19.0,waiver,766706301257498624
2021,13,11,1144,1.6,waiver,761251276846678016
2021,13,11,1689,0.5,draft,
2021,13,11,1837,17.96,waiver,760955433358880768
2021,13,11,2449,7.1,draft,
2021,13,11,4137,18.1,draft,
2021,13,11,4195,17.0,waiver,768894907803873280
2021,13,11,4866,10.4,draft,
2021,13,11,5001,6.8,free_agent,750135655471972352
2021,13,11,6768,17.86,commissioner,760898100624756736
2021,13,11,MIA,9.0,free_agent,767589386702422016
2021,13,12,2197,6.9,trade,751101626156240896
2021,13,12,2216,13.4,draft,
2021,13,12,3242,1.3,trade,756598061286932480
2021,13,12,4993,8.1,trade,771445536845955072
2021,13,12,5095,11.0,waiver,761307477383036928
2021,13,12,6011,18.78,free_agent,773230665159352320
2021,13,12,6797,26.28,draft,
2021,13,12,7090,5.2,draft,
2021,13,12,7528,13.2,trade,771445536845955072
2021,13,12,ARI,11.0,free_agent,751381780841558016
2021,14,1,1166,16.04,draft,
2021,14,1,1433,10.0,free_agent,774308968905433088
2021,14,1,4663,15.4,trade,768857902684450816
2021,14,1,5086,3.5,free_agent,774309531957264384
2021,14,1,5121,8.2,free_agent,775531376748400640
2021,14,1,5844,0.0,draft,
2021,14,1,6786,11.1,draft,
2021,14,1,6794,17.0,trade,761400477169676288
2021,14,1,6820,17.7,draft,
2021,14,1,NO,7.0,free_agent,774308890610384896
2021,14,2,1266,13.0,free_agent,767459430894817280
2021,14,2,4035,22.5,trade,768857902684450816
2021,14,2,4039,24.8,draft,
2021,14,2,4046,20.32,trade,755851395596410880
2021,14,2,515,8.7,trade,755918670630412288
2021,14,2,5849,19.42,draft,
2021,14,2,6886,13.5,trade,771503312590753792
2021,14,2,6945,3.1,trade,761473982712180736
2021,14,2,7588,20.8,trade,771186877293510656
2021,14,2,GB,15.0,waiver,773994691061555200
2021,14,3,2152,15.16,waiver,771392654876475392
2021,14,3,2320,23.1,draft,
2021,14,3,2711,8.68,waiver,748534392938487808
2021,14,3,3321,9.6,draft,
2021,14,3,4988,8.0,draft,
2021,14,3,5272,12.0,free_agent,748897317968617472
2021,14,3,5846,6.3,draft,
2021,14,3,5906,15.5,free_agent,764172206476525568
2021,14,3,7564,22.8,draft,
2021,14,3,KC,28.0,free_agent,774308401277718528
2021,14,4,1348,13.0,free_agent,774322208595107840
2021,14,4,2078,16.7,trade,762377344731164672
2021,14,4,2309,13.6,trade,764019425677594624
2021,14,4,3164,8.5,draft,
2021,14,4,4018,7.8,trade,764019425677594624
2021,14,4,4068,9.1,draft,
2021,14,4,6770,22.22,trade,755920273743695872
2021,14,4,7591,20.36,trade,768975910312460288
2021,14,4,7600,10.2,trade,767078479555584000
2021,14,4,DAL,25.0,waiver,758791918669979648
2021,14,5,1234,21.2,draft,
2021,14,5,1264,15.0,draft,
2021,14,5,138,25.82,free_agent,774300594075803648
2021,14,5,1426,7.9,draft,
2021,14,5,2133,29.1,trade,764316863185448960
2021,14,5,3969,21.2,draft,
2021,14,5,4111,13.2,trade,763803483282505728
2021,14,5,5012,23.0,draft,
2021,14,5,6853,13.8,trade,764316863185448960
2021,14,5,TEN,21.0,waiver,773951069012250624
2021,14,6,17,16.0,draft,
2021,14,6,2374,24.7,trade,755903211134644224
2021,14,6,3202,11.5,free_agent,775152497785503744
2021,14,6,4098,2.8,draft,
2021,14,6,4984,36.22,draft,
2021,14,6,5850,7.5,trade,755903211134644224
2021,14,6,7066,15.8,waiver,774152842108870656
2021,14,6,7553,8.6,draft,
2021,14,6,954,14.82,waiver,766425453367074816
2021,14,6,MIN,7.0,free_agent,771722364605104128
2021,14,7,1339,6.7,waiver,766343362587508736
2021,14,7,1535,12.9,waiver,743717968650850304
2021,14,7,1945,2.0,waiver,764004385872277504
2021,14,7,3294,11.94,draft,
2021,14,7,4037,15.5,draft,
2021,14,7,5848,6.6,trade,751101626156240896
2021,14,7,5937,12.8,trade,761642135714955264
2021,14,7,7594,9.3,trade,751101626156240896
2021,14,7,96,29.64,draft,
2021,14,7,SEA,6.0,free_agent,774556640895721472
2021,14,8,1466,4.2,draft,
2021,14,8,2028,11.52,waiver,746174572046467072
2021,14,8,4199,20.0,trade,771186877293510656
2021,14,8,421,23.48,draft,
2021,14,8,5045,1.4,trade,753627464491757568
2021,14,8,5549,11.4,waiver,753745169517494272
2021,14,8,5967,0.0,waiver,743528712456335360
2021,14,8,6083,14.0,free_agent,769249693980078080
2021,14,8,6783,7.2,trade,771186877293510656
2021,14,8,LAC,7.0,waiver,758689503769677824
2021,14,9,24,11.9,waiver,766263903289253888
2021,14,9,4029,34.7,trade,771445536845955072
2021,14,9,4227,14.0,free_agent,771763953528348672
2021,14,9,4881,1.18,draft,
2021,14,9,4962,7.9,trade,756031096558485504
2021,14,9,5110,8.4,free_agent,770013154167078912
2021,14,9,5892,11.1,trade,755903211134644224
2021,14,9,5927,0.0,trade,755903211134644224
2021,14,9,5985,2.8,free_agent,771758161815314432
2021,14,9,NYG,-2.0,free_agent,771758466120454144
2021,14,10,167,30.12,trade,755851395596410880
2021,14,10,4217,27.6,draft,
2021,14,10,4381,26.3,waiver,771269364325441536
2021,14,10,4455,1.2,waiver,768917522421567488
2021,14,10,5872,12.4,trade,755851395596410880
2021,14,10,5955,22.2,waiver,748194856869961728
2021,14,10,6801,13.9,draft,
2021,14,10,6955,0.4,draft,
2021,14,10,7042,9.0,waiver,757354643096449024
2021,14,10,TB,5.0,draft,
2021,14,11,1067,10.0,draft,
2021,14,11,1144,10.9,waiver,761251276846678016
2021,14,11,1837,20.14,waiver,760955433358880768
2021,14,11,2449,10.9,draft,
2021,14,11,391,9.0,waiver,773948333701099520
2021,14,11,4137,29.0,draft,
2021,14,11,4866,17.0,draft,
2021,14,11,4892,16.0,free_agent,774303053384888320
2021,14,11,5001,0.9,free_agent,750135655471972352
2021,14,11,DEN,11.0,waiver,773947231593160704
2021,14,12,1049,16.54,waiver,774168700344500224
2021,14,12,2197,14.1,trade,751101626156240896
2021,14,12,2216,18.1,draft,
2021,14,12,2431,11.1,waiver,774184690394460160
2021,14,12,4983,11.4,draft,
2021,14,12,5095,2.0,waiver,761307477383036928
2021,14,12,6081,3.9,free_agent,776230342662160384
2021,14,12,6797,24.9,draft,
2021,14,12,7528,23.9,trade,771445536845955072
2021,14,12,ARI,3.0,free_agent,751381780841558016
2022,1,1,2216,15.6,draft,
2022,1,1,24,15.28,draft,
2022,1,1,3198,8.2,draft,
2022,1,1,4018,18.0,draft,
2022,1,1,4068,2.0,draft,
2022,1,1,4892,18.0,draft,
2022,1,1,5045,9.2,draft,
2022,1,1,7553,2.9,draft,
2022,1,1,CIN,3.0,free_agent,873709808539652096
2022,1,2,2505,9.9,draft,
2022,1,2,3161,27.72,draft,
2022,1,2,4035,6.1,draft,
2022,1,2,4039,25.3,draft,
2022,1,2,4137,14.0,draft,
2022,1,2,5000,8.5,draft,
2022,1,2,6819,22.6,draft,
2022,1,2,7591,13.64,draft,
2022,1,2,NO,8.0,draft,
2022,1,3,1166,19.08,draft,
2022,1,3,1234,17.8,draft,
2022,1,3,2197,11.7,draft,
2022,1,3,2309,3.2,draft,
2022,1,3,5012,7.7,draft,
2022,1,3,5890,6.8,draft,
2022,1,3,6813,25.5,draft,
2022,1,3,8155,7.1,draft,
2022,1,3,GB,1.0,draft,
2022,1,4,3294,4.46,draft,
2022,1,4,4033,1.2,draft,
2022,1,4,4046,34.9,draft,
2022,1,4,5846,5.1,draft,
2022,1,4,5859,20.5,draft,
2022,1,4,6828,17.6,draft,
2022,1,4,7564,23.9,draft,
2022,1,4,8129,4.4,draft,
2022,1,4,BAL,13.0,draft,
2022,1,5,1049,19.34,draft,
2022,1,5,2133,25.1,draft,
2022,1,5,3164,5.4,draft,
2022,1,5,3321,14.0,draft,
2022,1,5,4881,20.22,draft,
2022,1,5,6945,16.5,draft,
2022,1,5,7525,0.0,draft,
2022,1,5,7600,10.0,draft,
2022,1,5,PHI,5.0,draft,
2022,1,6,1479,8.6,draft,
2022,1,6,167,10.38,draft,
2022,1,6,4029,12.3,draft,
2022,1,6,4040,8.9,draft,
2022,1,6,5001,9.7,draft,
2022,1,6,5849,20.62,draft,
2022,1,6,6130,7.2,draft,
2022,1,6,830,2.3,free_agent,872669453366775808
2022,1,6,IND,7.0,draft,
2022,1,7,421,7.8,draft,
2022,1,7,4866,30.4,draft,
2022,1,7,4984,31.48,draft,
2022,1,7,4985,7.7,draft,
2022,1,7,5937,9.0,draft,
2022,1,7,6126,0.0,draft,
2022,1,7,6786,3.9,draft,
2022,1,7,6938,0.0,draft,
2022,1,7,SF,5.0,draft,
2022,1,8,1992,1.7,draft,
2022,1,8,2306,21.66,draft,
2022,1,8,2449,22.2,draft,
2022,1,8,3163,15.5,draft,
2022,1,8,4034,13.7,draft,
2022,1,8,6790,25.0,draft,
2022,1,8,6843,5.8,free_agent,873601838182715392
2022,1,8,7543,7.5,draft,
2022,1,8,TEN,11.0,free_agent,872350694395604992
2022,1,9,5844,5.8,draft,
2022,1,9,6770,18.22,draft,
2022,1,9,6794,34.9,draft,
2022,1,9,6801,3.7,draft,
2022,1,9,7523,13.4,draft,
2022,1,9,7561,4.1,draft,
2022,1,9,7588,14.3,draft,
2022,1,9,947,10.1,draft,
2022,1,9,DEN,8.0,draft,
2022,1,10,1352,1.8,draft,
2022,1,10,2028,13.8,draft,
2022,1,10,4199,9.1,draft,
2022,1,10,4983,6.5,draft,
2022,1,10,4988,14.8,draft,
2022,1,10,5848,12.3,draft,
2022,1,10,5906,1.0,draft,
2022,1,10,6797,23.26,draft,
2022,1,10,BUF,17.0,draft,
2022,1,11,1535,21.1,draft,
2022,1,11,3969,14.7,draft,
2022,1,11,4663,9.2,draft,
2022,1,11,5022,7.5,draft,
2022,1,11,5927,12.8,draft,
2022,1,11,6904,24.72,draft,
2022,1,11,7526,15.7,draft,
2022,1,11,96,3.7,draft,
2022,1,11,LAR,11.0,draft,
2022,1,12,1466,22.1,draft,
2022,1,12,5872,11.6,draft,
2022,1,12,5892,6.5,draft,
2022,1,12,6768,14.8,draft,
2022,1,12,7528,9.6,draft,
2022,1,12,7547,16.4,draft,
2022,1,12,7571,12.9,draft,
2022,1,12,7610,9.96,draft,
2022,1,12,TB,13.0,draft,
2022,2,1,2216,7.6,draft,
2022,2,1,24,1.8,draft,
2022,2,1,3198,8.5,draft,
2022,2,1,4018,9.8,draft,
2022,2,1,4068,21.3,draft,
2022,2,1,4892,13.3,draft,
2022,2,1,5045,16.2,draft,
2022,2,1,7553,2.9,draft,
2022,2,1,CIN,5.0,free_agent,873709808539652096
2022,2,2,2505,14.0,draft,
2022,2,2,3161,27.78,draft,
2022,2,2,4039,26.3,draft,
2022,2,2,4137,6.1,draft,
2022,2,2,5000,4.6,draft,
2022,2,2,6783,1.7,draft,
2022,2,2,6886,4.6,waiver,875860303223676928
2022,2,2,7591,8.8,draft,
2022,2,2,PIT,3.0,waiver,875369519734996992
2022,2,3,1166,8.84,draft,
2022,2,3,1234,11.06,draft,
2022,2,3,2197,7.4,draft,
2022,2,3,2309,20.6,draft,
2022,2,3,4951,0.0,free_agent,876129080133705728
2022,2,3,5012,21.2,draft,
2022,2,3,6813,6.8,draft,
2022,2,3,8155,12.5,draft,
2022,2,3,GB,9.0,draft,
2022,2,4,1352,5.9,free_agent,876219789956321280
2022,2,4,1373,6.08,free_agent,875785821746274304
2022,2,4,4046,17.3,draft,
2022,2,4,4089,10.1,free_agent,875794235792732160
2022,2,4,4663,13.9,trade,876213215296675840
2022,2,4,6828,7.2,draft,
2022,2,4,7564,8.3,draft,
2022,2,4,8167,2.4,free_agent,873088649762385920
2022,2,4,BAL,7.0,draft,
2022,2,5,1049,0.88,draft,
2022,2,5,2133,8.2,draft,
2022,2,5,3164,5.4,draft,
2022,2,5,3321,36.5,draft,
2022,2,5,4881,42.62,draft,
2022,2,5,5850,8.6,draft,
2022,2,5,6945,11.1,draft,
2022,2,5,7600,10.2,draft,
2022,2,5,WAS,2.0,free_agent,875732617650233344
2022,2,6,167,9.4,draft,
2022,2,6,1689,7.2,draft,
2022,2,6,4029,5.6,draft,
2022,2,6,4040,2.5,draft,
2022,2,6,5001,0.8,draft,
2022,2,6,5284,11.3,trade,875798134511525888
2022,2,6,5848,9.8,trade,875798134511525888
2022,2,6,5849,25.88,draft,
2022,2,6,IND,0.0,draft,
2022,2,7,3199,15.5,draft,
2022,2,7,3271,10.6,waiver,875596717251248128
2022,2,7,421,18.88,draft,
2022,2,7,4866,10.3,draft,
2022,2,7,4984,29.68,draft,
2022,2,7,5937,10.7,draft,
2022,2,7,6786,11.6,draft,
2022,2,7,7607,7.5,draft,
2022,2,7,SF,11.0,draft,
2022,2,8,1992,13.3,draft,
2022,2,8,2306,7.64,draft,
2022,2,8,2449,38.8,draft,
2022,2,8,4034,14.8,draft,
2022,2,8,5870,13.14,draft,
2022,2,8,6790,15.7,draft,
2022,2,8,6843,0.0,free_agent,873601838182715392
2022,2,8,7543,6.8,draft,
2022,2,8,CLE,5.0,waiver,875485377803325440
2022,2,9,5844,4.1,draft,
2022,2,9,6770,16.56,draft,
2022,2,9,6794,7.8,draft,
2022,2,9,6801,16.1,draft,
2022,2,9,6820,13.8,draft,
2022,2,9,7523,18.5,draft,
2022,2,9,7588,9.0,draft,
2022,2,9,8135,6.7,draft,
2022,2,9,DEN,9.0,draft,
2022,2,10,2028,18.98,draft,
2022,2,10,4199,30.5,draft,
2022,2,10,4983,11.8,draft,
2022,2,10,4988,30.8,draft,
2022,2,10,5906,6.1,draft,
2022,2,10,6151,10.1,draft,
2022,2,10,6797,23.46,draft,
2022,2,10,6803,8.8,draft,
2022,2,10,BUF,19.0,draft,
2022,2,11,1535,4.1,draft,
2022,2,11,3969,8.4,draft,
2022,2,11,4098,8.4,trade,876213215296675840
2022,2,11,5022,10.7,draft,
2022,2,11,5859,9.4,trade,876213215296675840
2022,2,11,6904,33.02,draft,
2022,2,11,7526,34.6,draft,
2022,2,11,96,16.36,draft,
2022,2,11,LAR,10.0,draft,
2022,2,12,1466,7.6,draft,
2022,2,12,5872,12.2,draft,
2022,2,12,5892,14.6,draft,
2022,2,12,6768,38.86,draft,
2022,2,12,7528,11.4,draft,
2022,2,12,7547,34.9,draft,
2022,2,12,7571,18.8,draft,
2022,2,12,7610,2.5,draft,
2022,2,12,TB,29.0,draft,
2022,3,1,2306,14.62,trade,877604510317658112
2022,3,1,24,15.28,draft,
2022,3,1,4018,5.3,draft,
2022,3,1,4068,8.0,draft,
2022,3,1,4137,7.2,trade,878655551641415680
2022,3,1,4217,4.8,trade,877604510317658112
2022,3,1,5045,13.7,draft,
2022,3,1,6819,11.2,trade,878655551641415680
2022,3,1,CIN,19.0,free_agent,873709808539652096
2022,3,2,2505,3.7,draft,
2022,3,2,3161,8.64,draft,
2022,3,2,3198,22.8,trade,878655551641415680
2022,3,2,4035,6.3,draft,
2022,3,2,4039,14.4,draft,
2022,3,2,6783,2.7,draft,
2022,3,2,7591,4.94,draft,
2022,3,2,8144,19.2,free_agent,877212841642725376
2022,3,2,PIT,2.0,waiver,875369519734996992
2022,3,3,1166,18.3,draft,
2022,3,3,1234,9.06,draft,
2022,3,3,2197,3.2,draft,
2022,3,3,2309,19.6,draft,
2022,3,3,5012,24.9,draft,
2022,3,3,5890,11.6,draft,
2022,3,3,6813,10.6,draft,
2022,3,3,8155,12.2,draft,
2022,3,3,NO,4.0,waiver,877935894223777792
2022,3,4,1373,18.9,free_agent,875785821746274304
2022,3,4,3200,7.4,free_agent,876615151544147968
2022,3,4,4046,17.08,draft,
2022,3,4,4089,3.5,free_agent,875794235792732160
2022,3,4,4663,9.3,trade,876213215296675840
2022,3,4,6828,4.8,draft,
2022,3,4,7564,9.7,draft,
2022,3,4,8129,17.1,draft,
2022,3,4,PHI,20.0,waiver,878127544501944320
2022,3,5,1049,18.76,draft,
2022,3,5,2133,11.7,draft,
2022,3,5,3164,14.0,draft,
2022,3,5,3321,4.3,draft,
2022,3,5,4881,39.42,draft,
2022,3,5,6945,10.5,draft,
2022,3,5,7525,26.9,draft,
2022,3,5,7600,5.1,draft,
2022,3,5,DAL,10.0,waiver,878012708690427904
2022,3,6,1689,15.1,draft,
2022,3,6,4029,13.6,draft,
2022,3,6,4082,9.6,waiver,875434665069154304
2022,3,6,5848,21.0,trade,875798134511525888
2022,3,6,5849,13.36,draft,
2022,3,6,6126,4.2,waiver,878124146314448896
2022,3,6,6820,12.4,trade,877645160622800896
2022,3,6,7523,25.18,trade,877645160622800896
2022,3,6,NYG,0.0,free_agent,878575526078611456
2022,3,7,3199,7.4,draft,
2022,3,7,3271,8.1,waiver,875596717251248128
2022,3,7,421,10.16,draft,
2022,3,7,4866,20.6,draft,
2022,3,7,4984,26.7,draft,
2022,3,7,5937,12.4,draft,
2022,3,7,6786,18.7,draft,
2022,3,7,6938,10.1,draft,
2022,3,7,SF,10.0,draft,
2022,3,8,2449,10.9,draft,
2022,3,8,3163,13.88,draft,
2022,3,8,4034,12.5,draft,
2022,3,8,4950,16.2,trade,875483257456738304
2022,3,8,5870,13.74,draft,
2022,3,8,6790,6.1,draft,
2022,3,8,7543,9.0,draft,
2022,3,8,7553,11.2,trade,877604510317658112
2022,3,8,CLE,11.0,waiver,875485377803325440
2022,3,9,167,14.74,trade,877645160622800896
2022,3,9,5284,10.1,trade,877645160622800896
2022,3,9,5844,9.3,draft,
2022,3,9,6770,23.0,draft,
2022,3,9,6794,2.9,draft,
2022,3,9,6801,11.8,draft,
2022,3,9,7588,7.5,draft,
2022,3,9,8146,9.0,free_agent,876877784276955136
2022,3,9,LAC,-4.0,waiver,878002072254279680
2022,3,10,2028,19.82,draft,
2022,3,10,2251,1.5,waiver,877640349949063168
2022,3,10,4199,4.2,draft,
2022,3,10,4988,17.3,draft,
2022,3,10,6151,4.9,draft,
2022,3,10,6797,12.58,draft,
2022,3,10,6803,11.4,draft,
2022,3,10,6943,5.2,draft,
2022,3,10,BUF,4.0,draft,
2022,3,11,1535,21.8,draft,
2022,3,11,3969,9.5,draft,
2022,3,11,4098,7.6,trade,876213215296675840
2022,3,11,5022,10.1,draft,
2022,3,11,5859,17.0,trade,876213215296675840
2022,3,11,6904,27.6,draft,
2022,3,11,7526,13.1,draft,
2022,3,11,96,16.1,draft,
2022,3,11,LAR,6.0,draft,
2022,3,12,1466,15.9,draft,
2022,3,12,5872,10.4,draft,
2022,3,12,5892,1.1,draft,
2022,3,12,6768,11.44,draft,
2022,3,12,7528,11.6,draft,
2022,3,12,7547,10.3,draft,
2022,3,12,7585,9.8,draft,
2022,3,12,8112,12.9,draft,
2022,3,12,TB,8.0,draft,
2022,4,1,2216,26.3,draft,
2022,4,1,24,17.84,draft,
2022,4,1,4018,15.4,draft,
2022,4,1,4068,15.5,draft,
2022,4,1,4137,9.2,trade,878655551641415680
2022,4,1,4217,3.4,trade,877604510317658112
2022,4,1,5045,13.7,draft,
2022,4,1,6819,4.6,trade,878655551641415680
2022,4,1,LAC,9.0,free_agent,881574557444689920
2022,4,2,2505,3.9,draft,
2022,4,2,3161,7.3,draft,
2022,4,2,3198,22.2,trade,878655551641415680
2022,4,2,4039,19.2,draft,
2022,4,2,4574,17.62,free_agent,880804791335514112
2022,4,2,6783,13.3,draft,
2022,4,2,8144,14.7,free_agent,877212841642725376
2022,4,2,956,5.8,free_agent,882277568974442496
2022,4,2,PIT,5.0,waiver,875369519734996992
2022,4,3,1166,12.92,draft,
2022,4,3,1234,26.98,draft,
2022,4,3,2197,15.2,draft,
2022,4,3,2309,1.4,draft,
2022,4,3,5012,2.5,draft,
2022,4,3,6813,2.8,draft,
2022,4,3,7670,3.0,free_agent,881982777501859840
2022,4,3,8155,14.8,draft,
2022,4,3,MIN,7.0,free_agent,880805890574516224
2022,4,4,1373,31.7,free_agent,875785821746274304
2022,4,4,4046,23.36,draft,
2022,4,4,4089,14.6,free_agent,875794235792732160
2022,4,4,4197,10.1,waiver,880687268912918528
2022,4,4,4663,31.9,trade,876213215296675840
2022,4,4,6828,8.9,draft,
2022,4,4,7564,10.1,draft,
2022,4,4,8129,22.9,draft,
2022,4,4,PHI,18.0,waiver,878127544501944320
2022,4,5,1049,14.38,draft,
2022,4,5,2133,15.0,draft,
2022,4,5,3321,20.9,draft,
2022,4,5,4881,13.06,draft,
2022,4,5,5850,32.0,draft,
2022,4,5,6945,7.8,draft,
2022,4,5,7525,3.2,draft,
2022,4,5,7600,12.0,draft,
2022,4,5,DAL,11.0,waiver,878012708690427904
2022,4,6,4029,9.6,draft,
2022,4,6,4177,4.8,waiver,880506893901168640
2022,4,6,5001,0.0,draft,
2022,4,6,5848,17.8,trade,875798134511525888
2022,4,6,5849,22.88,draft,
2022,4,6,6806,20.3,draft,
2022,4,6,7523,5.66,trade,877645160622800896
2022,4,6,7596,7.0,draft,
2022,4,6,NYG,18.0,free_agent,878575526078611456
2022,4,7,2374,10.1,draft,
2022,4,7,3271,12.3,waiver,875596717251248128
2022,4,7,421,6.76,draft,
2022,4,7,4866,17.2,draft,
2022,4,7,4984,23.52,draft,
2022,4,7,5937,3.2,draft,
2022,4,7,6786,18.7,draft,
2022,4,7,7611,10.9,draft,
2022,4,7,SF,22.0,draft,
2022,4,8,2449,8.2,draft,
2022,4,8,3163,33.22,draft,
2022,4,8,4034,21.3,draft,
2022,4,8,4950,7.3,trade,875483257456738304
2022,4,8,5870,21.64,draft,
2022,4,8,5967,1.3,draft,
2022,4,8,7553,3.0,trade,877604510317658112
2022,4,8,7608,10.6,draft,
2022,4,8,CLE,3.0,waiver,875485377803325440
2022,4,9,167,25.4,trade,877645160622800896
2022,4,9,5284,13.4,trade,877645160622800896
2022,4,9,5844,35.9,draft,
2022,4,9,6770,20.08,draft,
2022,4,9,6794,26.0,draft,
2022,4,9,6801,21.9,draft,
2022,4,9,7588,3.2,draft,
2022,4,9,8146,5.1,free_agent,876877784276955136
2022,4,9,DEN,2.0,waiver,880474910328344576
2022,4,10,2028,11.52,draft,
2022,4,10,4199,13.0,draft,
2022,4,10,4988,19.7,draft,
2022,4,10,5906,5.5,draft,
2022,4,10,6151,28.6,draft,
2022,4,10,6797,21.1,draft,
2022,4,10,6803,5.7,draft,
2022,4,10,6943,1.8,draft,
2022,4,10,BUF,7.0,draft,
2022,4,11,1535,9.8,draft,
2022,4,11,3969,14.9,draft,
2022,4,11,4149,23.4,draft,
2022,4,11,5022,9.7,draft,
2022,4,11,5859,12.0,trade,876213215296675840
2022,4,11,6904,15.96,draft,
2022,4,11,7526,4.9,draft,
2022,4,11,96,16.14,draft,
2022,4,11,LAR,2.0,draft,
2022,4,12,1466,19.7,draft,
2022,4,12,5872,20.7,draft,
2022,4,12,6768,2.4,draft,
2022,4,12,6955,2.9,draft,
2022,4,12,7528,7.4,draft,
2022,4,12,7571,3.2,draft,
2022,4,12,7585,13.84,draft,
2022,4,12,8112,2.7,draft,
2022,4,12,GB,8.0,waiver,880676215701528576
2022,5,1,2216,10.1,draft,
2022,5,1,24,6.14,draft,
2022,5,1,4018,10.3,draft,
2022,5,1,4068,18.4,draft,
2022,5,1,4137,6.8,trade,878655551641415680
2022,5,1,4217,5.2,trade,877604510317658112
2022,5,1,6819,8.4,trade,878655551641415680
2022,5,1,7523,10.34,trade,883539298668978176
2022,5,1,LAC,1.0,free_agent,881574557444689920
2022,5,2,2505,0.0,draft,
2022,5,2,3161,21.86,draft,
2022,5,2,3198,26.2,trade,878655551641415680
2022,5,2,4035,20.4,draft,
2022,5,2,4039,22.4,draft,
2022,5,2,4574,3.98,free_agent,880804791335514112
2022,5,2,6783,6.8,draft,
2022,5,2,8144,13.4,free_agent,877212841642725376
2022,5,2,MIA,-2.0,free_agent,883338844446195712
2022,5,3,1166,22.24,draft,
2022,5,3,1234,9.16,draft,
2022,5,3,2197,4.0,draft,
2022,5,3,2309,17.1,draft,
2022,5,3,5012,18.9,draft,
2022,5,3,5347,1.3,draft,
2022,5,3,5890,1.7,draft,
2022,5,3,8155,26.7,draft,
2022,5,3,MIN,6.0,free_agent,880805890574516224
2022,5,4,1352,5.7,free_agent,876219789956321280
2022,5,4,4046,30.48,draft,
2022,5,4,4089,0.7,free_agent,875794235792732160
2022,5,4,4663,33.9,trade,876213215296675840
2022,5,4,6828,3.4,draft,
2022,5,4,7564,8.5,draft,
2022,5,4,8129,18.8,draft,
2022,5,4,8160,12.08,draft,
2022,5,4,PHI,4.0,waiver,878127544501944320
2022,5,5,1049,11.54,draft,
2022,5,5,2133,25.9,draft,
2022,5,5,3164,7.8,draft,
2022,5,5,3321,9.5,draft,
2022,5,5,4881,14.76,draft,
2022,5,5,5850,27.8,draft,
2022,5,5,7525,13.7,draft,
2022,5,5,7600,2.2,draft,
2022,5,5,TEN,6.0,waiver,883202028321652736
2022,5,6,4029,25.1,draft,
2022,5,6,4040,4.8,draft,
2022,5,6,5001,0.0,draft,
2022,5,6,5848,17.8,trade,875798134511525888
2022,5,6,5849,16.2,draft,
2022,5,6,5927,10.1,trade,883539298668978176
2022,5,6,6806,4.4,draft,
2022,5,6,6820,5.0,trade,877645160622800896
2022,5,6,CAR,6.0,free_agent,883350375217074176
2022,5,7,3271,8.1,waiver,875596717251248128
2022,5,7,421,10.32,draft,
2022,5,7,4866,18.1,draft,
2022,5,7,4984,35.16,draft,
2022,5,7,4985,5.4,draft,
2022,5,7,5937,8.5,draft,
2022,5,7,6786,7.8,draft,
2022,5,7,7611,18.5,draft,
2022,5,7,SF,16.0,draft,
2022,5,8,1837,18.02,trade,883543629963247616
2022,5,8,2320,11.8,draft,
2022,5,8,2449,20.2,draft,
2022,5,8,3163,5.86,draft,
2022,5,8,4033,11.8,trade,883543629963247616
2022,5,8,4034,19.9,draft,
2022,5,8,4950,1.6,trade,875483257456738304
2022,5,8,7608,1.1,draft,
2022,5,8,JAX,5.0,waiver,883098086703009792
2022,5,9,167,19.74,trade,877645160622800896
2022,5,9,4037,9.3,draft,
2022,5,9,5284,19.7,trade,877645160622800896
2022,5,9,5844,1.1,draft,
2022,5,9,6770,17.28,draft,
2022,5,9,6794,24.32,draft,
2022,5,9,6801,0.0,draft,
2022,5,9,7543,12.9,trade,883532552873594880
2022,5,9,DEN,17.0,waiver,880474910328344576
2022,5,10,2028,17.94,draft,
2022,5,10,4066,9.9,free_agent,884616798278991872
2022,5,10,4199,9.0,draft,
2022,5,10,4988,25.4,draft,
2022,5,10,6151,7.4,draft,
2022,5,10,6797,14.42,draft,
2022,5,10,6943,30.6,draft,
2022,5,10,8137,11.3,draft,
2022,5,10,BUF,13.0,draft,
2022,5,11,3969,30.9,draft,
2022,5,11,4149,5.6,draft,
2022,5,11,5022,13.5,draft,
2022,5,11,5846,15.3,trade,876213215296675840
2022,5,11,5859,4.7,trade,876213215296675840
2022,5,11,6904,27.66,draft,
2022,5,11,7526,3.8,draft,
2022,5,11,96,16.88,draft,
2022,5,11,LAR,6.0,draft,
2022,5,12,1466,30.0,draft,
2022,5,12,2152,0.0,waiver,883134263858667520
2022,5,12,5872,10.2,draft,
2022,5,12,6955,4.9,draft,
2022,5,12,7528,5.1,draft,
2022,5,12,7547,3.8,draft,
2022,5,12,7585,5.8,draft,
2022,5,12,8112,5.5,draft,
2022,5,12,GB,3.0,waiver,880676215701528576
2022,6,1,2216,6.2,draft,
2022,6,1,24,27.16,draft,
2022,6,1,4018,14.8,draft,
2022,6,1,4068,2.7,draft,
2022,6,1,4217,12.3,trade,877604510317658112
2022,6,1,5916,12.2,draft,
2022,6,1,6951,8.0,waiver,885396393085743104
2022,6,1,7523,24.9,trade,883539298668978176
2022,6,1,LAC,6.0,free_agent,881574557444689920
2022,6,2,3161,4.16,draft,
2022,6,2,4035,15.4,draft,
2022,6,2,4039,13.2,draft,
2022,6,2,4381,4.54,waiver,885548490296561664
2022,6,2,6783,6.9,draft,
2022,6,2,6847,1.9,free_agent,886731589714153472
2022,6,2,7591,18.4,draft,
2022,6,2,8151,18.0,trade,875483257456738304
2022,6,2,CLE,1.0,free_agent,885875177878249472
2022,6,3,1166,16.5,draft,
2022,6,3,1234,13.82,draft,
2022,6,3,2309,12.4,draft,
2022,6,3,2320,0.8,trade,887054486370312192
2022,6,3,4034,19.3,trade,887054486370312192
2022,6,3,5012,20.1,draft,
2022,6,3,5947,8.0,draft,
2022,6,3,7551,23.1,free_agent,887053097548095488
2022,6,3,MIN,14.0,free_agent,880805890574516224
2022,6,4,1373,12.68,free_agent,875785821746274304
2022,6,4,4046,19.62,draft,
2022,6,4,4089,5.4,free_agent,875794235792732160
2022,6,4,4197,1.9,waiver,880687268912918528
2022,6,4,4663,19.3,trade,876213215296675840
2022,6,4,6828,7.2,draft,
2022,6,4,7090,10.3,waiver,885772560460283904
2022,6,4,7564,28.7,draft,
2022,6,4,PHI,7.0,waiver,878127544501944320
2022,6,5,2214,2.4,free_agent,887177978445148160
2022,6,5,3164,15.1,draft,
2022,6,5,3257,8.64,free_agent,872334975054360576
2022,6,5,3321,23.7,draft,
2022,6,5,4881,16.1,draft,
2022,6,5,6945,6.8,draft,
2022,6,5,7525,12.9,draft,
2022,6,5,7601,7.9,draft,
2022,6,5,IND,7.0,free_agent,885882858974162944
2022,6,6,1689,13.6,draft,
2022,6,6,4029,14.8,draft,
2022,6,6,4040,19.8,draft,
2022,6,6,4973,3.6,waiver,885596916656898048
2022,6,6,5848,9.3,trade,875798134511525888
2022,6,6,5849,14.88,draft,
2022,6,6,5927,6.7,trade,883539298668978176
2022,6,6,6806,1.5,draft,
2022,6,6,BAL,7.0,waiver,885597551863410688
2022,6,7,2374,2.7,draft,
2022,6,7,3271,1.2,waiver,875596717251248128
2022,6,7,4866,17.0,draft,
2022,6,7,4984,26.36,draft,
2022,6,7,5937,6.1,draft,
2022,6,7,6786,10.2,draft,
2022,6,7,7538,4.5,draft,
2022,6,7,7611,23.1,draft,
2022,6,7,SF,2.0,draft,
2022,6,8,1837,16.94,trade,883543629963247616
2022,6,8,2449,25.8,draft,
2022,6,8,4033,7.3,trade,883543629963247616
2022,6,8,4950,8.8,trade,875483257456738304
2022,6,8,5870,13.52,draft,
2022,6,8,8146,1.3,trade,883532552873594880
2022,6,8,8154,12.0,free_agent,872881909783543808
2022,6,8,8155,19.1,trade,887054486370312192
2022,6,8,JAX,0.0,waiver,883098086703009792
2022,6,9,167,13.72,trade,877645160622800896
2022,6,9,4037,12.5,draft,
2022,6,9,5284,0.5,trade,877645160622800896
2022,6,9,6018,0.9,free_agent,887141468962414592
2022,6,9,6770,32.5,draft,
2022,6,9,6794,13.7,draft,
2022,6,9,6801,7.7,draft,
2022,6,9,7543,11.8,trade,883532552873594880
2022,6,9,NE,14.0,waiver,885422936981467136
2022,6,10,2307,24.16,draft,
2022,6,10,4066,6.5,free_agent,884616798278991872
2022,6,10,4199,5.9,draft,
2022,6,10,4988,7.5,draft,
2022,6,10,6151,13.7,draft,
2022,6,10,6797,8.42,draft,
2022,6,10,6943,14.9,draft,
2022,6,10,8137,4.3,draft,
2022,6,10,BUF,8.0,draft,
2022,6,11,3969,19.1,draft,
2022,6,11,4098,1.2,trade,876213215296675840
2022,6,11,5022,3.2,draft,
2022,6,11,5846,4.4,trade,876213215296675840
2022,6,11,5859,15.2,trade,876213215296675840
2022,6,11,6904,16.9,draft,
2022,6,11,7526,13.9,draft,
2022,6,11,96,11.84,draft,
2022,6,11,LAR,11.0,draft,
2022,6,12,1466,15.2,draft,
2022,6,12,4335,2.3,waiver,885676998608125952
2022,6,12,4574,5.24,free_agent,886280109110325248
2022,6,12,5872,12.5,draft,
2022,6,12,5892,8.5,draft,
2022,6,12,6955,6.0,draft,
2022,6,12,7528,11.9,draft,
2022,6,12,8112,5.5,draft,
2022,6,12,TB,3.0,draft,
2022,7,1,2216,14.1,draft,
2022,7,1,24,9.92,draft,
2022,7,1,4018,16.6,draft,
2022,7,1,4068,18.1,draft,
2022,7,1,4217,18.8,trade,877604510317658112
2022,7,1,6819,6.8,trade,878655551641415680
2022,7,1,6951,21.3,waiver,885396393085743104
2022,7,1,7523,18.7,trade,883539298668978176
2022,7,1,LAC,4.0,free_agent,881574557444689920
2022,7,2,3198,15.3,trade,878655551641415680
2022,7,2,4035,14.0,draft,
2022,7,2,4335,15.08,waiver,889027305249820672
2022,7,2,6783,13.1,draft,
2022,7,2,7591,23.36,draft,
2022,7,2,8111,8.4,free_agent,889528548136882176
2022,7,2,8144,14.1,free_agent,877212841642725376
2022,7,2,8151,28.7,trade,875483257456738304
2022,7,2,NYJ,7.0,free_agent,888571003373223936
2022,7,3,2197,6.6,draft,
2022,7,3,2309,8.9,draft,
2022,7,3,2711,14.44,waiver,888077652362301440
2022,7,3,3242,0.5,waiver,888079678148173824
2022,7,3,4034,7.2,trade,887054486370312192
2022,7,3,5012,0.4,draft,
2022,7,3,5947,10.4,draft,
2022,7,3,7527,0.92,trade,887054486370312192
2022,7,3,BAL,15.0,waiver,888078122124333056
2022,7,4,3294,12.28,draft,
2022,7,4,4046,26.92,draft,
2022,7,4,4089,8.8,free_agent,875794235792732160
2022,7,4,4663,30.7,trade,876213215296675840
2022,7,4,5038,0.0,trade,878122431682899968
2022,7,4,7564,29.0,draft,
2022,7,4,8129,13.7,draft,
2022,7,4,8142,5.2,trade,889571219249459200
2022,7,4,DEN,4.0,free_agent,887142722157572096
2022,7,5,1049,3.88,draft,
2022,7,5,1426,15.3,draft,
2022,7,5,2133,13.5,draft,
2022,7,5,3164,17.7,draft,
2022,7,5,3321,10.7,draft,
2022,7,5,4602,4.7,waiver,888109457488629760
2022,7,5,4881,10.7,draft,
2022,7,5,5850,35.0,draft,
2022,7,5,MIA,12.0,waiver,888109946682859520
2022,7,6,4040,21.9,draft,
2022,7,6,4111,15.5,trade,889954265169633280
2022,7,6,4973,7.8,waiver,885596916656898048
2022,7,6,5001,7.4,draft,
2022,7,6,5849,17.16,draft,
2022,7,6,5927,15.8,trade,883539298668978176
2022,7,6,6820,9.2,trade,877645160622800896
2022,7,6,829,26.54,waiver,888230010983526400
2022,7,6,DAL,26.0,free_agent,887528079378247680
2022,7,7,2374,8.0,draft,
2022,7,7,2749,18.9,draft,
2022,7,7,4381,9.62,waiver,888503080612872192
2022,7,7,4866,15.5,draft,
2022,7,7,5937,7.0,draft,
2022,7,7,6786,8.6,draft,
2022,7,7,7538,7.24,draft,
2022,7,7,7611,19.8,draft,
2022,7,7,TEN,20.0,free_agent,888465823050776576
2022,7,8,1837,16.32,trade,883543629963247616
2022,7,8,4033,10.6,trade,883543629963247616
2022,7,8,4950,13.6,trade,875483257456738304
2022,7,8,5870,28.78,draft,
2022,7,8,6813,12.0,trade,887054486370312192
2022,7,8,8146,4.4,trade,883532552873594880
2022,7,8,8154,9.6,free_agent,872881909783543808
2022,7,8,8155,13.2,trade,887054486370312192
2022,7,8,JAX,1.0,waiver,883098086703009792
2022,7,9,167,11.7,trade,877645160622800896
2022,7,9,4037,8.0,draft,
2022,7,9,5844,6.8,draft,
2022,7,9,6770,39.24,draft,
2022,7,9,6801,11.8,draft,
2022,7,9,7543,18.4,trade,883532552873594880
2022,7,9,8121,0.0,draft,
2022,7,9,8205,4.3,trade,889954265169633280
2022,7,9,NE,7.0,waiver,885422936981467136
2022,7,10,1479,2.1,trade,875798134511525888
2022,7,10,2028,13.54,draft,
2022,7,10,4066,8.7,free_agent,884616798278991872
2022,7,10,4199,24.1,draft,
2022,7,10,4988,17.7,draft,
2022,7,10,6797,17.62,draft,
2022,7,10,6803,11.7,draft,
2022,7,10,8137,15.1,draft,
2022,7,10,NYG,6.0,free_agent,889624005987028992
2022,7,11,3225,25.5,draft,
2022,7,11,3969,3.6,draft,
2022,7,11,4098,7.3,trade,876213215296675840
2022,7,11,4993,4.2,free_agent,888595985759113216
2022,7,11,5185,8.5,draft,
2022,7,11,5846,1.7,trade,876213215296675840
2022,7,11,7526,10.8,draft,
2022,7,11,96,15.76,draft,
2022,7,11,ARI,17.0,free_agent,888596554276065280
2022,7,12,1466,12.8,draft,
2022,7,12,5872,6.9,draft,
2022,7,12,5892,12.2,draft,
2022,7,12,6768,15.94,draft,
2022,7,12,7528,9.5,draft,
2022,7,12,7547,0.9,draft,
2022,7,12,7585,18.08,draft,
2022,7,12,8112,1.4,draft,
2022,7,12,TB,1.0,draft,
2022,8,1,2216,15.3,draft,
2022,8,1,4018,9.4,draft,
2022,8,1,4217,11.4,trade,877604510317658112
2022,8,1,5045,1.8,draft,
2022,8,1,5916,4.0,draft,
2022,8,1,6819,8.8,trade,878655551641415680
2022,8,1,6951,6.5,waiver,885396393085743104
2022,8,1,7523,6.82,trade,883539298668978176
2022,8,1,ATL,8.0,free_agent,891024033653870592
2022,8,2,3198,35.3,trade,878655551641415680
2022,8,2,4035,38.3,draft,
2022,8,2,4039,18.9,draft,
2022,8,2,4335,16.68,waiver,889027305249820672
2022,8,2,6126,4.8,free_agent,892464430506672128
2022,8,2,6783,15.3,draft,
2022,8,2,6813,5.6,trade,891015800373354496
2022,8,2,7591,26.04,draft,
2022,8,2,SEA,14.0,waiver,890776497684647936
2022,8,3,1166,23.48,draft,
2022,8,3,1234,13.78,draft,
2022,8,3,2197,9.3,draft,
2022,8,3,2309,19.6,draft,
2022,8,3,2320,12.7,trade,887054486370312192
2022,8,3,4034,36.26,trade,887054486370312192
2022,8,3,5012,4.8,draft,
2022,8,3,5947,16.5,draft,
2022,8,3,BAL,4.0,waiver,888078122124333056
2022,8,4,1373,19.08,free_agent,875785821746274304
2022,8,4,3294,25.4,draft,
2022,8,4,4171,2.4,free_agent,891806635700457472
2022,8,4,4381,7.78,free_agent,891026301543202816
2022,8,4,5967,33.2,trade,883543629963247616
2022,8,4,6803,17.1,trade,891488863594532864
2022,8,4,6943,4.5,trade,891488863594532864
2022,8,4,8129,12.6,draft,
2022,8,4,PHI,16.0,waiver,878127544501944320
2022,8,5,1426,27.9,draft,
2022,8,5,2133,0.7,draft,
2022,8,5,3321,25.5,draft,
2022,8,5,4881,21.82,draft,
2022,8,5,5850,6.4,draft,
2022,8,5,6945,17.2,draft,
2022,8,5,7600,7.7,draft,
2022,8,5,8161,1.4,free_agent,890978364775665664
2022,8,5,MIA,1.0,waiver,888109946682859520
2022,8,6,1689,9.7,draft,
2022,8,6,4029,22.6,draft,
2022,8,6,4111,31.8,trade,889954265169633280
2022,8,6,4199,17.7,trade,891007709745487872
2022,8,6,5001,10.4,draft,
2022,8,6,7583,7.54,waiver,890611640750723072
2022,8,6,8121,14.2,trade,891490737026596864
2022,8,6,829,17.16,waiver,888230010983526400
2022,8,6,DAL,12.0,free_agent,887528079378247680
2022,8,7,2374,12.8,draft,
2022,8,7,2749,7.2,draft,
2022,8,7,3271,2.5,waiver,875596717251248128
2022,8,7,421,17.38,draft,
2022,8,7,4866,13.7,draft,
2022,8,7,4984,17.62,draft,
2022,8,7,6786,16.3,draft,
2022,8,7,7611,17.8,draft,
2022,8,7,TEN,9.0,free_agent,888465823050776576
2022,8,8,2449,19.8,draft,
2022,8,8,3163,18.14,draft,
2022,8,8,4983,24.5,trade,889627714703794176
2022,8,8,5870,9.04,draft,
2022,8,8,6790,11.8,draft,
2022,8,8,7553,16.5,trade,877604510317658112
2022,8,8,8144,7.7,trade,891015800373354496
2022,8,8,8151,11.7,trade,891015800373354496
2022,8,8,JAX,5.0,waiver,883098086703009792
2022,8,9,167,17.1,trade,877645160622800896
2022,8,9,2588,1.0,free_agent,891122629149618176
2022,8,9,4037,10.5,draft,
2022,8,9,5844,9.5,draft,
2022,8,9,6770,13.48,draft,
2022,8,9,6794,12.8,draft,
2022,8,9,6801,12.4,draft,
2022,8,9,7543,23.7,trade,883532552873594880
2022,8,9,NE,9.0,waiver,885422936981467136
2022,8,10,2307,22.42,draft,
2022,8,10,4066,13.5,free_agent,884616798278991872
2022,8,10,4988,24.9,draft,
2022,8,10,5849,24.64,trade,891007709745487872
2022,8,10,5927,13.6,trade,891007709745487872
2022,8,10,6130,8.8,trade,875798134511525888
2022,8,10,6151,13.8,draft,
2022,8,10,8137,0.0,draft,
2022,8,10,BUF,5.0,draft,
2022,8,11,3225,11.3,draft,
2022,8,11,3969,13.3,draft,
2022,8,11,4149,21.1,draft,
2022,8,11,5022,9.4,draft,
2022,8,11,5859,36.6,trade,876213215296675840
2022,8,11,6904,28.4,draft,
2022,8,11,7526,26.6,draft,
2022,8,11,96,15.22,draft,
2022,8,11,ARI,7.0,free_agent,888596554276065280
2022,8,12,1339,11.4,draft,
2022,8,12,5892,7.0,draft,
2022,8,12,6768,29.18,draft,
2022,8,12,7528,8.96,draft,
2022,8,12,7547,10.4,draft,
2022,8,12,7571,0.0,draft,
2022,8,12,7585,8.88,draft,
2022,8,12,8112,5.1,draft,
2022,8,12,IND,5.0,free_agent,890894737631105024
2022,9,1,2216,6.5,draft,
2022,9,1,4018,53.1,draft,
2022,9,1,4137,8.9,trade,878655551641415680
2022,9,1,4602,4.4,free_agent,893485773331202048
2022,9,1,5916,5.6,draft,
2022,9,1,6819,3.7,trade,878655551641415680
2022,9,1,6847,1.0,free_agent,893485974108217344
2022,9,1,7523,16.7,trade,883539298668978176
2022,9,1,ATL,6.0,free_agent,891024033653870592
2022,9,2,2505,0.0,draft,
2022,9,2,3198,23.5,trade,878655551641415680
2022,9,2,4035,7.7,draft,
2022,9,2,4039,22.8,draft,
2022,9,2,4950,17.6,trade,891015800373354496
2022,9,2,7591,42.72,draft,
2022,9,2,7606,2.2,trade,893117660697833472
2022,9,2,8146,13.9,trade,891015800373354496
2022,9,2,SEA,9.0,waiver,890776497684647936
2022,9,3,1166,16.4,draft,
2022,9,3,5284,14.7,waiver,891404962918240256
2022,9,3,5347,0.0,draft,
2022,9,3,5947,4.9,draft,
2022,9,3,6886,2.7,waiver,885958286414082048
2022,9,3,7525,3.2,trade,893216411026186240
2022,9,3,7527,9.68,trade,887054486370312192
2022,9,3,7891,0.0,waiver,893239121420845056
2022,9,3,BAL,10.0,waiver,888078122124333056
2022,9,4,1373,20.8,free_agent,875785821746274304
2022,9,4,4046,34.14,draft,
2022,9,4,4089,6.1,free_agent,875794235792732160
2022,9,4,4663,20.6,trade,876213215296675840
2022,9,4,5844,11.5,trade,893609812406124544
2022,9,4,6943,4.3,trade,891488863594532864
2022,9,4,7670,14.6,free_agent,891804549546074112
2022,9,4,8129,13.9,draft,
2022,9,4,PHI,8.0,waiver,878127544501944320
2022,9,5,1426,11.6,draft,
2022,9,5,2133,31.6,draft,
2022,9,5,2711,13.66,trade,893216411026186240
2022,9,5,3321,23.8,draft,
2022,9,5,4881,17.52,draft,
2022,9,5,4973,6.0,waiver,891412133076738048
2022,9,5,5850,10.2,draft,
2022,9,5,6945,5.7,draft,
2022,9,5,KC,4.0,free_agent,893489178057428992
2022,9,6,4029,12.6,draft,
2022,9,6,4040,13.8,draft,
2022,9,6,4111,3.1,trade,889954265169633280
2022,9,6,4199,5.5,trade,891007709745487872
2022,9,6,5133,1.2,waiver,893289040911204352
2022,9,6,6797,12.1,trade,891007709745487872
2022,9,6,8121,2.3,trade,891490737026596864
2022,9,6,829,10.9,waiver,888230010983526400
2022,9,6,DAL,0.0,free_agent,887528079378247680
2022,9,7,2374,15.2,draft,
2022,9,7,2749,8.6,draft,
2022,9,7,3271,0.0,waiver,875596717251248128
2022,9,7,421,10.5,draft,
2022,9,7,4984,24.8,draft,
2022,9,7,7601,10.9,waiver,893180938417491968
2022,9,7,7607,15.1,draft,
2022,9,7,7611,14.5,draft,
2022,9,7,CIN,6.0,waiver,893179212159180800
2022,9,8,2449,11.8,draft,
2022,9,8,3163,11.38,draft,
2022,9,8,4335,-3.04,trade,893117660697833472
2022,9,8,6790,6.5,draft,
2022,9,8,7551,4.6,free_agent,893551676735438848
2022,9,8,7553,3.7,trade,877604510317658112
2022,9,8,8144,10.1,trade,891015800373354496
2022,9,8,8151,26.4,trade,891015800373354496
2022,9,8,MIN,6.0,waiver,893187676520628224
2022,9,9,167,15.2,trade,877645160622800896
2022,9,9,4037,7.2,draft,
2022,9,9,6770,19.14,draft,
2022,9,9,6794,22.0,draft,
2022,9,9,6801,9.5,draft,
2022,9,9,6828,5.4,trade,893609812406124544
2022,9,9,7543,25.6,trade,883532552873594880
2022,9,9,8131,8.9,free_agent,893510716718485504
2022,9,9,NE,26.0,waiver,885422936981467136
2022,9,10,2307,7.56,draft,
2022,9,10,2750,7.8,free_agent,893962362124656640
2022,9,10,4066,1.3,free_agent,884616798278991872
2022,9,10,4080,6.5,free_agent,893623334154186752
2022,9,10,5849,19.0,trade,891007709745487872
2022,9,10,5927,8.1,trade,891007709745487872
2022,9,10,6130,6.8,trade,875798134511525888
2022,9,10,6151,15.3,draft,
2022,9,10,BUF,6.0,draft,
2022,9,11,3225,6.9,draft,
2022,9,11,3969,8.5,draft,
2022,9,11,4149,10.1,draft,
2022,9,11,5022,20.0,draft,
2022,9,11,5859,13.9,trade,876213215296675840
2022,9,11,6904,20.02,draft,
2022,9,11,7526,17.0,draft,
2022,9,11,96,13.64,draft,
2022,9,11,ARI,9.0,free_agent,888596554276065280
2022,9,12,1339,12.5,draft,
2022,9,12,1466,15.6,draft,
2022,9,12,5892,4.9,draft,
2022,9,12,6768,24.08,draft,
2022,9,12,6955,12.3,draft,
2022,9,12,7547,7.5,draft,
2022,9,12,7585,11.96,draft,
2022,9,12,8112,1.8,draft,
2022,9,12,TB,8.0,draft,
2022,10,1,2216,7.9,draft,
2022,10,1,4137,22.1,trade,878655551641415680
2022,10,1,4217,2.6,trade,877604510317658112
2022,10,1,5045,9.6,draft,
2022,10,1,5916,9.7,draft,
2022,10,1,6819,8.8,trade,878655551641415680
2022,10,1,6824,12.4,free_agent,896277121847148544
2022,10,1,7523,20.96,trade,883539298668978176
2022,10,1,ATL,1.0,free_agent,891024033653870592
2022,10,2,1837,15.9,trade,893117660697833472
2022,10,2,3198,7.7,trade,878655551641415680
2022,10,2,4035,6.0,draft,
2022,10,2,4039,1.4,draft,
2022,10,2,4089,3.3,free_agent,896559523790209024
2022,10,2,6783,0.0,draft,
2022,10,2,6813,23.3,trade,891015800373354496
2022,10,2,7591,39.38,draft,
2022,10,2,SEA,4.0,waiver,890776497684647936
2022,10,3,1166,15.48,draft,
2022,10,3,1234,14.24,draft,
2022,10,3,2309,4.7,draft,
2022,10,3,4034,15.7,trade,887054486370312192
2022,10,3,5284,21.3,waiver,891404962918240256
2022,10,3,6826,21.4,waiver,895699993812434944
2022,10,3,6886,1.3,waiver,885958286414082048
2022,10,3,7525,10.9,trade,893216411026186240
2022,10,3,TEN,13.0,waiver,895700418624245760
2022,10,4,3294,19.2,draft,
2022,10,4,4046,31.14,draft,
2022,10,4,4663,9.8,trade,876213215296675840
2022,10,4,5844,8.0,trade,893609812406124544
2022,10,4,5846,10.1,trade,895804662849347584
2022,10,4,5967,20.3,trade,883543629963247616
2022,10,4,7670,5.9,free_agent,891804549546074112
2022,10,4,8129,11.2,draft,
2022,10,4,PHI,8.0,waiver,878127544501944320
2022,10,5,1426,14.8,draft,
2022,10,5,2133,23.1,draft,
2022,10,5,2711,5.44,trade,893216411026186240
2022,10,5,3257,16.48,free_agent,872334975054360576
2022,10,5,3321,12.9,draft,
2022,10,5,5850,19.6,draft,
2022,10,5,6945,13.3,draft,
2022,10,5,7600,5.6,draft,
2022,10,5,NO,8.0,free_agent,896038885245730816
2022,10,6,1689,7.4,draft,
2022,10,6,4029,22.1,draft,
2022,10,6,4040,4.3,draft,
2022,10,6,4111,19.0,trade,889954265169633280
2022,10,6,5001,14.4,draft,
2022,10,6,6790,7.7,trade,895921900017274880
2022,10,6,6797,12.04,trade,891007709745487872
2022,10,6,829,7.06,waiver,888230010983526400
2022,10,6,DAL,7.0,free_agent,887528079378247680
2022,10,7,2374,11.7,draft,
2022,10,7,2749,16.7,draft,
2022,10,7,3271,11.3,waiver,875596717251248128
2022,10,7,4866,22.5,draft,
2022,10,7,4984,19.6,draft,
2022,10,7,5937,8.3,draft,
2022,10,7,6786,32.5,draft,
2022,10,7,7601,13.9,waiver,893180938417491968
2022,10,7,NYG,10.0,waiver,895736408092979200
2022,10,8,2449,18.8,draft,
2022,10,8,3163,14.84,draft,
2022,10,8,4199,22.6,trade,895921900017274880
2022,10,8,4983,4.9,trade,889627714703794176
2022,10,8,5870,18.28,draft,
2022,10,8,7553,3.8,trade,877604510317658112
2022,10,8,8144,5.5,trade,891015800373354496
2022,10,8,8151,10.2,trade,891015800373354496
2022,10,8,SF,7.0,waiver,895798411012583424
2022,10,9,167,16.02,trade,877645160622800896
2022,10,9,4037,16.1,draft,
2022,10,9,4082,5.0,trade,891490737026596864
2022,10,9,6794,30.3,draft,
2022,10,9,6828,6.5,trade,893609812406124544
2022,10,9,7543,8.8,trade,883532552873594880
2022,10,9,8172,1.6,waiver,888062830992318464
2022,10,9,8205,6.2,trade,889954265169633280
2022,10,9,DEN,6.0,free_agent,896047698099191808
2022,10,10,2028,17.92,draft,
2022,10,10,2750,14.4,free_agent,893962362124656640
2022,10,10,4066,2.9,free_agent,884616798278991872
2022,10,10,4988,13.6,draft,
2022,10,10,5927,16.8,trade,891007709745487872
2022,10,10,6130,15.2,trade,875798134511525888
2022,10,10,6151,5.4,draft,
2022,10,10,8137,13.0,draft,
2022,10,10,BUF,9.0,draft,
2022,10,11,1373,19.2,trade,895804662849347584
2022,10,11,1535,2.5,draft,
2022,10,11,3969,10.3,draft,
2022,10,11,4149,11.9,draft,
2022,10,11,5022,7.8,draft,
2022,10,11,5859,1.2,trade,876213215296675840
2022,10,11,6904,21.8,draft,
2022,10,11,7526,8.6,draft,
2022,10,11,ARI,9.0,free_agent,888596554276065280
2022,10,12,1466,17.1,draft,
2022,10,12,5872,6.1,draft,
2022,10,12,5892,4.9,draft,
2022,10,12,6768,23.4,draft,
2022,10,12,7090,7.7,free_agent,894293538307731456
2022,10,12,7528,9.9,draft,
2022,10,12,7547,17.1,draft,
2022,10,12,7585,14.76,draft,
2022,10,12,TB,7.0,draft,
2022,11,1,4018,7.7,draft,
2022,11,1,4137,12.4,trade,878655551641415680
2022,11,1,4217,22.4,trade,877604510317658112
2022,11,1,4892,5.04,draft,
2022,11,1,5045,10.5,draft,
2022,11,1,5916,0.9,draft,
2022,11,1,6819,10.5,trade,878655551641415680
2022,11,1,6824,14.6,free_agent,896277121847148544
2022,11,1,NYJ,10.0,free_agent,898579768964952064
2022,11,2,1837,25.42,trade,893117660697833472
2022,11,2,3198,24.36,trade,878655551641415680
2022,11,2,4035,10.9,draft,
2022,11,2,5985,3.8,free_agent,900052356329259008
2022,11,2,6813,14.9,trade,891015800373354496
2022,11,2,7591,22.62,draft,
2022,11,2,7606,0.0,trade,893117660697833472
2022,11,2,8146,2.2,trade,891015800373354496
2022,11,2,NE,17.0,waiver,898431541901082624
2022,11,3,1166,2.2,draft,
2022,11,3,1234,10.68,draft,
2022,11,3,2309,27.3,draft,
2022,11,3,2320,9.5,trade,887054486370312192
2022,11,3,4034,14.1,trade,887054486370312192
2022,11,3,5012,9.3,draft,
2022,11,3,5947,7.2,draft,
2022,11,3,7525,10.8,trade,893216411026186240
2022,11,3,WAS,19.0,free_agent,898578014785384448
2022,11,4,3294,20.64,draft,
2022,11,4,4046,27.46,draft,
2022,11,4,4663,17.0,trade,876213215296675840
2022,11,4,5844,5.9,trade,893609812406124544
2022,11,4,5967,33.9,trade,883543629963247616
2022,11,4,6803,15.0,trade,891488863594532864
2022,11,4,8129,2.7,draft,
2022,11,4,8167,19.1,waiver,898480685919358976
2022,11,4,PHI,8.0,waiver,878127544501944320
2022,11,5,1426,13.6,draft,
2022,11,5,1992,12.7,trade,893288133029089280
2022,11,5,2133,29.6,draft,
2022,11,5,2711,7.84,trade,893216411026186240
2022,11,5,4881,15.46,draft,
2022,11,5,5850,17.5,draft,
2022,11,5,6945,11.8,draft,
2022,11,5,7600,11.9,draft,
2022,11,5,CIN,1.0,free_agent,898583482673016832
2022,11,6,24,8.62,waiver,898223605475938304
2022,11,6,4029,7.2,draft,
2022,11,6,4068,2.0,trade,891537640229597184
2022,11,6,4111,2.4,trade,889954265169633280
2022,11,6,5001,3.7,draft,
2022,11,6,6149,11.1,waiver,898434676161785856
2022,11,6,6790,10.7,trade,895921900017274880
2022,11,6,6797,19.2,trade,891007709745487872
2022,11,6,DAL,18.0,free_agent,887528079378247680
2022,11,7,3271,6.5,waiver,875596717251248128
2022,11,7,421,14.76,draft,
2022,11,7,4866,4.5,draft,
2022,11,7,4984,12.58,draft,
2022,11,7,5937,4.2,draft,
2022,11,7,6786,7.0,draft,
2022,11,7,7601,-0.6,waiver,893180938417491968
2022,11,7,7611,11.2,draft,
2022,11,7,NYG,0.0,waiver,895736408092979200
2022,11,8,2161,0.9,free_agent,899024956837482496
2022,11,8,2449,12.8,draft,
2022,11,8,3163,6.5,draft,
2022,11,8,4199,11.0,trade,895921900017274880
2022,11,8,5870,24.64,draft,
2022,11,8,6943,9.3,trade,896488250271821824
2022,11,8,7553,5.8,trade,877604510317658112
2022,11,8,8144,18.7,trade,891015800373354496
2022,11,8,SF,12.0,waiver,895798411012583424
2022,11,9,2197,8.5,waiver,898260972165476352
2022,11,9,4082,9.3,trade,891490737026596864
2022,11,9,6770,26.7,draft,
2022,11,9,6794,4.8,draft,
2022,11,9,6801,19.3,draft,
2022,11,9,6828,2.8,trade,893609812406124544
2022,11,9,8172,5.0,waiver,888062830992318464
2022,11,9,8205,10.7,trade,889954265169633280
2022,11,9,LAR,4.0,free_agent,898601305642250240
2022,11,10,1479,9.9,trade,875798134511525888
2022,11,10,2307,17.74,draft,
2022,11,10,4988,8.2,draft,
2022,11,10,5927,7.6,trade,891007709745487872
2022,11,10,6130,16.7,trade,875798134511525888
2022,11,10,6151,5.3,draft,
2022,11,10,8130,3.4,free_agent,899119286050865152
2022,11,10,8137,16.3,draft,
2022,11,10,BUF,5.0,draft,
2022,11,11,1535,10.9,draft,
2022,11,11,3225,5.2,draft,
2022,11,11,4149,24.4,draft,
2022,11,11,5185,8.2,draft,
2022,11,11,5859,6.5,trade,876213215296675840
2022,11,11,6904,24.2,draft,
2022,11,11,7002,12.2,waiver,898448528437837824
2022,11,11,96,19.08,draft,
2022,11,11,ARI,-4.0,free_agent,888596554276065280
2022,11,12,1466,32.5,draft,
2022,11,12,5872,18.9,draft,
2022,11,12,5892,19.6,draft,
2022,11,12,7090,10.9,free_agent,894293538307731456
2022,11,12,7528,25.6,draft,
2022,11,12,7547,11.5,draft,
2022,11,12,7585,9.76,draft,
2022,11,12,7757,0.9,waiver,898347729158488064
2022,11,12,BAL,18.0,waiver,898132179933208576
2022,12,1,2161,4.1,free_agent,901178166448627712
2022,12,1,2216,4.1,draft,
2022,12,1,4137,19.5,trade,878655551641415680
2022,12,1,4217,4.1,trade,877604510317658112
2022,12,1,5045,10.5,draft,
2022,12,1,5127,9.8,trade,902233427020214272
2022,12,1,6819,15.6,trade,878655551641415680
2022,12,1,7523,24.94,trade,883539298668978176
2022,12,1,NYJ,9.0,free_agent,898579768964952064
2022,12,2,1837,13.28,trade,893117660697833472
2022,12,2,3198,13.2,trade,878655551641415680
2022,12,2,4035,4.0,draft,
2022,12,2,4943,16.86,trade,902638733206532096
2022,12,2,4950,6.1,trade,891015800373354496
2022,12,2,5985,10.8,free_agent,900052356329259008
2022,12,2,6813,17.3,trade,891015800373354496
2022,12,2,8146,23.9,trade,891015800373354496
2022,12,2,NE,2.0,waiver,898431541901082624
2022,12,3,1166,21.86,draft,
2022,12,3,1234,8.48,draft,
2022,12,3,2309,12.9,draft,
2022,12,3,4034,6.9,trade,887054486370312192
2022,12,3,5012,9.0,draft,
2022,12,3,5284,11.7,waiver,891404962918240256
2022,12,3,5947,7.7,draft,
2022,12,3,7525,7.0,trade,893216411026186240
2022,12,3,WAS,7.0,free_agent,898578014785384448
2022,12,4,3294,14.84,draft,
2022,12,4,4046,18.4,draft,
2022,12,4,4663,19.5,trade,876213215296675840
2022,12,4,5844,12.8,trade,893609812406124544
2022,12,4,5846,14.5,trade,895804662849347584
2022,12,4,5967,7.1,trade,883543629963247616
2022,12,4,7670,8.1,free_agent,891804549546074112
2022,12,4,8129,3.1,draft,
2022,12,4,PHI,6.0,waiver,878127544501944320
2022,12,5,1426,16.7,draft,
2022,12,5,2133,10.9,draft,
2022,12,5,2711,11.42,trade,893216411026186240
2022,12,5,3321,12.0,draft,
2022,12,5,4881,23.06,draft,
2022,12,5,5850,45.3,draft,
2022,12,5,6945,6.9,draft,
2022,12,5,7600,5.4,draft,
2022,12,5,MIA,21.0,waiver,900736070311067648
2022,12,6,24,10.16,waiver,898223605475938304
2022,12,6,4029,7.6,draft,
2022,12,6,4040,5.3,draft,
2022,12,6,5001,17.1,draft,
2022,12,6,5848,7.6,trade,875798134511525888
2022,12,6,6149,7.8,waiver,898434676161785856
2022,12,6,6790,8.3,trade,895921900017274880
2022,12,6,6797,28.76,trade,891007709745487872
2022,12,6,DAL,5.0,free_agent,887528079378247680
2022,12,7,2374,14.3,draft,
2022,12,7,3271,0.0,waiver,875596717251248128
2022,12,7,4866,13.2,draft,
2022,12,7,4984,29.92,draft,
2022,12,7,5089,24.8,trade,902389528088825856
2022,12,7,6786,14.7,draft,
2022,12,7,7607,4.6,draft,
2022,12,7,7611,15.7,draft,
2022,12,7,KC,11.0,waiver,900746449439182848
2022,12,8,2449,17.7,draft,
2022,12,8,3163,17.6,draft,
2022,12,8,4033,11.4,trade,883543629963247616
2022,12,8,4199,17.4,trade,895921900017274880
2022,12,8,5870,14.52,draft,
2022,12,8,6943,5.8,trade,896488250271821824
2022,12,8,8136,15.4,free_agent,889954826837463040
2022,12,8,8151,16.4,trade,891015800373354496
2022,12,8,SF,17.0,waiver,895798411012583424
2022,12,9,167,18.04,trade,877645160622800896
2022,12,9,4037,23.0,draft,
2022,12,9,4089,5.8,free_agent,901152582498656256
2022,12,9,6770,18.0,draft,
2022,12,9,6794,24.84,draft,
2022,12,9,6801,20.9,draft,
2022,12,9,7543,0.3,trade,883532552873594880
2022,12,9,8205,15.1,trade,889954265169633280
2022,12,9,PIT,12.0,waiver,900761897979314176
2022,12,10,1479,13.4,trade,875798134511525888
2022,12,10,2307,13.86,draft,
2022,12,10,4147,17.3,waiver,900310217089482752
2022,12,10,4988,19.7,draft,
2022,12,10,5849,25.24,trade,891007709745487872
2022,12,10,5906,2.7,draft,
2022,12,10,5927,7.3,trade,891007709745487872
2022,12,10,6130,8.5,trade,875798134511525888
2022,12,10,BUF,9.0,draft,
2022,12,11,1373,19.32,trade,895804662849347584
2022,12,11,1535,8.6,draft,
2022,12,11,4149,10.6,draft,
2022,12,11,5185,3.4,draft,
2022,12,11,5859,10.6,trade,876213215296675840
2022,12,11,6904,29.82,draft,
2022,12,11,7002,0.0,waiver,898448528437837824
2022,12,11,7526,11.0,draft,
2022,12,11,ARI,5.0,free_agent,888596554276065280
2022,12,12,1466,13.7,draft,
2022,12,12,1476,10.3,waiver,883267752134152192
2022,12,12,5872,5.8,draft,
2022,12,12,5892,12.8,draft,
2022,12,12,6768,15.96,draft,
2022,12,12,7528,10.4,draft,
2022,12,12,7547,23.4,draft,
2022,12,12,8112,3.9,draft,
2022,12,12,BAL,7.0,waiver,898132179933208576
2022,13,1,1234,9.66,trade,903771563088908288
2022,13,1,2161,13.0,free_agent,901178166448627712
2022,13,1,2216,7.9,draft,
2022,13,1,4018,0.0,draft,
2022,13,1,4080,2.6,free_agent,902030102202826752
2022,13,1,4217,3.2,trade,877604510317658112
2022,13,1,6819,2.6,trade,878655551641415680
2022,13,1,7523,16.36,trade,883539298668978176
2022,13,1,WAS,8.0,free_agent,903771963569352704
2022,13,2,3198,4.8,trade,878655551641415680
2022,13,2,4017,5.34,waiver,885548448903139328
2022,13,2,4035,4.7,draft,
2022,13,2,4950,13.4,trade,891015800373354496
2022,13,2,5985,3.7,free_agent,900052356329259008
2022,13,2,6813,11.8,trade,891015800373354496
2022,13,2,7591,19.26,draft,
2022,13,2,8146,20.2,trade,891015800373354496
2022,13,2,NE,5.0,waiver,898431541901082624
2022,13,3,1166,11.82,draft,
2022,13,3,2309,6.0,draft,
2022,13,3,4034,24.6,trade,887054486370312192
2022,13,3,5012,7.4,draft,
2022,13,3,5284,0.3,waiver,891404962918240256
2022,13,3,5947,3.7,draft,
2022,13,3,7525,18.7,trade,893216411026186240
2022,13,3,7527,12.5,trade,887054486370312192
2022,13,3,SEA,9.0,waiver,900777493517221888
2022,13,4,3294,16.8,draft,
2022,13,4,4046,19.82,draft,
2022,13,4,4663,10.7,trade,876213215296675840
2022,13,4,5844,5.3,trade,893609812406124544
2022,13,4,5846,22.7,trade,895804662849347584
2022,13,4,5967,23.6,trade,883543629963247616
2022,13,4,6803,7.1,trade,891488863594532864
2022,13,4,8129,11.0,draft,
2022,13,4,PHI,10.0,waiver,878127544501944320
2022,13,5,1049,13.04,draft,
2022,13,5,2133,33.7,draft,
2022,13,5,3164,16.6,draft,
2022,13,5,3321,25.1,draft,
2022,13,5,4881,1.34,draft,
2022,13,5,5850,20.0,draft,
2022,13,5,7600,9.1,draft,
2022,13,5,8154,12.1,trade,896489854094102528
2022,13,5,CLE,31.0,waiver,903315769914462208
2022,13,6,24,9.12,waiver,898223605475938304
2022,13,6,4029,15.3,draft,
2022,13,6,4040,5.0,draft,
2022,13,6,5001,4.3,draft,
2022,13,6,6149,12.0,waiver,898434676161785856
2022,13,6,6790,19.1,trade,895921900017274880
2022,13,6,6797,18.1,trade,891007709745487872
2022,13,6,6853,4.9,waiver,898292387804581888
2022,13,6,DAL,22.0,free_agent,887528079378247680
2022,13,7,4199,7.5,trade,904881737836957696
2022,13,7,4866,16.6,draft,
2022,13,7,4984,16.92,draft,
2022,13,7,5089,17.46,trade,902389528088825856
2022,13,7,6786,17.9,draft,
2022,13,7,6850,1.9,free_agent,904844868319326208
2022,13,7,7611,10.8,draft,
2022,13,7,8144,8.5,trade,904881737836957696
2022,13,7,TB,3.0,free_agent,904878335472054272
2022,13,8,2374,23.3,trade,904881737836957696
2022,13,8,2449,18.7,draft,
2022,13,8,3163,21.6,draft,
2022,13,8,5133,1.9,free_agent,904450766666870784
2022,13,8,5870,17.1,draft,
2022,13,8,8135,9.0,trade,905164278154776576
2022,13,8,8136,13.9,free_agent,889954826837463040
2022,13,8,8151,3.6,trade,891015800373354496
2022,13,8,SF,19.0,waiver,895798411012583424
2022,13,9,167,17.14,trade,877645160622800896
2022,13,9,4037,10.3,draft,
2022,13,9,4089,10.5,free_agent,901152582498656256
2022,13,9,6770,30.04,draft,
2022,13,9,6794,15.1,draft,
2022,13,9,6801,11.0,draft,
2022,13,9,7543,6.1,trade,883532552873594880
2022,13,9,8205,15.2,trade,889954265169633280
2022,13,9,PIT,4.0,waiver,900761897979314176
2022,13,10,1479,17.8,trade,875798134511525888
2022,13,10,2028,16.0,draft,
2022,13,10,2307,10.38,draft,
2022,13,10,4066,11.5,free_agent,884616798278991872
2022,13,10,4147,18.5,waiver,900310217089482752
2022,13,10,4988,8.0,draft,
2022,13,10,6151,10.8,draft,
2022,13,10,7564,13.2,trade,891488863594532864
2022,13,10,BUF,6.0,draft,
2022,13,11,1373,22.98,trade,895804662849347584
2022,13,11,1535,6.0,draft,
2022,13,11,4149,9.5,draft,
2022,13,11,4602,1.5,free_agent,904755098654224384
2022,13,11,5185,9.2,draft,
2022,13,11,5859,27.9,trade,876213215296675840
2022,13,11,6904,34.4,draft,
2022,13,11,7526,1.4,draft,
2022,13,11,MIN,5.0,free_agent,903772224664780800
2022,13,12,1466,5.6,draft,
2022,13,12,1476,8.1,waiver,883267752134152192
2022,13,12,5806,6.02,free_agent,904105239739772928
2022,13,12,5872,9.3,draft,
2022,13,12,5892,14.7,draft,
2022,13,12,6768,13.8,draft,
2022,13,12,7528,9.7,draft,
2022,13,12,7547,29.1,draft,
2022,13,12,BAL,6.0,waiver,898132179933208576
2022,14,1,1234,25.58,trade,903771563088908288
2022,14,1,2216,6.4,draft,
2022,14,1,4018,11.6,draft,
2022,14,1,4080,17.7,free_agent,902030102202826752
2022,14,1,4137,20.4,trade,878655551641415680
2022,14,1,4217,4.8,trade,877604510317658112
2022,14,1,6824,15.4,waiver,902271239308140544
2022,14,1,7523,33.42,trade,883539298668978176
2022,14,1,LV,8.0,free_agent,906268749210988544
2022,14,2,3198,19.0,trade,878655551641415680
2022,14,2,4017,16.34,waiver,885548448903139328
2022,14,2,4950,7.0,trade,891015800373354496
2022,14,2,5536,0.0,trade,904447336510595072
2022,14,2,6783,29.3,draft,
2022,14,2,6943,4.6,trade,905164278154776576
2022,14,2,8146,10.8,trade,891015800373354496
2022,14,2,LAC,4.0,waiver,905885611234439168
2022,14,3,1166,25.0,draft,
2022,14,3,2309,5.2,draft,
2022,14,3,4034,28.3,trade,887054486370312192
2022,14,3,4943,11.8,trade,903314608520208384
2022,14,3,4983,0.6,waiver,900777630549446656
2022,14,3,5012,2.7,draft,
2022,14,3,5284,2.6,waiver,891404962918240256
2022,14,3,7525,14.9,trade,893216411026186240
2022,14,3,SEA,1.0,waiver,900777493517221888
2022,14,4,3294,13.66,draft,
2022,14,4,4046,19.78,draft,
2022,14,4,4663,20.4,trade,876213215296675840
2022,14,4,4951,18.4,free_agent,906269773460025344
2022,14,4,5844,8.7,trade,893609812406124544
2022,14,4,5846,15.6,trade,895804662849347584
2022,14,4,5967,20.2,trade,883543629963247616
2022,14,4,8122,14.7,waiver,903558525505376256
2022,14,4,PHI,10.0,waiver,878127544501944320
2022,14,5,1049,17.76,draft,
2022,14,5,1426,9.4,draft,
2022,14,5,2133,8.6,draft,
2022,14,5,3164,15.6,draft,
2022,14,5,3321,22.1,draft,
2022,14,5,5850,18.4,draft,
2022,14,5,7083,6.62,waiver,905244722355077120
2022,14,5,7600,10.8,draft,
2022,14,5,CLE,4.0,waiver,903315769914462208
2022,14,6,1689,16.0,draft,
2022,14,6,4029,8.1,draft,
2022,14,6,4068,20.6,trade,891537640229597184
2022,14,6,4111,8.0,trade,889954265169633280
2022,14,6,5001,11.7,draft,
2022,14,6,5848,5.4,trade,875798134511525888
2022,14,6,6790,5.4,trade,895921900017274880
2022,14,6,6797,19.48,trade,891007709745487872
2022,14,6,DAL,5.0,free_agent,887528079378247680
2022,14,7,2749,4.9,draft,
2022,14,7,4033,15.2,trade,904881737836957696
2022,14,7,4866,5.8,draft,
2022,14,7,4984,20.58,draft,
2022,14,7,5089,10.72,trade,902389528088825856
2022,14,7,5937,11.2,draft,
2022,14,7,6786,5.8,draft,
2022,14,7,8138,2.0,free_agent,893993570728566784
2022,14,7,KC,15.0,waiver,900746449439182848
2022,14,8,2374,14.5,trade,904881737836957696
2022,14,8,2449,5.2,draft,
2022,14,8,3163,26.1,draft,
2022,14,8,5870,19.36,draft,
2022,14,8,6938,8.8,trade,904447336510595072
2022,14,8,7611,2.0,trade,904881737836957696
2022,14,8,8136,8.2,free_agent,889954826837463040
2022,14,8,8210,15.5,waiver,907375980178558976
2022,14,8,SF,12.0,waiver,895798411012583424
2022,14,9,167,10.12,trade,877645160622800896
2022,14,9,4037,7.9,draft,
2022,14,9,4089,5.3,free_agent,901152582498656256
2022,14,9,6770,16.56,draft,
2022,14,9,6794,27.8,draft,
2022,14,9,6801,0.0,draft,
2022,14,9,7543,3.2,trade,883532552873594880
2022,14,9,8205,10.8,trade,889954265169633280
2022,14,9,PIT,4.0,waiver,900761897979314176
2022,14,10,1479,15.2,trade,875798134511525888
2022,14,10,2028,2.58,draft,
2022,14,10,4066,33.7,free_agent,884616798278991872
2022,14,10,4988,6.9,draft,
2022,14,10,5849,0.66,trade,891007709745487872
2022,14,10,6130,4.8,trade,875798134511525888
2022,14,10,6151,28.0,draft,
2022,14,10,7564,23.5,trade,891488863594532864
2022,14,10,BUF,15.0,draft,
2022,14,11,1373,20.56,trade,895804662849347584
2022,14,11,3225,0.0,draft,
2022,14,11,3271,2.1,waiver,905812460983054336
2022,14,11,3969,7.6,draft,
2022,14,11,4149,3.7,draft,
2022,14,11,5859,15.0,trade,876213215296675840
2022,14,11,6904,30.38,draft,
2022,14,11,7526,4.1,draft,
2022,14,11,MIN,-1.0,free_agent,903772224664780800
2022,14,12,1466,9.1,draft,
2022,14,12,1476,4.6,waiver,883267752134152192
2022,14,12,5872,12.4,draft,
2022,14,12,6012,4.4,free_agent,906796694971330560
2022,14,12,6768,12.6,draft,
2022,14,12,7528,12.0,draft,
2022,14,12,7547,10.4,draft,
2022,14,12,7585,5.2,free_agent,906311748758417408
2022,14,12,BAL,11.0,waiver,898132179933208576
2023,1,1,4037,7.6,draft,
2023,1,1,5133,1.2,free_agent,1004865417342431232
2023,1,1,6151,9.8,draft,
2023,1,1,6801,0.0,draft,
2023,1,1,7611,11.9,trade,1004105701611937792
2023,1,1,8129,5.7,draft,
2023,1,1,8162,15.18,trade,1004105701611937792
2023,1,1,9758,10.18,draft,
2023,1,1,WAS,13.0,free_agent,1001250571489169408
2023,1,2,2749,12.0,draft,
2023,1,2,3294,6.32,draft,
2023,1,2,4983,3.5,draft,
2023,1,2,6938,8.9,trade,1004142895521169408
2023,1,2,7564,6.6,draft,
2023,1,2,8144,15.2,draft,
2023,1,2,9509,17.3,draft,
2023,1,2,96,0.0,draft,
2023,1,2,NO,10.0,draft,
2023,1,3,1479,11.2,draft,
2023,1,3,2374,2.0,draft,
2023,1,3,4066,9.9,draft,
2023,1,3,5844,11.5,draft,
2023,1,3,5850,8.1,draft,
2023,1,3,6770,3.18,draft,
2023,1,3,7523,17.74,draft,
2023,1,3,8205,7.4,draft,
2023,1,3,DAL,40.0,draft,
2023,1,4,2133,9.6,draft,
2023,1,4,2309,5.2,draft,
2023,1,4,4046,19.54,draft,
2023,1,4,4137,9.5,draft,
2023,1,4,5892,13.4,draft,
2023,1,4,8146,11.9,draft,
2023,1,4,9229,20.92,draft,
2023,1,4,9753,1.1,draft,
2023,1,4,NYJ,21.0,draft,
2023,1,5,2449,21.2,draft,
2023,1,5,4029,7.4,draft,
2023,1,5,4881,6.56,draft,
2023,1,5,5872,8.8,draft,
2023,1,5,6768,27.14,draft,
2023,1,5,6819,19.7,draft,
2023,1,5,7528,4.3,draft,
2023,1,5,7600,7.3,draft,
2023,1,5,BAL,12.0,draft,
2023,1,6,3163,14.02,draft,
2023,1,6,3198,12.9,draft,
2023,1,6,4068,6.5,draft,
2023,1,6,5022,0.0,draft,
2023,1,6,5846,12.2,draft,
2023,1,6,6945,0.4,draft,
2023,1,6,7543,18.9,draft,
2023,1,6,7591,14.54,draft,
2023,1,6,NE,7.0,draft,
2023,1,7,1373,9.08,draft,
2023,1,7,4018,8.8,draft,
2023,1,7,4199,25.7,draft,
2023,1,7,4866,7.8,draft,
2023,1,7,5045,11.2,draft,
2023,1,7,6794,19.5,draft,
2023,1,7,8119,6.5,draft,
2023,1,7,9228,7.54,draft,
2023,1,7,BUF,6.0,draft,
2023,1,8,2028,14.6,trade,1004142895521169408
2023,1,8,3271,7.9,free_agent,1005189894446075904
2023,1,8,5927,4.1,draft,
2023,1,8,5967,21.2,trade,1004105701611937792
2023,1,8,6797,20.86,draft,
2023,1,8,7547,16.1,trade,1004105701611937792
2023,1,8,8138,8.3,draft,
2023,1,8,9221,7.0,draft,
2023,1,8,DEN,3.0,free_agent,1004082170358468608
2023,1,9,1426,10.0,draft,
2023,1,9,2216,15.6,draft,
2023,1,9,4149,6.2,trade,1005363240186032128
2023,1,9,4217,4.9,draft,
2023,1,9,4988,14.7,draft,
2023,1,9,6904,12.5,draft,
2023,1,9,8137,6.1,draft,
2023,1,9,8183,16.8,draft,
2023,1,9,SEA,1.0,free_agent,1004795671892791296
2023,1,10,1234,15.18,draft,
2023,1,10,2505,6.6,draft,
2023,1,10,3321,39.0,draft,
2023,1,10,421,14.46,draft,
2023,1,10,4663,24.4,draft,
2023,1,10,4981,20.1,draft,
2023,1,10,7588,7.7,draft,
2023,1,10,8151,8.7,draft,
2023,1,10,SF,13.0,draft,
2023,1,11,1166,16.46,draft,
2023,1,11,4950,1.4,draft,
2023,1,11,4984,9.04,draft,
2023,1,11,6786,9.7,draft,
2023,1,11,6806,10.7,draft,
2023,1,11,7525,14.2,draft,
2023,1,11,7526,9.8,draft,
2023,1,11,8136,5.9,draft,
2023,1,11,MIA,2.0,draft,
2023,1,12,4017,20.66,draft,
2023,1,12,4034,24.4,draft,
2023,1,12,5859,11.4,draft,
2023,1,12,5870,4.46,draft,
2023,1,12,5987,11.9,draft,
2023,1,12,7553,6.4,draft,
2023,1,12,8112,0.0,draft,
2023,1,12,8168,0.4,draft,
2023,1,12,PHI,15.0,draft,
2023,2,1,1466,12.6,draft,
2023,2,1,4037,8.3,draft,
2023,2,1,6151,6.2,draft,
2023,2,1,6801,24.9,draft,
2023,2,1,7527,13.74,draft,
2023,2,1,7611,13.5,trade,1004105701611937792
2023,2,1,8129,4.5,draft,
2023,2,1,8162,21.26,trade,1004105701611937792
2023,2,1,DEN,1.0,waiver,1007996145138626560
2023,2,2,1049,21.04,trade,1004142895521169408
2023,2,2,2749,25.2,draft,
2023,2,2,3294,19.6,draft,
2023,2,2,4983,13.4,draft,
2023,2,2,5927,13.9,trade,1007708260692017152
2023,2,2,7564,5.6,draft,
2023,2,2,8144,11.6,draft,
2023,2,2,9509,19.2,draft,
2023,2,2,NO,8.0,draft,
2023,2,3,1479,27.1,draft,
2023,2,3,2374,21.9,draft,
2023,2,3,4066,11.7,draft,
2023,2,3,5844,25.6,draft,
2023,2,3,5850,7.4,draft,
2023,2,3,6770,15.38,draft,
2023,2,3,7523,9.24,draft,
2023,2,3,8205,7.5,draft,
2023,2,3,DAL,16.0,draft,
2023,2,4,10236,9.3,free_agent,1005368078378549248
2023,2,4,2133,17.4,draft,
2023,2,4,4046,21.2,draft,
2023,2,4,4137,16.6,draft,
2023,2,4,5892,11.9,draft,
2023,2,4,6790,25.6,draft,
2023,2,4,8146,15.3,draft,
2023,2,4,9229,17.74,draft,
2023,2,4,NYJ,1.0,draft,
2023,2,5,2449,10.1,draft,
2023,2,5,4881,22.88,draft,
2023,2,5,5872,19.1,draft,
2023,2,5,6768,12.26,draft,
2023,2,5,6819,9.6,draft,
2023,2,5,6828,6.8,draft,
2023,2,5,7528,4.8,draft,
2023,2,5,7600,1.2,draft,
2023,2,5,IND,10.0,free_agent,1008021166537138176
2023,2,6,3163,22.92,draft,
2023,2,6,3198,17.0,draft,
2023,2,6,4068,12.6,draft,
2023,2,6,5022,8.2,draft,
2023,2,6,5846,10.5,draft,
2023,2,6,7543,5.2,draft,
2023,2,6,7591,14.74,draft,
2023,2,6,9756,14.7,draft,
2023,2,6,NE,5.0,draft,
2023,2,7,1373,23.12,draft,
2023,2,7,4018,11.5,draft,
2023,2,7,4866,24.2,draft,
2023,2,7,5012,15.5,draft,
2023,2,7,6794,19.4,draft,
2023,2,7,7608,6.3,draft,
2023,2,7,8119,3.7,draft,
2023,2,7,9228,13.52,draft,
2023,2,7,BUF,11.0,draft,
2023,2,8,2028,6.72,trade,1004142895521169408
2023,2,8,5967,16.4,trade,1004105701611937792
2023,2,8,6797,22.2,draft,
2023,2,8,7547,11.2,trade,1004105701611937792
2023,2,8,8138,17.9,draft,
2023,2,8,9221,9.1,draft,
2023,2,8,9493,22.6,waiver,1007323834419806208
2023,2,8,9997,8.8,draft,
2023,2,8,CLE,8.0,free_agent,1007710891321679872
2023,2,9,1426,6.0,draft,
2023,2,9,2216,26.1,draft,
2023,2,9,4149,2.9,trade,1005363240186032128
2023,2,9,4217,6.0,draft,
2023,2,9,4988,6.4,draft,
2023,2,9,6904,25.22,draft,
2023,2,9,8137,20.7,draft,
2023,2,9,8183,14.74,draft,
2023,2,9,HOU,0.0,free_agent,1008035255850196992
2023,2,10,1234,25.92,draft,
2023,2,10,2505,13.6,draft,
2023,2,10,3321,12.5,draft,
2023,2,10,421,13.98,draft,
2023,2,10,4981,4.2,draft,
2023,2,10,6803,5.8,draft,
2023,2,10,7045,3.9,waiver,1006737787187986432
2023,2,10,8151,17.9,draft,
2023,2,10,SF,5.0,draft,
2023,2,11,1166,28.56,draft,
2023,2,11,4950,16.46,draft,
2023,2,11,4984,23.66,draft,
2023,2,11,6786,19.8,draft,
2023,2,11,7525,21.1,draft,
2023,2,11,7526,10.4,draft,
2023,2,11,8136,18.8,draft,
2023,2,11,8150,25.0,waiver,1007307922159042560
2023,2,11,MIA,10.0,draft,
2023,2,12,3199,9.0,draft,
2023,2,12,4017,11.6,draft,
2023,2,12,4034,21.0,draft,
2023,2,12,5859,4.9,draft,
2023,2,12,5870,30.74,draft,
2023,2,12,5987,3.4,draft,
2023,2,12,7553,3.5,draft,
2023,2,12,8132,4.8,draft,
2023,2,12,NYG,-1.0,waiver,1007577216059871232
2023,3,1,1466,19.9,draft,
2023,3,1,4037,6.7,draft,
2023,3,1,6151,14.7,draft,
2023,3,1,6801,3.1,draft,
2023,3,1,7611,6.7,trade,1004105701611937792
2023,3,1,8160,18.5,draft,
2023,3,1,9757,3.9,draft,
2023,3,1,9758,20.6,draft,
2023,3,1,SEA,3.0,free_agent,1010229106614550528
2023,3,2,2749,41.7,draft,
2023,3,2,3294,14.36,draft,
2023,3,2,4983,11.6,draft,
2023,3,2,5927,7.1,trade,1007708260692017152
2023,3,2,6011,13.08,free_agent,1010182225620451328
2023,3,2,7564,20.1,draft,
2023,3,2,8144,14.4,draft,
2023,3,2,9509,8.0,draft,
2023,3,2,PIT,11.0,free_agent,1010185610394419200
2023,3,3,1479,36.46,draft,
2023,3,3,2374,6.9,draft,
2023,3,3,4066,13.7,draft,
2023,3,3,5844,13.8,draft,
2023,3,3,5850,9.5,draft,
2023,3,3,6770,8.16,draft,
2023,3,3,7523,14.36,draft,
2023,3,3,8155,3.2,draft,
2023,3,3,DAL,1.0,draft,
2023,3,4,10236,2.3,free_agent,1005368078378549248
2023,3,4,2133,35.7,draft,
2023,3,4,2309,21.1,draft,
2023,3,4,4046,25.68,draft,
2023,3,4,4137,18.6,draft,
2023,3,4,6790,14.3,draft,
2023,3,4,7562,15.2,free_agent,1010262194354733056
2023,3,4,8146,7.3,draft,
2023,3,4,NYJ,4.0,draft,
2023,3,5,2449,15.1,draft,
2023,3,5,4881,28.18,draft,
2023,3,5,5872,22.1,draft,
2023,3,5,6768,28.36,draft,
2023,3,5,6819,12.2,draft,
2023,3,5,6828,3.3,draft,
2023,3,5,7528,6.5,draft,
2023,3,5,7600,13.1,draft,
2023,3,5,JAX,-4.0,free_agent,1010178027222810624
2023,3,6,3163,18.02,draft,
2023,3,6,3198,2.0,draft,
2023,3,6,4068,21.6,draft,
2023,3,6,5846,14.2,draft,
2023,3,6,7543,15.8,draft,
2023,3,6,7591,10.66,draft,
2023,3,6,8110,9.8,waiver,1007340413012824064
2023,3,6,9756,8.2,draft,
2023,3,6,NE,10.0,draft,
2023,3,7,1373,15.44,draft,
2023,3,7,4018,13.5,draft,
2023,3,7,5012,7.5,draft,
2023,3,7,6794,24.4,draft,
2023,3,7,6943,9.8,draft,
2023,3,7,7608,2.5,draft,
2023,3,7,8119,3.1,draft,
2023,3,7,829,23.54,trade,1011132359202598912
2023,3,7,BUF,33.0,draft,
2023,3,8,1166,25.68,trade,1010375808323608576
2023,3,8,5967,13.6,trade,1004105701611937792
2023,3,8,6797,29.3,draft,
2023,3,8,7547,15.1,trade,1004105701611937792
2023,3,8,8138,12.2,draft,
2023,3,8,9221,8.7,draft,
2023,3,8,9493,9.7,waiver,1007323834419806208
2023,3,8,9997,9.0,draft,
2023,3,8,KC,12.0,waiver,1009880051472584704
2023,3,9,1426,6.3,draft,
2023,3,9,1476,8.6,free_agent,1011297885507371008
2023,3,9,2216,14.5,draft,
2023,3,9,4217,16.0,draft,
2023,3,9,6820,12.2,free_agent,1011297755823685632
2023,3,9,6904,19.88,draft,
2023,3,9,8137,9.5,draft,
2023,3,9,8183,20.3,draft,
2023,3,9,NO,10.0,free_agent,1011693826639101952
2023,3,10,1234,14.24,draft,
2023,3,10,2505,5.0,draft,
2023,3,10,3214,3.7,waiver,1009330299840544768
2023,3,10,3321,26.2,draft,
2023,3,10,421,11.46,draft,
2023,3,10,4981,5.5,draft,
2023,3,10,7045,2.2,waiver,1006737787187986432
2023,3,10,8151,29.1,draft,
2023,3,10,SF,8.0,draft,
2023,3,11,4950,13.4,draft,
2023,3,11,4984,21.32,draft,
2023,3,11,6786,8.2,draft,
2023,3,11,6804,24.26,draft,
2023,3,11,7525,4.8,draft,
2023,3,11,8136,5.7,draft,
2023,3,11,8143,18.1,trade,1010375808323608576
2023,3,11,8150,7.5,waiver,1007307922159042560
2023,3,11,MIA,10.0,draft,
2023,3,12,3199,8.0,draft,
2023,3,12,4017,21.16,draft,
2023,3,12,4034,20.4,draft,
2023,3,12,5859,17.6,draft,
2023,3,12,5870,3.98,draft,
2023,3,12,5987,15.0,draft,
2023,3,12,8112,4.1,draft,
2023,3,12,8154,7.0,draft,
2023,3,12,BAL,8.0,waiver,1010082167935860736
2023,4,1,1466,12.0,draft,
2023,4,1,6151,4.7,draft,
2023,4,1,6801,2.9,draft,
2023,4,1,7611,5.0,trade,1004105701611937792
2023,4,1,8129,11.3,draft,
2023,4,1,8160,3.46,draft,
2023,4,1,9502,3.4,waiver,1009979448810188800
2023,4,1,9758,21.84,draft,
2023,4,1,SEA,32.0,free_agent,1010229106614550528
2023,4,2,1049,12.7,trade,1004142895521169408
2023,4,2,2749,4.0,draft,
2023,4,2,3294,14.34,draft,
2023,4,2,4983,23.1,draft,
2023,4,2,5927,18.6,trade,1007708260692017152
2023,4,2,7564,10.8,draft,
2023,4,2,8144,0.9,draft,
2023,4,2,9509,16.2,draft,
2023,4,2,PIT,0.0,free_agent,1010185610394419200
2023,4,3,1479,10.7,draft,
2023,4,3,1689,11.7,waiver,1012388899286556672
2023,4,3,4066,12.9,draft,
2023,4,3,5844,4.4,draft,
2023,4,3,5850,23.9,draft,
2023,4,3,6770,4.7,draft,
2023,4,3,7523,16.48,draft,
2023,4,3,8205,23.3,draft,
2023,4,3,DAL,28.0,draft,
2023,4,4,2133,11.5,draft,
2023,4,4,2309,2.1,draft,
2023,4,4,4046,13.22,draft,
2023,4,4,4137,6.1,draft,
2023,4,4,4217,1.9,trade,1012957178765897728
2023,4,4,6790,15.9,draft,
2023,4,4,7562,4.9,free_agent,1010262194354733056
2023,4,4,9229,29.6,draft,
2023,4,4,TB,15.0,waiver,1012650725203173376
2023,4,5,2449,33.0,draft,
2023,4,5,3198,23.88,trade,1012785541978439680
2023,4,5,4881,28.14,draft,
2023,4,5,5022,4.5,trade,1012785541978439680
2023,4,5,5872,0.6,draft,
2023,4,5,6768,13.98,draft,
2023,4,5,7528,10.8,draft,
2023,4,5,7600,3.7,draft,
2023,4,5,JAX,21.0,free_agent,1010178027222810624
2023,4,6,3163,11.4,draft,
2023,4,6,5846,10.9,draft,
2023,4,6,6783,6.7,draft,
2023,4,6,6819,4.0,trade,1012785541978439680
2023,4,6,6845,9.0,free_agent,1002343960066469888
2023,4,6,7543,8.7,draft,
2023,4,6,7591,27.9,draft,
2023,4,6,7670,9.2,trade,1012785541978439680
2023,4,6,CLE,4.0,waiver,1012546495423369216
2023,4,7,1373,8.7,draft,
2023,4,7,4018,8.1,draft,
2023,4,7,4199,1.9,draft,
2023,4,7,5012,25.0,draft,
2023,4,7,5045,10.2,draft,
2023,4,7,6794,23.5,draft,
2023,4,7,6943,13.6,draft,
2023,4,7,9228,7.16,draft,
2023,4,7,CIN,6.0,waiver,1012377307325075456
2023,4,8,1166,9.56,trade,1010375808323608576
2023,4,8,5967,7.5,trade,1004105701611937792
2023,4,8,6797,23.38,draft,
2023,4,8,7547,14.1,trade,1004105701611937792
2023,4,8,8138,14.2,draft,
2023,4,8,9221,7.1,draft,
2023,4,8,9493,26.8,waiver,1007323834419806208
2023,4,8,9997,6.5,draft,
2023,4,8,KC,6.0,waiver,1009880051472584704
2023,4,9,1426,8.3,draft,
2023,4,9,2216,5.5,draft,
2023,4,9,4035,14.9,draft,
2023,4,9,5892,33.1,trade,1012957178765897728
2023,4,9,6904,24.16,draft,
2023,4,9,7569,32.3,free_agent,1001684776169828352
2023,4,9,8137,4.0,draft,
2023,4,9,8183,21.32,draft,
2023,4,9,NE,5.0,free_agent,1013648561134718976
2023,4,10,10859,9.6,waiver,1005880148839444480
2023,4,10,1234,22.22,draft,
2023,4,10,3321,8.7,draft,
2023,4,10,421,16.16,draft,
2023,4,10,4981,10.8,draft,
2023,4,10,6803,17.8,draft,
2023,4,10,7588,2.4,draft,
2023,4,10,8151,13.9,draft,
2023,4,10,SF,2.0,draft,
2023,4,11,4950,12.4,draft,
2023,4,11,4984,36.5,draft,
2023,4,11,6786,12.8,draft,
2023,4,11,6804,17.64,draft,
2023,4,11,7525,11.3,draft,
2023,4,11,7526,6.6,draft,
2023,4,11,8143,7.0,trade,1010375808323608576
2023,4,11,8150,26.2,waiver,1007307922159042560
2023,4,11,MIN,19.0,free_agent,1013184687738535936
2023,4,12,10862,1.24,trade,1014224640543842304
2023,4,12,3199,7.3,draft,
2023,4,12,4034,45.2,draft,
2023,4,12,5859,34.0,draft,
2023,4,12,5870,8.72,draft,
2023,4,12,5987,10.3,draft,
2023,4,12,8112,10.3,draft,
2023,4,12,8154,12.1,draft,
2023,4,12,PHI,5.0,draft,
2023,5,1,1466,22.7,draft,
2023,5,1,4039,15.8,trade,1004105701611937792
2023,5,1,6151,1.2,draft,
2023,5,1,7611,2.4,trade,1004105701611937792
2023,5,1,8129,8.7,draft,
2023,5,1,8162,25.42,trade,1004105701611937792
2023,5,1,9502,6.8,waiver,1009979448810188800
2023,5,1,9758,14.16,draft,
2023,5,1,NE,1.0,free_agent,1016706482391306240
2023,5,2,1049,9.76,trade,1004142895521169408
2023,5,2,2749,14.8,draft,
2023,5,2,3294,4.32,draft,
2023,5,2,5848,14.1,draft,
2023,5,2,5927,6.9,trade,1007708260692017152
2023,5,2,7564,44.7,draft,
2023,5,2,8144,8.2,draft,
2023,5,2,9509,10.8,draft,
2023,5,2,HOU,6.0,waiver,1014889551069835264
2023,5,3,1689,22.2,waiver,1012388899286556672
2023,5,3,5844,10.1,draft,
2023,5,3,5850,17.4,draft,
2023,5,3,5947,17.0,waiver,1007302131203059712
2023,5,3,6770,23.38,draft,
2023,5,3,7523,15.7,draft,
2023,5,3,8155,26.9,draft,
2023,5,3,8205,12.9,draft,
2023,5,3,BUF,12.0,waiver,1014985009419128832
2023,5,4,2133,6.5,draft,
2023,5,4,4046,19.24,draft,
2023,5,4,4137,4.6,draft,
2023,5,4,4217,27.7,trade,1012957178765897728
2023,5,4,6790,13.8,draft,
2023,5,4,8121,0.9,trade,1012957178765897728
2023,5,4,8146,6.9,draft,
2023,5,4,9229,4.42,draft,
2023,5,4,IND,4.0,free_agent,1012672913096400896
2023,5,5,2449,20.1,draft,
2023,5,5,3198,7.7,trade,1012785541978439680
2023,5,5,3271,4.0,waiver,1014225110842195968
2023,5,5,4881,9.94,draft,
2023,5,5,5022,25.7,trade,1012785541978439680
2023,5,5,5872,10.0,draft,
2023,5,5,6768,16.92,draft,
2023,5,5,7528,4.5,draft,
2023,5,5,MIA,12.0,waiver,1015108219586428928
2023,5,6,3163,27.44,draft,
2023,5,6,4983,45.0,trade,1015407762668433408
2023,5,6,6783,8.0,draft,
2023,5,6,6819,7.7,trade,1012785541978439680
2023,5,6,6845,32.5,free_agent,1002343960066469888
2023,5,6,7543,34.4,draft,
2023,5,6,7591,32.98,draft,
2023,5,6,8110,5.8,waiver,1007340413012824064
2023,5,7,4018,11.4,draft,
2023,5,7,4179,8.74,draft,
2023,5,7,4199,0.0,draft,
2023,5,7,4455,2.9,waiver,1012725089919442944
2023,5,7,5012,12.5,draft,
2023,5,7,6794,4.3,draft,
2023,5,7,6943,19.0,draft,
2023,5,7,9228,18.28,draft,
2023,5,7,CIN,17.0,waiver,1012377307325075456
2023,5,8,1166,19.86,trade,1010375808323608576
2023,5,8,1837,10.72,draft,
2023,5,8,5967,6.4,trade,1004105701611937792
2023,5,8,8138,3.6,draft,
2023,5,8,8167,10.1,draft,
2023,5,8,9226,21.0,waiver,1012297817899020288
2023,5,8,9493,16.6,waiver,1007323834419806208
2023,5,8,9997,9.8,draft,
2023,5,8,WAS,0.0,waiver,1014912448899420160
2023,5,9,1426,18.0,draft,
2023,5,9,4035,17.2,draft,
2023,5,9,5892,19.9,trade,1012957178765897728
2023,5,9,6813,3.9,draft,
2023,5,9,6904,27.32,draft,
2023,5,9,7569,5.4,free_agent,1001684776169828352
2023,5,9,8137,23.6,draft,
2023,5,9,8183,26.08,draft,
2023,5,9,DET,9.0,waiver,1014975886610837504
2023,5,10,10859,19.7,waiver,1005880148839444480
2023,5,10,1234,18.74,draft,
2023,5,10,3321,28.1,draft,
2023,5,10,421,16.88,draft,
2023,5,10,4981,17.1,draft,
2023,5,10,5890,1.3,draft,
2023,5,10,6803,7.8,draft,
2023,5,10,7588,0.0,draft,
2023,5,10,SF,17.0,draft,
2023,5,11,4950,11.4,draft,
2023,5,11,4984,27.76,draft,
2023,5,11,6786,6.9,draft,
2023,5,11,6804,4.98,draft,
2023,5,11,7525,1.1,draft,
2023,5,11,7526,12.0,draft,
2023,5,11,7594,4.0,free_agent,1015650958560284672
2023,5,11,8150,6.7,waiver,1007307922159042560
2023,5,11,DEN,10.0,free_agent,1015244443386994688
2023,5,12,3199,8.5,draft,
2023,5,12,4034,12.8,draft,
2023,5,12,5859,15.7,draft,
2023,5,12,5870,7.16,draft,
2023,5,12,5987,11.6,draft,
2023,5,12,8112,11.68,draft,
2023,5,12,8126,4.4,waiver,1015119455724167168
2023,5,12,8154,6.3,draft,
2023,5,12,BAL,6.0,waiver,1010082167935860736
2023,6,1,1466,21.4,draft,
2023,6,1,4037,10.7,draft,
2023,6,1,4039,24.3,trade,1004105701611937792
2023,6,1,7611,15.5,trade,1004105701611937792
2023,6,1,8129,3.4,draft,
2023,6,1,8162,18.34,trade,1004105701611937792
2023,6,1,9758,14.16,draft,
2023,6,1,9997,14.1,trade,1018925145412452352
2023,6,1,ATL,5.0,waiver,1017661318205210624
2023,6,2,2749,32.7,draft,
2023,6,2,3294,24.88,draft,
2023,6,2,5846,8.9,trade,1015407762668433408
2023,6,2,5848,5.4,draft,
2023,6,2,5927,11.1,trade,1007708260692017152
2023,6,2,7564,11.0,draft,
2023,6,2,8144,13.1,draft,
2023,6,2,9509,10.5,draft,
2023,6,2,JAX,13.0,free_agent,1019308642014822400
2023,6,3,1479,18.0,draft,
2023,6,3,1689,23.0,waiver,1012388899286556672
2023,6,3,4066,11.1,draft,
2023,6,3,5844,11.0,draft,
2023,6,3,5850,10.3,draft,
2023,6,3,6770,13.8,draft,
2023,6,3,7523,14.74,draft,
2023,6,3,8205,12.8,draft,
2023,6,3,BUF,7.0,waiver,1014985009419128832
2023,6,4,4046,17.34,draft,
2023,6,4,4111,7.2,free_agent,1017904092531736576
2023,6,4,4217,1.1,trade,1012957178765897728
2023,6,4,4663,8.2,trade,1017829056236077056
2023,6,4,5133,5.4,free_agent,1015405246954164224
2023,6,4,6826,2.9,waiver,1015151742972997632
2023,6,4,8146,13.0,draft,
2023,6,4,9500,10.6,free_agent,1017871538667732992
2023,6,4,NO,5.0,waiver,1017696203804418048
2023,6,5,2251,1.2,waiver,1017459397578129408
2023,6,5,2449,15.0,draft,
2023,6,5,3198,18.3,trade,1012785541978439680
2023,6,5,4881,17.12,draft,
2023,6,5,5022,9.2,trade,1012785541978439680
2023,6,5,5872,1.1,draft,
2023,6,5,5995,5.0,trade,1017904736311304192
2023,6,5,6768,22.48,draft,
2023,6,5,MIA,6.0,waiver,1015108219586428928
2023,6,6,4983,7.6,trade,1015407762668433408
2023,6,6,6783,2.9,draft,
2023,6,6,6819,15.4,trade,1012785541978439680
2023,6,6,6845,14.9,free_agent,1002343960066469888
2023,6,6,7543,21.8,draft,
2023,6,6,7591,4.92,draft,
2023,6,6,8159,16.08,draft,
2023,6,6,9756,10.3,draft,
2023,6,6,CLE,6.0,waiver,1012546495423369216
2023,6,7,1373,11.04,draft,
2023,6,7,4018,7.7,draft,
2023,6,7,4179,10.1,draft,
2023,6,7,4866,11.8,draft,
2023,6,7,5012,10.9,draft,
2023,6,7,5045,12.6,draft,
2023,6,7,6943,1.6,draft,
2023,6,7,8119,0.0,draft,
2023,6,7,LV,9.0,free_agent,1017801122095906816
2023,6,8,1166,8.74,trade,1010375808323608576
2023,6,8,5967,14.0,trade,1004105701611937792
2023,6,8,6797,18.58,draft,
2023,6,8,6801,3.0,trade,1018925145412452352
2023,6,8,7547,24.4,trade,1004105701611937792
2023,6,8,8138,7.1,draft,
2023,6,8,9493,4.6,waiver,1007323834419806208
2023,6,8,9508,6.8,free_agent,1007783532753678336
2023,6,8,KC,15.0,free_agent,1016772690230874112
2023,6,9,1426,2.5,draft,
2023,6,9,2216,6.9,draft,
2023,6,9,4035,13.9,draft,
2023,6,9,5892,3.8,trade,1012957178765897728
2023,6,9,6813,9.0,draft,
2023,6,9,6904,19.9,draft,
2023,6,9,7569,10.0,free_agent,1001684776169828352
2023,6,9,8183,7.7,draft,
2023,6,9,DET,10.0,waiver,1014975886610837504
2023,6,10,1234,6.9,draft,
2023,6,10,2133,3.9,trade,1017829056236077056
2023,6,10,3321,25.3,draft,
2023,6,10,421,13.24,draft,
2023,6,10,4981,4.6,draft,
2023,6,10,6790,13.8,trade,1017829056236077056
2023,6,10,6803,9.6,draft,
2023,6,10,8151,16.4,draft,
2023,6,10,SF,8.0,draft,
2023,6,11,2028,16.32,trade,1010375808323608576
2023,6,11,4950,12.4,draft,
2023,6,11,4984,13.86,draft,
2023,6,11,6786,15.2,draft,
2023,6,11,7525,6.9,draft,
2023,6,11,7526,14.6,draft,
2023,6,11,8136,5.3,draft,
2023,6,11,8150,21.8,waiver,1007307922159042560
2023,6,11,LAR,11.0,free_agent,1017822478237777920
2023,6,12,3199,7.0,draft,
2023,6,12,4034,12.7,draft,
2023,6,12,5859,16.6,draft,
2023,6,12,5987,9.2,draft,
2023,6,12,6011,9.56,waiver,1017670410348920832
2023,6,12,7553,14.3,draft,
2023,6,12,8112,17.0,draft,
2023,6,12,8154,12.6,draft,
2023,6,12,PHI,6.0,draft,
2023,7,1,1466,35.9,draft,
2023,7,1,4037,9.6,draft,
2023,7,1,4039,5.9,trade,1004105701611937792
2023,7,1,5937,10.4,trade,1020765585535356928
2023,7,1,7611,11.5,trade,1004105701611937792
2023,7,1,8162,9.46,trade,1004105701611937792
2023,7,1,9221,23.1,trade,1018925145412452352
2023,7,1,9997,9.5,trade,1018925145412452352
2023,7,1,GB,2.0,waiver,1020085439589429248
2023,7,2,2749,5.6,draft,
2023,7,2,5848,6.4,draft,
2023,7,2,5927,12.0,trade,1007708260692017152
2023,7,2,7527,19.98,trade,1020045439372046336
2023,7,2,8144,9.2,draft,
2023,7,2,8228,9.6,draft,
2023,7,2,827,21.66,free_agent,1021566218341269504
2023,7,2,9509,0.3,draft,
2023,7,2,PHI,10.0,free_agent,1020692782052102144
2023,7,3,1479,7.5,draft,
2023,7,3,4066,9.5,draft,
2023,7,3,4892,16.2,draft,
2023,7,3,5844,19.6,draft,
2023,7,3,5850,4.6,draft,
2023,7,3,5947,14.5,waiver,1007302131203059712
2023,7,3,7523,18.06,draft,
2023,7,3,8205,14.0,draft,
2023,7,3,BUF,3.0,waiver,1014985009419128832
2023,7,4,11256,12.88,trade,1020747441701752832
2023,7,4,2309,3.2,draft,
2023,7,4,4046,33.86,draft,
2023,7,4,4663,5.1,trade,1017829056236077056
2023,7,4,5022,18.7,trade,1020747441701752832
2023,7,4,5046,6.6,free_agent,1020269067996844032
2023,7,4,8121,10.0,trade,1012957178765897728
2023,7,4,9482,3.3,waiver,1020244717130403840
2023,7,4,TB,8.0,waiver,1020243196892327936
2023,7,5,2251,9.1,waiver,1017459397578129408
2023,7,5,2449,14.8,draft,
2023,7,5,4082,4.5,trade,1017634054566473728
2023,7,5,4111,31.5,trade,1020747441701752832
2023,7,5,4217,13.0,trade,1020747441701752832
2023,7,5,4881,33.88,draft,
2023,7,5,6768,10.34,draft,
2023,7,5,7528,14.3,draft,
2023,7,5,WAS,9.0,waiver,1020021845610921984
2023,7,6,3163,9.36,draft,
2023,7,6,4098,15.1,trade,1012785541978439680
2023,7,6,4983,9.4,trade,1015407762668433408
2023,7,6,6819,15.3,trade,1012785541978439680
2023,7,6,7543,21.2,draft,
2023,7,6,7670,15.8,trade,1012785541978439680
2023,7,6,8159,13.8,draft,
2023,7,6,9756,27.8,draft,
2023,7,6,CLE,20.0,waiver,1012546495423369216
2023,7,7,11439,5.1,waiver,1015094979355660288
2023,7,7,1373,13.76,draft,
2023,7,7,4179,16.14,draft,
2023,7,7,4199,7.2,draft,
2023,7,7,4866,17.3,draft,
2023,7,7,6943,1.1,draft,
2023,7,7,7547,16.7,trade,1019802390084177920
2023,7,7,8167,4.2,trade,1019802390084177920
2023,7,7,LV,5.0,free_agent,1017801122095906816
2023,7,8,6797,10.86,draft,
2023,7,8,8119,6.8,trade,1020051507355557888
2023,7,8,8138,17.7,draft,
2023,7,8,8183,12.78,trade,1020505430503661568
2023,7,8,8408,0.0,waiver,1020125840471969792
2023,7,8,8676,5.2,waiver,1020050519366152192
2023,7,8,9481,7.0,waiver,1020126239325106176
2023,7,8,9493,19.4,waiver,1007323834419806208
2023,7,8,DEN,3.0,free_agent,1021202319569928192
2023,7,9,2216,17.2,draft,
2023,7,9,4035,23.3,draft,
2023,7,9,5012,22.3,trade,1020720377749688320
2023,7,9,6813,19.5,draft,
2023,7,9,6904,23.26,draft,
2023,7,9,8137,13.2,draft,
2023,7,9,8160,15.2,trade,1020505430503661568
2023,7,9,9488,14.3,draft,
2023,7,9,DET,-2.0,waiver,1014975886610837504
2023,7,10,10859,11.2,waiver,1005880148839444480
2023,7,10,1234,13.86,draft,
2023,7,10,2133,9.2,trade,1017829056236077056
2023,7,10,3321,20.3,draft,
2023,7,10,421,14.04,draft,
2023,7,10,6790,9.0,trade,1017829056236077056
2023,7,10,6803,8.2,draft,
2023,7,10,8151,12.1,draft,
2023,7,10,SF,2.0,draft,
2023,7,11,10229,14.5,draft,
2023,7,11,4950,16.0,draft,
2023,7,11,4984,24.3,draft,
2023,7,11,6804,15.3,draft,
2023,7,11,7525,6.9,draft,
2023,7,11,7526,9.3,draft,
2023,7,11,8136,12.9,draft,
2023,7,11,8143,16.4,trade,1010375808323608576
2023,7,11,LAR,3.0,free_agent,1017822478237777920
2023,7,12,4017,-1.8,draft,
2023,7,12,4034,21.1,draft,
2023,7,12,5859,24.7,draft,
2023,7,12,6011,27.1,waiver,1017670410348920832
2023,7,12,7553,7.7,draft,
2023,7,12,8112,8.4,draft,
2023,7,12,8126,2.7,waiver,1015119455724167168
2023,7,12,8154,8.3,draft,
2023,7,12,SEA,9.0,waiver,1020198132732329984
2023,8,1,1466,11.8,draft,
2023,8,1,4039,4.1,trade,1004105701611937792
2023,8,1,7611,6.0,trade,1004105701611937792
2023,8,1,8129,4.6,draft,
2023,8,1,8162,30.98,trade,1004105701611937792
2023,8,1,9221,27.4,trade,1018925145412452352
2023,8,1,9758,12.9,draft,
2023,8,1,9997,4.4,trade,1018925145412452352
2023,8,1,HOU,7.0,free_agent,1022972277823987712
2023,8,2,2749,10.6,draft,
2023,8,2,3294,28.06,draft,
2023,8,2,5846,9.2,trade,1015407762668433408
2023,8,2,5927,14.8,trade,1007708260692017152
2023,8,2,7527,12.24,trade,1020045439372046336
2023,8,2,7564,20.2,draft,
2023,8,2,8144,7.1,draft,
2023,8,2,9509,12.2,draft,
2023,8,2,PHI,3.0,free_agent,1020692782052102144
2023,8,3,1479,10.9,draft,
2023,8,3,1689,11.2,waiver,1012388899286556672
2023,8,3,5844,20.8,draft,
2023,8,3,5850,15.8,draft,
2023,8,3,6770,27.62,draft,
2023,8,3,7523,14.68,draft,
2023,8,3,8155,18.3,draft,
2023,8,3,8205,5.2,draft,
2023,8,3,BUF,6.0,waiver,1014985009419128832
2023,8,4,11256,11.18,trade,1020747441701752832
2023,8,4,2309,11.9,draft,
2023,8,4,4046,5.6,draft,
2023,8,4,4663,19.8,trade,1017829056236077056
2023,8,4,5022,7.6,trade,1020747441701752832
2023,8,4,5916,10.0,free_agent,1021508901579079680
2023,8,4,8121,9.8,trade,1012957178765897728
2023,8,4,8146,14.1,draft,
2023,8,4,JAX,12.0,free_agent,1023014188660121600
2023,8,5,2251,16.4,waiver,1017459397578129408
2023,8,5,2449,11.5,draft,
2023,8,5,3198,14.2,trade,1012785541978439680
2023,8,5,4217,23.9,trade,1020747441701752832
2023,8,5,4881,11.98,draft,
2023,8,5,5695,1.7,free_agent,1023448954798837760
2023,8,5,6768,21.76,draft,
2023,8,5,7528,8.0,draft,
2023,8,5,MIA,6.0,free_agent,1022979715226755072
2023,8,6,3163,12.68,draft,
2023,8,6,4098,13.2,trade,1012785541978439680
2023,8,6,4983,7.5,trade,1015407762668433408
2023,8,6,6819,14.0,trade,1012785541978439680
2023,8,6,7543,24.4,draft,
2023,8,6,7670,3.9,trade,1012785541978439680
2023,8,6,8159,3.44,draft,
2023,8,6,9756,17.9,draft,
2023,8,6,CLE,6.0,waiver,1012546495423369216
2023,8,7,1166,19.86,trade,1020720377749688320
2023,8,7,4199,6.6,draft,
2023,8,7,4866,14.3,draft,
2023,8,7,6801,9.4,trade,1020720377749688320
2023,8,7,6943,19.2,draft,
2023,8,7,7547,13.8,trade,1019802390084177920
2023,8,7,8167,4.8,trade,1019802390084177920
2023,8,7,9228,14.5,draft,
2023,8,7,KC,12.0,free_agent,1022843128107065344
2023,8,8,10236,17.5,waiver,1022586922188963840
2023,8,8,5967,6.0,trade,1004105701611937792
2023,8,8,6797,24.02,draft,
2023,8,8,7569,5.0,trade,1020505430503661568
2023,8,8,8138,7.8,draft,
2023,8,8,8183,18.3,trade,1020505430503661568
2023,8,8,9493,5.8,waiver,1007323834419806208
2023,8,8,9500,10.7,waiver,1020410665082765312
2023,8,8,NYJ,9.0,free_agent,1021509450902880256
2023,8,9,2216,11.4,draft,
2023,8,9,4018,18.5,trade,1020505430503661568
2023,8,9,4035,25.0,draft,
2023,8,9,5012,14.0,trade,1020720377749688320
2023,8,9,6813,10.2,draft,
2023,8,9,6904,27.36,draft,
2023,8,9,8137,8.7,draft,
2023,8,9,8160,3.92,trade,1020505430503661568
2023,8,9,DET,13.0,waiver,1014975886610837504
2023,8,10,10859,19.7,waiver,1005880148839444480
2023,8,10,2133,1.6,trade,1017829056236077056
2023,8,10,2505,1.4,draft,
2023,8,10,3321,21.2,draft,
2023,8,10,421,11.38,draft,
2023,8,10,6790,13.4,trade,1017829056236077056
2023,8,10,6803,13.4,draft,
2023,8,10,8151,7.5,draft,
2023,8,10,SF,6.0,draft,
2023,8,11,4950,6.6,draft,
2023,8,11,4984,29.06,draft,
2023,8,11,6786,35.0,draft,
2023,8,11,6804,14.56,draft,
2023,8,11,7525,19.4,draft,
2023,8,11,7526,21.6,draft,
2023,8,11,7594,6.4,free_agent,1015650958560284672
2023,8,11,8136,14.4,draft,
2023,8,11,ATL,3.0,free_agent,1023316188098555904
2023,8,12,3199,8.8,draft,
2023,8,12,4034,26.8,draft,
2023,8,12,5859,29.0,draft,
2023,8,12,5987,3.8,draft,
2023,8,12,6011,14.82,waiver,1017670410348920832
2023,8,12,7553,6.5,draft,
2023,8,12,8112,8.0,draft,
2023,8,12,8154,8.9,draft,
2023,8,12,BAL,7.0,waiver,1010082167935860736
2023,9,1,1466,4.4,draft,
2023,9,1,4039,5.8,trade,1004105701611937792
2023,9,1,6130,3.6,free_agent,1026212008942735360
2023,9,1,7611,20.9,trade,1004105701611937792
2023,9,1,8146,9.5,trade,1025492441517998080
2023,9,1,8162,17.7,trade,1004105701611937792
2023,9,1,9758,41.8,draft,
2023,9,1,9997,1.6,trade,1018925145412452352
2023,9,1,NE,9.0,waiver,1025187506746175488
2023,9,2,2749,14.5,draft,
2023,9,2,3294,28.36,draft,
2023,9,2,5846,5.5,trade,1015407762668433408
2023,9,2,5927,9.8,trade,1007708260692017152
2023,9,2,7527,11.1,trade,1020045439372046336
2023,9,2,7564,6.1,draft,
2023,9,2,8144,13.6,draft,
2023,9,2,9509,4.9,draft,
2023,9,2,PHI,8.0,free_agent,1020692782052102144
2023,9,3,1479,11.7,draft,
2023,9,3,1689,5.4,waiver,1012388899286556672
2023,9,3,4892,19.0,draft,
2023,9,3,5844,13.9,draft,
2023,9,3,5850,21.8,draft,
2023,9,3,6770,22.32,draft,
2023,9,3,8155,8.0,draft,
2023,9,3,8205,6.6,draft,
2023,9,3,BUF,1.0,waiver,1014985009419128832
2023,9,4,2197,1.2,free_agent,1023133477186658304
2023,9,4,2309,22.4,draft,
2023,9,4,2711,14.72,trade,1025492441517998080
2023,9,4,4037,2.6,trade,1025492441517998080
2023,9,4,4046,15.8,draft,
2023,9,4,4663,20.0,trade,1017829056236077056
2023,9,4,5022,8.0,trade,1020747441701752832
2023,9,4,5916,4.5,free_agent,1021508901579079680
2023,9,4,CIN,7.0,waiver,1025240295279075328
2023,9,5,2251,7.1,waiver,1017459397578129408
2023,9,5,2449,19.6,draft,
2023,9,5,3198,17.7,trade,1012785541978439680
2023,9,5,4881,11.48,draft,
2023,9,5,6768,12.42,draft,
2023,9,5,6828,4.8,draft,
2023,9,5,7528,14.6,draft,
2023,9,5,8119,14.9,free_agent,1024073498265735168
2023,9,5,LV,20.0,waiver,1025290297233825792
2023,9,6,10866,8.36,trade,1026381985922629632
2023,9,6,4098,9.8,trade,1012785541978439680
2023,9,6,4983,3.9,trade,1015407762668433408
2023,9,6,6037,3.1,free_agent,1026708379131011072
2023,9,6,6819,10.4,trade,1012785541978439680
2023,9,6,6845,2.6,free_agent,1002343960066469888
2023,9,6,8110,22.1,waiver,1007340413012824064
2023,9,6,9756,7.7,draft,
2023,9,6,CLE,24.0,waiver,1012546495423369216
2023,9,7,1373,2.68,draft,
2023,9,7,4199,15.9,draft,
2023,9,7,4866,12.8,draft,
2023,9,7,6801,15.0,trade,1020720377749688320
2023,9,7,6943,0.0,draft,
2023,9,7,8130,5.2,waiver,1025086455200239616
2023,9,7,8167,4.2,trade,1019802390084177920
2023,9,7,9228,9.02,draft,
2023,9,7,TEN,1.0,free_agent,1025401181524283392
2023,9,8,10217,-0.88,waiver,1025246745346867200
2023,9,8,10236,16.1,waiver,1022586922188963840
2023,9,8,5967,7.8,trade,1004105701611937792
2023,9,8,6797,7.14,draft,
2023,9,8,7569,12.9,trade,1020505430503661568
2023,9,8,8138,5.9,draft,
2023,9,8,9493,4.7,waiver,1007323834419806208
2023,9,8,9500,1.5,waiver,1020410665082765312
2023,9,8,NO,15.0,free_agent,1023994881892503552
2023,9,9,1426,8.5,draft,
2023,9,9,2216,10.7,draft,
2023,9,9,4018,15.3,trade,1020505430503661568
2023,9,9,4035,9.0,draft,
2023,9,9,5012,17.0,trade,1020720377749688320
2023,9,9,6813,15.4,draft,
2023,9,9,6904,25.88,draft,
2023,9,9,9999,8.68,free_agent,1021079658613264384
2023,9,9,MIN,6.0,waiver,1025067183233155072
2023,9,10,2133,5.4,trade,1017829056236077056
2023,9,10,2410,4.3,free_agent,1026631313773649920
2023,9,10,3225,7.1,draft,
2023,9,10,3321,8.5,draft,
2023,9,10,421,0.0,draft,
2023,9,10,4381,20.62,waiver,1025066853586128896
2023,9,10,6790,8.4,trade,1017829056236077056
2023,9,10,8151,2.2,draft,
2023,9,10,NYG,-1.0,free_agent,1026276114462760960
2023,9,11,2028,16.74,trade,1010375808323608576
2023,9,11,4984,24.72,draft,
2023,9,11,6786,22.6,draft,
2023,9,11,7525,12.6,draft,
2023,9,11,7526,6.9,draft,
2023,9,11,7594,8.7,free_agent,1015650958560284672
2023,9,11,8136,25.9,draft,
2023,9,11,8143,10.2,trade,1010375808323608576
2023,9,11,ATL,11.0,free_agent,1023316188098555904
2023,9,12,3199,0.0,draft,
2023,9,12,5859,16.1,draft,
2023,9,12,5870,1.9,draft,
2023,9,12,6011,9.58,waiver,1017670410348920832
2023,9,12,7553,9.6,draft,
2023,9,12,8126,11.5,waiver,1015119455724167168
2023,9,12,8132,10.0,draft,
2023,9,12,8154,11.2,draft,
2023,9,12,BAL,16.0,waiver,1010082167935860736
2023,10,1,5937,2.2,trade,1020765585535356928
2023,10,1,7611,11.7,trade,1004105701611937792
2023,10,1,8146,13.8,trade,1025492441517998080
2023,10,1,8162,24.18,trade,1004105701611937792
2023,10,1,9221,24.7,trade,1018925145412452352
2023,10,1,9502,15.9,waiver,1009979448810188800
2023,10,1,9758,19.04,draft,
2023,10,1,9997,9.8,trade,1018925145412452352
2023,10,1,NO,1.0,free_agent,1029420208378843136
2023,10,2,3294,37.86,draft,
2023,10,2,5846,13.3,trade,1015407762668433408
2023,10,2,5927,5.3,trade,1007708260692017152
2023,10,2,7527,7.3,trade,1020045439372046336
2023,10,2,7564,20.9,draft,
2023,10,2,8144,18.4,draft,
2023,10,2,8228,18.0,draft,
2023,10,2,9509,17.1,draft,
2023,10,2,CHI,7.0,waiver,1027798293859999744
2023,10,3,1479,35.0,draft,
2023,10,3,1689,7.2,waiver,1012388899286556672
2023,10,3,4066,5.2,draft,
2023,10,3,4892,18.32,draft,
2023,10,3,5844,30.4,draft,
2023,10,3,5850,11.7,draft,
2023,10,3,6770,19.88,draft,
2023,10,3,8155,9.0,draft,
2023,10,3,DAL,8.0,draft,
2023,10,4,2309,12.8,draft,
2023,10,4,2711,9.6,trade,1025492441517998080
2023,10,4,4037,7.4,trade,1025492441517998080
2023,10,4,4137,7.3,draft,
2023,10,4,4663,19.5,trade,1017829056236077056
2023,10,4,5001,11.1,free_agent,1026267205727510528
2023,10,4,8210,5.7,free_agent,1025346968471556096
2023,10,4,9754,11.4,free_agent,1026271888005226496
2023,10,4,DET,-2.0,free_agent,1028415559857164288
2023,10,5,11256,7.68,waiver,1027633006086815744
2023,10,5,2449,4.9,draft,
2023,10,5,3198,2.5,trade,1012785541978439680
2023,10,5,4217,20.6,trade,1020747441701752832
2023,10,5,4881,13.02,draft,
2023,10,5,5872,13.9,draft,
2023,10,5,7528,17.1,draft,
2023,10,5,8119,0.0,free_agent,1024073498265735168
2023,10,5,LV,9.0,waiver,1025290297233825792
2023,10,6,11292,13.54,waiver,1027594324403470336
2023,10,6,3163,21.12,draft,
2023,10,6,4098,9.2,trade,1012785541978439680
2023,10,6,4983,8.4,trade,1015407762668433408
2023,10,6,6819,12.4,trade,1012785541978439680
2023,10,6,7543,5.4,draft,
2023,10,6,8110,12.6,waiver,1007340413012824064
2023,10,6,9756,8.9,draft,
2023,10,6,CLE,15.0,waiver,1012546495423369216
2023,10,7,1373,24.06,draft,
2023,10,7,4111,16.2,free_agent,1028337362562011136
2023,10,7,4179,25.12,draft,
2023,10,7,4199,7.4,draft,
2023,10,7,4866,6.6,draft,
2023,10,7,6943,8.6,draft,
2023,10,7,7547,26.5,trade,1019802390084177920
2023,10,7,8130,21.1,waiver,1025086455200239616
2023,10,7,TEN,6.0,free_agent,1025401181524283392
2023,10,8,10236,16.1,waiver,1022586922188963840
2023,10,8,5892,17.6,trade,1020505430503661568
2023,10,8,5967,5.5,trade,1004105701611937792
2023,10,8,6797,28.42,draft,
2023,10,8,8138,11.0,draft,
2023,10,8,8183,23.84,trade,1020505430503661568
2023,10,8,9500,5.0,waiver,1020410665082765312
2023,10,8,9501,11.4,trade,1027680870056288256
2023,10,8,NYJ,10.0,free_agent,1021509450902880256
2023,10,9,1426,4.2,draft,
2023,10,9,2216,23.3,draft,
2023,10,9,4018,11.5,trade,1020505430503661568
2023,10,9,4035,15.0,draft,
2023,10,9,5012,6.4,trade,1020720377749688320
2023,10,9,6813,14.0,draft,
2023,10,9,8160,6.64,trade,1020505430503661568
2023,10,9,9999,5.96,free_agent,1021079658613264384
2023,10,9,PIT,8.0,free_agent,1021840085433679872
2023,10,10,10859,8.0,waiver,1005880148839444480
2023,10,10,1234,18.72,draft,
2023,10,10,2133,11.6,trade,1017829056236077056
2023,10,10,3225,15.7,draft,
2023,10,10,4381,4.3,waiver,1025066853586128896
2023,10,10,6803,13.0,draft,
2023,10,10,7588,19.0,draft,
2023,10,10,8151,19.2,draft,
2023,10,10,SF,22.0,draft,
2023,10,11,2028,5.4,trade,1010375808323608576
2023,10,11,4950,11.4,draft,
2023,10,11,4984,14.38,draft,
2023,10,11,6786,34.0,draft,
2023,10,11,6826,9.6,free_agent,1023691076898476032
2023,10,11,7594,4.9,free_agent,1015650958560284672
2023,10,11,8136,16.8,draft,
2023,10,11,8143,11.4,trade,1010375808323608576
2023,10,11,TB,13.0,free_agent,1028770924109058048
2023,10,12,4017,16.22,draft,
2023,10,12,4034,17.2,draft,
2023,10,12,5987,3.8,draft,
2023,10,12,6011,5.66,waiver,1017670410348920832
2023,10,12,7553,6.0,draft,
2023,10,12,8112,5.1,draft,
2023,10,12,8134,2.9,waiver,1027703434704859136
2023,10,12,8154,24.7,draft,
2023,10,12,SEA,6.0,waiver,1020198132732329984
2023,11,1,1466,15.4,draft,
2023,11,1,4039,1.6,trade,1004105701611937792
2023,11,1,5859,1.3,trade,1030609272889069568
2023,11,1,5937,2.6,trade,1020765585535356928
2023,11,1,6130,18.8,free_agent,1026212008942735360
2023,11,1,8162,17.74,trade,1004105701611937792
2023,11,1,9221,18.5,trade,1018925145412452352
2023,11,1,9758,15.34,draft,
2023,11,1,JAX,7.0,free_agent,1030476315754848256
2023,11,2,2749,9.8,draft,
2023,11,2,3294,16.16,draft,
2023,11,2,5846,17.9,trade,1015407762668433408
2023,11,2,5848,2.2,draft,
2023,11,2,5927,6.8,trade,1007708260692017152
2023,11,2,7538,6.74,trade,1030903571543486464
2023,11,2,7564,8.2,draft,
2023,11,2,8228,22.0,draft,
2023,11,2,PHI,7.0,free_agent,1020692782052102144
2023,11,3,1479,22.6,draft,
2023,11,3,1689,11.4,waiver,1012388899286556672
2023,11,3,2374,7.6,draft,
2023,11,3,5844,9.5,draft,
2023,11,3,5850,5.6,draft,
2023,11,3,6770,8.74,draft,
2023,11,3,7523,32.18,draft,
2023,11,3,8155,15.8,draft,
2023,11,3,DAL,22.0,draft,
2023,11,4,11292,22.54,free_agent,1031428265958793216
2023,11,4,2309,5.4,draft,
2023,11,4,4037,6.9,trade,1025492441517998080
2023,11,4,4046,16.88,draft,
2023,11,4,4137,7.3,draft,
2023,11,4,4663,6.0,trade,1017829056236077056
2023,11,4,5001,11.2,free_agent,1026267205727510528
2023,11,4,9754,3.1,free_agent,1026271888005226496
2023,11,4,DET,8.0,free_agent,1028415559857164288
2023,11,5,2251,8.8,waiver,1017459397578129408
2023,11,5,2449,4.7,draft,
2023,11,5,3198,4.9,trade,1012785541978439680
2023,11,5,4217,22.9,trade,1020747441701752832
2023,11,5,4881,23.96,draft,
2023,11,5,5872,7.7,draft,
2023,11,5,6768,17.6,draft,
2023,11,5,7528,4.1,draft,
2023,11,5,MIA,12.0,free_agent,1030486822608003072
2023,11,6,3163,13.74,draft,
2023,11,6,4098,5.2,trade,1012785541978439680
2023,11,6,4983,19.1,trade,1015407762668433408
2023,11,6,7021,3.0,waiver,1030296014667829248
2023,11,6,7543,7.4,draft,
2023,11,6,7591,21.16,draft,
2023,11,6,8110,6.2,waiver,1007340413012824064
2023,11,6,9756,5.9,draft,
2023,11,6,CLE,7.0,waiver,1012546495423369216
2023,11,7,1373,13.22,draft,
2023,11,7,4179,16.94,draft,
2023,11,7,4199,2.2,draft,
2023,11,7,4866,28.0,draft,
2023,11,7,5045,14.6,trade,1031331378471747584
2023,11,7,6943,0.0,draft,
2023,11,7,7547,17.7,trade,1019802390084177920
2023,11,7,8130,9.3,waiver,1025086455200239616
2023,11,7,LAC,4.0,free_agent,1030520801012834304
2023,11,8,10236,10.6,waiver,1022586922188963840
2023,11,8,5892,16.8,trade,1020505430503661568
2023,11,8,5967,16.0,trade,1004105701611937792
2023,11,8,6797,25.7,draft,
2023,11,8,7569,10.0,trade,1020505430503661568
2023,11,8,8183,26.72,trade,1020505430503661568
2023,11,8,9226,1.0,waiver,1012297817899020288
2023,11,8,9493,16.2,waiver,1007323834419806208
2023,11,8,WAS,9.0,waiver,1030208402577788928
2023,11,9,1426,13.9,draft,
2023,11,9,2216,12.8,draft,
2023,11,9,4018,18.5,trade,1020505430503661568
2023,11,9,5012,4.3,trade,1020720377749688320
2023,11,9,5916,10.9,trade,1030670418237108224
2023,11,9,6904,18.9,draft,
2023,11,9,8167,9.2,trade,1031331378471747584
2023,11,9,9999,12.52,free_agent,1021079658613264384
2023,11,9,PIT,7.0,free_agent,1021840085433679872
2023,11,10,10859,6.8,waiver,1005880148839444480
2023,11,10,1234,14.46,draft,
2023,11,10,2133,17.7,trade,1017829056236077056
2023,11,10,3321,25.6,draft,
2023,11,10,6790,18.2,trade,1017829056236077056
2023,11,10,6803,24.1,draft,
2023,11,10,7588,6.3,draft,
2023,11,10,8151,2.1,draft,
2023,11,10,SF,10.0,draft,
2023,11,11,4950,6.3,draft,
2023,11,11,4984,22.5,draft,
2023,11,11,6786,13.5,draft,
2023,11,11,6804,20.88,draft,
2023,11,11,7525,12.9,draft,
2023,11,11,7526,7.5,draft,
2023,11,11,8136,14.8,draft,
2023,11,11,8143,10.9,trade,1010375808323608576
2023,11,11,MIN,3.0,free_agent,1030850805458362368
2023,11,12,4033,12.6,waiver,1029028930625384448
2023,11,12,4034,18.8,draft,
2023,11,12,5849,21.66,trade,1030609272889069568
2023,11,12,5987,6.5,draft,
2023,11,12,8134,19.0,waiver,1027703434704859136
2023,11,12,8146,-0.1,trade,1030609272889069568
2023,11,12,8154,16.7,draft,
2023,11,12,9502,24.9,trade,1030609272889069568
2023,11,12,BAL,6.0,waiver,1010082167935860736
2023,12,1,1466,15.1,draft,
2023,12,1,4039,3.3,trade,1004105701611937792
2023,12,1,5859,12.2,trade,1030609272889069568
2023,12,1,6130,10.2,free_agent,1026212008942735360
2023,12,1,7611,19.2,trade,1004105701611937792
2023,12,1,8162,17.3,trade,1004105701611937792
2023,12,1,9221,9.3,trade,1018925145412452352
2023,12,1,9758,30.86,draft,
2023,12,1,NE,13.0,free_agent,1031356846461771776
2023,12,2,2749,21.4,draft,
2023,12,2,3294,32.24,draft,
2023,12,2,5846,4.7,trade,1015407762668433408
2023,12,2,7564,10.1,draft,
2023,12,2,8144,14.9,draft,
2023,12,2,8228,5.7,draft,
2023,12,2,9509,25.8,draft,
2023,12,2,9753,7.8,trade,1020050971331850240
2023,12,2,TEN,11.0,free_agent,1033953873980903424
2023,12,3,1479,15.6,draft,
2023,12,3,1689,0.7,waiver,1012388899286556672
2023,12,3,4066,9.9,draft,
2023,12,3,4892,13.36,draft,
2023,12,3,5844,16.0,draft,
2023,12,3,7523,24.56,draft,
2023,12,3,8155,8.4,draft,
2023,12,3,8205,23.4,draft,
2023,12,3,DAL,16.0,draft,
2023,12,4,4046,20.82,draft,
2023,12,4,4137,5.2,draft,
2023,12,4,4381,8.1,free_agent,1034224830754672640
2023,12,4,5001,1.2,free_agent,1026267205727510528
2023,12,4,5892,15.1,trade,1032146691849609216
2023,12,4,8159,9.72,waiver,1030377856460783616
2023,12,4,9493,4.7,trade,1032146691849609216
2023,12,4,9500,6.8,trade,1032146691849609216
2023,12,4,DET,0.0,free_agent,1028415559857164288
2023,12,5,2251,3.5,waiver,1017459397578129408
2023,12,5,2449,16.4,draft,
2023,12,5,3198,20.1,trade,1012785541978439680
2023,12,5,4217,4.9,trade,1020747441701752832
2023,12,5,4881,14.98,draft,
2023,12,5,5872,18.9,draft,
2023,12,5,6768,7.82,draft,
2023,12,5,7528,15.9,draft,
2023,12,5,MIA,22.0,free_agent,1030486822608003072
2023,12,6,3163,18.18,draft,
2023,12,6,4098,2.2,trade,1012785541978439680
2023,12,6,4983,16.9,trade,1015407762668433408
2023,12,6,6819,15.7,trade,1012785541978439680
2023,12,6,7543,10.6,draft,
2023,12,6,7591,10.58,draft,
2023,12,6,8110,4.5,waiver,1007340413012824064
2023,12,6,9756,6.9,draft,
2023,12,6,CLE,4.0,waiver,1012546495423369216
2023,12,7,1373,7.3,draft,
2023,12,7,4179,4.5,draft,
2023,12,7,4866,5.7,draft,
2023,12,7,5045,7.6,trade,1031331378471747584
2023,12,7,6943,19.5,draft,
2023,12,7,7547,14.0,trade,1019802390084177920
2023,12,7,7608,4.8,draft,
2023,12,7,8130,13.0,waiver,1025086455200239616
2023,12,7,KC,2.0,free_agent,1030552491177369600
2023,12,8,10236,8.8,waiver,1022586922188963840
2023,12,8,4663,6.9,trade,1032146691849609216
2023,12,8,5967,19.3,trade,1004105701611937792
2023,12,8,6797,13.38,draft,
2023,12,8,7569,19.9,trade,1020505430503661568
2023,12,8,8138,13.0,draft,
2023,12,8,8183,10.46,trade,1020505430503661568
2023,12,8,8676,1.9,free_agent,1032453244817072128
2023,12,8,IND,12.0,free_agent,1032453548648259584
2023,12,9,1426,6.4,draft,
2023,12,9,2216,22.0,draft,
2023,12,9,4018,7.0,trade,1020505430503661568
2023,12,9,4035,13.9,draft,
2023,12,9,6813,21.1,draft,
2023,12,9,6904,34.5,draft,
2023,12,9,8167,17.9,trade,1031331378471747584
2023,12,9,9999,7.1,free_agent,1021079658613264384
2023,12,9,PIT,11.0,free_agent,1021840085433679872
2023,12,10,10859,17.7,waiver,1005880148839444480
2023,12,10,1234,16.76,draft,
2023,12,10,2133,9.8,trade,1017829056236077056
2023,12,10,3321,20.9,draft,
2023,12,10,421,23.36,draft,
2023,12,10,6790,8.9,trade,1017829056236077056
2023,12,10,6803,12.0,draft,
2023,12,10,7588,8.6,draft,
2023,12,10,SF,13.0,draft,
2023,12,11,4950,10.9,draft,
2023,12,11,4984,39.66,draft,
2023,12,11,6786,15.3,draft,
2023,12,11,6804,26.62,draft,
2023,12,11,7525,20.1,draft,
2023,12,11,7526,15.4,draft,
2023,12,11,8136,12.0,draft,
2023,12,11,8150,35.4,waiver,1007307922159042560
2023,12,11,MIN,14.0,free_agent,1030850805458362368
2023,12,12,4033,11.9,waiver,1029028930625384448
2023,12,12,4034,28.4,draft,
2023,12,12,5849,20.44,trade,1030609272889069568
2023,12,12,5987,7.3,draft,
2023,12,12,6011,14.64,waiver,1017670410348920832
2023,12,12,8146,13.9,trade,1030609272889069568
2023,12,12,8154,7.4,draft,
2023,12,12,9502,14.7,trade,1030609272889069568
2023,12,12,DEN,18.0,waiver,1032936342407327744
2023,13,1,1466,12.1,draft,
2023,13,1,4039,12.9,trade,1004105701611937792
2023,13,1,5859,15.4,trade,1030609272889069568
2023,13,1,6130,4.5,free_agent,1026212008942735360
2023,13,1,7611,2.4,trade,1004105701611937792
2023,13,1,8162,19.18,trade,1004105701611937792
2023,13,1,9221,5.9,trade,1018925145412452352
2023,13,1,9758,16.06,draft,
2023,13,1,TB,8.0,free_agent,1034196031329619968
2023,13,2,2749,11.6,draft,
2023,13,2,3294,28.26,draft,
2023,13,2,5846,34.4,trade,1015407762668433408
2023,13,2,7564,26.12,draft,
2023,13,2,8144,14.4,draft,
2023,13,2,8228,6.0,draft,
2023,13,2,9509,9.4,draft,
2023,13,2,9753,16.4,trade,1020050971331850240
2023,13,2,JAX,3.0,free_agent,1037086943928094720
2023,13,3,1479,8.3,draft,
2023,13,3,1689,4.0,waiver,1012388899286556672
2023,13,3,2374,7.2,draft,
2023,13,3,4066,23.2,draft,
2023,13,3,4892,9.88,draft,
2023,13,3,7523,25.12,draft,
2023,13,3,8155,7.5,draft,
2023,13,3,8205,19.8,draft,
2023,13,3,DAL,-1.0,draft,
2023,13,4,2251,2.0,trade,1036374292004601856
2023,13,4,4082,8.5,free_agent,1036111286058328064
2023,13,4,4381,15.4,free_agent,1034224830754672640
2023,13,4,5892,12.0,trade,1032146691849609216
2023,13,4,6768,19.2,trade,1036374292004601856
2023,13,4,7528,8.7,trade,1036374292004601856
2023,13,4,9493,21.9,trade,1032146691849609216
2023,13,4,9500,2.9,trade,1032146691849609216
2023,13,4,LAC,19.0,waiver,1035461879021334528
2023,13,5,2309,4.9,trade,1036374292004601856
2023,13,5,3198,24.5,trade,1012785541978439680
2023,13,5,4046,13.0,trade,1036374292004601856
2023,13,5,4137,22.5,trade,1036374292004601856
2023,13,5,4217,10.8,trade,1020747441701752832
2023,13,5,5872,33.8,draft,
2023,13,5,7600,5.9,draft,
2023,13,5,8157,7.24,free_agent,1035625575613812736
2023,13,5,ATL,21.0,waiver,1035208610135121920
2023,13,6,3163,16.32,draft,
2023,13,6,4098,5.3,trade,1012785541978439680
2023,13,6,6783,6.6,draft,
2023,13,6,6819,22.0,trade,1012785541978439680
2023,13,6,6845,6.7,free_agent,1002343960066469888
2023,13,6,7021,2.7,waiver,1030296014667829248
2023,13,6,7543,15.9,draft,
2023,13,6,8110,19.7,waiver,1007340413012824064
2023,13,6,CLE,-1.0,waiver,1012546495423369216
2023,13,7,1373,29.96,draft,
2023,13,7,1426,16.4,trade,1035398295037992960
2023,13,7,2216,25.7,trade,1035398295037992960
2023,13,7,4018,26.7,trade,1035398295037992960
2023,13,7,5045,14.7,trade,1031331378471747584
2023,13,7,7588,8.5,trade,1035398295037992960
2023,13,7,8130,22.9,waiver,1025086455200239616
2023,13,7,8160,3.1,trade,1031331378471747584
2023,13,7,KC,2.0,free_agent,1030552491177369600
2023,13,8,10222,3.6,waiver,1032636960789192704
2023,13,8,4663,3.7,trade,1032146691849609216
2023,13,8,5927,0.0,trade,1035993194674167808
2023,13,8,5967,15.8,trade,1004105701611937792
2023,13,8,6797,7.98,draft,
2023,13,8,7569,29.6,trade,1020505430503661568
2023,13,8,8183,29.46,trade,1020505430503661568
2023,13,8,9226,23.8,waiver,1012297817899020288
2023,13,8,NYJ,10.0,free_agent,1021509450902880256
2023,13,9,6904,23.92,draft,
2023,13,9,6945,9.2,waiver,1035406341986271232
2023,13,9,7547,11.9,trade,1035398295037992960
2023,13,9,8119,3.3,waiver,1036313430816452608
2023,13,9,8137,10.6,draft,
2023,13,9,8167,24.1,trade,1031331378471747584
2023,13,9,9228,7.12,trade,1031331378471747584
2023,13,9,PIT,3.0,free_agent,1021840085433679872
2023,13,10,10859,29.0,waiver,1005880148839444480
2023,13,10,1234,15.84,draft,
2023,13,10,3321,29.8,draft,
2023,13,10,4035,25.9,trade,1035344386546049024
2023,13,10,421,22.96,draft,
2023,13,10,4981,5.3,draft,
2023,13,10,6790,3.0,trade,1017829056236077056
2023,13,10,6803,13.1,draft,
2023,13,10,SF,4.0,draft,
2023,13,11,2028,8.94,trade,1010375808323608576
2023,13,11,4950,3.1,draft,
2023,13,11,6786,26.6,draft,
2023,13,11,6804,23.68,draft,
2023,13,11,7525,20.1,draft,
2023,13,11,7526,7.7,draft,
2023,13,11,8136,18.1,draft,
2023,13,11,8150,18.7,waiver,1007307922159042560
2023,13,11,MIA,13.0,waiver,1035596105322520576
2023,13,12,4033,3.7,waiver,1029028930625384448
2023,13,12,4034,20.8,draft,
2023,13,12,5849,11.8,trade,1030609272889069568
2023,13,12,6011,18.68,waiver,1017670410348920832
2023,13,12,8112,1.3,draft,
2023,13,12,8146,6.5,trade,1030609272889069568
2023,13,12,8154,5.3,draft,
2023,13,12,9502,0.0,trade,1030609272889069568
2023,13,12,IND,20.0,waiver,1035771665172635648
2023,14,1,1466,14.3,draft,
2023,14,1,3164,23.5,trade,1028086009919111168
2023,14,1,4039,21.5,trade,1004105701611937792
2023,14,1,5859,11.9,trade,1030609272889069568
2023,14,1,5937,13.2,trade,1020765585535356928
2023,14,1,9221,15.7,trade,1018925145412452352
2023,14,1,9758,3.64,draft,
2023,14,1,9997,17.0,trade,1018925145412452352
2023,14,1,NO,24.0,waiver,1035201889916284928
2023,14,2,10222,16.5,free_agent,1039326720840515584
2023,14,2,2197,4.7,waiver,1033168732866248704
2023,14,2,2749,22.5,draft,
2023,14,2,3294,17.94,draft,
2023,14,2,4663,18.5,trade,1039606815987912704
2023,14,2,5846,12.2,trade,1015407762668433408
2023,14,2,7564,4.4,draft,
2023,14,2,9509,17.3,draft,
2023,14,2,JAX,8.0,free_agent,1037086943928094720
2023,14,3,1479,9.8,draft,
2023,14,3,4066,32.5,draft,
2023,14,3,4892,20.06,draft,
2023,14,3,5844,10.3,draft,
2023,14,3,5850,6.0,draft,
2023,14,3,5947,5.0,waiver,1007302131203059712
2023,14,3,6111,23.7,waiver,1031329026721439744
2023,14,3,8155,22.6,draft,
2023,14,3,GB,3.0,waiver,1037598527427510272
2023,14,4,4089,8.9,free_agent,1038362835606126592
2023,14,4,5892,10.0,trade,1032146691849609216
2023,14,4,6768,9.1,trade,1036374292004601856
2023,14,4,6826,11.6,waiver,1038362304913690624
2023,14,4,7528,6.3,trade,1036374292004601856
2023,14,4,8159,25.38,waiver,1030377856460783616
2023,14,4,9488,4.5,trade,1030334606328836096
2023,14,4,9493,11.5,trade,1032146691849609216
2023,14,4,DET,4.0,waiver,1037957797603942400
2023,14,5,2309,9.2,trade,1036374292004601856
2023,14,5,2449,4.4,draft,
2023,14,5,3198,17.6,trade,1012785541978439680
2023,14,5,4046,13.64,trade,1036374292004601856
2023,14,5,4217,16.6,trade,1020747441701752832
2023,14,5,4881,31.64,draft,
2023,14,5,5872,30.5,draft,
2023,14,5,6828,8.8,draft,
2023,14,5,MIN,21.0,free_agent,1038097674500657152
2023,14,6,3163,4.44,draft,
2023,14,6,4098,9.5,trade,1012785541978439680
2023,14,6,4983,23.8,trade,1015407762668433408
2023,14,6,6819,15.5,trade,1012785541978439680
2023,14,6,6845,7.6,free_agent,1002343960066469888
2023,14,6,7543,15.2,draft,
2023,14,6,7591,24.72,draft,
2023,14,6,8110,12.2,waiver,1007340413012824064
2023,14,6,CLE,13.0,waiver,1012546495423369216
2023,14,7,1426,21.9,trade,1035398295037992960
2023,14,7,2216,1.3,trade,1035398295037992960
2023,14,7,4018,20.0,trade,1035398295037992960
2023,14,7,5045,13.7,trade,1031331378471747584
2023,14,7,6801,8.2,trade,1020720377749688320
2023,14,7,6820,7.8,trade,1039608887177773056
2023,14,7,7588,16.6,trade,1035398295037992960
2023,14,7,9999,16.58,trade,1035398295037992960
2023,14,7,NE,5.0,free_agent,1038087424410210304
2023,14,8,10236,7.1,waiver,1022586922188963840
2023,14,8,5967,13.1,trade,1004105701611937792
2023,14,8,6794,3.7,trade,1019802390084177920
2023,14,8,6797,1.84,draft,
2023,14,8,8138,22.6,trade,1039606815987912704
2023,14,8,8144,10.8,trade,1039606815987912704
2023,14,8,8183,21.42,trade,1020505430503661568
2023,14,8,9226,9.6,waiver,1012297817899020288
2023,14,8,HOU,6.0,waiver,1037774029916229632
2023,14,9,2133,8.8,trade,1035344386546049024
2023,14,9,4179,4.62,trade,1035398295037992960
2023,14,9,4199,0.0,trade,1035398295037992960
2023,14,9,4866,21.6,trade,1035398295037992960
2023,14,9,5022,7.0,trade,1030334606328836096
2023,14,9,6904,8.88,draft,
2023,14,9,6943,0.0,trade,1035398295037992960
2023,14,9,7547,3.6,trade,1035398295037992960
2023,14,9,PIT,4.0,free_agent,1021840085433679872
2023,14,10,10859,4.7,waiver,1005880148839444480
2023,14,10,1234,15.46,draft,
2023,14,10,3321,8.1,draft,
2023,14,10,4035,12.0,trade,1035344386546049024
2023,14,10,421,23.66,draft,
2023,14,10,4981,7.3,draft,
2023,14,10,6790,3.9,trade,1017829056236077056
2023,14,10,6803,13.6,draft,
2023,14,10,SF,9.0,draft,
2023,14,11,10229,14.7,draft,
2023,14,11,4984,20.52,draft,
2023,14,11,6786,16.1,draft,
2023,14,11,6804,8.92,draft,
2023,14,11,7525,7.8,draft,
2023,14,11,7526,10.9,draft,
2023,14,11,8136,20.5,draft,
2023,14,11,8150,12.8,waiver,1007307922159042560
2023,14,11,MIA,12.0,waiver,1035596105322520576
2023,14,12,4033,27.1,waiver,1029028930625384448
2023,14,12,4034,15.8,draft,
2023,14,12,5987,6.6,draft,
2023,14,12,6011,14.1,waiver,1017670410348920832
2023,14,12,7596,5.7,free_agent,1039621181520969728
2023,14,12,8112,24.2,draft,
2023,14,12,8134,1.7,waiver,1027703434704859136
2023,14,12,8146,15.6,trade,1030609272889069568
2023,14,12,BAL,7.0,waiver,1010082167935860736
2024,1,1,421,14.68,draft,
2024,1,1,4981,6.5,draft,
2024,1,1,5859,20.4,draft,
2024,1,1,6768,18.62,draft,
2024,1,1,7526,13.7,draft,
2024,1,1,8138,11.8,draft,
2024,1,1,9502,7.4,draft,
2024,1,1,9509,13.6,draft,
2024,1,1,CHI,25.0,free_agent,1135587795893886976
2024,1,2,10229,13.8,draft,
2024,1,2,11566,28.16,draft,
2024,1,2,11632,9.1,draft,
2024,1,2,4066,1.5,draft,
2024,1,2,6770,8.06,draft,
2024,1,2,7564,9.2,draft,
2024,1,2,8143,15.9,draft,
2024,1,2,9226,19.5,draft,
2024,1,2,CIN,3.0,free_agent,1134685231727890432
2024,1,3,1479,4.9,draft,
2024,1,3,4217,8.0,draft,
2024,1,3,5248,3.3,draft,
2024,1,3,6904,16.42,draft,
2024,1,3,7569,14.7,draft,
2024,1,3,8136,13.6,draft,
2024,1,3,8183,10.34,draft,
2024,1,3,9221,15.4,draft,
2024,1,3,MIN,22.0,free_agent,1135270925345099776
2024,1,4,2216,20.6,draft,
2024,1,4,4892,29.66,draft,
2024,1,4,5892,15.8,draft,
2024,1,4,6786,11.1,draft,
2024,1,4,6813,10.8,draft,
2024,1,4,8110,4.5,draft,
2024,1,4,8205,14.8,draft,
2024,1,4,9999,6.68,draft,
2024,1,4,NYJ,2.0,draft,
2024,1,5,2133,8.4,draft,
2024,1,5,4033,8.4,draft,
2024,1,5,4199,17.9,draft,
2024,1,5,4881,25.12,draft,
2024,1,5,5012,3.4,draft,
2024,1,5,6804,16.4,draft,
2024,1,5,8137,10.5,draft,
2024,1,5,8150,12.9,draft,
2024,1,5,WAS,-3.0,draft,
2024,1,6,11560,7.22,draft,
2024,1,6,11628,0.9,draft,
2024,1,6,4037,18.3,draft,
2024,1,6,6790,5.0,draft,
2024,1,6,7523,11.28,draft,
2024,1,6,7553,11.6,draft,
2024,1,6,8144,2.1,draft,
2024,1,6,8154,16.4,draft,
2024,1,6,PHI,4.0,draft,
2024,1,7,10859,8.5,draft,
2024,1,7,1166,6.2,draft,
2024,1,7,1466,6.4,draft,
2024,1,7,2749,2.9,draft,
2024,1,7,4039,25.0,draft,
2024,1,7,6794,13.9,draft,
2024,1,7,8139,3.6,draft,
2024,1,7,9229,26.08,draft,
2024,1,7,SEA,11.0,draft,
2024,1,8,10236,2.1,draft,
2024,1,8,4137,17.8,draft,
2024,1,8,5849,14.18,draft,
2024,1,8,8112,2.5,draft,
2024,1,8,8130,8.0,draft,
2024,1,8,8155,15.8,draft,
2024,1,8,9228,9.64,draft,
2024,1,8,9493,6.2,draft,
2024,1,8,CLE,3.0,free_agent,1134948926827646976
2024,1,9,3198,10.6,draft,
2024,1,9,4017,10.66,draft,
2024,1,9,4046,14.64,draft,
2024,1,9,4866,32.2,draft,
2024,1,9,4983,7.5,draft,
2024,1,9,6803,3.8,draft,
2024,1,9,7528,8.4,draft,
2024,1,9,8167,8.8,draft,
2024,1,9,PIT,12.0,draft,
2024,1,10,3163,11.38,draft,
2024,1,10,3294,11.46,draft,
2024,1,10,3321,22.5,draft,
2024,1,10,4035,19.5,draft,
2024,1,10,4950,3.5,draft,
2024,1,10,5872,16.2,draft,
2024,1,10,7525,11.9,draft,
2024,1,10,7611,20.1,draft,
2024,1,10,DAL,18.0,draft,
2024,1,11,11620,1.6,draft,
2024,1,11,2449,18.9,draft,
2024,1,11,4018,25.3,draft,
2024,1,11,5850,11.4,draft,
2024,1,11,5927,2.7,draft,
2024,1,11,6797,10.36,draft,
2024,1,11,7547,2.8,draft,
2024,1,11,9758,18.66,draft,
2024,1,11,TB,5.0,draft,
2024,1,12,1373,17.84,draft,
2024,1,12,2309,2.6,draft,
2024,1,12,4984,31.18,draft,
2024,1,12,6819,5.1,draft,
2024,1,12,7543,10.9,draft,
2024,1,12,8146,9.0,draft,
2024,1,12,8151,17.9,draft,
2024,1,12,9997,8.1,draft,
2024,1,12,SF,7.0,draft,
2024,2,1,11631,10.4,draft,
2024,2,1,421,6.64,draft,
2024,2,1,6768,5.5,draft,
2024,2,1,7526,6.5,draft,
2024,2,1,8131,4.6,waiver,1139356165437018112
2024,2,1,8138,28.0,draft,
2024,2,1,9502,1.8,draft,
2024,2,1,9509,14.2,draft,
2024,2,1,JAX,4.0,free_agent,1139547541869019136
2024,2,2,10229,16.0,draft,
2024,2,2,11566,13.44,draft,
2024,2,2,5846,23.9,draft,
2024,2,2,6770,17.22,draft,
2024,2,2,6806,19.6,draft,
2024,2,2,7564,5.5,draft,
2024,2,2,8143,6.9,draft,
2024,2,2,9226,26.0,draft,
2024,2,2,LAC,11.0,free_agent,1138580172095152128
2024,2,3,11635,3.6,draft,
2024,2,3,4217,20.6,draft,
2024,2,3,6904,23.82,draft,
2024,2,3,7569,23.5,draft,
2024,2,3,8126,8.8,waiver,1139208772284624896
2024,2,3,8136,2.8,draft,
2024,2,3,8183,13.96,draft,
2024,2,3,9221,14.1,draft,
2024,2,3,BAL,8.0,draft,
2024,2,4,10236,7.3,trade,1139263727431385088
2024,2,4,11560,7.36,trade,1140766319865024512
2024,2,4,2216,5.7,draft,
2024,2,4,4892,18.8,draft,
2024,2,4,5892,15.0,draft,
2024,2,4,6786,17.0,draft,
2024,2,4,6813,14.5,draft,
2024,2,4,8205,13.6,draft,
2024,2,4,NYJ,12.0,draft,
2024,2,5,11624,3.2,draft,
2024,2,5,2028,21.82,draft,
2024,2,5,2133,21.5,draft,
2024,2,5,4199,7.3,draft,
2024,2,5,4881,16.38,draft,
2024,2,5,5012,9.1,draft,
2024,2,5,8137,3.9,draft,
2024,2,5,8150,13.2,draft,
2024,2,5,WAS,5.0,draft,
2024,2,6,11628,27.0,draft,
2024,2,6,5870,18.32,draft,
2024,2,6,6783,9.8,draft,
2024,2,6,7523,13.3,draft,
2024,2,6,7553,5.0,draft,
2024,2,6,8144,10.8,draft,
2024,2,6,8154,14.1,draft,
2024,2,6,8408,16.9,trade,1140766319865024512
2024,2,6,PHI,1.0,draft,
2024,2,7,10859,3.3,draft,
2024,2,7,1166,17.54,draft,
2024,2,7,1466,1.6,draft,
2024,2,7,4039,5.7,draft,
2024,2,7,6130,14.0,draft,
2024,2,7,6794,21.3,draft,
2024,2,7,8139,5.3,draft,
2024,2,7,9229,9.86,draft,
2024,2,7,SEA,7.0,draft,
2024,2,8,11632,23.7,trade,1140364062358941696
2024,2,8,4137,18.9,draft,
2024,2,8,5849,28.54,draft,
2024,2,8,5967,12.7,trade,1139263727431385088
2024,2,8,8112,14.4,draft,
2024,2,8,8130,18.7,draft,
2024,2,8,8155,20.9,draft,
2024,2,8,9228,1.96,draft,
2024,2,8,IND,4.0,free_agent,1140397805379379200
2024,2,9,3198,16.1,draft,
2024,2,9,4017,15.44,draft,
2024,2,9,4046,12.94,draft,
2024,2,9,4866,15.6,draft,
2024,2,9,4983,8.3,draft,
2024,2,9,6803,6.3,draft,
2024,2,9,7528,7.9,draft,
2024,2,9,8134,8.1,draft,
2024,2,9,PIT,13.0,draft,
2024,2,10,3163,8.78,draft,
2024,2,10,3294,12.92,draft,
2024,2,10,3321,5.1,draft,
2024,2,10,4035,43.0,draft,
2024,2,10,5872,14.0,draft,
2024,2,10,7525,17.1,draft,
2024,2,10,7611,16.0,draft,
2024,2,10,9753,15.4,free_agent,1134685125188374528
2024,2,10,DAL,1.0,draft,
2024,2,11,10222,5.6,draft,
2024,2,11,2449,5.7,draft,
2024,2,11,4018,6.5,draft,
2024,2,11,5850,13.1,draft,
2024,2,11,5927,5.2,draft,
2024,2,11,6797,11.0,draft,
2024,2,11,7547,17.4,draft,
2024,2,11,9758,14.3,draft,
2024,2,11,HOU,15.0,free_agent,1140502008491794432
2024,2,12,4984,9.76,draft,
2024,2,12,6819,3.6,draft,
2024,2,12,7543,13.3,draft,
2024,2,12,8146,8.2,draft,
2024,2,12,8148,11.9,draft,
2024,2,12,9225,0.0,waiver,1139413788958076928
2024,2,12,96,15.14,draft,
2024,2,12,9997,18.6,draft,
2024,2,12,SF,10.0,draft,
2024,3,1,11631,7.3,draft,
2024,3,1,421,12.84,draft,
2024,3,1,4981,1.4,draft,
2024,3,1,8131,1.4,waiver,1139356165437018112
2024,3,1,8138,16.7,draft,
2024,3,1,8206,4.28,waiver,1141746946701459456
2024,3,1,9502,8.7,draft,
2024,3,1,9509,12.2,draft,
2024,3,1,TB,3.0,free_agent,1142092640448528384
2024,3,2,10229,23.1,draft,
2024,3,2,11566,28.06,draft,
2024,3,2,2216,2.7,trade,1141781269110616064
2024,3,2,5846,18.4,draft,
2024,3,2,6770,25.36,draft,
2024,3,2,7564,26.8,draft,
2024,3,2,8143,8.5,draft,
2024,3,2,9226,7.3,draft,
2024,3,2,LAC,5.0,free_agent,1138580172095152128
2024,3,3,6904,10.94,draft,
2024,3,3,6960,3.5,free_agent,1140404000148283392
2024,3,3,7569,10.6,draft,
2024,3,3,7588,4.1,draft,
2024,3,3,8110,15.5,trade,1139634888665497600
2024,3,3,8136,6.0,draft,
2024,3,3,8183,25.78,draft,
2024,3,3,9221,16.3,draft,
2024,3,3,GB,22.0,free_agent,1142922602378289152
2024,3,4,11560,17.32,trade,1140766319865024512
2024,3,4,11637,8.9,draft,
2024,3,4,4037,14.3,trade,1140766319865024512
2024,3,4,4892,8.52,draft,
2024,3,4,5892,19.7,draft,
2024,3,4,6786,6.7,draft,
2024,3,4,6806,6.9,trade,1141781269110616064
2024,3,4,6813,26.0,draft,
2024,3,4,NYJ,17.0,draft,
2024,3,5,2028,7.98,draft,
2024,3,5,2133,6.0,draft,
2024,3,5,4199,23.3,draft,
2024,3,5,4881,25.98,draft,
2024,3,5,5012,0.0,draft,
2024,3,5,6801,5.4,draft,
2024,3,5,8137,8.2,draft,
2024,3,5,8150,30.6,draft,
2024,3,5,LV,-2.0,waiver,1141917478092873728
2024,3,6,11628,14.9,draft,
2024,3,6,6790,5.2,draft,
2024,3,6,7523,9.42,draft,
2024,3,6,7553,7.9,draft,
2024,3,6,8144,17.6,draft,
2024,3,6,8154,10.2,draft,
2024,3,6,8408,9.8,trade,1140766319865024512
2024,3,6,9999,13.6,trade,1140766319865024512
2024,3,6,CLE,7.0,waiver,1141599737415487488
2024,3,7,10859,5.6,draft,
2024,3,7,1466,7.0,draft,
2024,3,7,4943,23.24,draft,
2024,3,7,5937,22.2,draft,
2024,3,7,6130,16.8,draft,
2024,3,7,6794,17.1,draft,
2024,3,7,8139,3.4,draft,
2024,3,7,9229,5.08,draft,
2024,3,7,SEA,15.0,draft,
2024,3,8,11632,24.2,trade,1140364062358941696
2024,3,8,4137,3.0,draft,
2024,3,8,5849,14.78,draft,
2024,3,8,5967,4.4,trade,1139263727431385088
2024,3,8,8112,15.7,draft,
2024,3,8,8130,5.5,draft,
2024,3,8,8155,16.3,draft,
2024,3,8,829,24.56,waiver,1141869613618257920
2024,3,8,BUF,14.0,free_agent,1142212835649372160
2024,3,9,3198,29.9,draft,
2024,3,9,4017,16.44,draft,
2024,3,9,4046,16.38,draft,
2024,3,9,4866,31.6,draft,
2024,3,9,4983,11.2,draft,
2024,3,9,6803,7.3,draft,
2024,3,9,7528,11.1,draft,
2024,3,9,8134,16.2,draft,
2024,3,9,PIT,10.0,draft,
2024,3,10,3163,14.56,draft,
2024,3,10,3294,29.86,draft,
2024,3,10,3321,5.5,draft,
2024,3,10,4035,14.2,draft,
2024,3,10,5022,27.0,draft,
2024,3,10,7525,11.4,draft,
2024,3,10,7611,0.3,draft,
2024,3,10,9753,24.2,free_agent,1134685125188374528
2024,3,10,DAL,-1.0,draft,
2024,3,11,10222,8.9,draft,
2024,3,11,2449,14.92,draft,
2024,3,11,5850,5.3,draft,
2024,3,11,5927,18.0,draft,
2024,3,11,6797,9.0,draft,
2024,3,11,7547,17.0,draft,
2024,3,11,9508,8.1,draft,
2024,3,11,9758,9.8,draft,
2024,3,11,CIN,-1.0,free_agent,1143226702475157504
2024,3,12,11604,7.1,draft,
2024,3,12,1373,11.36,draft,
2024,3,12,4984,30.92,draft,
2024,3,12,7543,10.5,draft,
2024,3,12,8146,11.8,draft,
2024,3,12,8148,0.7,draft,
2024,3,12,9225,0.9,waiver,1139413788958076928
2024,3,12,9997,3.8,draft,
2024,3,12,SF,3.0,draft,
2024,4,1,10232,3.3,free_agent,1145049323848208384
2024,4,1,11631,18.9,draft,
2024,4,1,421,4.86,draft,
2024,4,1,4981,2.0,draft,
2024,4,1,7526,5.6,draft,
2024,4,1,8131,3.6,waiver,1139356165437018112
2024,4,1,8138,5.3,draft,
2024,4,1,9509,9.4,draft,
2024,4,1,TEN,10.0,free_agent,1144612334057398272
2024,4,2,10229,0.0,draft,
2024,4,2,11566,24.02,draft,
2024,4,2,2216,19.4,trade,1141781269110616064
2024,4,2,5846,11.9,draft,
2024,4,2,6770,16.28,draft,
2024,4,2,7564,16.0,draft,
2024,4,2,8143,12.0,draft,
2024,4,2,9226,4.4,draft,
2024,4,2,MIN,9.0,waiver,1144259477370298368
2024,4,3,1479,3.4,draft,
2024,4,3,4217,14.5,draft,
2024,4,3,6904,16.32,draft,
2024,4,3,7569,27.1,draft,
2024,4,3,8110,11.9,trade,1139634888665497600
2024,4,3,8136,9.4,draft,
2024,4,3,8183,14.62,draft,
2024,4,3,9221,19.8,draft,
2024,4,3,KC,6.0,waiver,1144319595952771072
2024,4,4,11560,11.48,trade,1140766319865024512
2024,4,4,11637,6.6,draft,
2024,4,4,4037,9.9,trade,1140766319865024512
2024,4,4,4892,28.88,draft,
2024,4,4,5892,14.5,draft,
2024,4,4,6786,20.1,draft,
2024,4,4,6806,7.7,trade,1141781269110616064
2024,4,4,6813,18.3,draft,
2024,4,4,NYJ,7.0,draft,
2024,4,5,4199,15.9,draft,
2024,4,5,4881,23.64,draft,
2024,4,5,6801,9.0,draft,
2024,4,5,6804,28.16,draft,
2024,4,5,6845,15.8,draft,
2024,4,5,7049,10.3,waiver,1141917326091132928
2024,4,5,8137,12.8,draft,
2024,4,5,8150,18.4,draft,
2024,4,5,HOU,2.0,waiver,1144287670202462208
2024,4,6,10236,9.7,trade,1140766319865024512
2024,4,6,11628,13.0,draft,
2024,4,6,5870,9.54,draft,
2024,4,6,7523,14.76,draft,
2024,4,6,8144,12.7,draft,
2024,4,6,8154,18.8,draft,
2024,4,6,8408,23.0,trade,1140766319865024512
2024,4,6,9488,9.1,draft,
2024,4,6,CLE,12.0,waiver,1141599737415487488
2024,4,7,10859,9.3,draft,
2024,4,7,1466,15.9,draft,
2024,4,7,4943,20.5,draft,
2024,4,7,5937,17.8,draft,
2024,4,7,6130,4.3,draft,
2024,4,7,6794,17.5,draft,
2024,4,7,7594,20.1,waiver,1139650567363674112
2024,4,7,9229,5.24,draft,
2024,4,7,MIA,2.0,waiver,1144284636844003328
2024,4,8,11632,17.1,trade,1140364062358941696
2024,4,8,4137,17.8,draft,
2024,4,8,5849,9.98,draft,
2024,4,8,5967,17.8,trade,1139263727431385088
2024,4,8,6826,6.4,free_agent,1144746819516239872
2024,4,8,8112,9.4,draft,
2024,4,8,8155,2.8,draft,
2024,4,8,829,15.7,waiver,1141869613618257920
2024,4,8,CHI,9.0,free_agent,1144673119903260672
2024,4,9,3198,34.4,draft,
2024,4,9,4017,12.24,draft,
2024,4,9,4046,13.0,draft,
2024,4,9,4866,12.6,draft,
2024,4,9,4983,9.7,draft,
2024,4,9,6803,5.8,draft,
2024,4,9,7528,8.8,draft,
2024,4,9,8134,8.2,draft,
2024,4,9,PIT,3.0,draft,
2024,4,10,3163,26.68,draft,
2024,4,10,3294,16.74,draft,
2024,4,10,3321,6.2,draft,
2024,4,10,4035,21.4,draft,
2024,4,10,5022,13.2,draft,
2024,4,10,5872,8.7,draft,
2024,4,10,7611,6.2,draft,
2024,4,10,9753,7.9,free_agent,1134685125188374528
2024,4,10,DAL,5.0,draft,
2024,4,11,10222,23.6,draft,
2024,4,11,2449,16.0,draft,
2024,4,11,5850,9.8,draft,
2024,4,11,5927,14.7,draft,
2024,4,11,7547,17.78,draft,
2024,4,11,7591,31.98,draft,
2024,4,11,9508,10.9,draft,
2024,4,11,9758,23.5,draft,
2024,4,11,NO,5.0,free_agent,1145922420230983680
2024,4,12,11604,5.1,draft,
2024,4,12,1373,21.6,draft,
2024,4,12,2309,5.5,draft,
2024,4,12,4984,7.3,draft,
2024,4,12,7543,6.5,draft,
2024,4,12,8146,4.6,draft,
2024,4,12,8151,31.6,draft,
2024,4,12,9997,1.5,draft,
2024,4,12,SF,26.0,draft,
2024,5,1,11631,20.7,draft,
2024,5,1,11655,13.5,free_agent,1147270127969210368
2024,5,1,421,12.4,draft,
2024,5,1,7083,6.46,free_agent,1148023814832361472
2024,5,1,7526,6.6,draft,
2024,5,1,8138,16.9,draft,
2024,5,1,9502,5.3,draft,
2024,5,1,9509,9.2,draft,
2024,5,1,LV,2.0,free_agent,1147107305117294592
2024,5,2,11566,19.72,draft,
2024,5,2,2216,20.7,trade,1141781269110616064
2024,5,2,5846,5.5,draft,
2024,5,2,6770,33.78,draft,
2024,5,2,6865,12.2,free_agent,1148609569925468160
2024,5,2,7564,36.3,draft,
2024,5,2,8143,6.4,draft,
2024,5,2,9226,2.2,draft,
2024,5,2,MIN,17.0,waiver,1144259477370298368
2024,5,3,11584,4.6,free_agent,1136767294073335808
2024,5,3,1479,4.8,draft,
2024,5,3,4217,20.4,draft,
2024,5,3,7090,27.0,waiver,1141811503927021568
2024,5,3,7569,14.8,draft,
2024,5,3,8110,13.0,trade,1139634888665497600
2024,5,3,8136,8.1,draft,
2024,5,3,8183,13.06,draft,
2024,5,3,GB,14.0,free_agent,1142922602378289152
2024,5,4,10235,14.5,waiver,1144478816375787520
2024,5,4,11560,23.56,trade,1140766319865024512
2024,5,4,4037,9.1,trade,1140766319865024512
2024,5,4,4098,18.2,waiver,1147045117652676608
2024,5,4,4892,23.4,draft,
2024,5,4,6786,8.9,draft,
2024,5,4,8111,7.4,free_agent,1147624956985974784
2024,5,4,9486,3.0,waiver,1147046322625703936
2024,5,4,NYJ,9.0,draft,
2024,5,5,11624,10.3,draft,
2024,5,5,4199,5.8,draft,
2024,5,5,4881,33.42,draft,
2024,5,5,6801,24.8,draft,
2024,5,5,6804,15.96,draft,
2024,5,5,6845,6.7,draft,
2024,5,5,8137,4.1,draft,
2024,5,5,8150,15.0,draft,
2024,5,5,SEA,12.0,waiver,1147141374140141568
2024,5,6,10236,5.4,trade,1140766319865024512
2024,5,6,11628,4.6,draft,
2024,5,6,4137,13.0,trade,1146925422123331584
2024,5,6,5870,22.08,draft,
2024,5,6,6790,19.0,draft,
2024,5,6,7523,21.24,draft,
2024,5,6,8144,2.0,draft,
2024,5,6,8408,8.3,trade,1140766319865024512
2024,5,6,DEN,16.0,waiver,1146820775828164608
2024,5,7,1166,34.36,draft,
2024,5,7,1466,16.0,draft,
2024,5,7,4943,4.26,draft,
2024,5,7,5937,4.4,draft,
2024,5,7,6794,12.2,draft,
2024,5,7,7021,18.4,draft,
2024,5,7,7593,15.3,waiver,1146821807513837568
2024,5,7,7594,15.5,waiver,1139650567363674112
2024,5,7,MIA,6.0,waiver,1144284636844003328
2024,5,8,11623,12.4,free_agent,1147132192364011520
2024,5,8,5849,24.1,draft,
2024,5,8,8112,27.4,draft,
2024,5,8,8130,11.3,draft,
2024,5,8,8154,13.8,trade,1146925422123331584
2024,5,8,8155,5.2,draft,
2024,5,8,829,3.74,waiver,1141869613618257920
2024,5,8,8676,16.6,waiver,1140733206942298112
2024,5,8,CHI,16.0,free_agent,1144673119903260672
2024,5,9,11637,11.4,waiver,1147186457363365888
2024,5,9,3198,16.1,draft,
2024,5,9,4017,8.4,draft,
2024,5,9,4046,13.44,draft,
2024,5,9,4983,25.0,draft,
2024,5,9,6803,18.7,draft,
2024,5,9,6938,11.7,free_agent,1147941846006468608
2024,5,9,7528,8.7,draft,
2024,5,9,PIT,13.0,draft,
2024,5,10,3294,16.38,draft,
2024,5,10,3321,9.9,draft,
2024,5,10,4035,9.6,draft,
2024,5,10,4950,10.8,draft,
2024,5,10,5872,2.5,draft,
2024,5,10,7611,17.2,draft,
2024,5,10,8126,13.0,waiver,1146830237490081792
2024,5,10,9500,11.4,waiver,1141380511408111616
2024,5,10,IND,2.0,free_agent,1147635076805533696
2024,5,11,10222,11.7,draft,
2024,5,11,11439,10.0,free_agent,1148025657809539072
2024,5,11,2449,11.2,draft,
2024,5,11,5850,15.9,draft,
2024,5,11,5927,11.4,draft,
2024,5,11,7591,15.94,draft,
2024,5,11,9756,5.1,draft,
2024,5,11,9758,15.94,draft,
2024,5,11,NO,5.0,free_agent,1145922420230983680
2024,5,12,1373,22.56,draft,
2024,5,12,2309,8.0,draft,
2024,5,12,4984,14.64,draft,
2024,5,12,6819,12.2,draft,
2024,5,12,7543,9.0,draft,
2024,5,12,8146,22.6,draft,
2024,5,12,8151,11.1,draft,
2024,5,12,9997,15.5,draft,
2024,5,12,CLE,8.0,free_agent,1148036459107028992
2024,6,1,11631,4.2,draft,
2024,6,1,11655,19.7,free_agent,1147270127969210368
2024,6,1,4981,0.9,draft,
2024,6,1,5859,20.6,draft,
2024,6,1,8131,4.7,waiver,1139356165437018112
2024,6,1,9502,15.2,draft,
2024,6,1,9509,24.0,draft,
2024,6,1,9999,7.3,trade,1150846722114043904
2024,6,1,TB,19.0,free_agent,1150992907709558784
2024,6,2,11566,20.96,draft,
2024,6,2,2216,4.4,trade,1141781269110616064
2024,6,2,4066,18.2,draft,
2024,6,2,5846,6.3,draft,
2024,6,2,6770,19.82,draft,
2024,6,2,7564,9.7,draft,
2024,6,2,8143,1.4,draft,
2024,6,2,9224,13.4,trade,1142494511709532160
2024,6,2,LAC,8.0,free_agent,1149118180212707328
2024,6,3,11584,17.5,free_agent,1136767294073335808
2024,6,3,2374,14.5,waiver,1148000543659380736
2024,6,3,4217,22.8,draft,
2024,6,3,6904,21.86,draft,
2024,6,3,7090,5.3,waiver,1141811503927021568
2024,6,3,8110,4.1,trade,1139634888665497600
2024,6,3,8183,24.1,draft,
2024,6,3,9221,10.6,draft,
2024,6,3,GB,12.0,free_agent,1142922602378289152
2024,6,4,10235,4.3,waiver,1144478816375787520
2024,6,4,11560,28.64,trade,1140766319865024512
2024,6,4,4037,30.0,trade,1140766319865024512
2024,6,4,4892,25.9,draft,
2024,6,4,5892,20.5,draft,
2024,6,4,6786,12.6,draft,
2024,6,4,6806,17.2,trade,1141781269110616064
2024,6,4,9486,1.4,waiver,1147046322625703936
2024,6,4,NYJ,3.0,draft,
2024,6,5,11637,4.1,trade,1149378746479185920
2024,6,5,4881,18.92,draft,
2024,6,5,5045,13.3,trade,1149727442047885312
2024,6,5,6801,11.2,draft,
2024,6,5,6804,25.62,draft,
2024,6,5,6845,0.0,draft,
2024,6,5,7528,19.2,commissioner,1151932400373706752
2024,6,5,8117,6.3,trade,1149378746479185920
2024,6,5,ATL,7.0,free_agent,1149671753942138880
2024,6,6,11628,0.0,draft,
2024,6,6,4137,4.6,trade,1146925422123331584
2024,6,6,5870,11.8,draft,
2024,6,6,6149,8.7,free_agent,1149860297570619392
2024,6,6,6790,19.9,draft,
2024,6,6,7523,17.06,draft,
2024,6,6,8408,8.7,trade,1140766319865024512
2024,6,6,9484,3.5,waiver,1146825736175603712
2024,6,6,DEN,4.0,waiver,1146820775828164608
2024,6,7,10859,12.2,draft,
2024,6,7,1166,12.5,draft,
2024,6,7,5937,16.8,draft,
2024,6,7,5987,15.0,draft,
2024,6,7,7021,8.0,draft,
2024,6,7,7593,2.9,waiver,1146821807513837568
2024,6,7,7594,12.8,waiver,1139650567363674112
2024,6,7,8121,18.4,waiver,1149402018939981824
2024,6,7,PHI,6.0,waiver,1149328606292942848
2024,6,8,5849,11.96,draft,
2024,6,8,5967,16.3,trade,1139263727431385088
2024,6,8,8112,16.4,draft,
2024,6,8,8126,7.5,trade,1151224539658194944
2024,6,8,8130,17.6,draft,
2024,6,8,8155,19.4,draft,
2024,6,8,829,14.94,waiver,1141869613618257920
2024,6,8,8676,7.8,waiver,1140733206942298112
2024,6,8,CHI,11.0,free_agent,1144673119903260672
2024,6,9,11562,12.42,trade,1149727442047885312
2024,6,9,3198,25.2,draft,
2024,6,9,4017,8.42,draft,
2024,6,9,4866,6.4,draft,
2024,6,9,4983,4.0,draft,
2024,6,9,6803,4.7,draft,
2024,6,9,8134,2.9,draft,
2024,6,9,8137,6.8,trade,1149378746479185920
2024,6,9,PIT,15.0,draft,
2024,6,10,3163,25.1,draft,
2024,6,10,3294,3.22,draft,
2024,6,10,4035,14.9,draft,
2024,6,10,4663,8.8,draft,
2024,6,10,5872,19.2,draft,
2024,6,10,6945,5.8,free_agent,1149924482342031360
2024,6,10,7525,13.9,draft,
2024,6,10,9500,16.0,waiver,1141380511408111616
2024,6,10,IND,4.0,free_agent,1147635076805533696
2024,6,11,10222,11.8,draft,
2024,6,11,2449,16.7,draft,
2024,6,11,4018,26.2,draft,
2024,6,11,5850,10.5,draft,
2024,6,11,5927,20.3,draft,
2024,6,11,7547,11.7,draft,
2024,6,11,7591,23.7,draft,
2024,6,11,9758,18.38,draft,
2024,6,11,HOU,15.0,waiver,1149339862672289792
2024,6,12,11604,16.1,draft,
2024,6,12,1373,12.48,draft,
2024,6,12,4984,24.4,draft,
2024,6,12,7543,-0.1,draft,
2024,6,12,8146,20.7,draft,
2024,6,12,8148,16.2,draft,
2024,6,12,8151,16.9,draft,
2024,6,12,9997,17.9,commissioner,1151932476860997632
2024,6,12,BUF,7.0,free_agent,1149739193342464000
2024,7,1,10866,2.08,waiver,1152323611085291520
2024,7,1,11631,19.6,draft,
2024,7,1,3214,17.2,free_agent,1150846924073840640
2024,7,1,4033,23.6,free_agent,1150993511999713280
2024,7,1,5859,17.4,draft,
2024,7,1,8138,9.2,draft,
2024,7,1,9502,0.0,draft,
2024,7,1,9509,21.8,draft,
2024,7,1,CIN,16.0,waiver,1152064618903396352
2024,7,2,11566,5.24,draft,
2024,7,2,2216,9.0,trade,1141781269110616064
2024,7,2,4066,8.5,draft,
2024,7,2,5846,17.9,draft,
2024,7,2,6770,14.94,draft,
2024,7,2,7564,15.1,draft,
2024,7,2,9224,6.3,trade,1142494511709532160
2024,7,2,9226,9.5,draft,
2024,7,2,MIN,14.0,waiver,1144259477370298368
2024,7,3,11584,15.2,free_agent,1136767294073335808
2024,7,3,11635,7.1,draft,
2024,7,3,2374,6.5,waiver,1148000543659380736
2024,7,3,4217,15.2,draft,
2024,7,3,6904,22.76,draft,
2024,7,3,7090,7.1,waiver,1141811503927021568
2024,7,3,8183,17.18,draft,
2024,7,3,9221,30.0,draft,
2024,7,3,LAC,4.0,waiver,1151939578165587968
2024,7,4,4037,10.0,trade,1140766319865024512
2024,7,4,4040,0.0,trade,1149859373716664320
2024,7,4,4098,21.3,waiver,1147045117652676608
2024,7,4,4892,27.0,draft,
2024,7,4,5892,6.5,draft,
2024,7,4,6806,8.1,trade,1141781269110616064
2024,7,4,8111,18.0,free_agent,1147624956985974784
2024,7,4,8207,11.1,free_agent,1152342319400603648
2024,7,4,NYJ,-3.0,draft,
2024,7,5,2133,4.5,draft,
2024,7,5,4199,19.1,draft,
2024,7,5,4881,34.44,draft,
2024,7,5,6783,2.3,waiver,1152069391656472576
2024,7,5,6801,16.2,draft,
2024,7,5,6804,16.8,draft,
2024,7,5,8150,19.6,draft,
2024,7,5,9997,3.5,trade,1151937087680159744
2024,7,5,LAR,18.0,free_agent,1152214984861011968
2024,7,6,11628,3.6,draft,
2024,7,6,11748,5.2,free_agent,1152360307516362752
2024,7,6,4137,16.2,trade,1146925422123331584
2024,7,6,421,3.96,trade,1150846722114043904
2024,7,6,7523,15.02,draft,
2024,7,6,7553,13.5,draft,
2024,7,6,8408,7.9,trade,1140766319865024512
2024,7,6,9488,3.8,draft,
2024,7,6,DEN,22.0,waiver,1146820775828164608
2024,7,7,1166,7.18,draft,
2024,7,7,1466,5.7,draft,
2024,7,7,2749,3.0,draft,
2024,7,7,4943,16.26,draft,
2024,7,7,5937,2.2,draft,
2024,7,7,6794,17.9,draft,
2024,7,7,7594,11.2,waiver,1139650567363674112
2024,7,7,8121,13.4,waiver,1149402018939981824
2024,7,7,PHI,16.0,waiver,1149328606292942848
2024,7,8,11563,14.06,draft,
2024,7,8,11632,6.1,trade,1140364062358941696
2024,7,8,5849,20.2,draft,
2024,7,8,5967,7.5,trade,1139263727431385088
2024,7,8,8112,15.3,draft,
2024,7,8,8130,10.1,draft,
2024,7,8,8154,13.1,trade,1146925422123331584
2024,7,8,8155,23.1,draft,
2024,7,8,NO,3.0,waiver,1152003298220814336
2024,7,9,10859,3.5,trade,1152320635445846016
2024,7,9,3198,24.7,draft,
2024,7,9,4046,12.06,draft,
2024,7,9,4866,25.7,draft,
2024,7,9,5001,3.8,free_agent,1149731724457250816
2024,7,9,6803,3.3,draft,
2024,7,9,7083,9.48,free_agent,1152734029838405632
2024,7,9,8137,19.6,trade,1149378746479185920
2024,7,9,PIT,9.0,draft,
2024,7,10,11564,20.84,draft,
2024,7,10,3163,18.8,draft,
2024,7,10,3321,1.8,draft,
2024,7,10,4035,5.4,draft,
2024,7,10,5872,0.0,draft,
2024,7,10,7525,0.3,draft,
2024,7,10,7611,3.5,draft,
2024,7,10,9500,0.8,waiver,1141380511408111616
2024,7,10,IND,12.0,free_agent,1147635076805533696
2024,7,11,10222,2.0,draft,
2024,7,11,2449,4.8,draft,
2024,7,11,4018,25.4,draft,
2024,7,11,5850,17.7,draft,
2024,7,11,5927,12.8,draft,
2024,7,11,6797,14.76,draft,
2024,7,11,7547,21.2,draft,
2024,7,11,9758,5.34,draft,
2024,7,11,JAX,9.0,free_agent,1152267064560701440
2024,7,12,11604,19.3,draft,
2024,7,12,1373,17.78,draft,
2024,7,12,4984,21.02,draft,
2024,7,12,6819,7.8,draft,
2024,7,12,7528,16.2,trade,1151937087680159744
2024,7,12,8146,10.6,draft,
2024,7,12,8148,0.1,draft,
2024,7,12,8151,22.3,draft,
2024,7,12,BUF,13.0,free_agent,1149739193342464000
2024,8,1,11631,13.5,draft,
2024,8,1,4033,17.1,free_agent,1150993511999713280
2024,8,1,5859,10.9,draft,
2024,8,1,6768,14.66,draft,
2024,8,1,7526,6.5,draft,
2024,8,1,8138,26.8,draft,
2024,8,1,9502,11.5,draft,
2024,8,1,9509,20.1,draft,
2024,8,1,HOU,11.0,free_agent,1155880692664881152
2024,8,2,11566,22.24,draft,
2024,8,2,4066,13.6,draft,
2024,8,2,6770,12.86,draft,
2024,8,2,7564,15.9,draft,
2024,8,2,8167,5.9,waiver,1149523234371661824
2024,8,2,9224,10.4,trade,1142494511709532160
2024,8,2,9226,23.7,draft,
2024,8,2,9493,14.6,trade,1140364062358941696
2024,8,2,MIN,1.0,waiver,1144259477370298368
2024,8,3,2374,1.4,waiver,1148000543659380736
2024,8,3,4217,24.8,draft,
2024,8,3,6904,35.14,draft,
2024,8,3,7090,16.6,waiver,1141811503927021568
2024,8,3,8110,8.3,trade,1139634888665497600
2024,8,3,8136,13.2,draft,
2024,8,3,8183,26.0,draft,
2024,8,3,9221,19.8,draft,
2024,8,3,LAC,12.0,waiver,1151939578165587968
2024,8,4,11560,9.94,trade,1140766319865024512
2024,8,4,4098,12.8,waiver,1147045117652676608
2024,8,4,4892,22.3,draft,
2024,8,4,6786,33.1,draft,
2024,8,4,6806,14.8,trade,1141781269110616064
2024,8,4,6813,18.2,draft,
2024,8,4,8111,29.1,free_agent,1147624956985974784
2024,8,4,8134,15.4,waiver,1152690602702741504
2024,8,4,NYJ,3.0,draft,
2024,8,5,2133,7.4,draft,
2024,8,5,3214,9.5,trade,1154788448486723584
2024,8,5,4199,10.5,draft,
2024,8,5,4881,24.16,draft,
2024,8,5,6804,5.74,draft,
2024,8,5,8117,5.9,trade,1149378746479185920
2024,8,5,8150,20.1,draft,
2024,8,5,9997,15.0,trade,1151937087680159744
2024,8,5,WAS,6.0,free_agent,1154782659940302848
2024,8,6,4137,13.9,trade,1146925422123331584
2024,8,6,421,24.76,trade,1150846722114043904
2024,8,6,4983,4.4,trade,1155199270530785280
2024,8,6,6790,18.9,draft,
2024,8,6,7523,23.32,draft,
2024,8,6,7553,25.1,draft,
2024,8,6,8408,1.8,trade,1140766319865024512
2024,8,6,9488,9.9,draft,
2024,8,6,DEN,7.0,waiver,1146820775828164608
2024,8,7,1166,28.64,draft,
2024,8,7,1466,25.0,draft,
2024,8,7,2749,15.5,draft,
2024,8,7,4039,13.6,draft,
2024,8,7,4943,18.2,draft,
2024,8,7,6794,15.5,draft,
2024,8,7,7594,8.1,waiver,1139650567363674112
2024,8,7,8121,8.7,waiver,1149402018939981824
2024,8,7,BAL,4.0,free_agent,1153804746915057664
2024,8,8,11563,29.76,draft,
2024,8,8,11632,10.6,trade,1140364062358941696
2024,8,8,5849,22.18,draft,
2024,8,8,5967,13.2,trade,1139263727431385088
2024,8,8,8112,5.4,draft,
2024,8,8,8130,21.4,draft,
2024,8,8,8154,8.1,trade,1146925422123331584
2024,8,8,8155,9.4,draft,
2024,8,8,KC,9.0,waiver,1154552273033355264
2024,8,9,10859,16.8,trade,1152320635445846016
2024,8,9,11628,20.1,trade,1155199270530785280
2024,8,9,3198,14.2,draft,
2024,8,9,4866,11.6,draft,
2024,8,9,5870,6.66,trade,1155199270530785280
2024,8,9,6819,2.1,trade,1154491693983649792
2024,8,9,8137,9.4,trade,1149378746479185920
2024,8,9,96,17.32,trade,1154491693983649792
2024,8,9,SF,8.0,free_agent,1154824266580344833
2024,8,10,3163,15.5,draft,
2024,8,10,3294,13.62,draft,
2024,8,10,3321,10.2,draft,
2024,8,10,4035,15.2,draft,
2024,8,10,5872,10.6,draft,
2024,8,10,7525,17.5,draft,
2024,8,10,7611,22.0,draft,
2024,8,10,9500,20.2,waiver,1141380511408111616
2024,8,10,NO,6.0,free_agent,1155639853543964672
2024,8,11,10222,6.5,draft,
2024,8,11,2449,10.2,draft,
2024,8,11,4018,21.4,draft,
2024,8,11,5850,25.0,draft,
2024,8,11,5927,15.0,draft,
2024,8,11,6797,24.06,draft,
2024,8,11,7547,7.7,draft,
2024,8,11,9758,12.4,draft,
2024,8,11,DET,19.0,waiver,1154419777306370048
2024,8,12,11604,10.8,draft,
2024,8,12,11618,7.2,waiver,1154652003117711360
2024,8,12,2309,0.8,draft,
2024,8,12,4046,18.18,trade,1154491693983649792
2024,8,12,4984,19.82,draft,
2024,8,12,7528,14.6,trade,1151937087680159744
2024,8,12,8146,13.8,draft,
2024,8,12,8151,6.5,draft,
2024,8,12,PIT,16.0,trade,1154491693983649792
2024,9,1,11631,5.2,draft,
2024,9,1,19,3.06,waiver,1157139614088552448
2024,9,1,4033,7.9,free_agent,1150993511999713280
2024,9,1,5859,4.6,draft,
2024,9,1,6797,19.48,trade,1157139388451651584
2024,9,1,8138,9.4,draft,
2024,9,1,8155,9.5,trade,1157141852051832832
2024,9,1,9224,24.2,trade,1157077299762925568
2024,9,1,HOU,3.0,free_agent,1155880692664881152
2024,9,2,11566,19.86,draft,
2024,9,2,11655,7.4,trade,1157077299762925568
2024,9,2,4066,11.5,draft,
2024,9,2,4981,9.8,trade,1157077299762925568
2024,9,2,6770,29.14,draft,
2024,9,2,7564,7.8,draft,
2024,9,2,9226,28.1,draft,
2024,9,2,9493,1.6,trade,1140364062358941696
2024,9,2,MIN,11.0,waiver,1144259477370298368
2024,9,3,11635,8.9,draft,
2024,9,3,2374,13.8,waiver,1148000543659380736
2024,9,3,6011,2.96,waiver,1157013625169735680
2024,9,3,6904,29.9,draft,
2024,9,3,7090,17.3,waiver,1141811503927021568
2024,9,3,8110,14.1,trade,1139634888665497600
2024,9,3,8136,11.0,draft,
2024,9,3,9221,14.1,draft,
2024,9,3,LAC,19.0,waiver,1151939578165587968
2024,9,4,11560,9.18,trade,1140766319865024512
2024,9,4,4098,18.2,waiver,1147045117652676608
2024,9,4,4892,18.0,draft,
2024,9,4,5892,11.1,draft,
2024,9,4,6786,12.2,draft,
2024,9,4,6813,7.4,draft,
2024,9,4,8111,21.7,free_agent,1147624956985974784
2024,9,4,8134,8.0,waiver,1152690602702741504
2024,9,4,NYJ,15.0,draft,
2024,9,5,2133,18.6,draft,
2024,9,5,4199,10.2,draft,
2024,9,5,4881,23.6,draft,
2024,9,5,5012,4.6,draft,
2024,9,5,6783,10.8,waiver,1152069391656472576
2024,9,5,6804,10.92,draft,
2024,9,5,8150,10.0,draft,
2024,9,5,9997,27.2,trade,1151937087680159744
2024,9,5,WAS,5.0,free_agent,1154782659940302848
2024,9,6,2028,13.44,trade,1155199270530785280
2024,9,6,4137,13.4,trade,1146925422123331584
2024,9,6,421,17.92,trade,1150846722114043904
2024,9,6,4983,5.3,trade,1155199270530785280
2024,9,6,6790,11.2,draft,
2024,9,6,7553,2.1,draft,
2024,9,6,8144,1.8,draft,
2024,9,6,9488,33.5,draft,
2024,9,6,DEN,-2.0,waiver,1146820775828164608
2024,9,7,1166,17.78,draft,
2024,9,7,1466,22.0,draft,
2024,9,7,4039,15.9,draft,
2024,9,7,4943,19.0,draft,
2024,9,7,4988,4.0,trade,1152320635445846016
2024,9,7,6794,18.08,draft,
2024,9,7,7021,19.2,draft,
2024,9,7,7594,20.2,waiver,1139650567363674112
2024,9,7,BAL,10.0,free_agent,1153804746915057664
2024,9,8,11563,17.22,draft,
2024,9,8,11632,10.4,trade,1140364062358941696
2024,9,8,4381,16.0,free_agent,1158841711431512064
2024,9,8,5849,4.76,draft,
2024,9,8,5967,16.9,trade,1139263727431385088
2024,9,8,8112,9.7,draft,
2024,9,8,8130,12.7,draft,
2024,9,8,9509,18.0,trade,1157141852051832832
2024,9,8,KC,2.0,waiver,1154552273033355264
2024,9,9,10859,4.8,trade,1152320635445846016
2024,9,9,11628,2.4,trade,1155199270530785280
2024,9,9,1426,24.6,waiver,1152656646280364032
2024,9,9,3198,25.8,draft,
2024,9,9,4866,31.4,draft,
2024,9,9,5870,24.36,trade,1155199270530785280
2024,9,9,6819,1.9,trade,1154491693983649792
2024,9,9,96,20.34,trade,1154491693983649792
2024,9,9,PHI,9.0,free_agent,1157445656408076288
2024,9,10,3163,9.6,draft,
2024,9,10,3294,12.32,draft,
2024,9,10,3321,10.0,draft,
2024,9,10,4035,24.5,draft,
2024,9,10,5844,5.7,draft,
2024,9,10,7525,16.7,draft,
2024,9,10,7611,19.9,draft,
2024,9,10,9500,9.0,waiver,1141380511408111616
2024,9,10,NO,3.0,free_agent,1155639853543964672
2024,9,11,10222,13.8,draft,
2024,9,11,2306,10.1,trade,1157139388451651584
2024,9,11,4018,16.6,draft,
2024,9,11,5850,11.8,draft,
2024,9,11,5927,14.9,draft,
2024,9,11,7547,15.1,draft,
2024,9,11,9502,15.6,trade,1157139388451651584
2024,9,11,9758,11.54,draft,
2024,9,11,DET,9.0,waiver,1154419777306370048
2024,9,12,10235,3.1,waiver,1154652262665646080
2024,9,12,11604,15.5,draft,
2024,9,12,4046,24.54,trade,1154491693983649792
2024,9,12,4984,22.1,draft,
2024,9,12,5045,19.78,trade,1151937087680159744
2024,9,12,5947,14.5,draft,
2024,9,12,8146,25.5,draft,
2024,9,12,8151,12.2,draft,
2024,9,12,BUF,4.0,free_agent,1149739193342464000
2024,10,1,11631,2.2,draft,
2024,10,1,5859,13.4,draft,
2024,10,1,6768,8.18,draft,
2024,10,1,6797,19.76,trade,1157139388451651584
2024,10,1,7526,7.1,draft,
2024,10,1,8138,15.0,draft,
2024,10,1,8155,10.3,trade,1157141852051832832
2024,10,1,9224,17.9,trade,1157077299762925568
2024,10,1,ATL,1.0,waiver,1159689167094444032
2024,10,2,11566,8.58,draft,
2024,10,2,11655,14.9,trade,1157077299762925568
2024,10,2,4066,10.0,draft,
2024,10,2,4981,22.9,trade,1157077299762925568
2024,10,2,6770,33.72,draft,
2024,10,2,7564,49.9,draft,
2024,10,2,9226,7.7,draft,
2024,10,2,9493,14.3,trade,1140364062358941696
2024,10,2,MIN,13.0,waiver,1144259477370298368
2024,10,3,11635,6.2,draft,
2024,10,3,4217,14.7,draft,
2024,10,3,6904,29.68,draft,
2024,10,3,7090,12.1,waiver,1141811503927021568
2024,10,3,8110,4.4,trade,1139634888665497600
2024,10,3,8136,16.0,draft,
2024,10,3,8183,23.82,draft,
2024,10,3,9221,11.8,draft,
2024,10,3,LAC,9.0,waiver,1151939578165587968
2024,10,4,4098,13.5,waiver,1147045117652676608
2024,10,4,4892,8.94,draft,
2024,10,4,4984,18.2,trade,1160029255372333056
2024,10,4,5892,12.1,draft,
2024,10,4,6786,5.4,draft,
2024,10,4,6806,7.0,trade,1141781269110616064
2024,10,4,8111,8.5,free_agent,1147624956985974784
2024,10,4,8134,8.8,waiver,1152690602702741504
2024,10,4,NYJ,1.0,draft,
2024,10,5,11626,5.5,free_agent,1155651020702203904
2024,10,5,2133,6.1,draft,
2024,10,5,3214,2.4,trade,1154788448486723584
2024,10,5,4199,11.1,draft,
2024,10,5,4574,-2.0,waiver,1159545673918894080
2024,10,5,4881,32.9,draft,
2024,10,5,8150,8.7,draft,
2024,10,5,9997,5.4,trade,1151937087680159744
2024,10,5,WAS,7.0,free_agent,1154782659940302848
2024,10,6,10236,4.4,trade,1140766319865024512
2024,10,6,2028,20.46,trade,1155199270530785280
2024,10,6,4034,13.7,draft,
2024,10,6,4137,19.8,trade,1146925422123331584
2024,10,6,421,9.72,trade,1150846722114043904
2024,10,6,4983,4.2,trade,1155199270530785280
2024,10,6,6790,7.0,draft,
2024,10,6,7049,12.8,waiver,1154468295161126912
2024,10,6,DEN,5.0,waiver,1146820775828164608
2024,10,7,1166,10.24,draft,
2024,10,7,1466,20.4,draft,
2024,10,7,2749,4.4,draft,
2024,10,7,4039,11.5,draft,
2024,10,7,4943,6.44,draft,
2024,10,7,6794,7.3,draft,
2024,10,7,7021,7.1,draft,
2024,10,7,7594,22.9,waiver,1139650567363674112
2024,10,7,BUF,21.0,waiver,1159858041869778944
2024,10,8,11563,16.1,draft,
2024,10,8,11632,7.8,trade,1140364062358941696
2024,10,8,4381,7.0,free_agent,1158841711431512064
2024,10,8,5849,28.74,draft,
2024,10,8,5967,8.3,trade,1139263727431385088
2024,10,8,8112,13.7,draft,
2024,10,8,8130,11.1,draft,
2024,10,8,9509,27.9,trade,1157141852051832832
2024,10,8,CHI,4.0,free_agent,1154878760605302784
2024,10,9,11628,13.9,trade,1155199270530785280
2024,10,9,1426,7.6,waiver,1152656646280364032
2024,10,9,3198,13.6,draft,
2024,10,9,4866,8.3,draft,
2024,10,9,4993,7.0,free_agent,1159987190605135872
2024,10,9,5870,12.2,trade,1155199270530785280
2024,10,9,8137,18.0,trade,1149378746479185920
2024,10,9,96,4.04,trade,1154491693983649792
2024,10,9,PHI,23.0,free_agent,1157445656408076288
2024,10,10,11564,11.76,draft,
2024,10,10,3163,7.8,draft,
2024,10,10,3321,10.2,draft,
2024,10,10,4035,13.4,draft,
2024,10,10,5844,15.2,draft,
2024,10,10,5872,10.1,draft,
2024,10,10,7525,2.4,draft,
2024,10,10,7611,8.2,draft,
2024,10,10,NO,10.0,free_agent,1155639853543964672
2024,10,11,4018,16.0,draft,
2024,10,11,5927,13.8,draft,
2024,10,11,7527,5.24,free_agent,1160333462683897856
2024,10,11,7547,15.0,draft,
2024,10,11,8132,5.9,free_agent,1136416260729737216
2024,10,11,9502,5.8,trade,1157139388451651584
2024,10,11,9756,3.9,draft,
2024,10,11,9758,9.78,draft,
2024,10,11,DET,8.0,waiver,1154419777306370048
2024,10,12,11560,6.3,trade,1160029255372333056
2024,10,12,11618,0.0,waiver,1154652003117711360
2024,10,12,4046,16.54,trade,1154491693983649792
2024,10,12,5045,16.0,trade,1151937087680159744
2024,10,12,6813,13.2,trade,1160029255372333056
2024,10,12,7528,11.3,trade,1151937087680159744
2024,10,12,8146,6.6,draft,
2024,10,12,8148,6.8,draft,
2024,10,12,NYG,5.0,waiver,1159754030596419584
2024,11,1,4033,19.1,free_agent,1150993511999713280
2024,11,1,5859,9.0,draft,
2024,11,1,6768,23.52,draft,
2024,11,1,6797,24.38,trade,1157139388451651584
2024,11,1,7526,4.7,draft,
2024,11,1,8138,17.2,draft,
2024,11,1,8155,27.6,trade,1157141852051832832
2024,11,1,9224,16.8,trade,1157077299762925568
2024,11,1,ATL,-2.0,waiver,1159689167094444032
2024,11,2,11566,13.44,draft,
2024,11,2,4981,7.8,trade,1157077299762925568
2024,11,2,5846,10.5,draft,
2024,11,2,6770,29.04,draft,
2024,11,2,7564,23.0,draft,
2024,11,2,8228,8.8,trade,1152797604314423296
2024,11,2,9226,18.5,draft,
2024,11,2,9493,21.8,trade,1140364062358941696
2024,11,2,MIN,11.0,waiver,1144259477370298368
2024,11,3,11635,15.3,draft,
2024,11,3,6904,18.74,draft,
2024,11,3,7090,3.7,waiver,1141811503927021568
2024,11,3,7569,7.4,draft,
2024,11,3,7588,16.7,draft,
2024,11,3,8110,2.1,trade,1139634888665497600
2024,11,3,8183,18.36,draft,
2024,11,3,9221,18.8,draft,
2024,11,3,LAC,3.0,waiver,1151939578165587968
2024,11,4,11638,0.0,waiver,1154692735857774592
2024,11,4,4068,0.0,free_agent,1159990164840628224
2024,11,4,4098,6.0,waiver,1147045117652676608
2024,11,4,4984,23.98,trade,1160029255372333056
2024,11,4,5892,23.0,draft,
2024,11,4,6786,14.6,draft,
2024,11,4,6806,18.4,trade,1141781269110616064
2024,11,4,8134,11.0,waiver,1152690602702741504
2024,11,4,CHI,4.0,trade,1161813875155673088
2024,11,5,2133,10.2,draft,
2024,11,5,4199,4.8,draft,
2024,11,5,4881,14.88,draft,
2024,11,5,5012,4.2,draft,
2024,11,5,6801,25.3,draft,
2024,11,5,6804,20.24,draft,
2024,11,5,8150,8.6,draft,
2024,11,5,9997,10.9,trade,1151937087680159744
2024,11,5,LAR,11.0,waiver,1162060258811011072
2024,11,6,10444,6.2,waiver,1154468434370068480
2024,11,6,2028,18.72,trade,1155199270530785280
2024,11,6,4034,12.6,draft,
2024,11,6,421,27.8,trade,1150846722114043904
2024,11,6,6790,15.4,draft,
2024,11,6,7049,20.1,waiver,1154468295161126912
2024,11,6,7553,1.9,draft,
2024,11,6,9488,16.8,draft,
2024,11,6,DEN,13.0,waiver,1146820775828164608
2024,11,7,1166,4.92,draft,
2024,11,7,1466,2.8,draft,
2024,11,7,4039,25.6,draft,
2024,11,7,4943,23.64,draft,
2024,11,7,4988,5.0,trade,1152320635445846016
2024,11,7,6794,11.1,draft,
2024,11,7,7021,4.4,draft,
2024,11,7,8121,2.2,waiver,1149402018939981824
2024,11,7,HOU,21.0,waiver,1162059950458503168
2024,11,8,11563,28.78,draft,
2024,11,8,5010,18.0,free_agent,1162819385787002880
2024,11,8,5967,3.9,trade,1139263727431385088
2024,11,8,6011,17.98,free_agent,1161471348993163264
2024,11,8,8112,7.6,draft,
2024,11,8,8154,13.7,trade,1146925422123331584
2024,11,8,9501,7.9,trade,1152797604314423296
2024,11,8,9509,8.3,trade,1157141852051832832
2024,11,8,GB,6.0,waiver,1162155973189083136
2024,11,9,1339,18.7,waiver,1162283122612908032
2024,11,9,1426,4.4,waiver,1152656646280364032
2024,11,9,3198,10.5,draft,
2024,11,9,4866,32.8,draft,
2024,11,9,6819,7.1,trade,1154491693983649792
2024,11,9,8137,12.9,trade,1149378746479185920
2024,11,9,9229,28.08,trade,1158629408073388032
2024,11,9,96,16.06,trade,1154491693983649792
2024,11,9,MIA,6.0,waiver,1162132128612712448
2024,11,10,11564,17.98,draft,
2024,11,10,3163,34.58,draft,
2024,11,10,4035,10.9,draft,
2024,11,10,5844,3.3,draft,
2024,11,10,5872,4.1,draft,
2024,11,10,7525,4.9,draft,
2024,11,10,7611,10.9,draft,
2024,11,10,9500,16.9,waiver,1141380511408111616
2024,11,10,NO,4.0,free_agent,1155639853543964672
2024,11,11,10222,8.8,draft,
2024,11,11,2306,26.6,trade,1157139388451651584
2024,11,11,4018,34.3,draft,
2024,11,11,5850,21.4,draft,
2024,11,11,5927,1.5,draft,
2024,11,11,7547,33.2,draft,
2024,11,11,9502,7.8,trade,1157139388451651584
2024,11,11,9758,10.88,draft,
2024,11,11,DET,10.0,waiver,1154419777306370048
2024,11,12,11604,31.3,draft,
2024,11,12,1373,15.74,draft,
2024,11,12,4046,15.84,trade,1154491693983649792
2024,11,12,5045,11.3,trade,1151937087680159744
2024,11,12,6813,6.5,trade,1160029255372333056
2024,11,12,8146,3.8,draft,
2024,11,12,8148,20.6,draft,
2024,11,12,8151,12.9,draft,
2024,11,12,CLE,3.0,free_agent,1162431570150539264
2024,12,1,11579,1.5,trade,1164931579274342400
2024,12,1,11624,7.1,trade,1154788448486723584
2024,12,1,2359,15.0,free_agent,1166498588940300288
2024,12,1,4033,3.9,free_agent,1150993511999713280
2024,12,1,5859,19.9,draft,
2024,12,1,6768,28.48,draft,
2024,12,1,6797,17.62,trade,1157139388451651584
2024,12,1,7526,24.4,draft,
2024,12,1,PHI,12.0,free_agent,1164930675200339968
2024,12,2,11566,30.4,draft,
2024,12,2,11655,7.0,trade,1157077299762925568
2024,12,2,1234,13.8,trade,1140364062358941696
2024,12,2,4981,11.8,trade,1157077299762925568
2024,12,2,6794,3.7,trade,1164679873621909504
2024,12,2,9226,19.1,draft,
2024,12,2,9484,10.6,free_agent,1166461345282387968
2024,12,2,9493,16.2,trade,1140364062358941696
2024,12,2,MIN,7.0,waiver,1144259477370298368
2024,12,3,11584,24.2,free_agent,1136767294073335808
2024,12,3,11635,11.3,draft,
2024,12,3,4098,10.2,trade,1164652138216370176
2024,12,3,4217,20.2,draft,
2024,12,3,6904,15.06,draft,
2024,12,3,7569,17.7,draft,
2024,12,3,8136,11.2,draft,
2024,12,3,9221,23.4,draft,
2024,12,3,LAC,0.0,waiver,1151939578165587968
2024,12,4,4892,18.66,draft,
2024,12,4,5892,14.8,draft,
2024,12,4,6786,11.8,draft,
2024,12,4,6806,7.4,trade,1141781269110616064
2024,12,4,7588,1.4,trade,1164652138216370176
2024,12,4,8111,4.0,free_agent,1147624956985974784
2024,12,4,9228,16.52,free_agent,1157818475780362240
2024,12,4,9754,0.0,trade,1164652138216370176
2024,12,4,CHI,5.0,trade,1161813875155673088
2024,12,5,3214,9.4,trade,1154788448486723584
2024,12,5,4199,18.4,draft,
2024,12,5,4881,22.58,draft,
2024,12,5,5012,15.6,draft,
2024,12,5,6783,11.5,waiver,1152069391656472576
2024,12,5,6804,14.72,draft,
2024,12,5,8150,11.2,draft,
2024,12,5,9997,8.7,trade,1151937087680159744
2024,12,5,LV,0.0,waiver,1164587205516529664
2024,12,6,10871,14.5,free_agent,1165796247077236736
2024,12,6,4034,6.3,draft,
2024,12,6,4137,7.4,trade,1146925422123331584
2024,12,6,421,19.22,trade,1150846722114043904
2024,12,6,4983,23.4,trade,1155199270530785280
2024,12,6,6790,8.0,draft,
2024,12,6,9488,16.7,draft,
2024,12,6,9999,16.12,trade,1165092753160757248
2024,12,6,DEN,11.0,waiver,1146820775828164608
2024,12,7,1466,12.2,draft,
2024,12,7,2216,9.3,trade,1164679873621909504
2024,12,7,4039,16.0,draft,
2024,12,7,4943,21.1,draft,
2024,12,7,4988,18.5,trade,1152320635445846016
2024,12,7,5846,7.9,trade,1164679873621909504
2024,12,7,7021,9.3,draft,
2024,12,7,7594,14.5,waiver,1139650567363674112
2024,12,7,HOU,18.0,waiver,1162059950458503168
2024,12,8,11563,19.42,draft,
2024,12,8,11632,9.4,trade,1140364062358941696
2024,12,8,5010,8.7,free_agent,1162819385787002880
2024,12,8,5849,10.3,draft,
2024,12,8,5967,20.4,trade,1139263727431385088
2024,12,8,8130,25.3,draft,
2024,12,8,8154,2.9,trade,1146925422123331584
2024,12,8,9501,8.8,trade,1152797604314423296
2024,12,8,WAS,5.0,waiver,1164693703286652928
2024,12,9,11628,6.2,trade,1155199270530785280
2024,12,9,1426,12.0,waiver,1152656646280364032
2024,12,9,3198,14.0,draft,
2024,12,9,3357,8.46,free_agent,1165800657408864256
2024,12,9,4866,44.2,draft,
2024,12,9,6819,12.6,trade,1154491693983649792
2024,12,9,8137,6.8,trade,1149378746479185920
2024,12,9,9229,12.98,trade,1158629408073388032
2024,12,9,KC,3.0,free_agent,1162414480769269760
2024,12,10,11564,13.48,draft,
2024,12,10,3163,10.76,draft,
2024,12,10,3321,7.3,draft,
2024,12,10,4663,3.4,draft,
2024,12,10,5022,5.9,draft,
2024,12,10,5872,2.6,draft,
2024,12,10,7611,3.3,draft,
2024,12,10,9500,4.2,waiver,1141380511408111616
2024,12,10,SF,-2.0,waiver,1164662368857645056
2024,12,11,10222,4.1,draft,
2024,12,11,2306,13.46,trade,1157139388451651584
2024,12,11,4018,7.0,draft,
2024,12,11,5850,28.6,draft,
2024,12,11,5927,18.7,draft,
2024,12,11,7547,9.2,draft,
2024,12,11,9502,8.7,trade,1157139388451651584
2024,12,11,9758,15.68,draft,
2024,12,11,DET,8.0,waiver,1154419777306370048
2024,12,12,11604,7.8,draft,
2024,12,12,1373,12.36,draft,
2024,12,12,4046,28.76,trade,1154491693983649792
2024,12,12,5045,25.7,trade,1151937087680159744
2024,12,12,6813,3.5,trade,1160029255372333056
2024,12,12,7528,6.4,trade,1151937087680159744
2024,12,12,8148,9.3,draft,
2024,12,12,8151,11.3,draft,
2024,12,12,PIT,10.0,trade,1154491693983649792
2024,13,1,4033,26.2,free_agent,1150993511999713280
2024,13,1,5859,9.1,draft,
2024,13,1,6768,25.2,draft,
2024,13,1,6797,7.98,trade,1157139388451651584
2024,13,1,7526,9.3,draft,
2024,13,1,8138,18.5,draft,
2024,13,1,8155,6.0,trade,1157141852051832832
2024,13,1,9224,17.5,trade,1157077299762925568
2024,13,1,NYG,1.0,free_agent,1165093934545096704
2024,13,2,11566,27.64,draft,
2024,13,2,11655,13.5,trade,1157077299762925568
2024,13,2,4981,5.5,trade,1157077299762925568
2024,13,2,6770,19.26,draft,
2024,13,2,6794,13.4,trade,1164679873621909504
2024,13,2,7564,17.6,draft,
2024,13,2,9226,17.0,draft,
2024,13,2,9493,14.8,trade,1140364062358941696
2024,13,2,MIN,6.0,waiver,1144259477370298368
2024,13,3,11584,26.0,free_agent,1136767294073335808
2024,13,3,11635,16.2,draft,
2024,13,3,4217,1.7,draft,
2024,13,3,6904,17.62,draft,
2024,13,3,7090,3.5,waiver,1141811503927021568
2024,13,3,7569,15.9,draft,
2024,13,3,8183,2.16,draft,
2024,13,3,9221,9.4,draft,
2024,13,3,LAC,20.0,waiver,1151939578165587968
2024,13,4,4892,10.2,draft,
2024,13,4,4984,28.42,trade,1160029255372333056
2024,13,4,5892,13.9,draft,
2024,13,4,5995,4.1,free_agent,1167889879964061696
2024,13,4,6786,4.9,draft,
2024,13,4,6826,5.6,waiver,1167382775532605440
2024,13,4,8111,6.0,free_agent,1147624956985974784
2024,13,4,8134,5.0,waiver,1152690602702741504
2024,13,4,DAL,19.0,free_agent,1167579015243223040
2024,13,5,2133,15.1,draft,
2024,13,5,4199,8.3,draft,
2024,13,5,4881,25.38,draft,
2024,13,5,6783,36.0,waiver,1152069391656472576
2024,13,5,6801,15.4,draft,
2024,13,5,6804,18.96,draft,
2024,13,5,8150,17.8,draft,
2024,13,5,9997,8.6,trade,1151937087680159744
2024,13,5,SEA,16.0,waiver,1167127645965070336
2024,13,6,4034,7.7,draft,
2024,13,6,4137,9.6,trade,1146925422123331584
2024,13,6,421,15.62,trade,1150846722114043904
2024,13,6,4983,19.7,trade,1155199270530785280
2024,13,6,6790,8.4,draft,
2024,13,6,7049,7.1,waiver,1154468295161126912
2024,13,6,9488,9.9,draft,
2024,13,6,9999,16.18,trade,1165092753160757248
2024,13,6,DEN,20.0,waiver,1146820775828164608
2024,13,7,1166,2.1,draft,
2024,13,7,1466,13.8,draft,
2024,13,7,2216,21.8,trade,1164679873621909504
2024,13,7,4039,3.2,draft,
2024,13,7,4943,19.6,draft,
2024,13,7,5846,8.6,trade,1164679873621909504
2024,13,7,7021,19.8,draft,
2024,13,7,7594,2.3,waiver,1139650567363674112
2024,13,7,HOU,3.0,waiver,1162059950458503168
2024,13,8,11563,12.16,draft,
2024,13,8,11632,11.3,trade,1140364062358941696
2024,13,8,5849,15.2,draft,
2024,13,8,5967,6.8,trade,1139263727431385088
2024,13,8,8112,12.8,draft,
2024,13,8,8130,21.6,draft,
2024,13,8,8154,17.4,trade,1146925422123331584
2024,13,8,9509,22.5,trade,1157141852051832832
2024,13,8,WAS,8.0,waiver,1164693703286652928
2024,13,9,10859,15.6,trade,1152320635445846016
2024,13,9,11628,14.5,trade,1155199270530785280
2024,13,9,3198,12.6,draft,
2024,13,9,4866,18.7,draft,
2024,13,9,6819,6.7,trade,1154491693983649792
2024,13,9,8137,14.9,trade,1149378746479185920
2024,13,9,9229,21.16,trade,1158629408073388032
2024,13,9,96,14.0,trade,1154491693983649792
2024,13,9,KC,7.0,free_agent,1162414480769269760
2024,13,10,11564,19.42,draft,
2024,13,10,3163,16.94,draft,
2024,13,10,3321,17.3,draft,
2024,13,10,4035,13.9,draft,
2024,13,10,5022,12.5,draft,
2024,13,10,5844,5.8,draft,
2024,13,10,5872,2.0,draft,
2024,13,10,7611,10.9,draft,
2024,13,10,SF,-4.0,waiver,1164662368857645056
2024,13,11,2306,32.98,trade,1157139388451651584
2024,13,11,4018,19.9,draft,
2024,13,11,5850,19.7,draft,
2024,13,11,5927,23.3,draft,
2024,13,11,7547,9.8,draft,
2024,13,11,9502,2.8,trade,1157139388451651584
2024,13,11,9756,7.4,draft,
2024,13,11,9758,14.38,draft,
2024,13,11,DET,6.0,waiver,1154419777306370048
2024,13,12,11604,30.2,draft,
2024,13,12,1373,12.44,draft,
2024,13,12,4046,16.64,trade,1154491693983649792
2024,13,12,5045,13.2,trade,1151937087680159744
2024,13,12,6813,16.8,trade,1160029255372333056
2024,13,12,7528,21.9,trade,1151937087680159744
2024,13,12,8146,6.6,draft,
2024,13,12,8151,5.6,draft,
2024,13,12,IND,8.0,free_agent,1167521227829792768
2024,14,1,11631,12.6,draft,
2024,14,1,4033,17.2,free_agent,1150993511999713280
2024,14,1,5859,6.3,draft,
2024,14,1,6768,23.54,draft,
2024,14,1,6797,13.72,trade,1157139388451651584
2024,14,1,7526,16.4,draft,
2024,14,1,8138,3.9,draft,
2024,14,1,9224,21.3,trade,1157077299762925568
2024,14,1,PHI,4.0,free_agent,1164930675200339968
2024,14,2,11655,16.8,trade,1157077299762925568
2024,14,2,1234,16.02,trade,1140364062358941696
2024,14,2,4981,9.4,trade,1157077299762925568
2024,14,2,6770,24.56,draft,
2024,14,2,6794,28.7,trade,1164679873621909504
2024,14,2,7564,38.1,draft,
2024,14,2,9226,15.9,draft,
2024,14,2,9493,35.8,trade,1140364062358941696
2024,14,2,TB,10.0,free_agent,1162444101552291840
2024,14,3,11584,2.3,free_agent,1136767294073335808
2024,14,3,1479,4.5,draft,
2024,14,3,4217,21.1,draft,
2024,14,3,6904,24.22,draft,
2024,14,3,7090,17.2,waiver,1141811503927021568
2024,14,3,8110,6.2,trade,1139634888665497600
2024,14,3,8183,22.1,draft,
2024,14,3,9221,16.3,draft,
2024,14,3,LAC,4.0,waiver,1151939578165587968
2024,14,4,11583,-0.3,trade,1139263727431385088
2024,14,4,4892,19.0,draft,
2024,14,4,4984,51.88,trade,1160029255372333056
2024,14,4,5892,16.9,draft,
2024,14,4,6786,18.4,draft,
2024,14,4,7496,2.4,waiver,1167382017823150080
2024,14,4,8111,10.0,free_agent,1147624956985974784
2024,14,4,8134,19.1,waiver,1152690602702741504
2024,14,4,ARI,-1.0,waiver,1169908257843109888
2024,14,5,11626,4.9,free_agent,1155651020702203904
2024,14,5,2133,21.4,draft,
2024,14,5,4199,15.4,draft,
2024,14,5,4574,13.82,waiver,1159545673918894080
2024,14,5,6783,14.9,waiver,1152069391656472576
2024,14,5,6801,3.3,draft,
2024,14,5,6804,14.54,draft,
2024,14,5,8150,22.7,draft,
2024,14,5,MIA,3.0,waiver,1169665988321853440
2024,14,6,11576,10.1,trade,1157363028825022464
2024,14,6,2028,11.96,trade,1155199270530785280
2024,14,6,4137,20.2,trade,1146925422123331584
2024,14,6,4983,7.9,trade,1155199270530785280
2024,14,6,6790,4.5,draft,
2024,14,6,7049,24.5,waiver,1154468295161126912
2024,14,6,9488,17.1,draft,
2024,14,6,9999,7.02,trade,1165092753160757248
2024,14,6,TEN,9.0,waiver,1169654988059168768
2024,14,7,11651,25.8,waiver,1169666550228602880
2024,14,7,1166,9.76,draft,
2024,14,7,1466,9.5,draft,
2024,14,7,2216,8.9,trade,1164679873621909504
2024,14,7,4039,17.7,draft,
2024,14,7,4943,34.58,draft,
2024,14,7,5846,6.9,trade,1164679873621909504
2024,14,7,7021,14.6,draft,
2024,14,7,NO,10.0,waiver,1167140694537093120
2024,14,8,10866,6.76,waiver,1167206756578226176
2024,14,8,11632,12.4,trade,1140364062358941696
2024,14,8,5849,17.96,draft,
2024,14,8,5967,13.4,trade,1139263727431385088
2024,14,8,8112,9.5,draft,
2024,14,8,8130,14.0,draft,
2024,14,8,9484,13.1,waiver,1169879336506347520
2024,14,8,9509,19.1,trade,1157141852051832832
2024,14,8,BUF,-4.0,free_agent,1163259555367727104
2024,14,9,10859,10.4,trade,1152320635445846016
2024,14,9,11628,6.9,trade,1155199270530785280
2024,14,9,1426,11.2,waiver,1152656646280364032
2024,14,9,4866,14.4,draft,
2024,14,9,6130,0.8,free_agent,1171362800082472960
2024,14,9,7600,13.8,free_agent,1171525112563240960
2024,14,9,9486,6.9,waiver,1170143872455245824
2024,14,9,96,17.56,trade,1154491693983649792
2024,14,9,KC,4.0,free_agent,1162414480769269760
2024,14,10,3163,22.02,draft,
2024,14,10,3321,23.1,draft,
2024,14,10,4035,10.4,draft,
2024,14,10,5844,8.5,draft,
2024,14,10,5854,14.98,waiver,1170169724110516224
2024,14,10,5872,4.5,draft,
2024,14,10,7525,11.7,draft,
2024,14,10,9753,34.8,free_agent,1134685125188374528
2024,14,10,SF,13.0,waiver,1164662368857645056
2024,14,11,10222,0.0,draft,
2024,14,11,2306,15.28,trade,1157139388451651584
2024,14,11,5086,7.1,free_agent,1167619414951317504
2024,14,11,5850,24.6,draft,
2024,14,11,7527,5.1,waiver,1169731984990670848
2024,14,11,7547,7.8,draft,
2024,14,11,9508,2.8,draft,
2024,14,11,9756,35.3,draft,
2024,14,11,SEA,8.0,waiver,1170084171344379904
2024,14,12,11604,8.2,draft,
2024,14,12,1373,13.32,draft,
2024,14,12,4046,14.1,trade,1154491693983649792
2024,14,12,4144,13.4,waiver,1164786716994117632
2024,14,12,5947,10.2,draft,
2024,14,12,7528,11.3,trade,1151937087680159744
2024,14,12,8132,12.3,free_agent,1171272170471804928
2024,14,12,8146,14.9,draft,
2024,14,12,PIT,9.0,trade,1154491693983649792
2025,1,1,1373,17.48,trade,1266251139876134912
2025,1,1,4983,7.1,draft,
2025,1,1,4984,38.76,draft,
2025,1,1,5859,1.3,draft,
2025,1,1,8130,12.1,draft,
2025,1,1,8137,4.5,draft,
2025,1,1,8138,18.7,draft,
2025,1,1,8151,3.9,draft,
2025,1,1,WAS,10.0,draft,
2025,1,2,11564,15.28,draft,
2025,1,2,11604,15.3,draft,
2025,1,2,3294,7.82,draft,
2025,1,2,4663,7.2,draft,
2025,1,2,6786,14.5,draft,
2025,1,2,8112,9.5,trade,1266487184618176512
2025,1,2,8144,8.9,trade,1266251139876134912
2025,1,2,8228,12.9,trade,1266251139876134912
2025,1,2,NE,7.0,draft,
2025,1,3,11635,10.4,draft,
2025,1,3,11655,4.5,draft,
2025,1,3,2133,7.1,draft,
2025,1,3,4199,14.2,draft,
2025,1,3,4881,29.36,draft,
2025,1,3,4892,22.58,draft,
2025,1,3,5045,15.1,draft,
2025,1,3,5927,3.7,draft,
2025,1,3,LAC,2.0,draft,
2025,1,4,11559,24.02,draft,
2025,1,4,12514,21.6,draft,
2025,1,4,3198,28.7,draft,
2025,1,4,4137,12.4,draft,
2025,1,4,4217,12.5,draft,
2025,1,4,5850,13.5,draft,
2025,1,4,7523,10.32,draft,
2025,1,4,7564,3.6,draft,
2025,1,4,PIT,3.0,draft,
2025,1,5,11560,24.2,draft,
2025,1,5,11632,9.6,draft,
2025,1,5,11638,12.8,draft,
2025,1,5,12507,7.1,draft,
2025,1,5,3163,10.9,draft,
2025,1,5,5844,4.5,draft,
2025,1,5,6794,12.8,draft,
2025,1,5,9224,12.1,draft,
2025,1,5,MIN,6.0,draft,
2025,1,6,11628,15.6,draft,
2025,1,6,12518,14.9,draft,
2025,1,6,12527,11.0,draft,
2025,1,6,6797,27.92,draft,
2025,1,6,6804,15.92,draft,
2025,1,6,7049,2.6,draft,
2025,1,6,9221,10.0,draft,
2025,1,6,9488,14.9,draft,
2025,1,6,DEN,15.0,draft,
2025,1,7,11563,6.84,draft,
2025,1,7,3321,6.0,draft,
2025,1,7,4034,18.7,draft,
2025,1,7,4866,16.4,draft,
2025,1,7,4981,4.7,draft,
2025,1,7,5846,10.3,draft,
2025,1,7,6790,8.0,draft,
2025,1,7,7591,29.52,draft,
2025,1,7,ARI,6.0,draft,
2025,1,8,11566,20.12,draft,
2025,1,8,11584,12.5,draft,
2025,1,8,12526,9.3,draft,
2025,1,8,12529,8.1,draft,
2025,1,8,5967,7.4,trade,1266487184618176512
2025,1,8,6801,4.8,trade,1266487184618176512
2025,1,8,7526,5.0,draft,
2025,1,8,9228,8.16,draft,
2025,1,8,LAR,11.0,free_agent,1266885993403789312
2025,1,9,10859,13.9,draft,
2025,1,9,11620,12.7,draft,
2025,1,9,12489,7.4,draft,
2025,1,9,12530,6.3,draft,
2025,1,9,6813,11.3,draft,
2025,1,9,6904,24.28,draft,
2025,1,9,8183,16.78,draft,
2025,1,9,9493,18.1,draft,
2025,1,9,SF,9.0,free_agent,1268995373821595648
2025,1,10,11565,22.22,draft,
2025,1,10,11631,8.5,draft,
2025,1,10,1234,11.12,draft,
2025,1,10,2216,7.6,draft,
2025,1,10,4033,6.7,draft,
2025,1,10,7594,16.4,draft,
2025,1,10,8150,13.4,draft,
2025,1,10,9509,21.4,draft,
2025,1,10,PHI,4.0,draft,
2025,1,11,4035,12.7,draft,
2025,1,11,4046,26.02,draft,
2025,1,11,6770,8.82,draft,
2025,1,11,6783,9.1,draft,
2025,1,11,7525,3.1,draft,
2025,1,11,8146,19.0,draft,
2025,1,11,9226,15.0,draft,
2025,1,11,9997,24.6,draft,
2025,1,11,CIN,8.0,free_agent,1266234892753051648
2025,1,12,11624,0.0,draft,
2025,1,12,5849,18.32,draft,
2025,1,12,5892,6.3,draft,
2025,1,12,7547,6.5,draft,
2025,1,12,7569,4.0,draft,
2025,1,12,8155,15.5,draft,
2025,1,12,8205,3.8,draft,
2025,1,12,9758,8.72,draft,
2025,1,12,BUF,0.0,draft,
2025,2,1,1373,3.2,trade,1266251139876134912
2025,2,1,4984,11.82,draft,
2025,2,1,5859,5.2,draft,
2025,2,1,5947,9.8,draft,
2025,2,1,8130,13.8,draft,
2025,2,1,8137,15.3,draft,
2025,2,1,8138,26.0,draft,
2025,2,1,8151,18.3,draft,
2025,2,1,DAL,2.0,waiver,1271094471609569280
2025,2,2,11564,26.3,draft,
2025,2,2,11604,8.8,draft,
2025,2,2,2449,5.2,draft,
2025,2,2,3294,22.14,draft,
2025,2,2,4663,3.4,draft,
2025,2,2,6786,15.7,draft,
2025,2,2,8112,4.4,trade,1266487184618176512
2025,2,2,8228,15.4,trade,1266251139876134912
2025,2,2,NE,15.0,draft,
2025,2,3,11635,7.3,draft,
2025,2,3,11655,7.1,draft,
2025,2,3,2133,19.6,draft,
2025,2,3,4199,2.3,draft,
2025,2,3,4881,26.3,draft,
2025,2,3,4892,19.9,draft,
2025,2,3,5045,1.1,draft,
2025,2,3,5927,7.3,draft,
2025,2,3,LAC,15.0,draft,
2025,2,4,11559,5.3,draft,
2025,2,4,12514,10.9,draft,
2025,2,4,3198,2.3,draft,
2025,2,4,4137,11.7,draft,
2025,2,4,5850,14.4,draft,
2025,2,4,7523,19.24,draft,
2025,2,4,7564,29.5,draft,
2025,2,4,9480,4.7,free_agent,1271476994453819392
2025,2,4,PIT,6.0,draft,
2025,2,5,11560,16.98,draft,
2025,2,5,11632,33.2,draft,
2025,2,5,11638,7.2,draft,
2025,2,5,12507,3.0,draft,
2025,2,5,1479,14.6,draft,
2025,2,5,3163,33.96,draft,
2025,2,5,6794,9.6,draft,
2025,2,5,9224,7.5,draft,
2025,2,5,MIN,5.0,draft,
2025,2,6,11628,3.7,draft,
2025,2,6,12518,11.9,draft,
2025,2,6,12527,5.9,draft,
2025,2,6,6797,18.78,draft,
2025,2,6,6804,20.88,draft,
2025,2,6,7002,15.9,waiver,1271174704543068160
2025,2,6,9221,17.9,draft,
2025,2,6,9488,14.3,draft,
2025,2,6,DEN,2.0,draft,
2025,2,7,11563,20.24,draft,
2025,2,7,3321,13.9,draft,
2025,2,7,4034,19.7,draft,
2025,2,7,4866,16.4,draft,
2025,2,7,5846,9.5,draft,
2025,2,7,5872,13.9,draft,
2025,2,7,6790,12.4,draft,
2025,2,7,7591,3.98,draft,
2025,2,7,ARI,14.0,draft,
2025,2,8,11566,19.7,draft,
2025,2,8,11584,15.1,draft,
2025,2,8,12526,13.0,draft,
2025,2,8,12529,5.0,draft,
2025,2,8,5870,22.84,draft,
2025,2,8,5967,9.2,trade,1266487184618176512
2025,2,8,6801,13.1,trade,1266487184618176512
2025,2,8,8148,17.8,trade,1266487184618176512
2025,2,8,LAR,8.0,free_agent,1266885993403789312
2025,2,9,10859,5.6,draft,
2025,2,9,11620,28.3,draft,
2025,2,9,12530,3.7,draft,
2025,2,9,12533,1.7,draft,
2025,2,9,6813,28.5,draft,
2025,2,9,6904,11.54,draft,
2025,2,9,7527,21.76,waiver,1271129496220598272
2025,2,9,9493,23.6,draft,
2025,2,9,SF,6.0,free_agent,1268995373821595648
2025,2,10,11565,2.82,draft,
2025,2,10,11631,6.9,draft,
2025,2,10,1234,30.3,draft,
2025,2,10,1466,10.1,draft,
2025,2,10,2216,8.1,draft,
2025,2,10,7594,16.2,draft,
2025,2,10,8150,9.0,draft,
2025,2,10,9509,18.3,draft,
2025,2,10,PHI,6.0,draft,
2025,2,11,4035,13.0,draft,
2025,2,11,4046,22.08,draft,
2025,2,11,6770,7.04,draft,
2025,2,11,7525,7.3,draft,
2025,2,11,7543,15.9,draft,
2025,2,11,8146,7.0,draft,
2025,2,11,9226,22.2,draft,
2025,2,11,9997,11.4,draft,
2025,2,11,BAL,16.0,free_agent,1271999957804515328
2025,2,12,5848,5.5,waiver,1271229189751599104
2025,2,12,5849,14.0,draft,
2025,2,12,5892,12.6,draft,
2025,2,12,7090,3.0,draft,
2025,2,12,7547,34.7,draft,
2025,2,12,7569,12.7,draft,
2025,2,12,8155,4.8,draft,
2025,2,12,9758,14.98,draft,
2025,2,12,BUF,10.0,draft,
2025,3,1,1373,26.06,trade,1266251139876134912
2025,3,1,4983,10.8,draft,
2025,3,1,4984,23.02,draft,
2025,3,1,5859,19.9,draft,
2025,3,1,8130,15.3,draft,
2025,3,1,8137,15.3,draft,
2025,3,1,8138,19.3,draft,
2025,3,1,8151,17.5,draft,
2025,3,1,IND,16.0,free_agent,1274016197368631296
2025,3,2,10236,17.6,draft,
2025,3,2,11564,19.22,draft,
2025,3,2,11604,9.8,draft,
2025,3,2,3294,12.04,draft,
2025,3,2,4098,10.9,waiver,1274508766913531904
2025,3,2,6786,0.0,draft,
2025,3,2,8112,8.0,trade,1266487184618176512
2025,3,2,8228,10.6,trade,1266251139876134912
2025,3,2,WAS,12.0,free_agent,1274072564636860416
2025,3,3,11635,6.1,draft,
2025,3,3,11655,4.6,draft,
2025,3,3,2133,13.1,draft,
2025,3,3,4881,27.02,draft,
2025,3,3,5045,20.8,draft,
2025,3,3,5850,9.9,trade,1275142927428902912
2025,3,3,6797,14.6,trade,1275142927428902912
2025,3,3,8110,21.2,waiver,1273789364102496256
2025,3,3,GB,9.0,free_agent,1271997601108987904
2025,3,4,12481,21.1,trade,1275142927428902912
2025,3,4,12514,11.5,draft,
2025,3,4,2307,20.28,free_agent,1274848113198104576
2025,3,4,3198,10.2,draft,
2025,3,4,4892,17.72,trade,1275142927428902912
2025,3,4,5927,8.9,trade,1275142927428902912
2025,3,4,7564,6.4,draft,
2025,3,4,7588,9.7,draft,
2025,3,4,PIT,17.0,draft,
2025,3,5,11560,29.12,draft,
2025,3,5,11632,2.3,draft,
2025,3,5,11638,15.7,draft,
2025,3,5,12507,21.9,draft,
2025,3,5,1479,16.0,draft,
2025,3,5,3163,12.68,draft,
2025,3,5,6794,10.0,draft,
2025,3,5,9224,4.0,draft,
2025,3,5,MIN,30.0,draft,
2025,3,6,11628,5.9,draft,
2025,3,6,12518,6.8,draft,
2025,3,6,12527,6.3,draft,
2025,3,6,6804,11.12,draft,
2025,3,6,7002,11.1,waiver,1271174704543068160
2025,3,6,7523,7.78,trade,1274086758883020800
2025,3,6,9221,24.4,draft,
2025,3,6,9488,18.1,draft,
2025,3,6,DEN,9.0,draft,
2025,3,7,11563,13.42,draft,
2025,3,7,3321,13.4,draft,
2025,3,7,4034,19.0,draft,
2025,3,7,4866,7.5,draft,
2025,3,7,5846,10.7,draft,
2025,3,7,5872,3.9,draft,
2025,3,7,6768,12.84,draft,
2025,3,7,6790,9.3,draft,
2025,3,7,ATL,2.0,waiver,1273658750799974400
2025,3,8,11584,11.9,draft,
2025,3,8,12512,16.0,draft,
2025,3,8,12526,6.3,draft,
2025,3,8,5870,15.82,draft,
2025,3,8,6801,2.0,trade,1266487184618176512
2025,3,8,8408,23.6,draft,
2025,3,8,9228,11.64,draft,
2025,3,8,9484,5.9,draft,
2025,3,8,SEA,18.0,waiver,1273769599095025664
2025,3,9,10859,7.3,draft,
2025,3,9,11620,13.7,draft,
2025,3,9,4137,5.2,trade,1274066570787688448
2025,3,9,6111,5.9,waiver,1273311376848224256
2025,3,9,6806,14.8,trade,1274069019334303744
2025,3,9,6813,31.3,draft,
2025,3,9,6904,29.04,draft,
2025,3,9,9493,17.3,draft,
2025,3,9,KC,15.0,free_agent,1274063082817064960
2025,3,10,11631,6.5,draft,
2025,3,10,1234,5.1,draft,
2025,3,10,1466,6.6,draft,
2025,3,10,2216,11.3,draft,
2025,3,10,421,13.84,draft,
2025,3,10,7594,8.6,draft,
2025,3,10,8150,18.2,draft,
2025,3,10,9509,13.6,draft,
2025,3,10,PHI,14.0,draft,
2025,3,11,4035,6.1,draft,
2025,3,11,4046,13.16,draft,
2025,3,11,7525,16.0,draft,
2025,3,11,7543,11.6,draft,
2025,3,11,8146,19.4,draft,
2025,3,11,9226,12.6,draft,
2025,3,11,96,11.66,draft,
2025,3,11,9997,2.3,draft,
2025,3,11,TB,16.0,free_agent,1274383786167005184
2025,3,12,5848,6.2,waiver,1271229189751599104
2025,3,12,5849,14.06,draft,
2025,3,12,5892,28.9,draft,
2025,3,12,7547,17.2,draft,
2025,3,12,7569,18.4,draft,
2025,3,12,8126,3.1,draft,
2025,3,12,8155,7.2,draft,
2025,3,12,9758,10.36,draft,
2025,3,12,BUF,2.0,draft,
2025,4,1,1373,9.78,trade,1266251139876134912
2025,4,1,4984,24.86,draft,
2025,4,1,5859,1.7,draft,
2025,4,1,5947,5.0,draft,
2025,4,1,8130,12.2,draft,
2025,4,1,8137,29.4,draft,
2025,4,1,8138,21.0,draft,
2025,4,1,8151,11.5,draft,
2025,4,1,HOU,15.0,waiver,1276373260971298816
2025,4,2,10219,5.9,free_agent,1276598785308372992
2025,4,2,10236,9.8,draft,
2025,4,2,11564,23.22,draft,
2025,4,2,11604,9.6,draft,
2025,4,2,3294,30.96,draft,
2025,4,2,4098,5.2,waiver,1274508766913531904
2025,4,2,8112,21.0,trade,1266487184618176512
2025,4,2,8144,7.5,trade,1266251139876134912
2025,4,2,WAS,3.0,free_agent,1274072564636860416
2025,4,3,11635,1.6,draft,
2025,4,3,2133,13.6,draft,
2025,4,3,4881,10.68,draft,
2025,4,3,5045,16.6,draft,
2025,4,3,5850,29.7,trade,1275142927428902912
2025,4,3,6797,12.52,trade,1275142927428902912
2025,4,3,7021,3.5,free_agent,1277690834656989184
2025,4,3,8110,17.0,waiver,1273789364102496256
2025,4,3,LAC,7.0,draft,
2025,4,4,11559,18.72,draft,
2025,4,4,12481,12.0,trade,1275142927428902912
2025,4,4,12514,18.1,draft,
2025,4,4,3198,6.8,draft,
2025,4,4,4892,18.86,trade,1275142927428902912
2025,4,4,7564,4.8,draft,
2025,4,4,7588,17.5,draft,
2025,4,4,9480,10.5,free_agent,1276628752440258560
2025,4,4,PIT,11.0,draft,
2025,4,5,11560,11.78,draft,
2025,4,5,11632,3.0,draft,
2025,4,5,11638,6.6,draft,
2025,4,5,12507,25.0,draft,
2025,4,5,1479,6.2,draft,
2025,4,5,3163,12.72,draft,
2025,4,5,6794,17.6,draft,
2025,4,5,9224,8.6,draft,
2025,4,5,MIN,5.0,draft,
2025,4,6,11589,7.9,draft,
2025,4,6,12518,18.3,draft,
2025,4,6,12527,32.5,draft,
2025,4,6,6804,26.28,draft,
2025,4,6,7523,11.66,trade,1274086758883020800
2025,4,6,7526,6.3,trade,1276231641722810368
2025,4,6,9221,16.7,draft,
2025,4,6,9488,11.0,draft,
2025,4,6,DEN,10.0,draft,
2025,4,7,11563,25.74,draft,
2025,4,7,3321,9.7,draft,
2025,4,7,4034,23.1,draft,
2025,4,7,4866,15.4,draft,
2025,4,7,5846,21.1,draft,
2025,4,7,5872,17.1,draft,
2025,4,7,5967,9.1,trade,1274069019334303744
2025,4,7,7591,27.14,draft,
2025,4,7,DET,19.0,waiver,1276200996967571456
2025,4,8,11584,23.0,draft,
2025,4,8,12512,19.5,draft,
2025,4,8,12526,8.2,draft,
2025,4,8,5870,10.38,draft,
2025,4,8,6801,4.7,trade,1266487184618176512
2025,4,8,8408,8.7,draft,
2025,4,8,9228,10.3,draft,
2025,4,8,9484,10.6,draft,
2025,4,8,SEA,11.0,waiver,1273769599095025664
2025,4,9,10859,6.9,draft,
2025,4,9,11620,14.9,draft,
2025,4,9,11628,15.6,trade,1276231641722810368
2025,4,9,6806,11.0,trade,1274069019334303744
2025,4,9,6813,12.1,draft,
2025,4,9,6904,19.4,draft,
2025,4,9,8183,17.66,draft,
2025,4,9,9493,29.5,draft,
2025,4,9,NE,13.0,waiver,1276599223462158336
2025,4,10,11631,8.1,draft,
2025,4,10,12499,5.4,free_agent,1269349365546229760
2025,4,10,1466,9.8,draft,
2025,4,10,421,27.4,draft,
2025,4,10,7594,8.4,draft,
2025,4,10,8150,8.9,draft,
2025,4,10,9509,26.1,draft,
2025,4,10,9754,19.8,waiver,1271338941127090177
2025,4,10,PHI,16.0,draft,
2025,4,11,3161,21.2,waiver,1273713854706122752
2025,4,11,4035,9.2,draft,
2025,4,11,4046,27.3,draft,
2025,4,11,7525,3.9,draft,
2025,4,11,7543,19.0,draft,
2025,4,11,8146,17.2,draft,
2025,4,11,9226,16.6,draft,
2025,4,11,9997,10.9,draft,
2025,4,11,SF,0.0,free_agent,1276567232545038336
2025,4,12,4943,16.08,draft,
2025,4,12,5849,16.1,draft,
2025,4,12,5892,1.2,draft,
2025,4,12,7090,2.0,draft,
2025,4,12,7547,22.5,draft,
2025,4,12,7569,9.9,draft,
2025,4,12,8126,2.9,draft,
2025,4,12,8155,13.6,draft,
2025,4,12,BUF,8.0,draft,
2025,5,1,12474,2.4,trade,1279611453338288128
2025,5,1,1373,5.92,trade,1266251139876134912
2025,5,1,4984,19.42,draft,
2025,5,1,5859,6.8,draft,
2025,5,1,5947,5.2,draft,
2025,5,1,8130,9.1,draft,
2025,5,1,8137,12.7,draft,
2025,5,1,8151,9.1,draft,
2025,5,1,ARI,7.0,waiver,1278959537944031232
2025,5,2,10236,16.8,draft,
2025,5,2,11564,12.12,draft,
2025,5,2,2449,19.6,draft,
2025,5,2,3198,9.3,trade,1278760200395833344
2025,5,2,3294,28.28,draft,
2025,5,2,4098,18.2,waiver,1274508766913531904
2025,5,2,4381,0.66,free_agent,1279891318520156160
2025,5,2,8144,9.4,trade,1266251139876134912
2025,5,2,IND,18.0,free_agent,1279079304432467968
2025,5,3,11299,-0.2,waiver,1278850163024093184
2025,5,3,11635,12.4,draft,
2025,5,3,2133,11.3,draft,
2025,5,3,4574,1.16,waiver,1278850037106900992
2025,5,3,5045,13.9,draft,
2025,5,3,5995,1.7,waiver,1278782089432428544
2025,5,3,6797,14.64,trade,1275142927428902912
2025,5,3,8110,23.9,waiver,1273789364102496256
2025,5,3,LAC,3.0,draft,
2025,5,4,12481,11.4,trade,1275142927428902912
2025,5,4,12514,27.8,draft,
2025,5,4,12522,8.0,trade,1274086758883020800
2025,5,4,4892,26.66,trade,1275142927428902912
2025,5,4,7564,26.0,draft,
2025,5,4,7588,26.4,draft,
2025,5,4,8138,4.9,trade,1279611453338288128
2025,5,4,9480,3.2,free_agent,1276628752440258560
2025,5,4,CLE,7.0,waiver,1278775731568001024
2025,5,5,10213,9.1,waiver,1276238427649507328
2025,5,5,12507,10.0,draft,
2025,5,5,12508,15.58,draft,
2025,5,5,1479,8.3,draft,
2025,5,5,3163,20.12,draft,
2025,5,5,6794,15.8,draft,
2025,5,5,6819,12.4,draft,
2025,5,5,9224,8.3,draft,
2025,5,5,MIN,3.0,draft,
2025,5,6,12518,14.4,draft,
2025,5,6,12527,13.4,draft,
2025,5,6,6111,19.14,trade,1276231641722810368
2025,5,6,7002,3.7,waiver,1271174704543068160
2025,5,6,7523,26.24,trade,1274086758883020800
2025,5,6,7526,20.0,trade,1276231641722810368
2025,5,6,9221,15.7,draft,
2025,5,6,9488,23.2,draft,
2025,5,6,DEN,7.0,draft,
2025,5,7,11563,17.88,draft,
2025,5,7,11627,7.0,trade,1274069019334303744
2025,5,7,4034,23.9,draft,
2025,5,7,4866,16.3,draft,
2025,5,7,5022,10.9,waiver,1278736546018648064
2025,5,7,5872,19.6,draft,
2025,5,7,5967,13.3,trade,1274069019334303744
2025,5,7,7591,25.92,draft,
2025,5,7,DET,10.0,waiver,1276200996967571456
2025,5,8,11566,17.14,draft,
2025,5,8,12512,13.3,draft,
2025,5,8,12526,10.3,draft,
2025,5,8,12529,3.7,draft,
2025,5,8,5870,16.68,draft,
2025,5,8,6801,9.7,trade,1266487184618176512
2025,5,8,8408,11.1,draft,
2025,5,8,8676,19.4,waiver,1274073876757753856
2025,5,8,SEA,-3.0,waiver,1273769599095025664
2025,5,9,10859,20.2,draft,
2025,5,9,11628,11.8,trade,1276231641722810368
2025,5,9,6806,14.9,trade,1274069019334303744
2025,5,9,6813,30.1,draft,
2025,5,9,6904,19.5,draft,
2025,5,9,7021,30.9,free_agent,1279563190153261056
2025,5,9,7527,22.18,free_agent,1279158008676384768
2025,5,9,9493,19.5,draft,
2025,5,9,HOU,11.0,free_agent,1279814538148986880
2025,5,10,11571,4.8,free_agent,1279881892870500352
2025,5,10,11631,10.0,draft,
2025,5,10,12499,2.8,free_agent,1269349365546229760
2025,5,10,1339,0.0,waiver,1273365168243359744
2025,5,10,1466,19.1,draft,
2025,5,10,421,25.56,draft,
2025,5,10,8150,27.1,draft,
2025,5,10,9754,4.9,waiver,1271338941127090177
2025,5,10,PHI,2.0,draft,
2025,5,11,3161,14.74,waiver,1273713854706122752
2025,5,11,4046,26.72,draft,
2025,5,11,7525,15.4,draft,
2025,5,11,7543,7.3,draft,
2025,5,11,8136,21.1,draft,
2025,5,11,8146,16.1,draft,
2025,5,11,9226,13.6,draft,
2025,5,11,9997,9.7,draft,
2025,5,11,SF,8.0,free_agent,1276567232545038336
2025,5,12,11624,8.1,draft,
2025,5,12,4943,27.64,draft,
2025,5,12,5849,15.3,draft,
2025,5,12,5892,17.72,draft,
2025,5,12,7547,14.0,draft,
2025,5,12,7569,14.0,draft,
2025,5,12,8126,5.7,draft,
2025,5,12,8155,15.5,draft,
2025,5,12,NYG,1.0,free_agent,1279013024157437952
2025,6,1,1373,8.66,trade,1266251139876134912
2025,6,1,4984,15.4,draft,
2025,6,1,5859,11.0,draft,
2025,6,1,8112,26.8,trade,1279611453338288128
2025,6,1,8130,21.2,draft,
2025,6,1,8137,27.3,draft,
2025,6,1,8151,4.2,draft,
2025,6,1,9753,4.2,draft,
2025,6,1,NE,5.0,waiver,1281106304349278208
2025,6,2,11564,27.24,draft,
2025,6,2,11647,21.3,waiver,1281264639971196928
2025,6,2,2449,4.3,draft,
2025,6,2,3198,13.5,trade,1278760200395833344
2025,6,2,3294,22.34,draft,
2025,6,2,6826,1.0,free_agent,1283240757976645632
2025,6,2,8144,12.8,trade,1266251139876134912
2025,6,2,8228,7.3,trade,1266251139876134912
2025,6,2,IND,5.0,free_agent,1279079304432467968
2025,6,3,11635,19.5,draft,
2025,6,3,2133,5.9,draft,
2025,6,3,4574,-1.12,waiver,1278850037106900992
2025,6,3,5045,2.2,draft,
2025,6,3,5850,29.5,trade,1275142927428902912
2025,6,3,6797,18.76,trade,1275142927428902912
2025,6,3,8110,12.3,waiver,1273789364102496256
2025,6,3,8123,2.8,waiver,1281039246127284224
2025,6,3,LAC,8.0,draft,
2025,6,4,11559,14.6,draft,
2025,6,4,12481,30.0,trade,1275142927428902912
2025,6,4,12514,3.4,draft,
2025,6,4,4892,19.64,trade,1275142927428902912
2025,6,4,4983,6.7,trade,1279611453338288128
2025,6,4,7564,20.1,draft,
2025,6,4,7588,5.9,draft,
2025,6,4,8138,8.7,trade,1279611453338288128
2025,6,4,PIT,12.0,draft,
2025,6,5,11560,19.88,draft,
2025,6,5,1479,4.7,draft,
2025,6,5,2505,9.2,waiver,1278687148131753984
2025,6,5,3163,16.82,draft,
2025,6,5,4454,16.7,free_agent,1281582500073725952
2025,6,5,6819,3.0,draft,
2025,6,5,7611,1.8,draft,
2025,6,5,9224,7.9,draft,
2025,6,5,LV,16.0,free_agent,1281740167668846593
2025,6,6,12518,18.3,draft,
2025,6,6,12527,15.6,draft,
2025,6,6,12533,5.3,trade,1274086758883020800
2025,6,6,6804,14.96,draft,
2025,6,6,7523,19.22,trade,1274086758883020800
2025,6,6,7526,12.82,trade,1276231641722810368
2025,6,6,9221,7.0,draft,
2025,6,6,9488,26.2,draft,
2025,6,6,DEN,14.0,draft,
2025,6,7,11563,13.36,draft,
2025,6,7,4034,20.6,draft,
2025,6,7,4866,7.7,draft,
2025,6,7,5846,17.5,draft,
2025,6,7,5872,3.4,draft,
2025,6,7,5967,5.7,trade,1274069019334303744
2025,6,7,7591,4.9,draft,
2025,6,7,8121,8.0,free_agent,1277693677094854656
2025,6,7,GB,2.0,waiver,1281260317514424320
2025,6,8,11566,21.64,draft,
2025,6,8,12512,3.6,draft,
2025,6,8,12526,16.4,draft,
2025,6,8,12529,4.1,draft,
2025,6,8,5870,22.48,draft,
2025,6,8,6801,8.7,trade,1266487184618176512
2025,6,8,8676,4.8,waiver,1274073876757753856
2025,6,8,9484,12.3,draft,
2025,6,8,JAX,2.0,free_agent,1281740998229102592
2025,6,9,11620,4.2,draft,
2025,6,9,11628,4.2,trade,1276231641722810368
2025,6,9,6806,4.0,trade,1274069019334303744
2025,6,9,6813,21.7,draft,
2025,6,9,6904,20.62,draft,
2025,6,9,7021,31.9,free_agent,1279563190153261056
2025,6,9,7527,11.18,free_agent,1279158008676384768
2025,6,9,9493,3.8,draft,
2025,6,9,BUF,5.0,waiver,1281299907851862016
2025,6,10,11631,19.0,draft,
2025,6,10,12499,4.2,free_agent,1269349365546229760
2025,6,10,12501,11.7,draft,
2025,6,10,1339,16.3,waiver,1273365168243359744
2025,6,10,1466,13.8,draft,
2025,6,10,421,9.34,draft,
2025,6,10,8150,15.7,draft,
2025,6,10,9509,32.8,draft,
2025,6,10,PHI,1.0,draft,
2025,6,11,12486,8.84,waiver,1278865410627756032
2025,6,11,4046,31.48,draft,
2025,6,11,7525,6.9,draft,
2025,6,11,7543,7.5,draft,
2025,6,11,8136,16.1,draft,
2025,6,11,8146,2.8,draft,
2025,6,11,9226,29.0,draft,
2025,6,11,9997,5.6,draft,
2025,6,11,LAR,21.0,free_agent,1281664792280465408
2025,6,12,11624,9.6,draft,
2025,6,12,3257,20.7,free_agent,1283128438265233408
2025,6,12,4033,5.8,waiver,1281432235639054336
2025,6,12,4943,20.0,draft,
2025,6,12,5892,7.1,draft,
2025,6,12,7547,9.2,draft,
2025,6,12,7607,7.4,free_agent,1279271876245327872
2025,6,12,8155,5.9,draft,
2025,6,12,TB,13.0,free_agent,1281913037195870208
2025,7,1,12474,11.0,trade,1279611453338288128
2025,7,1,12498,6.1,waiver,1281072685543067648
2025,7,1,1373,2.78,trade,1266251139876134912
2025,7,1,5859,26.1,draft,
2025,7,1,8112,6.2,trade,1279611453338288128
2025,7,1,8130,29.4,draft,
2025,7,1,8137,10.2,draft,
2025,7,1,8151,6.6,draft,
2025,7,1,NE,21.0,waiver,1281106304349278208
2025,7,2,11564,23.08,draft,
2025,7,2,11647,5.5,waiver,1281264639971196928
2025,7,2,2449,10.4,draft,
2025,7,2,3294,23.26,draft,
2025,7,2,6786,19.5,draft,
2025,7,2,8144,24.3,trade,1266251139876134912
2025,7,2,8228,17.8,trade,1266251139876134912
2025,7,2,9482,2.0,waiver,1283855926243102720
2025,7,2,SEA,12.0,free_agent,1284144379677655040
2025,7,3,11635,11.2,draft,
2025,7,3,2133,24.0,draft,
2025,7,3,4039,1.7,draft,
2025,7,3,5045,13.7,draft,
2025,7,3,5850,18.3,trade,1275142927428902912
2025,7,3,6797,27.9,trade,1275142927428902912
2025,7,3,7567,2.5,free_agent,1274435590577729536
2025,7,3,8110,21.9,waiver,1273789364102496256
2025,7,3,LAC,-3.0,draft,
2025,7,4,11559,12.24,draft,
2025,7,4,11603,1.9,waiver,1281507273700560896
2025,7,4,12481,16.9,trade,1275142927428902912
2025,7,4,12514,7.8,draft,
2025,7,4,4892,11.12,trade,1275142927428902912
2025,7,4,4983,6.7,trade,1279611453338288128
2025,7,4,7564,30.1,draft,
2025,7,4,7588,18.3,draft,
2025,7,4,PIT,1.0,draft,
2025,7,5,11560,4.68,draft,
2025,7,5,1479,23.4,draft,
2025,7,5,2505,0.0,waiver,1278687148131753984
2025,7,5,3163,10.34,draft,
2025,7,5,4454,2.4,free_agent,1281582500073725952
2025,7,5,6794,10.4,draft,
2025,7,5,8122,7.9,free_agent,1283124773726978048
2025,7,5,9224,11.0,draft,
2025,7,5,MIN,4.0,draft,
2025,7,6,12518,16.9,draft,
2025,7,6,12527,3.9,draft,
2025,7,6,12533,3.7,trade,1274086758883020800
2025,7,6,6804,13.36,draft,
2025,7,6,7523,17.64,trade,1274086758883020800
2025,7,6,7526,2.0,trade,1276231641722810368
2025,7,6,9221,35.3,draft,
2025,7,6,9488,22.3,draft,
2025,7,6,DEN,5.0,draft,
2025,7,7,11563,39.96,draft,
2025,7,7,4034,35.6,draft,
2025,7,7,4866,4.7,draft,
2025,7,7,5022,4.8,waiver,1278736546018648064
2025,7,7,5846,6.5,draft,
2025,7,7,6790,20.3,draft,
2025,7,7,7591,4.04,draft,
2025,7,7,8121,10.2,free_agent,1277693677094854656
2025,7,7,GB,10.0,waiver,1281260317514424320
2025,7,8,10229,19.7,draft,
2025,7,8,11566,17.74,draft,
2025,7,8,12512,26.4,draft,
2025,7,8,12526,4.8,draft,
2025,7,8,4217,0.0,trade,1274070143642664960
2025,7,8,5870,22.22,draft,
2025,7,8,8408,11.7,draft,
2025,7,8,9484,16.8,draft,
2025,7,8,LAR,15.0,waiver,1284368987567722496
2025,7,9,10859,4.5,draft,
2025,7,9,11620,4.1,draft,
2025,7,9,11628,6.8,trade,1276231641722810368
2025,7,9,12493,29.4,waiver,1283911193588695040
2025,7,9,6806,8.5,trade,1274069019334303744
2025,7,9,6813,32.7,draft,
2025,7,9,6904,24.04,draft,
2025,7,9,7527,5.18,free_agent,1285019353367990272
2025,7,9,HOU,18.0,free_agent,1284148704458059776
2025,7,10,11631,4.6,draft,
2025,7,10,12499,3.9,free_agent,1269349365546229760
2025,7,10,1339,12.7,waiver,1273365168243359744
2025,7,10,2216,0.0,draft,
2025,7,10,421,27.38,draft,
2025,7,10,8150,7.5,draft,
2025,7,10,9509,18.2,draft,
2025,7,10,9754,10.0,waiver,1271338941127090177
2025,7,10,PHI,12.0,draft,
2025,7,11,3200,4.0,free_agent,1284238891682922496
2025,7,11,4046,26.24,draft,
2025,7,11,6783,2.7,draft,
2025,7,11,7525,28.8,draft,
2025,7,11,7543,6.0,draft,
2025,7,11,8136,6.4,draft,
2025,7,11,9226,11.3,draft,
2025,7,11,96,22.56,draft,
2025,7,11,KC,14.0,waiver,1283817701776580608
2025,7,12,11624,6.3,draft,
2025,7,12,11650,0.0,free_agent,1285401530521915392
2025,7,12,4943,8.62,draft,
2025,7,12,5892,4.9,draft,
2025,7,12,7547,17.6,draft,
2025,7,12,7569,4.7,draft,
2025,7,12,8155,6.2,draft,
2025,7,12,9758,13.66,draft,
2025,7,12,CLE,27.0,waiver,1283968708997312512
2025,8,1,11571,15.4,free_agent,1287826262059917312
2025,8,1,11646,5.1,free_agent,1266428973789741056
2025,8,1,12474,13.1,trade,1279611453338288128
2025,8,1,12498,14.4,waiver,1281072685543067648
2025,8,1,12534,2.4,waiver,1286334887669796864
2025,8,1,4984,23.22,draft,
2025,8,1,8137,11.3,draft,
2025,8,1,NE,13.0,waiver,1281106304349278208
2025,8,2,10236,3.3,draft,
2025,8,2,11564,26.28,draft,
2025,8,2,11647,19.2,waiver,1281264639971196928
2025,8,2,3198,19.1,trade,1278760200395833344
2025,8,2,3294,6.62,draft,
2025,8,2,6786,11.1,draft,
2025,8,2,8144,10.0,trade,1266251139876134912
2025,8,2,8228,8.3,trade,1266251139876134912
2025,8,2,HOU,6.0,waiver,1286806444221407232
2025,8,3,11635,17.8,draft,
2025,8,3,11655,6.3,draft,
2025,8,3,5045,8.7,draft,
2025,8,3,5850,12.0,trade,1275142927428902912
2025,8,3,6797,25.28,trade,1275142927428902912
2025,8,3,7083,16.74,free_agent,1287970241321656320
2025,8,3,7567,2.5,free_agent,1274435590577729536
2025,8,3,8110,0.0,waiver,1273789364102496256
2025,8,3,LAC,12.0,draft,
2025,8,4,11559,0.0,draft,
2025,8,4,11603,0.0,waiver,1281507273700560896
2025,8,4,12481,9.5,trade,1275142927428902912
2025,8,4,12514,5.0,draft,
2025,8,4,4892,4.08,trade,1275142927428902912
2025,8,4,4983,9.6,trade,1279611453338288128
2025,8,4,7564,15.1,draft,
2025,8,4,7588,17.4,draft,
2025,8,4,PIT,-4.0,draft,
2025,8,5,11560,11.8,draft,
2025,8,5,12485,6.8,waiver,1286661618515603456
2025,8,5,12508,19.42,draft,
2025,8,5,1479,6.4,draft,
2025,8,5,6794,10.9,draft,
2025,8,5,6819,19.5,draft,
2025,8,5,7611,5.4,draft,
2025,8,5,9224,24.0,draft,
2025,8,5,MIN,0.0,draft,
2025,8,6,12518,9.3,draft,
2025,8,6,12533,2.5,trade,1274086758883020800
2025,8,6,19,24.32,waiver,1281440921925197824
2025,8,6,6804,28.3,draft,
2025,8,6,7049,6.5,draft,
2025,8,6,7526,18.4,trade,1276231641722810368
2025,8,6,7553,14.9,draft,
2025,8,6,9508,15.7,waiver,1284240258510102528
2025,8,6,DEN,6.0,draft,
2025,8,7,11563,23.78,draft,
2025,8,7,4034,8.3,draft,
2025,8,7,4866,31.4,draft,
2025,8,7,5022,17.8,waiver,1278736546018648064
2025,8,7,5846,14.0,draft,
2025,8,7,5872,2.7,draft,
2025,8,7,6790,14.1,draft,
2025,8,7,7591,20.86,draft,
2025,8,7,TB,28.0,free_agent,1286675736484151296
2025,8,8,10229,21.0,draft,
2025,8,8,12512,3.2,draft,
2025,8,8,12526,13.4,draft,
2025,8,8,4217,14.3,trade,1274070143642664960
2025,8,8,5870,23.18,draft,
2025,8,8,8408,1.1,draft,
2025,8,8,9484,33.3,draft,
2025,8,8,9756,10.1,trade,1274070143642664960
2025,8,8,IND,9.0,waiver,1286380531432304640
2025,8,9,11620,14.9,draft,
2025,8,9,1166,7.12,free_agent,1287798492617515008
2025,8,9,12493,18.7,waiver,1283911193588695040
2025,8,9,6806,13.1,trade,1274069019334303744
2025,8,9,6813,36.4,draft,
2025,8,9,6904,25.36,draft,
2025,8,9,7002,10.3,free_agent,1287008105904746496
2025,8,9,7090,1.6,free_agent,1287818988713172992
2025,8,9,ATL,1.0,free_agent,1286666701806505984
2025,8,10,11565,0.0,draft,
2025,8,10,12499,7.2,free_agent,1269349365546229760
2025,8,10,1339,5.6,waiver,1273365168243359744
2025,8,10,1466,21.9,draft,
2025,8,10,7594,9.4,draft,
2025,8,10,8132,8.4,draft,
2025,8,10,9509,4.3,draft,
2025,8,10,9754,0.0,waiver,1271338941127090177
2025,8,10,PHI,6.0,draft,
2025,8,11,4035,5.5,draft,
2025,8,11,4046,22.96,draft,
2025,8,11,7525,11.4,draft,
2025,8,11,8134,17.8,draft,
2025,8,11,8136,7.1,draft,
2025,8,11,9226,17.6,draft,
2025,8,11,96,16.76,draft,
2025,8,11,9997,10.6,draft,
2025,8,11,BUF,17.0,free_agent,1286805943048241152
2025,8,12,11624,7.8,draft,
2025,8,12,5001,4.4,free_agent,1287249302002892800
2025,8,12,8111,8.0,waiver,1286415712822243329
2025,8,12,8126,6.3,draft,
2025,8,12,8155,31.86,draft,
2025,8,12,8205,5.8,draft,
2025,8,12,8676,10.0,waiver,1286417378816581632
2025,8,12,9758,21.72,draft,
2025,8,12,CLE,9.0,waiver,1283968708997312512
2025,9,1,12534,21.3,waiver,1286334887669796864
2025,9,1,1373,26.26,trade,1266251139876134912
2025,9,1,4984,28.82,draft,
2025,9,1,5947,4.3,draft,
2025,9,1,8112,34.3,trade,1279611453338288128
2025,9,1,8130,16.5,draft,
2025,9,1,8137,10.9,draft,
2025,9,1,8151,7.1,draft,
2025,9,1,NE,2.0,waiver,1281106304349278208
2025,9,2,11564,16.36,draft,
2025,9,2,11604,43.3,draft,
2025,9,2,11647,3.0,waiver,1281264639971196928
2025,9,2,3198,12.6,trade,1278760200395833344
2025,9,2,3294,15.4,draft,
2025,9,2,6786,12.0,draft,
2025,9,2,8144,7.2,trade,1266251139876134912
2025,9,2,8228,15.9,trade,1266251139876134912
2025,9,2,HOU,7.0,waiver,1286806444221407232
2025,9,3,11635,7.6,draft,
2025,9,3,11655,5.2,draft,
2025,9,3,2133,20.5,draft,
2025,9,3,4881,25.56,draft,
2025,9,3,5045,9.5,draft,
2025,9,3,5850,18.0,trade,1275142927428902912
2025,9,3,6797,27.7,trade,1275142927428902912
2025,9,3,8110,8.0,waiver,1273789364102496256
2025,9,3,LAC,6.0,draft,
2025,9,4,11435,2.2,free_agent,1289812405982875648
2025,9,4,11559,22.74,draft,
2025,9,4,7002,12.1,free_agent,1289813983473176576
2025,9,4,7564,14.1,draft,
2025,9,4,7588,6.8,draft,
2025,9,4,7607,0.0,free_agent,1290511541472337920
2025,9,4,8138,13.0,trade,1279611453338288128
2025,9,4,9500,12.7,free_agent,1289815513580441600
2025,9,4,CHI,5.0,free_agent,1289816730213838848
2025,9,5,10213,5.3,waiver,1276238427649507328
2025,9,5,12508,27.24,draft,
2025,9,5,1479,5.1,draft,
2025,9,5,3163,19.36,draft,
2025,9,5,6794,13.7,draft,
2025,9,5,6819,16.0,draft,
2025,9,5,8122,5.7,free_agent,1283124773726978048
2025,9,5,9224,15.2,draft,
2025,9,5,MIN,9.0,draft,
2025,9,6,12518,7.6,draft,
2025,9,6,12527,17.4,draft,
2025,9,6,19,30.7,waiver,1281440921925197824
2025,9,6,6804,9.02,draft,
2025,9,6,7526,11.2,trade,1276231641722810368
2025,9,6,7553,7.8,draft,
2025,9,6,9221,4.3,draft,
2025,9,6,9488,18.0,draft,
2025,9,6,DEN,5.0,draft,
2025,9,7,11563,18.52,draft,
2025,9,7,11627,6.3,trade,1274069019334303744
2025,9,7,4034,31.8,draft,
2025,9,7,5846,1.6,draft,
2025,9,7,5872,6.9,draft,
2025,9,7,5967,7.3,trade,1274069019334303744
2025,9,7,6768,8.54,draft,
2025,9,7,8121,12.6,free_agent,1277693677094854656
2025,9,7,GB,4.0,waiver,1288840723407314944
2025,9,8,10229,16.6,draft,
2025,9,8,11566,15.22,draft,
2025,9,8,12526,6.6,draft,
2025,9,8,12529,10.7,draft,
2025,9,8,4217,6.9,trade,1274070143642664960
2025,9,8,5870,14.08,draft,
2025,9,8,8408,4.2,draft,
2025,9,8,9484,4.0,draft,
2025,9,8,LAR,11.0,waiver,1284368987567722496
2025,9,9,10859,21.7,draft,
2025,9,9,11620,0.0,draft,
2025,9,9,11628,19.1,trade,1276231641722810368
2025,9,9,3257,24.84,free_agent,1290445218977452032
2025,9,9,6806,6.4,trade,1274069019334303744
2025,9,9,6813,6.7,draft,
2025,9,9,7527,15.8,waiver,1288849110845100032
2025,9,9,9493,19.3,draft,
2025,9,9,PIT,17.0,waiver,1290058000060420096
2025,9,10,11565,18.92,draft,
2025,9,10,11631,7.0,draft,
2025,9,10,1339,8.6,waiver,1273365168243359744
2025,9,10,1466,12.6,draft,
2025,9,10,421,26.84,draft,
2025,9,10,8150,17.4,draft,
2025,9,10,9509,13.6,draft,
2025,9,10,9754,13.3,waiver,1271338941127090177
2025,9,10,SF,2.0,free_agent,1289740146635182080
2025,9,11,4035,0.2,draft,
2025,9,11,4046,10.5,draft,
2025,9,11,7543,14.0,draft,
2025,9,11,8134,7.8,draft,
2025,9,11,9226,13.6,draft,
2025,9,11,9504,0.0,waiver,1288953407121416192
2025,9,11,96,12.12,draft,
2025,9,11,9997,8.9,draft,
2025,9,11,DET,7.0,waiver,1288895296503312384
2025,9,12,4943,27.2,draft,
2025,9,12,4988,3.4,waiver,1289031155202420736
2025,9,12,5892,10.0,draft,
2025,9,12,7547,14.2,draft,
2025,9,12,7569,11.0,draft,
2025,9,12,8126,9.1,draft,
2025,9,12,8676,9.3,waiver,1286417378816581632
2025,9,12,9758,4.36,draft,
2025,9,12,JAX,4.0,waiver,1288986836584120320
2025,10,1,12474,15.1,trade,1279611453338288128
2025,10,1,12534,8.8,waiver,1286334887669796864
2025,10,1,1373,4.42,trade,1266251139876134912
2025,10,1,4984,19.34,draft,
2025,10,1,5859,2.3,draft,
2025,10,1,8112,21.4,trade,1279611453338288128
2025,10,1,8130,27.7,draft,
2025,10,1,8151,7.5,draft,
2025,10,1,BAL,12.0,waiver,1291658716118007808
2025,10,2,11564,18.1,draft,
2025,10,2,11604,3.7,draft,
2025,10,2,11647,17.3,waiver,1281264639971196928
2025,10,2,2449,13.1,draft,
2025,10,2,3198,9.9,trade,1278760200395833344
2025,10,2,7527,23.06,waiver,1292257397204582400
2025,10,2,8144,18.9,trade,1266251139876134912
2025,10,2,8228,10.1,trade,1266251139876134912
2025,10,2,HOU,14.0,waiver,1286806444221407232
2025,10,3,11635,18.7,draft,
2025,10,3,11655,7.6,draft,
2025,10,3,2133,16.7,draft,
2025,10,3,4881,16.64,draft,
2025,10,3,5045,3.9,draft,
2025,10,3,5850,17.2,trade,1275142927428902912
2025,10,3,6797,14.7,trade,1275142927428902912
2025,10,3,8148,20.9,trade,1275142927428902912
2025,10,3,LAC,15.0,draft,
2025,10,4,10236,5.7,trade,1291439329205297152
2025,10,4,11199,11.9,free_agent,1291709389811503105
2025,10,4,11559,10.98,draft,
2025,10,4,12514,20.5,draft,
2025,10,4,4892,22.92,trade,1275142927428902912
2025,10,4,4983,0.0,trade,1279611453338288128
2025,10,4,7002,19.2,free_agent,1289813983473176576
2025,10,4,8138,8.2,trade,1279611453338288128
2025,10,4,SEA,24.0,waiver,1291443671526281216
2025,10,5,11628,12.8,trade,1291774772413239296
2025,10,5,12485,18.2,waiver,1286661618515603456
2025,10,5,12508,26.28,draft,
2025,10,5,1479,2.9,draft,
2025,10,5,3163,24.8,draft,
2025,10,5,6819,2.9,draft,
2025,10,5,7021,13.8,trade,1291774772413239296
2025,10,5,8122,3.8,free_agent,1283124773726978048
2025,10,5,MIN,2.0,draft,
2025,10,6,12518,17.9,draft,
2025,10,6,12527,13.8,draft,
2025,10,6,6804,7.84,draft,
2025,10,6,7523,9.82,trade,1274086758883020800
2025,10,6,7526,16.9,trade,1276231641722810368
2025,10,6,7553,5.8,draft,
2025,10,6,9221,36.7,draft,
2025,10,6,9488,17.8,draft,
2025,10,6,DEN,15.0,draft,
2025,10,7,11563,5.8,draft,
2025,10,7,4034,13.6,draft,
2025,10,7,4866,11.6,draft,
2025,10,7,5022,8.3,waiver,1278736546018648064
2025,10,7,5846,5.0,draft,
2025,10,7,5872,10.9,draft,
2025,10,7,6790,12.3,draft,
2025,10,7,7591,6.96,draft,
2025,10,7,BUF,3.0,free_agent,1290788486500085761
2025,10,8,12506,8.4,free_agent,1279877605507469312
2025,10,8,12512,9.5,draft,
2025,10,8,12526,8.5,draft,
2025,10,8,12529,27.5,draft,
2025,10,8,4217,23.4,trade,1274070143642664960
2025,10,8,5870,15.5,draft,
2025,10,8,9228,1.56,draft,
2025,10,8,9756,5.0,trade,1274070143642664960
2025,10,8,IND,5.0,waiver,1286380531432304640
2025,10,9,11560,25.1,trade,1291774772413239296
2025,10,9,11620,17.6,draft,
2025,10,9,12493,4.3,waiver,1283911193588695040
2025,10,9,6794,5.7,trade,1291774772413239296
2025,10,9,6806,8.9,trade,1274069019334303744
2025,10,9,6813,48.1,draft,
2025,10,9,6904,12.02,draft,
2025,10,9,9493,14.9,draft,
2025,10,9,PIT,5.0,waiver,1290058000060420096
2025,10,10,11565,14.72,draft,
2025,10,10,1339,9.4,waiver,1273365168243359744
2025,10,10,421,26.9,draft,
2025,10,10,8142,16.4,waiver,1291497153344077824
2025,10,10,8150,21.4,draft,
2025,10,10,9487,16.4,waiver,1291440372823658496
2025,10,10,9509,9.8,draft,
2025,10,10,9754,6.7,waiver,1271338941127090177
2025,10,10,PHI,13.0,draft,
2025,10,11,12486,20.08,waiver,1278865410627756032
2025,10,11,7525,14.9,draft,
2025,10,11,7543,14.7,draft,
2025,10,11,8136,7.9,draft,
2025,10,11,8146,0.0,draft,
2025,10,11,9226,37.5,draft,
2025,10,11,96,6.44,draft,
2025,10,11,9997,10.1,draft,
2025,10,11,DET,2.0,waiver,1288895296503312384
2025,10,12,4943,4.92,draft,
2025,10,12,5892,9.6,draft,
2025,10,12,7547,14.3,draft,
2025,10,12,7569,19.1,draft,
2025,10,12,7585,27.68,free_agent,1292071633489506304
2025,10,12,8111,17.2,waiver,1286415712822243329
2025,10,12,8126,9.2,draft,
2025,10,12,8155,19.0,draft,
2025,10,12,CLE,5.0,waiver,1283968708997312512
2025,11,1,12474,5.6,trade,1279611453338288128
2025,11,1,12534,10.2,waiver,1286334887669796864
2025,11,1,3257,21.88,trade,1294065300647460864
2025,11,1,4984,42.68,draft,
2025,11,1,5859,8.4,draft,
2025,11,1,8112,15.4,trade,1279611453338288128
2025,11,1,8130,27.5,draft,
2025,11,1,8137,24.9,draft,
2025,11,1,NE,6.0,waiver,1281106304349278208
2025,11,2,11564,15.44,draft,
2025,11,2,11604,14.2,draft,
2025,11,2,11647,2.2,waiver,1281264639971196928
2025,11,2,2449,15.0,draft,
2025,11,2,3198,19.2,trade,1278760200395833344
2025,11,2,3294,24.32,draft,
2025,11,2,6786,15.1,draft,
2025,11,2,8228,7.7,trade,1266251139876134912
2025,11,2,HOU,9.0,waiver,1286806444221407232
2025,11,3,11635,2.8,draft,
2025,11,3,2133,6.6,draft,
2025,11,3,4199,9.6,draft,
2025,11,3,4881,4.72,draft,
2025,11,3,5045,7.9,draft,
2025,11,3,5850,4.0,trade,1275142927428902912
2025,11,3,6797,3.34,trade,1275142927428902912
2025,11,3,8110,11.6,waiver,1273789364102496256
2025,11,3,LAC,0.0,draft,
2025,11,4,10219,9.0,free_agent,1291711045961789440
2025,11,4,11559,7.9,draft,
2025,11,4,11597,6.6,free_agent,1289817832179142656
2025,11,4,12514,6.5,draft,
2025,11,4,4892,16.82,trade,1275142927428902912
2025,11,4,7564,4.5,draft,
2025,11,4,7588,9.8,draft,
2025,11,4,8138,18.9,trade,1279611453338288128
2025,11,4,SEA,3.0,waiver,1291443671526281216
2025,11,5,10213,12.7,waiver,1276238427649507328
2025,11,5,11638,0.5,draft,
2025,11,5,12485,1.1,waiver,1286661618515603456
2025,11,5,3163,12.1,draft,
2025,11,5,7021,12.5,trade,1291774772413239296
2025,11,5,8122,12.5,free_agent,1283124773726978048
2025,11,5,8183,19.3,trade,1291774772413239296
2025,11,5,9224,15.7,draft,
2025,11,5,TB,3.0,free_agent,1294331796141395968
2025,11,6,12527,6.4,draft,
2025,11,6,12533,3.8,trade,1274086758883020800
2025,11,6,19,9.86,waiver,1281440921925197824
2025,11,6,6804,17.66,draft,
2025,11,6,7526,6.7,trade,1276231641722810368
2025,11,6,7553,3.4,draft,
2025,11,6,9221,17.1,draft,
2025,11,6,9488,16.1,draft,
2025,11,6,DEN,9.0,draft,
2025,11,7,11563,12.6,draft,
2025,11,7,4034,32.6,draft,
2025,11,7,4866,9.5,draft,
2025,11,7,5022,4.4,waiver,1278736546018648064
2025,11,7,5846,7.4,draft,
2025,11,7,5872,17.2,draft,
2025,11,7,6768,6.84,draft,
2025,11,7,6790,9.0,draft,
2025,11,7,KC,2.0,free_agent,1294308521285791744
2025,11,8,10229,6.8,draft,
2025,11,8,12512,5.9,draft,
2025,11,8,12526,29.0,draft,
2025,11,8,12529,29.8,draft,
2025,11,8,2307,15.42,waiver,1291536004565434368
2025,11,8,4217,24.7,trade,1274070143642664960
2025,11,8,6801,13.8,trade,1266487184618176512
2025,11,8,9228,31.82,draft,
2025,11,8,LAR,9.0,waiver,1284368987567722496
2025,11,9,11560,10.32,trade,1291774772413239296
2025,11,9,11620,5.1,draft,
2025,11,9,12489,6.5,draft,
2025,11,9,12493,6.1,waiver,1283911193588695040
2025,11,9,6794,8.6,trade,1291774772413239296
2025,11,9,6904,14.5,draft,
2025,11,9,9493,10.8,draft,
2025,11,9,9753,5.7,trade,1294065300647460864
2025,11,9,PIT,22.0,waiver,1290058000060420096
2025,11,10,11565,6.0,draft,
2025,11,10,1339,8.2,waiver,1273365168243359744
2025,11,10,1466,24.1,draft,
2025,11,10,421,13.2,draft,
2025,11,10,8150,16.1,draft,
2025,11,10,9487,3.0,waiver,1291440372823658496
2025,11,10,9509,28.3,draft,
2025,11,10,9754,0.0,waiver,1271338941127090177
2025,11,10,PHI,13.0,draft,
2025,11,11,4046,13.34,draft,
2025,11,11,7525,1.3,draft,
2025,11,11,7543,19.3,draft,
2025,11,11,8134,0.2,draft,
2025,11,11,8136,7.2,draft,
2025,11,11,9226,19.0,draft,
2025,11,11,96,9.44,draft,
2025,11,11,9997,9.8,draft,
2025,11,11,GB,8.0,waiver,1294000692360392704
2025,11,12,4943,4.26,draft,
2025,11,12,5892,4.2,draft,
2025,11,12,7547,5.2,draft,
2025,11,12,7569,19.7,draft,
2025,11,12,8111,4.8,waiver,1286415712822243329
2025,11,12,8126,5.6,draft,
2025,11,12,8155,7.4,draft,
2025,11,12,8676,3.9,waiver,1286417378816581632
2025,11,12,ATL,6.0,waiver,1294079704759816192
2025,12,1,12474,7.4,trade,1279611453338288128
2025,12,1,3214,24.5,free_agent,1297773766939521025
2025,12,1,3257,18.68,trade,1294065300647460864
2025,12,1,4984,8.12,draft,
2025,12,1,5859,21.0,draft,
2025,12,1,8130,16.9,draft,
2025,12,1,8137,25.1,draft,
2025,12,1,8151,11.6,draft,
2025,12,1,BAL,13.0,waiver,1291658716118007808
2025,12,2,11564,15.96,draft,
2025,12,2,11604,11.5,draft,
2025,12,2,2449,3.0,draft,
2025,12,2,3198,21.8,trade,1278760200395833344
2025,12,2,3294,27.06,draft,
2025,12,2,6786,9.5,draft,
2025,12,2,8144,11.5,trade,1266251139876134912
2025,12,2,8228,12.8,trade,1266251139876134912
2025,12,2,DET,5.0,free_agent,1296785951481135104
2025,12,3,11435,25.5,waiver,1296685075613614080
2025,12,3,2133,20.7,draft,
2025,12,3,4037,1.9,trade,1287824272873517056
2025,12,3,4199,7.2,draft,
2025,12,3,4881,7.22,draft,
2025,12,3,7567,15.2,free_agent,1274435590577729536
2025,12,3,8110,11.1,waiver,1273789364102496256
2025,12,3,8148,0.0,trade,1275142927428902912
2025,12,3,BUF,6.0,free_agent,1296839302394683392
2025,12,4,10226,8.6,free_agent,1296839528668995584
2025,12,4,11597,10.7,free_agent,1289817832179142656
2025,12,4,12514,4.7,draft,
2025,12,4,12524,10.26,trade,1297108691450859520
2025,12,4,4892,3.54,trade,1275142927428902912
2025,12,4,7588,11.1,draft,
2025,12,4,8138,20.4,trade,1279611453338288128
2025,12,4,9506,5.1,free_agent,1294246772171874304
2025,12,4,SEA,6.0,waiver,1291443671526281216
2025,12,5,11638,1.8,draft,
2025,12,5,12485,10.8,waiver,1286661618515603456
2025,12,5,12545,7.92,waiver,1289101677059649536
2025,12,5,6819,11.2,draft,
2025,12,5,7021,9.4,trade,1291774772413239296
2025,12,5,8122,11.2,free_agent,1283124773726978048
2025,12,5,8183,7.32,trade,1291774772413239296
2025,12,5,9224,14.0,draft,
2025,12,5,NO,11.0,free_agent,1298351919135211520
2025,12,6,12518,9.5,draft,
2025,12,6,12527,20.8,draft,
2025,12,6,19,9.62,waiver,1281440921925197824
2025,12,6,6804,7.06,draft,
2025,12,6,7049,12.6,draft,
2025,12,6,7553,4.5,draft,
2025,12,6,9221,49.9,draft,
2025,12,6,9488,33.1,draft,
2025,12,6,JAX,10.0,free_agent,1297607703308279808
2025,12,7,2306,31.74,trade,1295431878857195520
2025,12,7,4034,23.7,draft,
2025,12,7,4866,8.9,draft,
2025,12,7,5022,4.0,waiver,1278736546018648064
2025,12,7,5846,11.9,draft,
2025,12,7,6790,1.4,draft,
2025,12,7,8121,3.3,free_agent,1277693677094854656
2025,12,7,827,12.78,waiver,1296502654192594944
2025,12,7,LV,5.0,free_agent,1298059943403884544
2025,12,8,10229,20.1,draft,
2025,12,8,12512,16.7,draft,
2025,12,8,12526,10.5,draft,
2025,12,8,12529,9.6,draft,
2025,12,8,4217,13.8,trade,1274070143642664960
2025,12,8,5870,16.84,draft,
2025,12,8,6801,5.6,trade,1266487184618176512
2025,12,8,9228,8.26,draft,
2025,12,8,LAR,22.0,waiver,1284368987567722496
2025,12,9,11560,21.66,trade,1291774772413239296
2025,12,9,11620,6.8,draft,
2025,12,9,6794,6.8,trade,1291774772413239296
2025,12,9,6813,7.6,draft,
2025,12,9,6904,30.86,draft,
2025,12,9,7090,14.9,waiver,1296651359751245824
2025,12,9,9493,13.2,draft,
2025,12,9,9753,9.5,trade,1294065300647460864
2025,12,9,PIT,10.0,waiver,1290058000060420096
2025,12,10,11565,0.48,draft,
2025,12,10,11626,3.7,free_agent,1298402179312287744
2025,12,10,1466,8.4,draft,
2025,12,10,421,22.92,draft,
2025,12,10,8142,3.1,waiver,1291497153344077824
2025,12,10,8150,5.3,draft,
2025,12,10,9487,15.6,waiver,1291440372823658496
2025,12,10,9509,13.7,draft,
2025,12,10,PHI,7.0,draft,
2025,12,11,1166,14.46,waiver,1296503257975230464
2025,12,11,4035,2.5,draft,
2025,12,11,4046,17.08,draft,
2025,12,11,6130,4.7,free_agent,1289253006319046656
2025,12,11,7525,11.9,draft,
2025,12,11,7543,19.1,draft,
2025,12,11,8167,7.4,free_agent,1289253656981405696
2025,12,11,9997,9.4,draft,
2025,12,11,GB,18.0,waiver,1294000692360392704
2025,12,12,11624,7.9,draft,
2025,12,12,4943,17.66,draft,
2025,12,12,5892,5.2,draft,
2025,12,12,7547,25.4,draft,
2025,12,12,7569,7.0,draft,
2025,12,12,7585,14.52,free_agent,1292071633489506304
2025,12,12,8126,26.1,draft,
2025,12,12,8155,11.9,draft,
2025,12,12,CLE,18.0,waiver,1283968708997312512
2025,13,1,10232,5.1,waiver,1296344056686731264
2025,13,1,12474,7.2,trade,1279611453338288128
2025,13,1,3257,19.64,trade,1294065300647460864
2025,13,1,4984,16.72,draft,
2025,13,1,5859,30.2,draft,
2025,13,1,8130,22.2,draft,
2025,13,1,8137,13.8,draft,
2025,13,1,8151,8.9,draft,
2025,13,1,MIA,10.0,free_agent,1299329491872542720
2025,13,2,11564,20.48,draft,
2025,13,2,11604,22.3,draft,
2025,13,2,2449,4.1,draft,
2025,13,2,3198,16.9,trade,1278760200395833344
2025,13,2,3294,20.6,draft,
2025,13,2,6786,20.7,draft,
2025,13,2,8144,12.7,trade,1266251139876134912
2025,13,2,8228,11.4,trade,1266251139876134912
2025,13,2,HOU,4.0,waiver,1286806444221407232
2025,13,3,11635,11.9,draft,
2025,13,3,2133,19.8,draft,
2025,13,3,4881,6.54,draft,
2025,13,3,5045,14.7,draft,
2025,13,3,5850,9.6,trade,1275142927428902912
2025,13,3,6797,12.84,trade,1275142927428902912
2025,13,3,7567,5.5,free_agent,1274435590577729536
2025,13,3,8110,8.6,waiver,1273789364102496256
2025,13,3,LAC,10.0,draft,
2025,13,4,11597,5.9,free_agent,1289817832179142656
2025,13,4,12514,6.2,draft,
2025,13,4,12540,-0.6,free_agent,1299474810572673024
2025,13,4,4892,14.46,trade,1275142927428902912
2025,13,4,7002,8.9,free_agent,1289813983473176576
2025,13,4,7564,14.5,draft,
2025,13,4,7588,15.5,draft,
2025,13,4,8138,17.2,trade,1279611453338288128
2025,13,4,SEA,31.0,waiver,1291443671526281216
2025,13,5,11628,9.9,trade,1291774772413239296
2025,13,5,12485,1.0,waiver,1286661618515603456
2025,13,5,12508,13.56,draft,
2025,13,5,6819,1.8,draft,
2025,13,5,7021,8.9,trade,1291774772413239296
2025,13,5,8122,15.3,free_agent,1283124773726978048
2025,13,5,8183,17.12,trade,1291774772413239296
2025,13,5,9224,14.8,draft,
2025,13,5,NO,7.0,free_agent,1298351919135211520
2025,13,6,12518,11.2,draft,
2025,13,6,12527,9.1,draft,
2025,13,6,6804,25.76,draft,
2025,13,6,7523,21.66,trade,1274086758883020800
2025,13,6,7526,5.5,trade,1276231641722810368
2025,13,6,9221,10.1,draft,
2025,13,6,9480,13.5,free_agent,1297764300294729728
2025,13,6,9488,3.3,draft,
2025,13,6,JAX,17.0,free_agent,1297607703308279808
2025,13,7,11563,16.44,draft,
2025,13,7,11627,3.1,trade,1274069019334303744
2025,13,7,4034,15.4,draft,
2025,13,7,4866,5.6,draft,
2025,13,7,5022,4.7,waiver,1278736546018648064
2025,13,7,5846,4.7,draft,
2025,13,7,6768,4.68,draft,
2025,13,7,6790,20.3,draft,
2025,13,7,SF,15.0,waiver,1299050561110290432
2025,13,8,10229,25.4,draft,
2025,13,8,11584,15.1,draft,
2025,13,8,12512,14.4,draft,
2025,13,8,12526,10.8,draft,
2025,13,8,12529,10.1,draft,
2025,13,8,2307,23.26,waiver,1291536004565434368
2025,13,8,4217,10.7,trade,1274070143642664960
2025,13,8,5870,16.14,draft,
2025,13,8,LAR,2.0,waiver,1284368987567722496
2025,13,9,11560,9.46,trade,1291774772413239296
2025,13,9,11620,1.8,draft,
2025,13,9,12489,19.7,draft,
2025,13,9,12493,3.7,waiver,1283911193588695040
2025,13,9,6794,1.4,trade,1291774772413239296
2025,13,9,6813,13.6,draft,
2025,13,9,6904,16.3,draft,
2025,13,9,9493,10.2,draft,
2025,13,9,PIT,5.0,waiver,1290058000060420096
2025,13,10,11626,0.6,free_agent,1298402179312287744
2025,13,10,11631,3.8,draft,
2025,13,10,1466,15.5,draft,
2025,13,10,421,11.62,draft,
2025,13,10,8142,15.8,waiver,1291497153344077824
2025,13,10,8150,13.2,draft,
2025,13,10,9509,27.8,draft,
2025,13,10,9754,9.8,waiver,1271338941127090177
2025,13,10,PHI,6.0,draft,
2025,13,11,4046,29.44,draft,
2025,13,11,6770,19.24,draft,
2025,13,11,7525,7.3,draft,
2025,13,11,7543,4.6,draft,
2025,13,11,8134,1.0,draft,
2025,13,11,8167,16.3,free_agent,1289253656981405696
2025,13,11,9226,19.4,draft,
2025,13,11,9997,-0.4,draft,
2025,13,11,GB,5.0,waiver,1294000692360392704
2025,13,12,4943,3.12,draft,
2025,13,12,5892,11.8,draft,
2025,13,12,7547,0.0,draft,
2025,13,12,7569,19.0,draft,
2025,13,12,8111,2.9,waiver,1286415712822243329
2025,13,12,8126,6.9,draft,
2025,13,12,8155,14.6,draft,
2025,13,12,9758,9.04,draft,
2025,13,12,CLE,1.0,waiver,1283968708997312512
2025,14,1,10232,31.7,waiver,1296344056686731264
2025,14,1,12474,14.6,trade,1279611453338288128
2025,14,1,3257,19.04,trade,1294065300647460864
2025,14,1,4984,37.84,draft,
2025,14,1,5859,13.0,draft,
2025,14,1,8130,10.8,draft,
2025,14,1,8137,6.2,draft,
2025,14,1,8151,3.3,draft,
2025,14,1,KC,4.0,waiver,1301550999827156992
2025,14,2,11604,14.6,draft,
2025,14,2,3198,10.7,trade,1278760200395833344
2025,14,2,3294,18.44,draft,
2025,14,2,4098,9.0,waiver,1274508766913531904
2025,14,2,5927,5.6,trade,1291439329205297152
2025,14,2,6786,15.1,draft,
2025,14,2,8144,4.5,trade,1266251139876134912
2025,14,2,8228,13.7,trade,1266251139876134912
2025,14,2,HOU,14.0,waiver,1286806444221407232
2025,14,3,2133,4.9,draft,
2025,14,3,4881,21.06,draft,
2025,14,3,5045,9.2,draft,
2025,14,3,5850,16.2,trade,1275142927428902912
2025,14,3,6797,12.16,trade,1275142927428902912
2025,14,3,7567,13.2,free_agent,1274435590577729536
2025,14,3,8110,10.8,waiver,1273789364102496256
2025,14,3,8148,13.8,trade,1275142927428902912
2025,14,3,LAC,13.0,draft,
2025,14,4,12514,2.5,draft,
2025,14,4,12524,33.46,trade,1297108691450859520
2025,14,4,12535,9.0,free_agent,1301856342218113024
2025,14,4,4892,11.08,trade,1275142927428902912
2025,14,4,7002,7.8,free_agent,1289813983473176576
2025,14,4,7564,7.7,draft,
2025,14,4,7588,13.7,draft,
2025,14,4,8138,10.1,trade,1279611453338288128
2025,14,4,SEA,20.0,waiver,1291443671526281216
2025,14,5,12485,0.0,waiver,1286661618515603456
2025,14,5,12507,13.7,draft,
2025,14,5,12545,21.26,waiver,1301527314093322240
2025,14,5,2505,2.7,free_agent,1302512150765387776
2025,14,5,3163,16.16,draft,
2025,14,5,6819,12.4,draft,
2025,14,5,8122,4.9,free_agent,1283124773726978048
2025,14,5,9224,17.0,draft,
2025,14,5,TB,6.0,waiver,1301981677702098944
2025,14,6,12518,3.7,draft,
2025,14,6,12527,4.8,draft,
2025,14,6,6804,19.26,draft,
2025,14,6,7523,19.36,trade,1274086758883020800
2025,14,6,7526,15.6,trade,1276231641722810368
2025,14,6,7553,15.0,draft,
2025,14,6,9221,33.5,draft,
2025,14,6,9488,24.6,draft,
2025,14,6,DEN,13.0,draft,
2025,14,7,11563,15.98,draft,
2025,14,7,11625,2.9,waiver,1301597221350813696
2025,14,7,11627,2.6,trade,1274069019334303744
2025,14,7,4866,18.2,draft,
2025,14,7,5846,18.3,draft,
2025,14,7,5872,4.7,draft,
2025,14,7,6790,9.7,draft,
2025,14,7,827,-1.76,waiver,1296502654192594944
2025,14,7,BAL,0.0,free_agent,1301900726326292480
2025,14,8,10229,5.4,draft,
2025,14,8,11566,2.72,draft,
2025,14,8,11584,15.1,draft,
2025,14,8,12506,25.4,free_agent,1279877605507469312
2025,14,8,12512,8.9,draft,
2025,14,8,5870,0.8,draft,
2025,14,8,6801,24.2,trade,1266487184618176512
2025,14,8,8121,0.0,free_agent,1302466026415362048
2025,14,8,LAR,7.0,waiver,1284368987567722496
2025,14,9,11560,14.94,trade,1291774772413239296
2025,14,9,12489,19.0,draft,
2025,14,9,12493,1.7,waiver,1283911193588695040
2025,14,9,12498,10.1,free_agent,1302819206403723264
2025,14,9,6794,2.1,trade,1291774772413239296
2025,14,9,6813,11.4,draft,
2025,14,9,6904,0.4,draft,
2025,14,9,9493,32.2,draft,
2025,14,9,PIT,5.0,waiver,1290058000060420096
2025,14,10,11565,20.42,draft,
2025,14,10,11631,10.2,draft,
2025,14,10,1339,2.1,waiver,1273365168243359744
2025,14,10,1466,1.8,draft,
2025,14,10,421,23.24,draft,
2025,14,10,8142,10.5,waiver,1291497153344077824
2025,14,10,8150,16.7,draft,
2025,14,10,9509,8.4,draft,
2025,14,10,PHI,13.0,draft,
2025,14,11,12476,14.9,waiver,1299253642984947712
2025,14,11,4046,5.8,draft,
2025,14,11,6770,23.36,draft,
2025,14,11,7525,5.7,draft,
2025,14,11,7543,20.7,draft,
2025,14,11,8167,22.9,free_agent,1289253656981405696
2025,14,11,9226,17.0,draft,
2025,14,11,9997,16.6,draft,
2025,14,11,WAS,3.0,waiver,1301709105043353600
2025,14,12,11624,7.0,draft,
2025,14,12,4943,22.26,draft,
2025,14,12,5892,13.8,draft,
2025,14,12,5947,12.8,free_agent,1297675414486917120
2025,14,12,7569,14.1,draft,
2025,14,12,8111,4.9,waiver,1286415712822243329
2025,14,12,8155,4.3,draft,
2025,14,12,9758,12.62,draft,
2025,14,12,CLE,2.0,waiver,1283968708997312512
2026,1,1,10859,9.8,draft,
2026,1,1,11564,9.82,draft,
2026,1,1,12514,8.8,draft,
2026,1,1,12545,23.2,draft,
2026,1,1,12711,14.0,free_agent,1404848528261484544
2026,1,1,6790,31.9,draft,
2026,1,1,8131,27.8,draft,
2026,1,1,8144,23.2,draft,
2026,1,1,8151,32.6,draft,
2026,1,1,JAX,14.0,draft,
2026,1,2,10232,8.1,draft,
2026,1,2,3198,34.8,draft,
2026,1,2,4984,35.66,draft,
2026,1,2,6083,10.0,free_agent,1403964166586339328
2026,1,2,7588,21.7,draft,
2026,1,2,8148,6.5,draft,
2026,1,2,8155,18.8,draft,
2026,1,2,9484,9.5,draft,
2026,1,2,9758,16.46,draft,
2026,1,2,GB,1.0,free_agent,1401298123506081792
2026,1,3,11539,7.0,draft,
2026,1,3,11566,17.66,draft,
2026,1,3,11631,5.5,draft,
2026,1,3,12481,14.1,draft,
2026,1,3,12490,9.3,draft,
2026,1,3,12526,8.0,draft,
2026,1,3,1466,10.1,draft,
2026,1,3,6904,24.72,draft,
2026,1,3,7564,2.2,draft,
2026,1,3,HOU,-1.0,draft,
2026,1,4,11563,5.44,draft,
2026,1,4,12015,1.0,draft,
2026,1,4,4037,6.3,draft,
2026,1,4,4892,11.64,draft,
2026,1,4,5859,4.1,draft,
2026,1,4,5892,27.4,draft,
2026,1,4,6801,7.4,draft,
2026,1,4,8130,24.5,trade,1401068278192828416
2026,1,4,9221,31.1,draft,
2026,1,4,PIT,18.0,draft,
2026,1,5,12489,6.1,draft,
2026,1,5,12508,26.6,draft,
2026,1,5,12512,6.0,draft,
2026,1,5,12517,0.0,draft,
2026,1,5,5022,23.7,draft,
2026,1,5,5045,2.1,draft,
2026,1,5,6770,14.16,draft,
2026,1,5,7547,23.7,draft,
2026,1,5,8259,2.0,draft,
2026,1,5,PHI,3.0,draft,
2026,1,6,11533,1.0,draft,
2026,1,6,11632,9.9,draft,
2026,1,6,12527,29.7,draft,
2026,1,6,13279,5.8,draft,
2026,1,6,3163,16.44,draft,
2026,1,6,4034,11.3,draft,
2026,1,6,7523,26.1,draft,
2026,1,6,8167,29.7,draft,
2026,1,6,9997,23.5,draft,
2026,1,6,DEN,4.0,draft,
2026,1,7,2216,13.9,draft,
2026,1,7,3294,14.4,draft,
2026,1,7,5849,-0.38,draft,
2026,1,7,5967,3.9,draft,
2026,1,7,6786,12.9,draft,
2026,1,7,7021,3.1,draft,
2026,1,7,7543,11.3,draft,
2026,1,7,7839,19.0,draft,
2026,1,7,9493,9.9,draft,
2026,1,7,LAC,1.0,draft,
2026,1,8,10229,8.9,draft,
2026,1,8,11635,16.7,draft,
2026,1,8,12185,6.0,free_agent,1403161341065228288
2026,1,8,4866,8.5,draft,
2026,1,8,5927,2.4,draft,
2026,1,8,7002,14.4,draft,
2026,1,8,8138,8.4,draft,
2026,1,8,8161,16.7,draft,
2026,1,8,8183,21.1,draft,
2026,1,8,KC,13.0,free_agent,1403161310425845760
2026,1,9,11560,37.26,draft,
2026,1,9,11786,12.0,draft,
2026,1,9,12518,10.3,draft,
2026,1,9,4046,21.66,draft,
2026,1,9,7611,12.0,draft,
2026,1,9,8137,4.3,draft,
2026,1,9,8228,7.8,draft,
2026,1,9,9487,16.8,draft,
2026,1,9,9488,22.2,draft,
2026,1,9,LAR,2.0,draft,
2026,1,10,12507,8.3,draft,
2026,1,10,12519,7.0,draft,
2026,1,10,3451,9.0,draft,
2026,1,10,421,4.1,draft,
2026,1,10,5870,9.04,draft,
2026,1,10,6813,23.6,draft,
2026,1,10,7525,6.8,draft,
2026,1,10,7569,17.7,draft,
2026,1,10,8150,14.0,draft,
2026,1,10,MIN,10.0,draft,
2026,1,11,13287,12.0,draft,
2026,1,11,2133,4.1,draft,
2026,1,11,4227,7.0,draft,
2026,1,11,4881,24.96,draft,
2026,1,11,5846,6.0,draft,
2026,1,11,6797,13.26,draft,
2026,1,11,7526,0.7,draft,
2026,1,11,7594,22.2,draft,
2026,1,11,9226,8.6,draft,
2026,1,11,DET,10.0,free_agent,1400549575512604672
2026,1,12,11584,16.8,draft,
2026,1,12,12506,4.1,draft,
2026,1,12,2747,7.0,draft,
2026,1,12,6794,27.2,draft,
2026,1,12,6804,19.48,draft,
2026,1,12,8146,10.9,draft,
2026,1,12,9224,16.3,trade,1401068278192828416
2026,1,12,9228,31.44,draft,
2026,1,12,9509,27.3,draft,
2026,1,12,SEA,13.0,draft,
2026,2,1,10859,17.2,draft,
2026,2,1,11564,8.02,draft,
2026,2,1,12514,8.8,draft,
2026,2,1,12533,5.3,draft,
2026,2,1,12545,22.38,draft,
2026,2,1,12711,6.0,free_agent,1404848528261484544
2026,2,1,6790,10.4,draft,
2026,2,1,8144,18.6,draft,
2026,2,1,8151,20.8,draft,
2026,2,1,SF,9.0,waiver,1405758472154345472
2026,2,2,3198,16.2,draft,
2026,2,2,4984,40.82,draft,
2026,2,2,6083,8.0,free_agent,1403964166586339328
2026,2,2,7588,6.5,draft,
2026,2,2,8134,5.3,waiver,1405782384242069504
2026,2,2,8148,4.3,draft,
2026,2,2,8155,11.7,draft,
2026,2,2,9484,3.5,draft,
2026,2,2,9758,17.02,draft,
2026,2,2,GB,6.0,free_agent,1401298123506081792
2026,2,3,11539,7.0,draft,
2026,2,3,11566,14.74,draft,
2026,2,3,12481,7.5,draft,
2026,2,3,12490,13.2,draft,
2026,2,3,12526,12.6,draft,
2026,2,3,13286,4.5,draft,
2026,2,3,1466,25.1,draft,
2026,2,3,6904,16.16,draft,
2026,2,3,7564,23.0,draft,
2026,2,3,HOU,6.0,draft,
2026,2,4,11563,14.12,draft,
2026,2,4,13545,8.0,waiver,1405704851945484288
2026,2,4,4037,7.3,draft,
2026,2,4,4892,12.18,draft,
2026,2,4,5892,3.4,draft,
2026,2,4,6801,12.0,draft,
2026,2,4,8130,18.1,trade,1401068278192828416
2026,2,4,9221,20.3,draft,
2026,2,4,9486,9.9,draft,
2026,2,4,TB,3.0,free_agent,1405850676210208768
2026,2,5,12501,7.8,draft,
2026,2,5,12508,0.8,draft,
2026,2,5,12512,7.3,draft,
2026,2,5,12517,1.3,draft,
2026,2,5,12529,13.6,draft,
2026,2,5,5022,1.4,draft,
2026,2,5,6770,16.18,draft,
2026,2,5,7547,30.7,draft,
2026,2,5,8259,2.0,draft,
2026,2,5,PHI,3.0,draft,
2026,2,6,11533,16.0,draft,
2026,2,6,11632,0.6,draft,
2026,2,6,12527,8.3,draft,
2026,2,6,2449,19.2,draft,
2026,2,6,3163,29.78,draft,
2026,2,6,4034,20.6,draft,
2026,2,6,5012,10.9,free_agent,1406364915131858944
2026,2,6,7523,6.16,draft,
2026,2,6,8167,12.1,draft,
2026,2,6,DEN,8.0,draft,
2026,2,7,11581,7.6,draft,
2026,2,7,11646,10.6,draft,
2026,2,7,1373,15.58,waiver,1406277099915935754
2026,2,7,2216,6.9,draft,
2026,2,7,3294,29.76,draft,
2026,2,7,6786,31.3,draft,
2026,2,7,7021,5.4,draft,
2026,2,7,7543,6.1,draft,
2026,2,7,7839,12.0,draft,
2026,2,7,LAC,5.0,draft,
2026,2,8,10229,10.3,draft,
2026,2,8,10236,22.5,draft,
2026,2,8,11635,5.0,draft,
2026,2,8,12185,14.0,free_agent,1403161341065228288
2026,2,8,4866,2.5,draft,
2026,2,8,7002,10.6,draft,
2026,2,8,8138,20.4,draft,
2026,2,8,8161,12.48,draft,
2026,2,8,8183,28.48,draft,
2026,2,8,KC,1.0,free_agent,1403161310425845760
2026,2,9,11560,7.72,draft,
2026,2,9,11586,9.7,draft,
2026,2,9,11786,8.0,draft,
2026,2,9,4046,28.98,draft,
2026,2,9,4983,-0.1,draft,
2026,2,9,7611,3.1,draft,
2026,2,9,8137,7.0,draft,
2026,2,9,9487,13.3,draft,
2026,2,9,9488,38.0,draft,
2026,2,9,CAR,26.0,free_agent,1406769447921868800
2026,2,10,12507,16.5,draft,
2026,2,10,12519,4.7,draft,
2026,2,10,3451,7.0,draft,
2026,2,10,421,26.98,draft,
2026,2,10,5870,11.4,draft,
2026,2,10,5872,5.0,draft,
2026,2,10,6813,27.2,draft,
2026,2,10,7525,22.7,draft,
2026,2,10,8150,14.7,draft,
2026,2,10,MIN,18.0,draft,
2026,2,11,13287,6.0,draft,
2026,2,11,2133,35.5,draft,
2026,2,11,4227,17.0,draft,
2026,2,11,4881,14.8,draft,
2026,2,11,5846,4.7,draft,
2026,2,11,6797,7.88,draft,
2026,2,11,7526,17.8,draft,
2026,2,11,7594,13.4,draft,
2026,2,11,9226,10.8,draft,
2026,2,11,DET,-2.0,free_agent,1400549575512604672
2026,2,12,11584,11.0,draft,
2026,2,12,11620,5.8,draft,
2026,2,12,2747,7.0,draft,
2026,2,12,6794,7.0,draft,
2026,2,12,6804,13.8,draft,
2026,2,12,8146,14.2,draft,
2026,2,12,9224,9.7,trade,1401068278192828416
2026,2,12,9228,24.08,draft,
2026,2,12,9509,9.6,draft,
2026,2,12,SEA,8.0,draft,
2026,3,1,10859,7.4,draft,
2026,3,1,11564,3.76,draft,
2026,3,1,12493,0.0,waiver,1408310616531255296
2026,3,1,12545,23.8,draft,
2026,3,1,12711,12.0,free_agent,1404848528261484544
2026,3,1,6790,9.8,draft,
2026,3,1,8112,23.9,draft,
2026,3,1,8144,15.2,draft,
2026,3,1,8151,20.3,draft,
2026,3,1,SF,1.0,waiver,1405758472154345472
2026,3,2,11604,27.6,draft,
2026,3,2,3198,21.4,draft,
2026,3,2,4984,16.96,draft,
2026,3,2,6083,12.0,free_agent,1403964166586339328
2026,3,2,8148,6.9,draft,
2026,3,2,8155,7.0,draft,
2026,3,2,9484,6.6,draft,
2026,3,2,9500,10.2,draft,
2026,3,2,9758,11.68,draft,
2026,3,2,GB,-2.0,free_agent,1401298123506081792
2026,3,3,11539,7.0,draft,
2026,3,3,12481,11.5,draft,
2026,3,3,12490,16.0,draft,
2026,3,3,12526,2.7,draft,
2026,3,3,13286,0.7,draft,
2026,3,3,1466,13.9,draft,
2026,3,3,2307,20.42,waiver,1408082468921225216
2026,3,3,6904,12.62,draft,
2026,3,3,7564,20.3,draft,
2026,3,3,HOU,11.0,draft,
2026,3,4,11563,24.14,draft,
2026,3,4,13545,2.0,waiver,1405704851945484288
2026,3,4,4217,26.2,draft,
2026,3,4,4892,11.28,draft,
2026,3,4,5892,5.8,draft,
2026,3,4,6801,18.0,draft,
2026,3,4,8130,16.5,trade,1401068278192828416
2026,3,4,9221,37.9,draft,
2026,3,4,9486,4.2,draft,
2026,3,4,PHI,1.0,free_agent,1408938875967094784
2026,3,5,12501,18.5,draft,
2026,3,5,12512,8.9,draft,
2026,3,5,12522,9.44,draft,
2026,3,5,12529,3.4,draft,
2026,3,5,13346,7.1,waiver,1408099848380506112
2026,3,5,5001,6.0,waiver,1408123880744198144
2026,3,5,6770,22.58,draft,
2026,3,5,7547,9.9,draft,
2026,3,5,8259,10.0,draft,
2026,3,5,CIN,3.0,waiver,1408123640238579712
2026,3,6,11533,11.0,draft,
2026,3,6,11632,5.1,draft,
2026,3,6,12527,10.8,draft,
2026,3,6,3163,19.36,draft,
2026,3,6,4034,19.6,draft,
2026,3,6,4199,11.7,trade,1408101896673144832
2026,3,6,5012,5.4,free_agent,1406364915131858944
2026,3,6,7523,19.78,draft,
2026,3,6,8167,19.1,draft,
2026,3,6,DEN,14.0,draft,
2026,3,7,11624,3.0,free_agent,1409373952882536448
2026,3,7,11646,2.8,draft,
2026,3,7,2216,10.9,draft,
2026,3,7,3294,18.94,draft,
2026,3,7,5849,10.42,draft,
2026,3,7,5967,11.6,draft,
2026,3,7,6786,16.7,draft,
2026,3,7,7543,8.0,draft,
2026,3,7,7839,11.0,draft,
2026,3,7,NYG,9.0,free_agent,1409347771374272512
2026,3,8,10229,12.3,draft,
2026,3,8,10236,3.8,draft,
2026,3,8,11635,8.6,draft,
2026,3,8,12185,17.0,free_agent,1403161341065228288
2026,3,8,4866,8.5,draft,
2026,3,8,7002,23.3,draft,
2026,3,8,8138,19.4,draft,
2026,3,8,8161,10.0,draft,
2026,3,8,8183,31.28,draft,
2026,3,8,KC,11.0,free_agent,1403161310425845760
2026,3,9,11559,14.04,draft,
2026,3,9,11786,5.0,draft,
2026,3,9,12518,14.7,draft,
2026,3,9,4046,15.94,draft,
2026,3,9,7611,5.3,draft,
2026,3,9,8137,11.7,draft,
2026,3,9,8228,19.1,draft,
2026,3,9,9487,11.5,draft,
2026,3,9,9488,30.36,draft,
2026,3,9,CAR,5.0,free_agent,1406769447921868800
2026,3,10,1166,22.22,waiver,1408212166472892416
2026,3,10,12507,5.6,draft,
2026,3,10,3451,5.0,draft,
2026,3,10,421,20.9,draft,
2026,3,10,5872,15.4,draft,
2026,3,10,6813,8.2,draft,
2026,3,10,7525,9.5,draft,
2026,3,10,7553,1.5,draft,
2026,3,10,8150,18.8,draft,
2026,3,10,MIN,19.0,draft,
2026,3,11,10213,6.3,draft,
2026,3,11,13287,19.4,draft,
2026,3,11,2133,17.2,draft,
2026,3,11,4227,6.0,draft,
2026,3,11,4881,20.44,draft,
2026,3,11,6797,12.74,draft,
2026,3,11,7526,5.4,draft,
2026,3,11,7594,13.0,draft,
2026,3,11,9226,1.7,draft,
2026,3,11,DET,7.0,free_agent,1400549575512604672
2026,3,12,11584,6.8,draft,
2026,3,12,12506,24.1,draft,
2026,3,12,2747,9.0,draft,
2026,3,12,6794,4.2,draft,
2026,3,12,6804,18.48,draft,
2026,3,12,8146,21.7,draft,
2026,3,12,9224,7.9,trade,1401068278192828416
2026,3,12,9228,13.64,draft,
2026,3,12,9509,34.3,draft,
2026,3,12,SEA,2.0,draft,
2026,4,1,10859,22.4,draft,
2026,4,1,11564,26.16,draft,
2026,4,1,12533,6.0,draft,
2026,4,1,12545,15.94,draft,
2026,4,1,12711,8.0,free_agent,1404848528261484544
2026,4,1,6790,6.4,draft,
2026,4,1,8112,12.1,draft,
2026,4,1,8144,15.6,draft,
2026,4,1,8151,30.4,draft,
2026,4,1,BAL,7.0,waiver,1410855932312756224
2026,4,2,10232,13.0,draft,
2026,4,2,11604,20.6,draft,
2026,4,2,3198,14.9,draft,
2026,4,2,4984,18.52,draft,
2026,4,2,6083,16.0,free_agent,1403964166586339328
2026,4,2,7588,28.8,draft,
2026,4,2,9484,16.5,draft,
2026,4,2,9500,3.1,draft,
2026,4,2,9758,23.08,draft,
2026,4,2,GB,9.0,free_agent,1401298123506081792
2026,4,3,11539,18.0,draft,
2026,4,3,12481,7.1,draft,
2026,4,3,12490,10.1,draft,
2026,4,3,12495,17.0,waiver,1410702268709273600
2026,4,3,12526,38.2,draft,
2026,4,3,1466,3.5,draft,
2026,4,3,2307,5.34,waiver,1408082468921225216
2026,4,3,6904,13.52,draft,
2026,4,3,7564,4.2,draft,
2026,4,3,HOU,4.0,draft,
2026,4,4,11563,13.56,draft,
2026,4,4,11792,19.0,waiver,1410872352710930432
2026,4,4,11834,14.4,waiver,1411208437378867200
2026,4,4,2306,18.0,waiver,1408375086385262592
2026,4,4,4217,17.0,draft,
2026,4,4,5892,4.3,draft,
2026,4,4,6801,21.2,draft,
2026,4,4,8130,10.1,trade,1401068278192828416
2026,4,4,9221,15.7,draft,
2026,4,4,LV,2.0,waiver,1410877579979657216
2026,4,5,12501,10.2,draft,
2026,4,5,12512,18.6,draft,
2026,4,5,12517,11.7,draft,
2026,4,5,12529,4.2,draft,
2026,4,5,13346,10.9,waiver,1408099848380506112
2026,4,5,4017,12.92,free_agent,1408781491185385472
2026,4,5,4227,6.0,trade,1411083123197825024
2026,4,5,6770,23.72,draft,
2026,4,5,7547,11.5,draft,
2026,4,5,CIN,4.0,waiver,1408123640238579712
2026,4,6,11533,12.0,draft,
2026,4,6,11632,20.2,draft,
2026,4,6,12527,15.6,draft,
2026,4,6,3163,20.48,draft,
2026,4,6,4034,14.5,draft,
2026,4,6,4199,14.8,trade,1408101896673144832
2026,4,6,7523,13.08,draft,
2026,4,6,8167,6.2,draft,
2026,4,6,9997,21.8,draft,
2026,4,6,DEN,4.0,draft,
2026,4,7,11576,7.7,waiver,1410643646901915648
2026,4,7,2216,10.1,draft,
2026,4,7,3294,18.1,draft,
2026,4,7,3634,1.6,waiver,1410643697082675200
2026,4,7,5849,11.48,draft,
2026,4,7,5967,12.0,draft,
2026,4,7,6786,32.8,draft,
2026,4,7,7839,5.0,draft,
2026,4,7,9493,23.2,draft,
2026,4,7,CLE,9.0,waiver,1410644050029121536
2026,4,8,10229,0.0,draft,
2026,4,8,10236,1.7,draft,
2026,4,8,11635,0.0,draft,
2026,4,8,12185,16.0,free_agent,1403161341065228288
2026,4,8,4866,1.5,draft,
2026,4,8,4943,13.32,draft,
2026,4,8,7002,11.9,draft,
2026,4,8,8138,15.3,draft,
2026,4,8,8183,19.62,draft,
2026,4,8,KC,5.0,free_agent,1403161310425845760
2026,4,9,11559,12.72,draft,
2026,4,9,11786,14.0,draft,
2026,4,9,12518,9.1,draft,
2026,4,9,4046,17.0,draft,
2026,4,9,7611,16.9,draft,
2026,4,9,8137,8.5,draft,
2026,4,9,8228,14.1,draft,
2026,4,9,9487,1.5,draft,
2026,4,9,9488,10.1,draft,
2026,4,9,LAR,8.0,draft,
2026,4,10,12519,9.4,draft,
2026,4,10,421,9.68,draft,
2026,4,10,5870,7.92,draft,
2026,4,10,5872,15.5,draft,
2026,4,10,6650,2.0,waiver,1410483490914365440
2026,4,10,6813,22.2,draft,
2026,4,10,7553,7.7,draft,
2026,4,10,7569,27.3,draft,
2026,4,10,8150,31.7,draft,
2026,4,10,MIN,8.0,draft,
2026,4,11,10213,6.4,draft,
2026,4,11,13287,6.0,draft,
2026,4,11,2133,5.2,draft,
2026,4,11,4881,18.88,draft,
2026,4,11,6797,9.56,draft,
2026,4,11,7526,12.0,draft,
2026,4,11,7594,25.4,draft,
2026,4,11,8259,12.0,trade,1411083123197825024
2026,4,11,9756,7.1,draft,
2026,4,11,DET,2.0,free_agent,1400549575512604672
2026,4,12,11584,6.1,draft,
2026,4,12,11610,9.5,draft,
2026,4,12,12506,11.7,draft,
2026,4,12,2747,5.0,draft,
2026,4,12,6804,13.08,draft,
2026,4,12,8146,4.2,draft,
2026,4,12,9224,13.6,trade,1401068278192828416
2026,4,12,9228,21.46,draft,
2026,4,12,9509,27.2,draft,
2026,4,12,SEA,11.0,draft,
